Date,Type,Link
2026-01-21 05:10:03,LIKE,https://www.linkedin.com/feed/update/urn%3Ali%3AugcPost%3A7419420730053926913
2026-01-21 05:07:20,EMPATHY,https://www.linkedin.com/feed/update/urn%3Ali%3AugcPost%3A7417601971156840450
2026-01-21 05:07:13,LIKE,https://www.linkedin.com/feed/update/urn%3Ali%3AugcPost%3A7418327882080374784
2026-01-21 05:07:06,LIKE,https://www.linkedin.com/feed/update/urn%3Ali%3AugcPost%3A7419041004026232832
2026-01-21 05:06:46,LIKE,https://www.linkedin.com/feed/update/urn%3Ali%3AugcPost%3A7417776073255555073
2026-01-21 04:08:21,LIKE,https://www.linkedin.com/feed/update/urn%3Ali%3AugcPost%3A7418040318463500288
2026-01-21 03:38:54,LIKE,https://www.linkedin.com/feed/update/urn%3Ali%3Aactivity%3A7419386447016882176
2026-01-21 03:38:37,LIKE,https://www.linkedin.com/feed/update/urn%3Ali%3AugcPost%3A7419560522091483136
2026-01-21 03:38:34,LIKE,https://www.linkedin.com/feed/update/urn%3Ali%3AugcPost%3A7419440140982505474
2026-01-21 03:30:45,LIKE,https://www.linkedin.com/feed/update/urn%3Ali%3AugcPost%3A7418758268375875584
2026-01-21 03:30:37,LIKE,https://www.linkedin.com/feed/update/urn%3Ali%3Aactivity%3A7418279687455522816
2026-01-21 03:30:32,LIKE,https://www.linkedin.com/feed/update/urn%3Ali%3AugcPost%3A7418299354303873024
2026-01-21 03:30:08,LIKE,https://www.linkedin.com/feed/update/urn%3Ali%3AugcPost%3A7419504482591494144
2026-01-21 03:30:03,LIKE,https://www.linkedin.com/feed/update/urn%3Ali%3AugcPost%3A7419419293437620224
2026-01-21 03:29:40,LIKE,https://www.linkedin.com/feed/update/urn%3Ali%3AugcPost%3A7419415416646553601
2026-01-21 03:29:33,INTEREST,https://www.linkedin.com/feed/update/urn%3Ali%3Aactivity%3A7417893316702212096
2026-01-20 19:29:34,LIKE,https://www.linkedin.com/feed/update/urn%3Ali%3Aactivity%3A7417120594175062017
2026-01-20 19:29:16,LIKE,https://www.linkedin.com/feed/update/urn%3Ali%3Aactivity%3A7419391333485867008
2026-01-20 19:21:46,LIKE,https://www.linkedin.com/feed/update/urn%3Ali%3AugcPost%3A7418192971587764224
2026-01-20 19:21:33,LIKE,https://www.linkedin.com/feed/update/urn%3Ali%3AugcPost%3A7418709015913971713
2026-01-20 19:21:20,LIKE,https://www.linkedin.com/feed/update/urn%3Ali%3AugcPost%3A7419401085427195904
2026-01-20 19:21:18,LIKE,https://www.linkedin.com/feed/update/urn%3Ali%3Aactivity%3A7417676557273718786
2026-01-20 19:21:12,LIKE,https://www.linkedin.com/feed/update/urn%3Ali%3Aactivity%3A7419319626075131904
2026-01-20 19:21:03,LIKE,https://www.linkedin.com/feed/update/urn%3Ali%3AugcPost%3A7419169916966080512
2026-01-20 19:20:54,LIKE,https://www.linkedin.com/feed/update/urn%3Ali%3AugcPost%3A7417710442732593152
2026-01-20 19:20:50,LIKE,https://www.linkedin.com/feed/update/urn%3Ali%3AugcPost%3A7417161524034719744
2026-01-20 19:20:47,LIKE,https://www.linkedin.com/feed/update/urn%3Ali%3AugcPost%3A7419240734085718016
2026-01-20 19:20:39,LIKE,https://www.linkedin.com/feed/update/urn%3Ali%3AugcPost%3A7419407885912363008
2026-01-20 19:20:08,LIKE,https://www.linkedin.com/feed/update/urn%3Ali%3Aactivity%3A7418911107572051969
2026-01-20 19:19:42,LIKE,https://www.linkedin.com/feed/update/urn%3Ali%3AugcPost%3A7419406861533118464
2026-01-20 19:18:14,LIKE,https://www.linkedin.com/feed/update/urn%3Ali%3Aactivity%3A7359130857317515266
2026-01-20 19:18:01,LIKE,https://www.linkedin.com/feed/update/urn%3Ali%3AugcPost%3A7361766210142699523
2026-01-20 19:17:58,LIKE,https://www.linkedin.com/feed/update/urn%3Ali%3AugcPost%3A7379527569483710464
2026-01-20 19:17:07,LIKE,https://www.linkedin.com/feed/update/urn%3Ali%3AugcPost%3A7414235372299284480
2026-01-20 10:35:20,LIKE,https://www.linkedin.com/feed/update/urn%3Ali%3AugcPost%3A7419140986708082689
2026-01-20 10:35:18,LIKE,https://www.linkedin.com/feed/update/urn%3Ali%3AugcPost%3A7417517674634592256
2026-01-20 10:35:08,LIKE,https://www.linkedin.com/feed/update/urn%3Ali%3AugcPost%3A7414958926846451712
2026-01-20 10:35:02,LIKE,https://www.linkedin.com/feed/update/urn%3Ali%3AugcPost%3A7417362199599296512
2026-01-20 10:34:52,LIKE,https://www.linkedin.com/feed/update/urn%3Ali%3AgroupPost%3A10332870-7418843345675902976
2026-01-20 10:34:50,LIKE,https://www.linkedin.com/feed/update/urn%3Ali%3Aactivity%3A7414408182866980865
2026-01-20 10:34:45,LIKE,https://www.linkedin.com/feed/update/urn%3Ali%3AugcPost%3A7417908004437602304
2026-01-20 10:34:41,LIKE,https://www.linkedin.com/feed/update/urn%3Ali%3Aactivity%3A7417574371134980096
2026-01-20 10:33:57,LIKE,https://www.linkedin.com/feed/update/urn%3Ali%3Aactivity%3A7419224276865658880
2026-01-20 10:33:52,LIKE,https://www.linkedin.com/feed/update/urn%3Ali%3AugcPost%3A7419237758130421760
2026-01-20 10:33:50,LIKE,https://www.linkedin.com/feed/update/urn%3Ali%3Aactivity%3A7419016358123896834
2026-01-20 10:33:44,LIKE,https://www.linkedin.com/feed/update/urn%3Ali%3AugcPost%3A7417984304200298496
2026-01-20 10:33:37,LIKE,https://www.linkedin.com/feed/update/urn%3Ali%3AugcPost%3A7417414709026500608
2026-01-20 10:33:29,LIKE,https://www.linkedin.com/feed/update/urn%3Ali%3AugcPost%3A7419311499749511168
2026-01-20 10:33:00,LIKE,https://www.linkedin.com/feed/update/urn%3Ali%3AgroupPost%3A10050014-7416010904514973696
2026-01-20 10:32:25,LIKE,https://www.linkedin.com/feed/update/urn%3Ali%3AugcPost%3A7419036704680005632
2026-01-20 10:32:23,LIKE,https://www.linkedin.com/feed/update/urn%3Ali%3Aactivity%3A7376982567897456640
2026-01-20 10:32:20,LIKE,https://www.linkedin.com/feed/update/urn%3Ali%3AugcPost%3A7419237658268160000
2026-01-20 10:32:14,LIKE,https://www.linkedin.com/feed/update/urn%3Ali%3Aactivity%3A7417936195348754432
2026-01-20 10:32:09,LIKE,https://www.linkedin.com/feed/update/urn%3Ali%3AugcPost%3A7418326608362618880
2026-01-20 10:30:56,LIKE,https://www.linkedin.com/feed/update/urn%3Ali%3Aactivity%3A7419277704610553856
2026-01-20 10:30:44,LIKE,https://www.linkedin.com/feed/update/urn%3Ali%3Aactivity%3A7419144858621157376
2026-01-20 10:30:31,LIKE,https://www.linkedin.com/feed/update/urn%3Ali%3AugcPost%3A7416105007642628096
2026-01-20 10:30:18,LIKE,https://www.linkedin.com/feed/update/urn%3Ali%3AugcPost%3A7419157898322362368
2026-01-20 10:29:34,LIKE,https://www.linkedin.com/feed/update/urn%3Ali%3AugcPost%3A7419149878632689664
2026-01-20 10:29:13,LIKE,https://www.linkedin.com/feed/update/urn%3Ali%3AugcPost%3A7419102719317180416
2026-01-20 10:29:10,LIKE,https://www.linkedin.com/feed/update/urn%3Ali%3Aactivity%3A7418702433994031104
2026-01-20 10:29:01,LIKE,https://www.linkedin.com/feed/update/urn%3Ali%3AugcPost%3A7418287690401636352
2026-01-20 10:28:33,LIKE,https://www.linkedin.com/feed/update/urn%3Ali%3AugcPost%3A7419235834991853568
2026-01-20 10:28:30,LIKE,https://www.linkedin.com/feed/update/urn%3Ali%3Aactivity%3A7418977787018964992
2026-01-20 06:39:55,LIKE,https://www.linkedin.com/feed/update/urn%3Ali%3Aactivity%3A7417966024324648961
2026-01-20 06:39:50,LIKE,https://www.linkedin.com/feed/update/urn%3Ali%3Aactivity%3A7419042049091481600
2026-01-20 06:39:47,LIKE,https://www.linkedin.com/feed/update/urn%3Ali%3AugcPost%3A7419232692149501952
2026-01-20 06:39:40,LIKE,https://www.linkedin.com/feed/update/urn%3Ali%3AugcPost%3A7418751098691207169
2026-01-20 06:29:40,LIKE,https://www.linkedin.com/feed/update/urn%3Ali%3AugcPost%3A7419037803537125376
2026-01-20 06:29:33,LIKE,https://www.linkedin.com/feed/update/urn%3Ali%3AugcPost%3A7418687835752390656
2026-01-20 06:29:26,LIKE,https://www.linkedin.com/feed/update/urn%3Ali%3AugcPost%3A7419253844821434368
2026-01-20 06:28:10,LIKE,https://www.linkedin.com/feed/update/urn%3Ali%3AugcPost%3A7418951112256417792
2026-01-20 05:49:32,EMPATHY,https://www.linkedin.com/feed/update/urn%3Ali%3AugcPost%3A7417029602180640768?commentUrn=urn%3Ali%3Acomment%3A%28ugcPost%3A7417029602180640768%2C7417095020844863488%29
2026-01-20 05:47:33,EMPATHY,https://www.linkedin.com/feed/update/urn%3Ali%3AugcPost%3A7417029602180640768?commentUrn=urn%3Ali%3Acomment%3A%28ugcPost%3A7417029602180640768%2C7417335685705068544%29
2026-01-20 05:46:50,EMPATHY,https://www.linkedin.com/feed/update/urn%3Ali%3AugcPost%3A7417029602180640768?commentUrn=urn%3Ali%3Acomment%3A%28ugcPost%3A7417029602180640768%2C7418929883420049408%29
2026-01-20 05:46:48,EMPATHY,https://www.linkedin.com/feed/update/urn%3Ali%3AugcPost%3A7417029602180640768?commentUrn=urn%3Ali%3Acomment%3A%28ugcPost%3A7417029602180640768%2C7417070952661807104%29
2026-01-20 05:46:45,EMPATHY,https://www.linkedin.com/feed/update/urn%3Ali%3AugcPost%3A7417029602180640768?commentUrn=urn%3Ali%3Acomment%3A%28ugcPost%3A7417029602180640768%2C7417057367151808512%29
2026-01-20 05:44:57,EMPATHY,https://www.linkedin.com/feed/update/urn%3Ali%3AugcPost%3A7417029602180640768?commentUrn=urn%3Ali%3Acomment%3A%28ugcPost%3A7417029602180640768%2C7417131232636985345%29
2026-01-20 05:20:13,LIKE,https://www.linkedin.com/feed/update/urn%3Ali%3AugcPost%3A7418170370752659456
2026-01-20 05:18:47,INTEREST,https://www.linkedin.com/feed/update/urn%3Ali%3AugcPost%3A7418676652404060160
2026-01-20 05:18:12,LIKE,https://www.linkedin.com/feed/update/urn%3Ali%3Aactivity%3A7419012714330501120
2026-01-20 05:17:57,LIKE,https://www.linkedin.com/feed/update/urn%3Ali%3AugcPost%3A7417919349673414656
2026-01-20 05:17:25,LIKE,https://www.linkedin.com/feed/update/urn%3Ali%3AugcPost%3A7413153758836273152
2026-01-20 05:17:19,LIKE,https://www.linkedin.com/feed/update/urn%3Ali%3Aactivity%3A7418946277905752064
2026-01-20 05:17:07,LIKE,https://www.linkedin.com/feed/update/urn%3Ali%3Aactivity%3A7418681660461989888
2026-01-20 05:16:49,LIKE,https://www.linkedin.com/feed/update/urn%3Ali%3AugcPost%3A7418958383158046720
2026-01-20 05:16:36,LIKE,https://www.linkedin.com/feed/update/urn%3Ali%3AugcPost%3A7417371256422842368
2026-01-20 05:16:20,LIKE,https://www.linkedin.com/feed/update/urn%3Ali%3AugcPost%3A7419159143061794816
2026-01-20 05:16:10,LIKE,https://www.linkedin.com/feed/update/urn%3Ali%3Aactivity%3A7417930471193374720
2026-01-19 21:52:53,LIKE,https://www.linkedin.com/feed/update/urn%3Ali%3Aactivity%3A7419121855820894208
2026-01-19 21:52:44,LIKE,https://www.linkedin.com/feed/update/urn%3Ali%3AugcPost%3A7419033131845828608
2026-01-19 21:52:39,LIKE,https://www.linkedin.com/feed/update/urn%3Ali%3AugcPost%3A7417974484025995264
2026-01-19 21:52:10,LIKE,https://www.linkedin.com/feed/update/urn%3Ali%3AugcPost%3A7419104121179516928
2026-01-19 21:51:58,LIKE,https://www.linkedin.com/feed/update/urn%3Ali%3AugcPost%3A7418930860936318977
2026-01-19 18:59:46,LIKE,https://www.linkedin.com/feed/update/urn%3Ali%3Aactivity%3A7419064300104806400
2026-01-19 18:16:49,LIKE,https://www.linkedin.com/feed/update/urn%3Ali%3AugcPost%3A7419044646594506752
2026-01-19 18:15:34,LIKE,https://www.linkedin.com/feed/update/urn%3Ali%3AugcPost%3A7418961304549351424
2026-01-19 18:15:16,LIKE,https://www.linkedin.com/feed/update/urn%3Ali%3Aactivity%3A7419000733573877760
2026-01-19 18:15:12,LIKE,https://www.linkedin.com/feed/update/urn%3Ali%3AugcPost%3A7418877404405952512
2026-01-19 18:15:09,LIKE,https://www.linkedin.com/feed/update/urn%3Ali%3AugcPost%3A7416695604699082752
2026-01-19 18:14:36,LIKE,https://www.linkedin.com/feed/update/urn%3Ali%3AugcPost%3A7410277504047022081
2026-01-19 05:41:15,LIKE,https://www.linkedin.com/feed/update/urn%3Ali%3AugcPost%3A7418883584620507136
2026-01-19 04:43:50,LIKE,https://www.linkedin.com/feed/update/urn%3Ali%3AugcPost%3A7418516114730565632
2026-01-19 04:39:51,LIKE,https://www.linkedin.com/feed/update/urn%3Ali%3Aactivity%3A7418224987477598208
2026-01-19 04:39:40,LIKE,https://www.linkedin.com/feed/update/urn%3Ali%3AugcPost%3A7418329500020789249
2026-01-19 04:15:12,LIKE,https://www.linkedin.com/feed/update/urn%3Ali%3AugcPost%3A7418656060749590528
2026-01-18 17:50:38,LIKE,https://www.linkedin.com/feed/update/urn%3Ali%3AugcPost%3A7417285705212813312
2026-01-18 17:49:59,LIKE,https://www.linkedin.com/feed/update/urn%3Ali%3AugcPost%3A7418479712441733120
2026-01-18 17:49:33,LIKE,https://www.linkedin.com/feed/update/urn%3Ali%3AugcPost%3A7418124631607279616
2026-01-18 17:49:12,ENTERTAINMENT,https://www.linkedin.com/feed/update/urn%3Ali%3AugcPost%3A7418506703324979200?commentUrn=urn%3Ali%3Acomment%3A%28ugcPost%3A7418506703324979200%2C7418526736830758914%29
2026-01-18 17:48:59,ENTERTAINMENT,https://www.linkedin.com/feed/update/urn%3Ali%3AugcPost%3A7418506703324979200?commentUrn=urn%3Ali%3Acomment%3A%28ugcPost%3A7418506703324979200%2C7418522643286511617%29
2026-01-18 15:41:29,EMPATHY,https://www.linkedin.com/feed/update/urn%3Ali%3AugcPost%3A7418506703324979200
2026-01-18 03:48:12,LIKE,https://www.linkedin.com/feed/update/urn%3Ali%3AugcPost%3A7418083685087752192
2026-01-17 03:13:28,LIKE,https://www.linkedin.com/feed/update/urn%3Ali%3AugcPost%3A7417834897870077952
2026-01-17 03:13:09,LIKE,https://www.linkedin.com/feed/update/urn%3Ali%3Aactivity%3A7417933965237366784
2026-01-16 19:25:21,LIKE,https://www.linkedin.com/feed/update/urn%3Ali%3Aactivity%3A7417108810764410880
2026-01-16 19:25:13,LIKE,https://www.linkedin.com/feed/update/urn%3Ali%3AugcPost%3A7417839857370128384
2026-01-16 19:24:07,LIKE,https://www.linkedin.com/feed/update/urn%3Ali%3AugcPost%3A7417549910503477249
2026-01-16 19:23:40,LIKE,https://www.linkedin.com/feed/update/urn%3Ali%3AugcPost%3A7417623293026959360
2026-01-16 18:53:25,EMPATHY,https://www.linkedin.com/feed/update/urn%3Ali%3AugcPost%3A7417762726619566080
2026-01-16 13:21:29,LIKE,https://www.linkedin.com/feed/update/urn%3Ali%3AugcPost%3A7417873420782080000
2026-01-16 02:43:56,LIKE,https://www.linkedin.com/feed/update/urn%3Ali%3Aactivity%3A7417699345073975296
2026-01-16 02:43:48,LIKE,https://www.linkedin.com/feed/update/urn%3Ali%3Aactivity%3A7417662018402283522
2026-01-16 02:43:15,LIKE,https://www.linkedin.com/feed/update/urn%3Ali%3AugcPost%3A7416679017711341568
2026-01-16 02:43:11,LIKE,https://www.linkedin.com/feed/update/urn%3Ali%3Aactivity%3A7416464010264367104
2026-01-16 02:42:59,LIKE,https://www.linkedin.com/feed/update/urn%3Ali%3AugcPost%3A7417554935292153856
2026-01-16 02:42:50,LIKE,https://www.linkedin.com/feed/update/urn%3Ali%3Aactivity%3A7416821390932107264
2026-01-16 02:42:36,LIKE,https://www.linkedin.com/feed/update/urn%3Ali%3AugcPost%3A7417634024862482433
2026-01-16 02:42:24,LIKE,https://www.linkedin.com/feed/update/urn%3Ali%3AugcPost%3A7417204453134512128
2026-01-16 02:41:19,LIKE,https://www.linkedin.com/feed/update/urn%3Ali%3AugcPost%3A7411830841804455936
2026-01-16 02:41:13,LIKE,https://www.linkedin.com/feed/update/urn%3Ali%3AugcPost%3A7417749499089059840
2026-01-16 02:38:24,LIKE,https://www.linkedin.com/feed/update/urn%3Ali%3Aactivity%3A7417619078036508672
2026-01-16 02:38:09,LIKE,https://www.linkedin.com/feed/update/urn%3Ali%3AugcPost%3A7417562807702847488
2026-01-15 19:55:35,LIKE,https://www.linkedin.com/feed/update/urn%3Ali%3AugcPost%3A7417414070779162625
2026-01-15 19:55:24,LIKE,https://www.linkedin.com/feed/update/urn%3Ali%3AugcPost%3A7416454588788178945
2026-01-15 18:11:31,LIKE,https://www.linkedin.com/feed/update/urn%3Ali%3Aactivity%3A7417554914983415808
2026-01-15 18:11:17,LIKE,https://www.linkedin.com/feed/update/urn%3Ali%3AugcPost%3A7417412611916365824
2026-01-15 18:10:43,LIKE,https://www.linkedin.com/feed/update/urn%3Ali%3Aactivity%3A7417490020485480448
2026-01-15 18:10:36,LIKE,https://www.linkedin.com/feed/update/urn%3Ali%3AugcPost%3A7417070624298307584
2026-01-15 18:09:43,LIKE,https://www.linkedin.com/feed/update/urn%3Ali%3AugcPost%3A7417578839813382144
2026-01-15 18:09:37,LIKE,https://www.linkedin.com/feed/update/urn%3Ali%3Aactivity%3A7417566024109170691
2026-01-15 18:09:23,LIKE,https://www.linkedin.com/feed/update/urn%3Ali%3Aactivity%3A7417522228801720320
2026-01-15 18:09:00,LIKE,https://www.linkedin.com/feed/update/urn%3Ali%3AugcPost%3A7417399928966107136
2026-01-15 18:08:41,LIKE,https://www.linkedin.com/feed/update/urn%3Ali%3Aactivity%3A7417620566775488512
2026-01-15 18:08:08,LIKE,https://www.linkedin.com/feed/update/urn%3Ali%3AugcPost%3A7417230460243824645
2026-01-15 18:08:03,LIKE,https://www.linkedin.com/feed/update/urn%3Ali%3AugcPost%3A7417046749011288064
2026-01-15 15:45:27,LIKE,https://www.linkedin.com/feed/update/urn%3Ali%3AugcPost%3A7417586873864302593
2026-01-15 11:31:18,LIKE,https://www.linkedin.com/feed/update/urn%3Ali%3AugcPost%3A7417408893590519808
2026-01-15 11:31:15,LIKE,https://www.linkedin.com/feed/update/urn%3Ali%3AugcPost%3A7417519725880020992
2026-01-15 09:29:54,LIKE,https://www.linkedin.com/feed/update/urn%3Ali%3AugcPost%3A7417285057872199680
2026-01-15 09:10:01,LIKE,https://www.linkedin.com/feed/update/urn%3Ali%3AugcPost%3A7417253629008556032
2026-01-15 04:41:17,LIKE,https://www.linkedin.com/feed/update/urn%3Ali%3AugcPost%3A7415012157592969217
2026-01-15 04:40:46,LIKE,https://www.linkedin.com/feed/update/urn%3Ali%3AugcPost%3A7417118330693771264
2026-01-15 04:40:33,LIKE,https://www.linkedin.com/feed/update/urn%3Ali%3Aactivity%3A7416169529019658240
2026-01-15 04:40:28,LIKE,https://www.linkedin.com/feed/update/urn%3Ali%3Aactivity%3A7417278726532419584
2026-01-15 04:40:11,LIKE,https://www.linkedin.com/feed/update/urn%3Ali%3Aactivity%3A7417069613697388544
2026-01-15 04:40:01,LIKE,https://www.linkedin.com/feed/update/urn%3Ali%3Aactivity%3A7417296207238090752
2026-01-15 04:39:58,LIKE,https://www.linkedin.com/feed/update/urn%3Ali%3AugcPost%3A7408198878090518529
2026-01-15 04:39:46,LIKE,https://www.linkedin.com/feed/update/urn%3Ali%3AugcPost%3A7416532581472591872
2026-01-15 04:39:18,LIKE,https://www.linkedin.com/feed/update/urn%3Ali%3Aactivity%3A7416697312783044609
2026-01-15 04:39:10,LIKE,https://www.linkedin.com/feed/update/urn%3Ali%3AugcPost%3A7415972483712905216
2026-01-15 04:38:21,LIKE,https://www.linkedin.com/feed/update/urn%3Ali%3Aactivity%3A7380994714692640769
2026-01-15 04:38:16,LIKE,https://www.linkedin.com/feed/update/urn%3Ali%3AugcPost%3A7415280331223928834
2026-01-15 03:09:34,LIKE,https://www.linkedin.com/feed/update/urn%3Ali%3AgroupPost%3A16518004-7414730376931069952
2026-01-15 03:09:30,LIKE,https://www.linkedin.com/feed/update/urn%3Ali%3AugcPost%3A7417379026119450624
2026-01-15 03:09:17,LIKE,https://www.linkedin.com/feed/update/urn%3Ali%3Aactivity%3A7414386462353436672
2026-01-15 03:08:47,LIKE,https://www.linkedin.com/feed/update/urn%3Ali%3Aactivity%3A7416819370804305921
2026-01-15 03:08:38,LIKE,https://www.linkedin.com/feed/update/urn%3Ali%3AugcPost%3A7416648091631636480
2026-01-15 03:08:33,LIKE,https://www.linkedin.com/feed/update/urn%3Ali%3AugcPost%3A7415860129830486016
2026-01-15 03:08:25,LIKE,https://www.linkedin.com/feed/update/urn%3Ali%3Aactivity%3A7415939488511881216
2026-01-15 03:07:59,LIKE,https://www.linkedin.com/feed/update/urn%3Ali%3AugcPost%3A7414297239466090497
2026-01-15 03:07:54,LIKE,https://www.linkedin.com/feed/update/urn%3Ali%3Aactivity%3A7417237258941997057
2026-01-15 03:06:58,LIKE,https://www.linkedin.com/feed/update/urn%3Ali%3AugcPost%3A7417118588299546624
2026-01-15 03:06:48,LIKE,https://www.linkedin.com/feed/update/urn%3Ali%3AugcPost%3A7416724257189232640
2026-01-15 03:06:45,LIKE,https://www.linkedin.com/feed/update/urn%3Ali%3AugcPost%3A7414457237613674496
2026-01-15 03:06:43,LIKE,https://www.linkedin.com/feed/update/urn%3Ali%3AugcPost%3A7417128038766821376
2026-01-15 03:06:33,LIKE,https://www.linkedin.com/feed/update/urn%3Ali%3AugcPost%3A7416541743019417601
2026-01-15 03:06:18,LIKE,https://www.linkedin.com/feed/update/urn%3Ali%3Aactivity%3A7416612189492494336
2026-01-15 03:06:14,LIKE,https://www.linkedin.com/feed/update/urn%3Ali%3AugcPost%3A7416960987741712385
2026-01-15 03:05:34,LIKE,https://www.linkedin.com/feed/update/urn%3Ali%3AugcPost%3A7415992489557327872
2026-01-15 03:05:26,LIKE,https://www.linkedin.com/feed/update/urn%3Ali%3AugcPost%3A7416807986905554944
2026-01-15 03:05:23,LIKE,https://www.linkedin.com/feed/update/urn%3Ali%3Aactivity%3A7416739226920259584
2026-01-15 03:04:19,INTEREST,https://www.linkedin.com/feed/update/urn%3Ali%3Aactivity%3A7417199203061403648
2026-01-15 02:55:37,LIKE,https://www.linkedin.com/feed/update/urn%3Ali%3AugcPost%3A7415338467905433600
2026-01-15 01:31:17,LIKE,https://www.linkedin.com/feed/update/urn%3Ali%3AugcPost%3A7416357504646914048
2026-01-14 20:02:12,LIKE,https://www.linkedin.com/feed/update/urn%3Ali%3AugcPost%3A7366645098110988288
2026-01-14 20:02:08,LIKE,https://www.linkedin.com/feed/update/urn%3Ali%3Aactivity%3A7416470429751476224
2026-01-14 20:00:44,LIKE,https://www.linkedin.com/feed/update/urn%3Ali%3AugcPost%3A7417103792753537024
2026-01-14 20:00:38,LIKE,https://www.linkedin.com/feed/update/urn%3Ali%3Aactivity%3A7417113293154238465
2026-01-14 20:00:33,LIKE,https://www.linkedin.com/feed/update/urn%3Ali%3AugcPost%3A7416165192725610496
2026-01-14 20:00:29,LIKE,https://www.linkedin.com/feed/update/urn%3Ali%3AugcPost%3A7416784942434635777
2026-01-14 20:00:25,LIKE,https://www.linkedin.com/feed/update/urn%3Ali%3AugcPost%3A7417081202819588097
2026-01-14 20:00:20,LIKE,https://www.linkedin.com/feed/update/urn%3Ali%3AugcPost%3A7414259719583924225
2026-01-14 19:05:26,LIKE,https://www.linkedin.com/feed/update/urn%3Ali%3AugcPost%3A7416934018593632256
2026-01-14 19:05:21,LIKE,https://www.linkedin.com/feed/update/urn%3Ali%3AugcPost%3A7416980573946208256
2026-01-14 14:52:32,EMPATHY,https://www.linkedin.com/feed/update/urn%3Ali%3AugcPost%3A7411111182385766401
2026-01-14 14:50:31,LIKE,https://www.linkedin.com/feed/update/urn%3Ali%3AugcPost%3A7417165415417614338
2026-01-14 13:45:28,LIKE,https://www.linkedin.com/feed/update/urn%3Ali%3AugcPost%3A7417163210077683712
2026-01-14 13:45:23,LIKE,https://www.linkedin.com/feed/update/urn%3Ali%3AugcPost%3A7416896995635642368
2026-01-14 10:31:47,LIKE,https://www.linkedin.com/feed/update/urn%3Ali%3AugcPost%3A7417085266764451840
2026-01-14 08:13:58,LIKE,https://www.linkedin.com/feed/update/urn%3Ali%3Aactivity%3A7416969251640586241
2026-01-14 04:19:29,LIKE,https://www.linkedin.com/feed/update/urn%3Ali%3AugcPost%3A7417026558781038592
2026-01-14 02:29:21,LIKE,https://www.linkedin.com/feed/update/urn%3Ali%3AugcPost%3A7413178473503973378
2026-01-14 02:29:14,LIKE,https://www.linkedin.com/feed/update/urn%3Ali%3AugcPost%3A7416504089515077632
2026-01-14 02:27:59,LIKE,https://www.linkedin.com/feed/update/urn%3Ali%3AugcPost%3A7416924754793664512
2026-01-14 02:27:49,LIKE,https://www.linkedin.com/feed/update/urn%3Ali%3AugcPost%3A7416871368329392128
2026-01-13 19:17:17,LIKE,https://www.linkedin.com/feed/update/urn%3Ali%3AugcPost%3A7416896918779420673
2026-01-13 19:17:04,LIKE,https://www.linkedin.com/feed/update/urn%3Ali%3Aactivity%3A7416841514808610816
2026-01-13 19:16:55,LIKE,https://www.linkedin.com/feed/update/urn%3Ali%3Aactivity%3A7415727867730436096
2026-01-13 19:16:52,LIKE,https://www.linkedin.com/feed/update/urn%3Ali%3Aactivity%3A7414033418998652928
2026-01-13 19:16:43,LIKE,https://www.linkedin.com/feed/update/urn%3Ali%3Aactivity%3A7416826404694306816
2026-01-13 19:16:11,LIKE,https://www.linkedin.com/feed/update/urn%3Ali%3AugcPost%3A7416204999849893888
2026-01-13 19:15:55,LIKE,https://www.linkedin.com/feed/update/urn%3Ali%3AugcPost%3A7416893466594562048
2026-01-13 19:15:53,LIKE,https://www.linkedin.com/feed/update/urn%3Ali%3Aactivity%3A7410586355753213952
2026-01-13 19:15:47,LIKE,https://www.linkedin.com/feed/update/urn%3Ali%3AugcPost%3A7416753856824524800
2026-01-13 18:44:58,LIKE,https://www.linkedin.com/feed/update/urn%3Ali%3AugcPost%3A7416884341030584320
2026-01-13 18:02:36,LIKE,https://www.linkedin.com/feed/update/urn%3Ali%3AugcPost%3A7414646945949827072
2026-01-13 09:48:47,LIKE,https://www.linkedin.com/feed/update/urn%3Ali%3AugcPost%3A7416335793650184192
2026-01-13 09:47:51,LIKE,https://www.linkedin.com/feed/update/urn%3Ali%3AugcPost%3A7416481565205069824
2026-01-13 09:47:28,LIKE,https://www.linkedin.com/feed/update/urn%3Ali%3AugcPost%3A7409540383782772736
2026-01-13 09:47:17,LIKE,https://www.linkedin.com/feed/update/urn%3Ali%3AugcPost%3A7416574097570312192
2026-01-13 08:48:29,LIKE,https://www.linkedin.com/feed/update/urn%3Ali%3Aactivity%3A7395476585836969984
2026-01-13 08:40:28,LIKE,https://www.linkedin.com/feed/update/urn%3Ali%3AugcPost%3A7416710489793056769
2026-01-13 06:03:40,LIKE,https://www.linkedin.com/feed/update/urn%3Ali%3Aactivity%3A7416572683670163456
2026-01-13 06:03:37,LIKE,https://www.linkedin.com/feed/update/urn%3Ali%3AugcPost%3A7416403968815308800
2026-01-13 06:03:33,LIKE,https://www.linkedin.com/feed/update/urn%3Ali%3AugcPost%3A7416705273928638464
2026-01-13 02:37:13,LIKE,https://www.linkedin.com/feed/update/urn%3Ali%3AugcPost%3A7416055719050854401
2026-01-12 11:30:51,LIKE,https://www.linkedin.com/feed/update/urn%3Ali%3Aactivity%3A7416368528926347264
2026-01-12 11:19:46,LIKE,https://www.linkedin.com/feed/update/urn%3Ali%3Aactivity%3A7416041192192286721
2026-01-12 10:30:26,LIKE,https://www.linkedin.com/feed/update/urn%3Ali%3Aactivity%3A7416344969298432000
2026-01-12 10:30:15,LIKE,https://www.linkedin.com/feed/update/urn%3Ali%3AugcPost%3A7416321620014706689
2026-01-12 10:30:07,LIKE,https://www.linkedin.com/feed/update/urn%3Ali%3AugcPost%3A7416026863627730944
2026-01-12 08:31:29,LIKE,https://www.linkedin.com/feed/update/urn%3Ali%3AugcPost%3A7414387937502666752
2026-01-12 04:41:41,EMPATHY,https://www.linkedin.com/feed/update/urn%3Ali%3AugcPost%3A7413217348276420608
2026-01-12 00:07:27,LIKE,https://www.linkedin.com/feed/update/urn%3Ali%3Aactivity%3A7415964669695340545
2026-01-12 00:07:20,LIKE,https://www.linkedin.com/feed/update/urn%3Ali%3Aactivity%3A7416124242322284544
2026-01-12 00:07:07,PRAISE,https://www.linkedin.com/feed/update/urn%3Ali%3AugcPost%3A7416154608990969856
2026-01-12 00:05:55,LIKE,https://www.linkedin.com/feed/update/urn%3Ali%3Aactivity%3A7416101598566830080
2026-01-12 00:05:50,LIKE,https://www.linkedin.com/feed/update/urn%3Ali%3AugcPost%3A7415768918163628032
2026-01-12 00:05:47,LIKE,https://www.linkedin.com/feed/update/urn%3Ali%3AugcPost%3A7416164092790661120
2026-01-12 00:05:12,LIKE,https://www.linkedin.com/feed/update/urn%3Ali%3AugcPost%3A7416163757795831808
2026-01-12 00:04:34,LIKE,https://www.linkedin.com/feed/update/urn%3Ali%3Aactivity%3A7414895647721447424
2026-01-12 00:04:30,LIKE,https://www.linkedin.com/feed/update/urn%3Ali%3Aactivity%3A7416071392255000576
2026-01-12 00:04:16,LIKE,https://www.linkedin.com/feed/update/urn%3Ali%3AugcPost%3A7416146683337551873
2026-01-12 00:04:13,LIKE,https://www.linkedin.com/feed/update/urn%3Ali%3AugcPost%3A7416195191143100416
2026-01-12 00:01:30,LIKE,https://www.linkedin.com/feed/update/urn%3Ali%3AugcPost%3A7416046533403394048
2026-01-11 15:47:30,LIKE,https://www.linkedin.com/feed/update/urn%3Ali%3AugcPost%3A7416100066504912896
2026-01-11 15:46:40,LIKE,https://www.linkedin.com/feed/update/urn%3Ali%3Aactivity%3A7415495067936661504
2026-01-11 15:46:00,LIKE,https://www.linkedin.com/feed/update/urn%3Ali%3Aactivity%3A7416101593529671680
2026-01-11 14:44:04,LIKE,https://www.linkedin.com/feed/update/urn%3Ali%3AugcPost%3A7415683720306999296
2026-01-11 02:41:59,LIKE,https://www.linkedin.com/feed/update/urn%3Ali%3Aactivity%3A7413967994294292481
2026-01-11 02:40:57,LIKE,https://www.linkedin.com/feed/update/urn%3Ali%3AgroupPost%3A16518004-7414149670727290880
2026-01-11 02:40:54,LIKE,https://www.linkedin.com/feed/update/urn%3Ali%3AugcPost%3A7411366431516241920
2026-01-11 02:40:46,LIKE,https://www.linkedin.com/feed/update/urn%3Ali%3Aactivity%3A7412495393386721280
2026-01-11 02:40:31,LIKE,https://www.linkedin.com/feed/update/urn%3Ali%3Aactivity%3A7415895775265849344
2026-01-11 02:40:28,LIKE,https://www.linkedin.com/feed/update/urn%3Ali%3AugcPost%3A7414628299399680000
2026-01-11 02:40:14,LIKE,https://www.linkedin.com/feed/update/urn%3Ali%3AugcPost%3A7415689008439054336
2026-01-11 02:40:11,LIKE,https://www.linkedin.com/feed/update/urn%3Ali%3AugcPost%3A7415279529708916736
2026-01-11 02:39:43,LIKE,https://www.linkedin.com/feed/update/urn%3Ali%3Aactivity%3A7415797852439740416
2026-01-11 02:39:41,LIKE,https://www.linkedin.com/feed/update/urn%3Ali%3AugcPost%3A7415731046077476864
2026-01-11 02:39:34,LIKE,https://www.linkedin.com/feed/update/urn%3Ali%3Aactivity%3A7411785053661401088
2026-01-11 02:39:25,LIKE,https://www.linkedin.com/feed/update/urn%3Ali%3AugcPost%3A7415855101375959040
2026-01-11 02:39:16,LIKE,https://www.linkedin.com/feed/update/urn%3Ali%3AugcPost%3A7414987846861619201
2026-01-11 02:38:26,LIKE,https://www.linkedin.com/feed/update/urn%3Ali%3AugcPost%3A7415877922659508224
2026-01-11 02:38:17,LIKE,https://www.linkedin.com/feed/update/urn%3Ali%3AugcPost%3A7411987510890885120
2026-01-11 02:38:02,LIKE,https://www.linkedin.com/feed/update/urn%3Ali%3Aactivity%3A7415853133387677696
2026-01-10 19:30:54,LIKE,https://www.linkedin.com/feed/update/urn%3Ali%3AugcPost%3A7415783265527083008
2026-01-10 19:30:52,LIKE,https://www.linkedin.com/feed/update/urn%3Ali%3AugcPost%3A7415816975094087680
2026-01-10 19:30:41,LIKE,https://www.linkedin.com/feed/update/urn%3Ali%3AugcPost%3A7415812212713332738
2026-01-10 19:30:36,LIKE,https://www.linkedin.com/feed/update/urn%3Ali%3Aactivity%3A7415347694560403456
2026-01-10 19:29:39,LIKE,https://www.linkedin.com/feed/update/urn%3Ali%3Aactivity%3A7415834089397657600
2026-01-10 18:30:16,LIKE,https://www.linkedin.com/feed/update/urn%3Ali%3Aactivity%3A7413845806501261312
2026-01-10 18:30:01,LIKE,https://www.linkedin.com/feed/update/urn%3Ali%3Aactivity%3A7412007664790085632
2026-01-10 18:29:57,LIKE,https://www.linkedin.com/feed/update/urn%3Ali%3Aactivity%3A7413464911525294080
2026-01-10 18:29:54,LIKE,https://www.linkedin.com/feed/update/urn%3Ali%3Aactivity%3A7415482069700734994
2026-01-10 18:29:20,LIKE,https://www.linkedin.com/feed/update/urn%3Ali%3Aactivity%3A7408751986134933504
2026-01-10 18:29:08,LIKE,https://www.linkedin.com/feed/update/urn%3Ali%3AugcPost%3A7415681603143700480
2026-01-10 18:29:03,LIKE,https://www.linkedin.com/feed/update/urn%3Ali%3Aactivity%3A7415747923231170560
2026-01-10 18:23:38,LIKE,https://www.linkedin.com/feed/update/urn%3Ali%3AugcPost%3A7408980246248665088
2026-01-10 18:23:34,LIKE,https://www.linkedin.com/feed/update/urn%3Ali%3Aactivity%3A7411435876917932032
2026-01-10 18:22:59,LIKE,https://www.linkedin.com/feed/update/urn%3Ali%3AugcPost%3A7409745991068717056
2026-01-10 18:22:56,LIKE,https://www.linkedin.com/feed/update/urn%3Ali%3AugcPost%3A7412135636545236994
2026-01-10 18:22:53,LIKE,https://www.linkedin.com/feed/update/urn%3Ali%3AugcPost%3A7415720362870456320
2026-01-10 18:22:50,LIKE,https://www.linkedin.com/feed/update/urn%3Ali%3AugcPost%3A7415419948224675840
2026-01-10 18:22:35,LIKE,https://www.linkedin.com/feed/update/urn%3Ali%3Aactivity%3A7415382345379483648
2026-01-10 18:22:28,LIKE,https://www.linkedin.com/feed/update/urn%3Ali%3Aactivity%3A7415195866610708480
2026-01-10 18:19:59,LIKE,https://www.linkedin.com/feed/update/urn%3Ali%3AgroupPost%3A12017374-7406608928739987456
2026-01-10 18:19:53,LIKE,https://www.linkedin.com/feed/update/urn%3Ali%3Aactivity%3A7415714354475618304
2026-01-10 18:19:47,LIKE,https://www.linkedin.com/feed/update/urn%3Ali%3AugcPost%3A7415651608304353280
2026-01-10 18:19:35,LIKE,https://www.linkedin.com/feed/update/urn%3Ali%3Aactivity%3A7415457482107420672
2026-01-10 18:19:02,LIKE,https://www.linkedin.com/feed/update/urn%3Ali%3Aactivity%3A7415048082360434688
2026-01-10 18:18:50,LIKE,https://www.linkedin.com/feed/update/urn%3Ali%3Aactivity%3A7415755351880626176
2026-01-10 18:18:26,LIKE,https://www.linkedin.com/feed/update/urn%3Ali%3AugcPost%3A7414803526264033280
2026-01-10 18:18:22,LIKE,https://www.linkedin.com/feed/update/urn%3Ali%3AugcPost%3A7413903155580768256
2026-01-10 18:18:18,LIKE,https://www.linkedin.com/feed/update/urn%3Ali%3AugcPost%3A7413928714234810368
2026-01-10 18:17:14,LIKE,https://www.linkedin.com/feed/update/urn%3Ali%3Aactivity%3A7415816095657492480
2026-01-10 18:10:08,LIKE,https://www.linkedin.com/feed/update/urn%3Ali%3Aactivity%3A7415739208792854528
2026-01-10 18:10:06,LIKE,https://www.linkedin.com/feed/update/urn%3Ali%3AgroupPost%3A10050014-7415658951813349376
2026-01-10 18:10:02,LIKE,https://www.linkedin.com/feed/update/urn%3Ali%3AugcPost%3A7415774636401131520
2026-01-10 18:10:01,LIKE,https://www.linkedin.com/feed/update/urn%3Ali%3AugcPost%3A7415777346034515968
2026-01-10 18:09:55,LIKE,https://www.linkedin.com/feed/update/urn%3Ali%3AugcPost%3A7412949647091974144
2026-01-10 18:09:53,LIKE,https://www.linkedin.com/feed/update/urn%3Ali%3Aactivity%3A7415387136075481088
2026-01-10 18:09:51,LIKE,https://www.linkedin.com/feed/update/urn%3Ali%3AugcPost%3A7415807278760652800
2026-01-10 18:09:50,LIKE,https://www.linkedin.com/feed/update/urn%3Ali%3AugcPost%3A7414293358161948672
2026-01-10 18:09:47,LIKE,https://www.linkedin.com/feed/update/urn%3Ali%3Aactivity%3A7412630660848353280
2026-01-10 18:09:45,LIKE,https://www.linkedin.com/feed/update/urn%3Ali%3Aactivity%3A7415684859567763456
2026-01-10 18:09:41,LIKE,https://www.linkedin.com/feed/update/urn%3Ali%3AugcPost%3A7415781475402457088
2026-01-10 18:09:39,LIKE,https://www.linkedin.com/feed/update/urn%3Ali%3Aactivity%3A7415812074469285889
2026-01-10 18:09:37,LIKE,https://www.linkedin.com/feed/update/urn%3Ali%3AugcPost%3A7413205550143811585
2026-01-10 18:09:26,LIKE,https://www.linkedin.com/feed/update/urn%3Ali%3Aactivity%3A7414534520802041856
2026-01-10 18:09:11,LIKE,https://www.linkedin.com/feed/update/urn%3Ali%3AugcPost%3A7415809815492657152
2026-01-10 16:23:18,LIKE,https://www.linkedin.com/feed/update/urn%3Ali%3Aactivity%3A7413126827080286208
2026-01-10 16:23:13,LIKE,https://www.linkedin.com/feed/update/urn%3Ali%3AugcPost%3A7414158530095497216
2026-01-10 16:23:08,LIKE,https://www.linkedin.com/feed/update/urn%3Ali%3AugcPost%3A7415740980965933056
2026-01-10 16:22:25,LIKE,https://www.linkedin.com/feed/update/urn%3Ali%3AugcPost%3A7415039901718462464
2026-01-10 16:22:22,LIKE,https://www.linkedin.com/feed/update/urn%3Ali%3Aactivity%3A7415604331762065409
2026-01-10 16:22:15,LIKE,https://www.linkedin.com/feed/update/urn%3Ali%3AugcPost%3A7414644341140250624
2026-01-10 16:22:13,LIKE,https://www.linkedin.com/feed/update/urn%3Ali%3AugcPost%3A7414225516716732416
2026-01-10 16:22:09,LIKE,https://www.linkedin.com/feed/update/urn%3Ali%3Aactivity%3A7415731889283530752
2026-01-10 16:22:07,LIKE,https://www.linkedin.com/feed/update/urn%3Ali%3AugcPost%3A7415685029323833345
2026-01-10 16:21:58,LIKE,https://www.linkedin.com/feed/update/urn%3Ali%3AugcPost%3A7415090262479233025
2026-01-10 16:21:48,LIKE,https://www.linkedin.com/feed/update/urn%3Ali%3AugcPost%3A7415704504928612352
2026-01-10 16:21:44,LIKE,https://www.linkedin.com/feed/update/urn%3Ali%3Aactivity%3A7415776521136668672
2026-01-10 16:21:42,LIKE,https://www.linkedin.com/feed/update/urn%3Ali%3Aactivity%3A7413725408132747265
2026-01-10 16:21:31,LIKE,https://www.linkedin.com/feed/update/urn%3Ali%3AugcPost%3A7415759802070659072
2026-01-10 16:21:24,LIKE,https://www.linkedin.com/feed/update/urn%3Ali%3AugcPost%3A7415786115837747200
2026-01-10 16:14:52,LIKE,https://www.linkedin.com/feed/update/urn%3Ali%3AugcPost%3A7415784137804021760
2026-01-10 13:48:56,LIKE,https://www.linkedin.com/feed/update/urn%3Ali%3AugcPost%3A7415731399544172544
2026-01-10 12:35:22,LIKE,https://www.linkedin.com/feed/update/urn%3Ali%3AugcPost%3A7415707252327620608
2026-01-10 12:33:49,LIKE,https://www.linkedin.com/feed/update/urn%3Ali%3AugcPost%3A7412536717196324864
2026-01-10 10:17:43,EMPATHY,https://www.linkedin.com/feed/update/urn%3Ali%3AugcPost%3A7415653551739211776?commentUrn=urn%3Ali%3Acomment%3A%28ugcPost%3A7415653551739211776%2C7415666184253132800%29
2026-01-10 10:16:51,LIKE,https://www.linkedin.com/feed/update/urn%3Ali%3AugcPost%3A7415346677970108417
2026-01-10 09:41:02,LIKE,https://www.linkedin.com/feed/update/urn%3Ali%3Aactivity%3A7415670905185402880
2026-01-10 08:45:25,LIKE,https://www.linkedin.com/feed/update/urn%3Ali%3Aactivity%3A7412089577324208128
2026-01-10 08:45:16,LIKE,https://www.linkedin.com/feed/update/urn%3Ali%3Aactivity%3A7413522498304208896
2026-01-10 08:45:15,LIKE,https://www.linkedin.com/feed/update/urn%3Ali%3AugcPost%3A7407765797680435200
2026-01-10 08:45:10,LIKE,https://www.linkedin.com/feed/update/urn%3Ali%3AugcPost%3A7413947498781929472
2026-01-10 08:45:05,LIKE,https://www.linkedin.com/feed/update/urn%3Ali%3Aactivity%3A7415084288234422272
2026-01-10 08:44:59,LIKE,https://www.linkedin.com/feed/update/urn%3Ali%3Aactivity%3A7415479354417491968
2026-01-10 08:44:34,LIKE,https://www.linkedin.com/feed/update/urn%3Ali%3AugcPost%3A7413903936727732224
2026-01-10 08:44:31,LIKE,https://www.linkedin.com/feed/update/urn%3Ali%3Aactivity%3A7415154091653509120
2026-01-10 08:44:30,LIKE,https://www.linkedin.com/feed/update/urn%3Ali%3Aactivity%3A7412047433913827328
2026-01-10 08:44:04,LIKE,https://www.linkedin.com/feed/update/urn%3Ali%3AugcPost%3A7414646550817361920
2026-01-10 08:43:49,LIKE,https://www.linkedin.com/feed/update/urn%3Ali%3Aactivity%3A7415427914302754816
2026-01-10 08:43:39,LIKE,https://www.linkedin.com/feed/update/urn%3Ali%3AugcPost%3A7414723785880465408
2026-01-10 08:43:32,LIKE,https://www.linkedin.com/feed/update/urn%3Ali%3AgroupPost%3A16518004-7413182986390528000
2026-01-10 08:43:25,LIKE,https://www.linkedin.com/feed/update/urn%3Ali%3AugcPost%3A7415295590202314752
2026-01-10 08:43:22,LIKE,https://www.linkedin.com/feed/update/urn%3Ali%3AgroupPost%3A12740849-7415325924453199872
2026-01-10 08:42:35,LIKE,https://www.linkedin.com/feed/update/urn%3Ali%3AugcPost%3A7405856532636221441
2026-01-10 08:42:27,LIKE,https://www.linkedin.com/feed/update/urn%3Ali%3AgroupPost%3A16518004-7413966534810886144
2026-01-10 08:42:04,LIKE,https://www.linkedin.com/feed/update/urn%3Ali%3AugcPost%3A7407275246866698240
2026-01-10 08:41:51,LIKE,https://www.linkedin.com/feed/update/urn%3Ali%3AugcPost%3A7415270107381391360
2026-01-10 08:41:49,LIKE,https://www.linkedin.com/feed/update/urn%3Ali%3AugcPost%3A7415525382692737024
2026-01-10 08:41:47,LIKE,https://www.linkedin.com/feed/update/urn%3Ali%3AugcPost%3A7415040896204926976
2026-01-10 08:41:43,LIKE,https://www.linkedin.com/feed/update/urn%3Ali%3Aactivity%3A7415251047281336320
2026-01-10 08:41:22,LIKE,https://www.linkedin.com/feed/update/urn%3Ali%3AgroupPost%3A10050014-7415659123297722368
2026-01-10 08:41:17,LIKE,https://www.linkedin.com/feed/update/urn%3Ali%3Aactivity%3A7414082138762973185
2026-01-10 08:41:15,LIKE,https://www.linkedin.com/feed/update/urn%3Ali%3Aactivity%3A7412171021761351681
2026-01-10 08:41:10,LIKE,https://www.linkedin.com/feed/update/urn%3Ali%3Aactivity%3A7412198002372718592
2026-01-10 08:41:06,LIKE,https://www.linkedin.com/feed/update/urn%3Ali%3AugcPost%3A7412377514464960512
2026-01-10 08:41:02,LIKE,https://www.linkedin.com/feed/update/urn%3Ali%3AugcPost%3A7415492039376842752
2026-01-10 08:40:58,LIKE,https://www.linkedin.com/feed/update/urn%3Ali%3AugcPost%3A7414706109216854016
2026-01-10 08:40:54,LIKE,https://www.linkedin.com/feed/update/urn%3Ali%3AugcPost%3A7415432757234982912
2026-01-10 08:40:44,LIKE,https://www.linkedin.com/feed/update/urn%3Ali%3AugcPost%3A7415669001298624512
2026-01-10 08:40:40,LIKE,https://www.linkedin.com/feed/update/urn%3Ali%3AugcPost%3A7405560825073242112
2026-01-10 08:40:36,LIKE,https://www.linkedin.com/feed/update/urn%3Ali%3AugcPost%3A7415443475724460034
2026-01-10 08:39:17,LIKE,https://www.linkedin.com/feed/update/urn%3Ali%3AugcPost%3A7415412217598078976
2026-01-10 08:39:14,LIKE,https://www.linkedin.com/feed/update/urn%3Ali%3AugcPost%3A7412175880183222272
2026-01-10 08:39:06,EMPATHY,https://www.linkedin.com/feed/update/urn%3Ali%3AugcPost%3A7415654705596592128
2026-01-10 08:37:49,LIKE,https://www.linkedin.com/feed/update/urn%3Ali%3AugcPost%3A7415653430934999040
2026-01-10 08:37:09,LIKE,https://www.linkedin.com/feed/update/urn%3Ali%3AugcPost%3A7415105398245851136
2026-01-10 07:54:23,LIKE,https://www.linkedin.com/feed/update/urn%3Ali%3AugcPost%3A7414376817857572864
2026-01-10 07:54:16,LIKE,https://www.linkedin.com/feed/update/urn%3Ali%3Aactivity%3A7415228688335728640
2026-01-10 07:54:13,LIKE,https://www.linkedin.com/feed/update/urn%3Ali%3Aactivity%3A7412145344538624000
2026-01-10 07:54:10,LIKE,https://www.linkedin.com/feed/update/urn%3Ali%3Aactivity%3A7413921444297969664
2026-01-10 07:52:54,LIKE,https://www.linkedin.com/feed/update/urn%3Ali%3AugcPost%3A7413859129087401985
2026-01-10 07:52:47,LIKE,https://www.linkedin.com/feed/update/urn%3Ali%3AugcPost%3A7414787635271036928
2026-01-10 07:52:37,LIKE,https://www.linkedin.com/feed/update/urn%3Ali%3AugcPost%3A7415654137276628992
2026-01-10 07:52:31,LIKE,https://www.linkedin.com/feed/update/urn%3Ali%3Aactivity%3A7415393758831140865
2026-01-10 07:21:32,LIKE,https://www.linkedin.com/feed/update/urn%3Ali%3AugcPost%3A7414510216056119297
2026-01-10 07:21:23,LIKE,https://www.linkedin.com/feed/update/urn%3Ali%3Aactivity%3A7415317558016491520
2026-01-10 07:08:50,LIKE,https://www.linkedin.com/feed/update/urn%3Ali%3AugcPost%3A7415329825491759104
2026-01-10 07:08:23,LIKE,https://www.linkedin.com/feed/update/urn%3Ali%3AugcPost%3A7415624881981116418
2026-01-10 04:45:41,LIKE,https://www.linkedin.com/feed/update/urn%3Ali%3AugcPost%3A7415577014465642496
2026-01-10 04:45:31,LIKE,https://www.linkedin.com/feed/update/urn%3Ali%3AugcPost%3A7415562578497904640
2026-01-10 04:45:28,LIKE,https://www.linkedin.com/feed/update/urn%3Ali%3Aactivity%3A7415598271806492672
2026-01-10 04:45:14,LIKE,https://www.linkedin.com/feed/update/urn%3Ali%3Aactivity%3A7414612378736099328
2026-01-10 04:42:51,LIKE,https://www.linkedin.com/feed/update/urn%3Ali%3AugcPost%3A7415427274868445184
2026-01-09 19:21:30,EMPATHY,https://www.linkedin.com/feed/update/urn%3Ali%3AugcPost%3A7415296291838070784
2026-01-09 19:21:22,LIKE,https://www.linkedin.com/feed/update/urn%3Ali%3AugcPost%3A7408750371843575808
2026-01-09 19:21:17,LIKE,https://www.linkedin.com/feed/update/urn%3Ali%3AugcPost%3A7415420831381733376
2026-01-09 18:40:03,LIKE,https://www.linkedin.com/feed/update/urn%3Ali%3AugcPost%3A7415246979477524480
2026-01-09 18:40:00,LIKE,https://www.linkedin.com/feed/update/urn%3Ali%3AgroupPost%3A9178849-7414132058048086016
2026-01-09 18:39:00,LIKE,https://www.linkedin.com/feed/update/urn%3Ali%3Aactivity%3A7415380004576034817
2026-01-09 18:38:36,LIKE,https://www.linkedin.com/feed/update/urn%3Ali%3AugcPost%3A7415339737458368512
2026-01-09 18:38:24,LIKE,https://www.linkedin.com/feed/update/urn%3Ali%3Aactivity%3A7415354361801027584
2026-01-09 18:38:13,LIKE,https://www.linkedin.com/feed/update/urn%3Ali%3AugcPost%3A7415209926060335104
2026-01-09 18:38:04,LIKE,https://www.linkedin.com/feed/update/urn%3Ali%3AugcPost%3A7415409880649523200
2026-01-09 18:37:51,LIKE,https://www.linkedin.com/feed/update/urn%3Ali%3AugcPost%3A7415072719475781632
2026-01-09 18:37:42,LIKE,https://www.linkedin.com/feed/update/urn%3Ali%3Aactivity%3A7415306324676415488
2026-01-09 18:37:34,LIKE,https://www.linkedin.com/feed/update/urn%3Ali%3AugcPost%3A7415325464749355008
2026-01-09 18:37:16,LIKE,https://www.linkedin.com/feed/update/urn%3Ali%3AugcPost%3A7414568799305207808
2026-01-09 17:38:52,LIKE,https://www.linkedin.com/feed/update/urn%3Ali%3AugcPost%3A7415359690118819840
2026-01-09 17:37:49,LIKE,https://www.linkedin.com/feed/update/urn%3Ali%3Aactivity%3A7415353676644438016
2026-01-09 17:37:43,LIKE,https://www.linkedin.com/feed/update/urn%3Ali%3AugcPost%3A7400104463916646400
2026-01-09 17:37:39,LIKE,https://www.linkedin.com/feed/update/urn%3Ali%3AugcPost%3A7415419071909015553
2026-01-09 17:37:27,LIKE,https://www.linkedin.com/feed/update/urn%3Ali%3AugcPost%3A7415383051427459073
2026-01-09 17:37:24,EMPATHY,https://www.linkedin.com/feed/update/urn%3Ali%3Aactivity%3A7415014463596122113
2026-01-09 17:33:48,LIKE,https://www.linkedin.com/feed/update/urn%3Ali%3AugcPost%3A7414750160112496643
2026-01-09 17:33:42,LIKE,https://www.linkedin.com/feed/update/urn%3Ali%3Aactivity%3A7415376866909560832
2026-01-09 17:32:54,LIKE,https://www.linkedin.com/feed/update/urn%3Ali%3AugcPost%3A7415258041467457536
2026-01-09 17:32:02,PRAISE,https://www.linkedin.com/feed/update/urn%3Ali%3AugcPost%3A7415339063035064320
2026-01-09 17:31:47,LIKE,https://www.linkedin.com/feed/update/urn%3Ali%3AugcPost%3A7415401853523296256
2026-01-09 17:31:35,LIKE,https://www.linkedin.com/feed/update/urn%3Ali%3Aactivity%3A7405160039596113920
2026-01-09 17:31:01,LIKE,https://www.linkedin.com/feed/update/urn%3Ali%3Aactivity%3A7398715533111611393
2026-01-09 17:30:56,LIKE,https://www.linkedin.com/feed/update/urn%3Ali%3AugcPost%3A7415154048875663361
2026-01-09 17:30:50,LIKE,https://www.linkedin.com/feed/update/urn%3Ali%3Aactivity%3A7415339971856740352
2026-01-09 17:30:41,LIKE,https://www.linkedin.com/feed/update/urn%3Ali%3AugcPost%3A7415411933933178880
2026-01-09 17:30:29,LIKE,https://www.linkedin.com/feed/update/urn%3Ali%3AugcPost%3A7415392164521906176
2026-01-09 12:20:33,LIKE,https://www.linkedin.com/feed/update/urn%3Ali%3AugcPost%3A7381664131050840064
2026-01-09 12:19:43,LIKE,https://www.linkedin.com/feed/update/urn%3Ali%3AugcPost%3A7415353131619778560
2026-01-09 08:33:07,LIKE,https://www.linkedin.com/feed/update/urn%3Ali%3AugcPost%3A7415032440236478464
2026-01-09 06:52:54,LIKE,https://www.linkedin.com/feed/update/urn%3Ali%3AugcPost%3A7414215388307042305
2026-01-09 03:13:51,LIKE,https://www.linkedin.com/feed/update/urn%3Ali%3Aactivity%3A7414595299660390401
2026-01-09 03:13:34,LIKE,https://www.linkedin.com/feed/update/urn%3Ali%3AugcPost%3A7415227449422290944
2026-01-09 03:13:19,LIKE,https://www.linkedin.com/feed/update/urn%3Ali%3Aactivity%3A7406966409836101632
2026-01-09 03:12:32,LIKE,https://www.linkedin.com/feed/update/urn%3Ali%3Aactivity%3A7414970904612585472
2026-01-09 02:56:44,LIKE,https://www.linkedin.com/feed/update/urn%3Ali%3Aactivity%3A7415208302936051712
2026-01-09 02:23:20,LIKE,https://www.linkedin.com/feed/update/urn%3Ali%3AugcPost%3A7412509098761646080
2026-01-09 02:23:16,LIKE,https://www.linkedin.com/feed/update/urn%3Ali%3AugcPost%3A7407413209512456192
2026-01-09 02:23:00,LIKE,https://www.linkedin.com/feed/update/urn%3Ali%3Aactivity%3A7414871048556437504
2026-01-09 02:01:46,LIKE,https://www.linkedin.com/feed/update/urn%3Ali%3Aactivity%3A7414236612022374400
2026-01-09 02:01:28,LIKE,https://www.linkedin.com/feed/update/urn%3Ali%3Aactivity%3A7413561113717534720
2026-01-09 02:01:05,LIKE,https://www.linkedin.com/feed/update/urn%3Ali%3Aactivity%3A7415068346951606272
2026-01-09 02:00:58,LIKE,https://www.linkedin.com/feed/update/urn%3Ali%3AugcPost%3A7415065225088991233
2026-01-09 02:00:44,LIKE,https://www.linkedin.com/feed/update/urn%3Ali%3Aactivity%3A7414936668404633600
2026-01-09 02:00:25,LIKE,https://www.linkedin.com/feed/update/urn%3Ali%3AugcPost%3A7414095560120381440
2026-01-09 02:00:22,LIKE,https://www.linkedin.com/feed/update/urn%3Ali%3AugcPost%3A7413965050035724288
2026-01-09 02:00:11,LIKE,https://www.linkedin.com/feed/update/urn%3Ali%3AgroupPost%3A10050014-7414992916890238979
2026-01-09 01:59:54,LIKE,https://www.linkedin.com/feed/update/urn%3Ali%3AugcPost%3A7414673867937484801
2026-01-09 01:59:42,LIKE,https://www.linkedin.com/feed/update/urn%3Ali%3AugcPost%3A7415103835511328769
2026-01-09 01:58:21,LIKE,https://www.linkedin.com/feed/update/urn%3Ali%3Aactivity%3A7415044579260854272
2026-01-09 01:58:18,LIKE,https://www.linkedin.com/feed/update/urn%3Ali%3Aactivity%3A7414308816168833025
2026-01-09 01:57:39,LIKE,https://www.linkedin.com/feed/update/urn%3Ali%3Aactivity%3A7415085713630662658
2026-01-09 01:57:33,LIKE,https://www.linkedin.com/feed/update/urn%3Ali%3AugcPost%3A7413866403969097729
2026-01-09 01:56:41,LIKE,https://www.linkedin.com/feed/update/urn%3Ali%3AugcPost%3A7414334852704985088
2026-01-09 01:56:12,LIKE,https://www.linkedin.com/feed/update/urn%3Ali%3Aactivity%3A7414327637105508352
2026-01-09 01:56:06,LIKE,https://www.linkedin.com/feed/update/urn%3Ali%3Aactivity%3A7415161200667492352
2026-01-09 01:55:53,LIKE,https://www.linkedin.com/feed/update/urn%3Ali%3AugcPost%3A7412100057254039552
2026-01-09 01:55:45,LIKE,https://www.linkedin.com/feed/update/urn%3Ali%3AugcPost%3A7411835497561493504
2026-01-09 01:55:38,PRAISE,https://www.linkedin.com/feed/update/urn%3Ali%3AugcPost%3A7414153615596171265
2026-01-08 18:37:00,LIKE,https://www.linkedin.com/feed/update/urn%3Ali%3AugcPost%3A7412583007636824064
2026-01-08 18:36:23,LIKE,https://www.linkedin.com/feed/update/urn%3Ali%3AugcPost%3A7414645181741977600
2026-01-08 18:35:53,LIKE,https://www.linkedin.com/feed/update/urn%3Ali%3Aactivity%3A7412779883053023233
2026-01-08 18:35:15,LIKE,https://www.linkedin.com/feed/update/urn%3Ali%3AugcPost%3A7415043075443613697
2026-01-08 18:34:51,LIKE,https://www.linkedin.com/feed/update/urn%3Ali%3AugcPost%3A7414914049152311296
2026-01-08 18:34:41,LIKE,https://www.linkedin.com/feed/update/urn%3Ali%3Aactivity%3A7401179650216853504
2026-01-08 18:34:18,LIKE,https://www.linkedin.com/feed/update/urn%3Ali%3Aactivity%3A7415060515674066944
2026-01-08 18:04:32,LIKE,https://www.linkedin.com/feed/update/urn%3Ali%3Aactivity%3A7414546439344930816
2026-01-08 18:04:21,LIKE,https://www.linkedin.com/feed/update/urn%3Ali%3Aactivity%3A7414924101649354752
2026-01-08 18:04:18,LIKE,https://www.linkedin.com/feed/update/urn%3Ali%3AugcPost%3A7415061432142053376
2026-01-08 18:04:16,LIKE,https://www.linkedin.com/feed/update/urn%3Ali%3Aactivity%3A7414557906462953472
2026-01-08 17:55:18,LIKE,https://www.linkedin.com/feed/update/urn%3Ali%3AugcPost%3A7415035850125742081
2026-01-08 17:53:43,LIKE,https://www.linkedin.com/feed/update/urn%3Ali%3AugcPost%3A7411403295988219904
2026-01-08 17:53:40,LIKE,https://www.linkedin.com/feed/update/urn%3Ali%3AugcPost%3A7415081938497073153
2026-01-08 17:43:53,LIKE,https://www.linkedin.com/feed/update/urn%3Ali%3AugcPost%3A7414951280340742144
2026-01-08 17:43:50,LIKE,https://www.linkedin.com/feed/update/urn%3Ali%3AugcPost%3A7415054843133935616
2026-01-08 17:43:40,LIKE,https://www.linkedin.com/feed/update/urn%3Ali%3AugcPost%3A7415049808262045696
2026-01-08 17:43:12,LIKE,https://www.linkedin.com/feed/update/urn%3Ali%3Aactivity%3A7409461831033032704
2026-01-08 17:37:57,LIKE,https://www.linkedin.com/feed/update/urn%3Ali%3AugcPost%3A7414632682502184960
2026-01-08 17:37:38,LIKE,https://www.linkedin.com/feed/update/urn%3Ali%3Aactivity%3A7415080889765986306
2026-01-08 16:02:49,EMPATHY,https://www.linkedin.com/feed/update/urn%3Ali%3Aactivity%3A7414855605162704896?commentUrn=urn%3Ali%3Acomment%3A%28activity%3A7414855605162704896%2C7415058174967296000%29
2026-01-08 13:21:24,LIKE,https://www.linkedin.com/feed/update/urn%3Ali%3AugcPost%3A7414396746732089345
2026-01-08 13:21:21,LIKE,https://www.linkedin.com/feed/update/urn%3Ali%3Aactivity%3A7414655072111972354
2026-01-08 13:21:17,LIKE,https://www.linkedin.com/feed/update/urn%3Ali%3Aactivity%3A7414695327217352705
2026-01-08 13:21:07,LIKE,https://www.linkedin.com/feed/update/urn%3Ali%3Aactivity%3A7414652058223624193
2026-01-08 13:20:54,LIKE,https://www.linkedin.com/feed/update/urn%3Ali%3AugcPost%3A7414403107679260672
2026-01-08 13:20:43,LIKE,https://www.linkedin.com/feed/update/urn%3Ali%3AugcPost%3A7414862612095795200
2026-01-08 13:20:33,LIKE,https://www.linkedin.com/feed/update/urn%3Ali%3AugcPost%3A7414953432962260993
2026-01-08 13:20:26,LIKE,https://www.linkedin.com/feed/update/urn%3Ali%3Aactivity%3A7414717554964959234
2026-01-08 13:20:07,LIKE,https://www.linkedin.com/feed/update/urn%3Ali%3AugcPost%3A7414023950831243264
2026-01-08 13:19:43,LIKE,https://www.linkedin.com/feed/update/urn%3Ali%3AugcPost%3A7414886014516690944
2026-01-08 13:19:19,LIKE,https://www.linkedin.com/feed/update/urn%3Ali%3Aactivity%3A7414561620917542913
2026-01-08 13:19:11,LIKE,https://www.linkedin.com/feed/update/urn%3Ali%3AugcPost%3A7414990500266455042
2026-01-08 13:13:56,LIKE,https://www.linkedin.com/feed/update/urn%3Ali%3Aactivity%3A7414855605162704896
2026-01-08 13:13:53,LIKE,https://www.linkedin.com/feed/update/urn%3Ali%3AugcPost%3A7414572555455451136
2026-01-08 13:13:50,LIKE,https://www.linkedin.com/feed/update/urn%3Ali%3Aactivity%3A7413995924877815809
2026-01-08 13:13:42,LIKE,https://www.linkedin.com/feed/update/urn%3Ali%3AugcPost%3A7414775373722316800
2026-01-08 13:13:36,LIKE,https://www.linkedin.com/feed/update/urn%3Ali%3AugcPost%3A7414910900098330624
2026-01-08 13:13:32,LIKE,https://www.linkedin.com/feed/update/urn%3Ali%3AugcPost%3A7414936798940004352
2026-01-08 13:13:29,LIKE,https://www.linkedin.com/feed/update/urn%3Ali%3Aactivity%3A7415007721353089024
2026-01-08 13:13:20,LIKE,https://www.linkedin.com/feed/update/urn%3Ali%3AugcPost%3A7411918587235307520
2026-01-08 13:13:18,LIKE,https://www.linkedin.com/feed/update/urn%3Ali%3Aactivity%3A7414643282774810624
2026-01-08 13:12:37,LIKE,https://www.linkedin.com/feed/update/urn%3Ali%3Aactivity%3A7415011548986986496
2026-01-08 13:12:24,EMPATHY,https://www.linkedin.com/feed/update/urn%3Ali%3AugcPost%3A7411487019018907648?commentUrn=urn%3Ali%3Acomment%3A%28ugcPost%3A7411487019018907648%2C7413650911232929792%29
2026-01-08 13:07:52,EMPATHY,https://www.linkedin.com/feed/update/urn%3Ali%3AugcPost%3A7414515009160052737?commentUrn=urn%3Ali%3Acomment%3A%28ugcPost%3A7414515009160052737%2C7414532417639813120%29
2026-01-08 08:07:42,LIKE,https://www.linkedin.com/feed/update/urn%3Ali%3AugcPost%3A7414643347106975744
2026-01-08 08:07:34,LIKE,https://www.linkedin.com/feed/update/urn%3Ali%3AugcPost%3A7414939604996337664
2026-01-08 07:51:34,LIKE,https://www.linkedin.com/feed/update/urn%3Ali%3AugcPost%3A7414620120385327104
2026-01-08 07:51:31,LIKE,https://www.linkedin.com/feed/update/urn%3Ali%3Aactivity%3A7414625648335392768
2026-01-08 07:51:28,LIKE,https://www.linkedin.com/feed/update/urn%3Ali%3AugcPost%3A7414907243818745857
2026-01-07 12:03:54,LIKE,https://www.linkedin.com/feed/update/urn%3Ali%3Aactivity%3A7414540348317708288
2026-01-07 12:03:51,LIKE,https://www.linkedin.com/feed/update/urn%3Ali%3Aactivity%3A7414542616303820800
2026-01-07 12:03:29,LIKE,https://www.linkedin.com/feed/update/urn%3Ali%3Aactivity%3A7414327212700688384
2026-01-07 12:03:22,LIKE,https://www.linkedin.com/feed/update/urn%3Ali%3AugcPost%3A7414351391856455680
2026-01-07 11:19:15,LIKE,https://www.linkedin.com/feed/update/urn%3Ali%3AugcPost%3A7413943276971593729
2026-01-07 11:18:59,LIKE,https://www.linkedin.com/feed/update/urn%3Ali%3Aactivity%3A7413986571609182209
2026-01-07 11:18:40,LIKE,https://www.linkedin.com/feed/update/urn%3Ali%3AugcPost%3A7413560801527058432
2026-01-07 11:18:12,LIKE,https://www.linkedin.com/feed/update/urn%3Ali%3AugcPost%3A7413253271206690816
2026-01-07 11:18:08,LIKE,https://www.linkedin.com/feed/update/urn%3Ali%3Aactivity%3A7368557785489240064
2026-01-07 11:18:06,LIKE,https://www.linkedin.com/feed/update/urn%3Ali%3AugcPost%3A7410287811645337600
2026-01-07 11:18:05,LIKE,https://www.linkedin.com/feed/update/urn%3Ali%3Aactivity%3A7414336917754003456
2026-01-07 11:16:44,LIKE,https://www.linkedin.com/feed/update/urn%3Ali%3AugcPost%3A7410117857264607232
2026-01-07 11:16:34,LIKE,https://www.linkedin.com/feed/update/urn%3Ali%3AugcPost%3A7414288670897307649
2026-01-07 11:16:21,LIKE,https://www.linkedin.com/feed/update/urn%3Ali%3Aactivity%3A7405961420607078400
2026-01-07 11:16:08,LIKE,https://www.linkedin.com/feed/update/urn%3Ali%3AugcPost%3A7408197223282503680
2026-01-07 07:10:14,LIKE,https://www.linkedin.com/feed/update/urn%3Ali%3Aactivity%3A7414022380781748224
2026-01-07 07:10:06,LIKE,https://www.linkedin.com/feed/update/urn%3Ali%3AugcPost%3A7414399953026002944
2026-01-07 07:09:28,LIKE,https://www.linkedin.com/feed/update/urn%3Ali%3AugcPost%3A7413097411331637249
2026-01-07 07:08:40,LIKE,https://www.linkedin.com/feed/update/urn%3Ali%3AugcPost%3A7414359162001793024
2026-01-07 07:08:23,LIKE,https://www.linkedin.com/feed/update/urn%3Ali%3Aactivity%3A7411320946067746816
2026-01-07 07:08:03,LIKE,https://www.linkedin.com/feed/update/urn%3Ali%3AugcPost%3A7406390678504574976
2026-01-07 07:07:56,LIKE,https://www.linkedin.com/feed/update/urn%3Ali%3AugcPost%3A7414436756223283201
2026-01-07 07:07:46,LIKE,https://www.linkedin.com/feed/update/urn%3Ali%3Aactivity%3A7414064140920647680
2026-01-07 07:06:57,LIKE,https://www.linkedin.com/feed/update/urn%3Ali%3AugcPost%3A7413531841917341696
2026-01-07 07:06:53,LIKE,https://www.linkedin.com/feed/update/urn%3Ali%3AugcPost%3A7411643082879717376
2026-01-07 07:06:33,LIKE,https://www.linkedin.com/feed/update/urn%3Ali%3Aactivity%3A7414008112141037568
2026-01-07 07:06:26,LIKE,https://www.linkedin.com/feed/update/urn%3Ali%3AugcPost%3A7414461795618316289
2026-01-07 07:06:10,LIKE,https://www.linkedin.com/feed/update/urn%3Ali%3AugcPost%3A7414544585734934528
2026-01-07 07:05:44,LIKE,https://www.linkedin.com/feed/update/urn%3Ali%3AugcPost%3A7413670062907199488
2026-01-07 07:05:32,LIKE,https://www.linkedin.com/feed/update/urn%3Ali%3Aactivity%3A7389934245106036736
2026-01-07 07:05:28,LIKE,https://www.linkedin.com/feed/update/urn%3Ali%3Aactivity%3A7410424402229755904
2026-01-07 07:04:25,LIKE,https://www.linkedin.com/feed/update/urn%3Ali%3AugcPost%3A7414364010067881984
2026-01-07 07:04:22,LIKE,https://www.linkedin.com/feed/update/urn%3Ali%3Aactivity%3A7414254797538914304
2026-01-07 07:04:15,LIKE,https://www.linkedin.com/feed/update/urn%3Ali%3Aactivity%3A7413965026664972288
2026-01-07 07:04:09,LIKE,https://www.linkedin.com/feed/update/urn%3Ali%3AugcPost%3A7414448013739286528
2026-01-07 07:03:44,LIKE,https://www.linkedin.com/feed/update/urn%3Ali%3AugcPost%3A7376675682107625472
2026-01-07 05:02:36,EMPATHY,https://www.linkedin.com/feed/update/urn%3Ali%3AugcPost%3A7414354379597754368
2026-01-07 05:02:32,LIKE,https://www.linkedin.com/feed/update/urn%3Ali%3AugcPost%3A7414329093996920832
2026-01-07 05:02:18,LIKE,https://www.linkedin.com/feed/update/urn%3Ali%3Aactivity%3A7414202136152059905
2026-01-07 05:02:12,LIKE,https://www.linkedin.com/feed/update/urn%3Ali%3AugcPost%3A7414518427660394497
2026-01-07 05:01:42,LIKE,https://www.linkedin.com/feed/update/urn%3Ali%3AugcPost%3A7414491146174922752
2026-01-07 05:01:31,LIKE,https://www.linkedin.com/feed/update/urn%3Ali%3Aactivity%3A7414374631601627137
2026-01-07 05:01:22,LIKE,https://www.linkedin.com/feed/update/urn%3Ali%3AugcPost%3A7414391429856202752
2026-01-07 05:01:02,LIKE,https://www.linkedin.com/feed/update/urn%3Ali%3Aactivity%3A7405251254441975808
2026-01-07 04:59:11,LIKE,https://www.linkedin.com/feed/update/urn%3Ali%3Aactivity%3A7414289712510746624
2026-01-07 03:56:06,LIKE,https://www.linkedin.com/feed/update/urn%3Ali%3AugcPost%3A7414354192267395072
2026-01-07 03:53:31,EMPATHY,https://www.linkedin.com/feed/update/urn%3Ali%3AugcPost%3A7413209479250636801
2026-01-06 17:08:05,LIKE,https://www.linkedin.com/feed/update/urn%3Ali%3Aactivity%3A7412178727754862593
2026-01-06 17:07:47,LIKE,https://www.linkedin.com/feed/update/urn%3Ali%3Aactivity%3A7413880550748319744
2026-01-06 11:32:52,LIKE,https://www.linkedin.com/feed/update/urn%3Ali%3AugcPost%3A7414251957340573696
2026-01-06 11:32:31,LIKE,https://www.linkedin.com/feed/update/urn%3Ali%3Aactivity%3A7414161270297284608
2026-01-06 11:32:28,LIKE,https://www.linkedin.com/feed/update/urn%3Ali%3AugcPost%3A7413605534542581761
2026-01-06 11:31:58,LIKE,https://www.linkedin.com/feed/update/urn%3Ali%3AugcPost%3A7413924713615364096
2026-01-06 11:31:09,LIKE,https://www.linkedin.com/feed/update/urn%3Ali%3AugcPost%3A7412182608127795200
2026-01-06 11:21:14,LIKE,https://www.linkedin.com/feed/update/urn%3Ali%3AugcPost%3A7412572070619901952
2026-01-05 17:17:38,LIKE,https://www.linkedin.com/feed/update/urn%3Ali%3AugcPost%3A7412303168472154114
2026-01-05 17:17:20,LIKE,https://www.linkedin.com/feed/update/urn%3Ali%3AugcPost%3A7412122415457304576
2026-01-05 17:15:45,LIKE,https://www.linkedin.com/feed/update/urn%3Ali%3AugcPost%3A7413607319470682112
2026-01-05 17:15:43,LIKE,https://www.linkedin.com/feed/update/urn%3Ali%3Aactivity%3A7413795139917262848
2026-01-05 17:15:24,LIKE,https://www.linkedin.com/feed/update/urn%3Ali%3AugcPost%3A7413577207626817537
2026-01-05 17:15:18,LIKE,https://www.linkedin.com/feed/update/urn%3Ali%3Aactivity%3A7412907276086300672
2026-01-05 17:15:09,LIKE,https://www.linkedin.com/feed/update/urn%3Ali%3Aactivity%3A7411473182097854464
2026-01-05 17:15:06,LIKE,https://www.linkedin.com/feed/update/urn%3Ali%3Aactivity%3A7412424760355340288
2026-01-05 17:14:40,LIKE,https://www.linkedin.com/feed/update/urn%3Ali%3AugcPost%3A7413533108236365824
2026-01-05 17:14:33,LIKE,https://www.linkedin.com/feed/update/urn%3Ali%3AugcPost%3A7413873850372845568
2026-01-05 15:21:57,LIKE,https://www.linkedin.com/feed/update/urn%3Ali%3AugcPost%3A7413940764801433600
2026-01-05 09:58:53,LIKE,https://www.linkedin.com/feed/update/urn%3Ali%3AugcPost%3A7413811623984975872
2026-01-05 09:58:49,LIKE,https://www.linkedin.com/feed/update/urn%3Ali%3Aactivity%3A7413805162957467651
2026-01-05 09:55:33,LIKE,https://www.linkedin.com/feed/update/urn%3Ali%3AugcPost%3A7413655894934241280
2026-01-05 09:55:30,LIKE,https://www.linkedin.com/feed/update/urn%3Ali%3AugcPost%3A7413765704769953792
2026-01-05 09:54:52,LIKE,https://www.linkedin.com/feed/update/urn%3Ali%3AugcPost%3A7413863215262081024
2026-01-05 04:36:10,LIKE,https://www.linkedin.com/feed/update/urn%3Ali%3AugcPost%3A7413741789381201920
2026-01-05 04:32:33,LIKE,https://www.linkedin.com/feed/update/urn%3Ali%3AugcPost%3A7413561127059693568
2026-01-05 03:45:16,LIKE,https://www.linkedin.com/feed/update/urn%3Ali%3AugcPost%3A7413561285818253312
2026-01-05 03:45:07,LIKE,https://www.linkedin.com/feed/update/urn%3Ali%3AugcPost%3A7413644125104857088
2026-01-05 03:44:44,LIKE,https://www.linkedin.com/feed/update/urn%3Ali%3AugcPost%3A7410299924195737600
2026-01-05 03:42:52,LIKE,https://www.linkedin.com/feed/update/urn%3Ali%3AugcPost%3A7413769600921686016
2026-01-05 03:42:29,EMPATHY,https://www.linkedin.com/feed/update/urn%3Ali%3AugcPost%3A7413204041104691201
2026-01-05 03:42:15,LIKE,https://www.linkedin.com/feed/update/urn%3Ali%3Aactivity%3A7413771759457542145
2026-01-05 02:50:05,LIKE,https://www.linkedin.com/feed/update/urn%3Ali%3AugcPost%3A7413597814351556608
2026-01-05 01:59:39,LIKE,https://www.linkedin.com/feed/update/urn%3Ali%3AugcPost%3A7413680656544702464
2026-01-05 01:59:32,LIKE,https://www.linkedin.com/feed/update/urn%3Ali%3AugcPost%3A7409973685182218240
2026-01-05 01:53:36,LIKE,https://www.linkedin.com/feed/update/urn%3Ali%3AugcPost%3A7412002264204185601
2026-01-05 01:52:47,LIKE,https://www.linkedin.com/feed/update/urn%3Ali%3AugcPost%3A7408741564019310592
2026-01-05 01:50:48,LIKE,https://www.linkedin.com/feed/update/urn%3Ali%3Aactivity%3A7413681196745781248
2026-01-05 01:49:57,LIKE,https://www.linkedin.com/feed/update/urn%3Ali%3Aactivity%3A7413604613234327553
2026-01-05 01:49:54,LIKE,https://www.linkedin.com/feed/update/urn%3Ali%3AugcPost%3A7413711436658626560
2026-01-05 01:46:21,LIKE,https://www.linkedin.com/feed/update/urn%3Ali%3Aactivity%3A7408752168998199296
2026-01-05 01:42:43,LIKE,https://www.linkedin.com/feed/update/urn%3Ali%3AugcPost%3A7411387938439258112
2026-01-04 19:42:48,LIKE,https://www.linkedin.com/feed/update/urn%3Ali%3Aactivity%3A7408754010041626624
2026-01-04 19:42:44,LIKE,https://www.linkedin.com/feed/update/urn%3Ali%3Aactivity%3A7413598646224486400
2026-01-04 19:42:04,LIKE,https://www.linkedin.com/feed/update/urn%3Ali%3AugcPost%3A7413628560101371904
2026-01-04 19:41:52,LIKE,https://www.linkedin.com/feed/update/urn%3Ali%3AugcPost%3A7413526013969666048
2026-01-04 19:41:50,LIKE,https://www.linkedin.com/feed/update/urn%3Ali%3AugcPost%3A7413242543771017216
2026-01-04 19:41:40,LIKE,https://www.linkedin.com/feed/update/urn%3Ali%3AugcPost%3A7413621120693784576
2026-01-04 19:41:21,LIKE,https://www.linkedin.com/feed/update/urn%3Ali%3AugcPost%3A7404698608723410945
2026-01-04 19:41:17,LIKE,https://www.linkedin.com/feed/update/urn%3Ali%3Aactivity%3A7413636272159723520
2026-01-04 19:39:34,LIKE,https://www.linkedin.com/feed/update/urn%3Ali%3Aactivity%3A7413235401861177344
2026-01-04 19:39:16,LIKE,https://www.linkedin.com/feed/update/urn%3Ali%3AugcPost%3A7357479710731186176
2026-01-04 19:33:14,LIKE,https://www.linkedin.com/feed/update/urn%3Ali%3Aactivity%3A7411974000479924224
2026-01-04 19:29:57,LIKE,https://www.linkedin.com/feed/update/urn%3Ali%3AugcPost%3A7413243120760463360
2026-01-04 19:27:56,LIKE,https://www.linkedin.com/feed/update/urn%3Ali%3AugcPost%3A7412561202503020545
2026-01-04 19:27:54,LIKE,https://www.linkedin.com/feed/update/urn%3Ali%3AugcPost%3A7413594867634925569
2026-01-04 19:27:50,LIKE,https://www.linkedin.com/feed/update/urn%3Ali%3Aactivity%3A7413527204262752256
2026-01-04 19:27:48,LIKE,https://www.linkedin.com/feed/update/urn%3Ali%3AugcPost%3A7413618422833557504
2026-01-04 19:27:05,LIKE,https://www.linkedin.com/feed/update/urn%3Ali%3Aactivity%3A7413604610743033856
2026-01-04 19:26:50,LIKE,https://www.linkedin.com/feed/update/urn%3Ali%3Aactivity%3A7411857627690745857
2026-01-04 19:21:41,LIKE,https://www.linkedin.com/feed/update/urn%3Ali%3AugcPost%3A7413626159462014976
2026-01-04 19:21:40,LIKE,https://www.linkedin.com/feed/update/urn%3Ali%3AugcPost%3A7413481921638252545
2026-01-04 19:19:30,LIKE,https://www.linkedin.com/feed/update/urn%3Ali%3Aactivity%3A7413543451880902656
2026-01-04 18:29:28,LIKE,https://www.linkedin.com/feed/update/urn%3Ali%3AugcPost%3A7412527631461707778
2026-01-04 18:29:10,LIKE,https://www.linkedin.com/feed/update/urn%3Ali%3Aactivity%3A7413618128078856193
2026-01-04 18:28:31,LIKE,https://www.linkedin.com/feed/update/urn%3Ali%3AugcPost%3A7406629906119565312
2026-01-04 18:27:20,LIKE,https://www.linkedin.com/feed/update/urn%3Ali%3Aactivity%3A7413605544202055680
2026-01-04 18:25:57,LIKE,https://www.linkedin.com/feed/update/urn%3Ali%3Aactivity%3A7409447939133259776
2026-01-04 18:25:50,LIKE,https://www.linkedin.com/feed/update/urn%3Ali%3AugcPost%3A7410367047186014208
2026-01-04 18:24:58,LIKE,https://www.linkedin.com/feed/update/urn%3Ali%3AugcPost%3A7370513207964266496
2026-01-04 18:24:53,LIKE,https://www.linkedin.com/feed/update/urn%3Ali%3AugcPost%3A7374083408513257472
2026-01-04 18:24:46,LIKE,https://www.linkedin.com/feed/update/urn%3Ali%3Aactivity%3A7374370171362168832
2026-01-04 18:24:41,LIKE,https://www.linkedin.com/feed/update/urn%3Ali%3AugcPost%3A7374634632417304576
2026-01-04 18:24:17,LIKE,https://www.linkedin.com/feed/update/urn%3Ali%3AugcPost%3A7377271817801162753
2026-01-04 18:23:55,LIKE,https://www.linkedin.com/feed/update/urn%3Ali%3AugcPost%3A7384905853579091968
2026-01-04 18:23:45,LIKE,https://www.linkedin.com/feed/update/urn%3Ali%3AugcPost%3A7384906291237990400
2026-01-04 18:23:41,LIKE,https://www.linkedin.com/feed/update/urn%3Ali%3AugcPost%3A7384906704989126656
2026-01-04 18:22:41,LIKE,https://www.linkedin.com/feed/update/urn%3Ali%3AugcPost%3A7408777300713865216
2026-01-04 18:20:59,LIKE,https://www.linkedin.com/feed/update/urn%3Ali%3AugcPost%3A7408781531793518592
2026-01-04 18:18:16,LIKE,https://www.linkedin.com/feed/update/urn%3Ali%3Aactivity%3A7413448799316180992
2026-01-04 18:17:45,LIKE,https://www.linkedin.com/feed/update/urn%3Ali%3AugcPost%3A7413598916799098880
2026-01-04 18:17:35,LIKE,https://www.linkedin.com/feed/update/urn%3Ali%3AugcPost%3A7413586124201324544
2026-01-04 18:17:33,LIKE,https://www.linkedin.com/feed/update/urn%3Ali%3Aactivity%3A7413618017949122560
2026-01-04 18:17:12,LIKE,https://www.linkedin.com/feed/update/urn%3Ali%3AugcPost%3A7413568020624859136
2026-01-04 15:25:59,LIKE,https://www.linkedin.com/feed/update/urn%3Ali%3Aactivity%3A7411559154412085249
2026-01-04 15:25:56,LIKE,https://www.linkedin.com/feed/update/urn%3Ali%3AugcPost%3A7411504668356575232
2026-01-04 15:25:43,LIKE,https://www.linkedin.com/feed/update/urn%3Ali%3AugcPost%3A7413561354663604224
2026-01-04 15:25:41,LIKE,https://www.linkedin.com/feed/update/urn%3Ali%3Aactivity%3A7408504328098832384
2026-01-04 15:25:39,LIKE,https://www.linkedin.com/feed/update/urn%3Ali%3AugcPost%3A7413589833849167872
2026-01-04 15:02:26,LIKE,https://www.linkedin.com/feed/update/urn%3Ali%3Aactivity%3A7413518773976113153
2026-01-04 15:02:11,LIKE,https://www.linkedin.com/feed/update/urn%3Ali%3AugcPost%3A7413583676032155648
2026-01-04 15:01:55,LIKE,https://www.linkedin.com/feed/update/urn%3Ali%3Aactivity%3A7413582282956980224
2026-01-04 15:01:47,LIKE,https://www.linkedin.com/feed/update/urn%3Ali%3AugcPost%3A7413583991318134784
2026-01-04 13:59:47,LIKE,https://www.linkedin.com/feed/update/urn%3Ali%3Aactivity%3A7410015072984506368
2026-01-04 12:08:17,EMPATHY,https://www.linkedin.com/feed/update/urn%3Ali%3AugcPost%3A7411487019018907648?commentUrn=urn%3Ali%3Acomment%3A%28ugcPost%3A7411487019018907648%2C7413483066284826624%29
2026-01-04 12:01:53,LIKE,https://www.linkedin.com/feed/update/urn%3Ali%3Aactivity%3A7410819523978608640
2026-01-04 12:01:52,LIKE,https://www.linkedin.com/feed/update/urn%3Ali%3AugcPost%3A7413492267333816320
2026-01-04 12:01:47,LIKE,https://www.linkedin.com/feed/update/urn%3Ali%3AugcPost%3A7413540670499422208
2026-01-04 09:45:34,LIKE,https://www.linkedin.com/feed/update/urn%3Ali%3AgroupPost%3A10332870-7413433880696958976
2026-01-04 09:45:30,LIKE,https://www.linkedin.com/feed/update/urn%3Ali%3Aactivity%3A7410255232036745216
2026-01-04 09:45:25,LIKE,https://www.linkedin.com/feed/update/urn%3Ali%3Aactivity%3A7405954740112564224
2026-01-04 09:45:12,LIKE,https://www.linkedin.com/feed/update/urn%3Ali%3AugcPost%3A7413127890747392001
2026-01-04 09:44:15,LIKE,https://www.linkedin.com/feed/update/urn%3Ali%3AugcPost%3A7413457403330981888
2026-01-04 09:43:52,LIKE,https://www.linkedin.com/feed/update/urn%3Ali%3AugcPost%3A7412079467667308544
2026-01-04 09:43:22,LIKE,https://www.linkedin.com/feed/update/urn%3Ali%3Aactivity%3A7409686046680002560
2026-01-04 09:43:19,LIKE,https://www.linkedin.com/feed/update/urn%3Ali%3Aactivity%3A7410551544766603264
2026-01-04 09:42:32,LIKE,https://www.linkedin.com/feed/update/urn%3Ali%3Aactivity%3A7411017297731067905
2026-01-04 09:42:07,LIKE,https://www.linkedin.com/feed/update/urn%3Ali%3Aactivity%3A7408512417972031488
2026-01-04 09:42:03,LIKE,https://www.linkedin.com/feed/update/urn%3Ali%3AugcPost%3A7405072159443779587
2026-01-04 09:41:55,LIKE,https://www.linkedin.com/feed/update/urn%3Ali%3Aactivity%3A7412704212272242688
2026-01-04 09:41:41,LIKE,https://www.linkedin.com/feed/update/urn%3Ali%3Aactivity%3A7412817291886624768
2026-01-04 09:41:22,LIKE,https://www.linkedin.com/feed/update/urn%3Ali%3AugcPost%3A7413060557269843968
2026-01-04 09:40:31,LIKE,https://www.linkedin.com/feed/update/urn%3Ali%3Aactivity%3A7412152212837265408
2026-01-04 09:40:28,LIKE,https://www.linkedin.com/feed/update/urn%3Ali%3Aactivity%3A7413403607401738240
2026-01-04 09:40:24,LIKE,https://www.linkedin.com/feed/update/urn%3Ali%3Aactivity%3A7409273301958549506
2026-01-04 09:40:16,LIKE,https://www.linkedin.com/feed/update/urn%3Ali%3AugcPost%3A7413407451645030400
2026-01-04 09:39:22,LIKE,https://www.linkedin.com/feed/update/urn%3Ali%3AugcPost%3A7413504672650592256
2026-01-04 09:39:21,LIKE,https://www.linkedin.com/feed/update/urn%3Ali%3Aactivity%3A7413426436948226048
2026-01-04 09:38:36,LIKE,https://www.linkedin.com/feed/update/urn%3Ali%3AugcPost%3A7412546808528322561
2026-01-04 09:38:22,LIKE,https://www.linkedin.com/feed/update/urn%3Ali%3AugcPost%3A7412719684757934080
2026-01-04 09:38:03,LIKE,https://www.linkedin.com/feed/update/urn%3Ali%3Aactivity%3A7413476371672268801
2026-01-04 09:37:09,LIKE,https://www.linkedin.com/feed/update/urn%3Ali%3AugcPost%3A7408638241937199105
2026-01-04 09:37:04,LIKE,https://www.linkedin.com/feed/update/urn%3Ali%3Aactivity%3A7403720107425755136
2026-01-04 09:37:01,LIKE,https://www.linkedin.com/feed/update/urn%3Ali%3Aactivity%3A7413498432386129920
2026-01-04 09:36:24,LIKE,https://www.linkedin.com/feed/update/urn%3Ali%3Aactivity%3A7413473983125323776
2026-01-04 09:36:20,LIKE,https://www.linkedin.com/feed/update/urn%3Ali%3AugcPost%3A7413171719328239616
2026-01-04 09:35:59,LIKE,https://www.linkedin.com/feed/update/urn%3Ali%3Aactivity%3A7413181492018851840
2026-01-04 09:35:50,LIKE,https://www.linkedin.com/feed/update/urn%3Ali%3AugcPost%3A7413503341370007552
2026-01-04 08:19:53,LIKE,https://www.linkedin.com/feed/update/urn%3Ali%3Aactivity%3A7413475052354117633
2026-01-04 06:12:04,LIKE,https://www.linkedin.com/feed/update/urn%3Ali%3Aactivity%3A7412836346857385985
2026-01-04 06:11:41,LIKE,https://www.linkedin.com/feed/update/urn%3Ali%3Aactivity%3A7413195638747652097
2026-01-04 06:11:30,LIKE,https://www.linkedin.com/feed/update/urn%3Ali%3Aactivity%3A7413285524079226881
2026-01-04 06:11:17,LIKE,https://www.linkedin.com/feed/update/urn%3Ali%3Aactivity%3A7413343138209042433
2026-01-04 06:10:16,LIKE,https://www.linkedin.com/feed/update/urn%3Ali%3Aactivity%3A7413195346396217344
2026-01-04 06:09:49,LIKE,https://www.linkedin.com/feed/update/urn%3Ali%3AugcPost%3A7409223127219515392
2026-01-04 06:09:17,LIKE,https://www.linkedin.com/feed/update/urn%3Ali%3AugcPost%3A7413455130550951936
2026-01-04 06:09:10,LIKE,https://www.linkedin.com/feed/update/urn%3Ali%3AugcPost%3A7413210082097737728
2026-01-04 06:07:21,LIKE,https://www.linkedin.com/feed/update/urn%3Ali%3AugcPost%3A7413066390703673344
2026-01-04 06:01:40,LIKE,https://www.linkedin.com/feed/update/urn%3Ali%3AugcPost%3A7412901368622931969
2026-01-04 06:01:32,LIKE,https://www.linkedin.com/feed/update/urn%3Ali%3AugcPost%3A7410387804930617344
2026-01-04 06:00:02,LIKE,https://www.linkedin.com/feed/update/urn%3Ali%3Aactivity%3A7413406334974328832
2026-01-04 05:59:52,LIKE,https://www.linkedin.com/feed/update/urn%3Ali%3AugcPost%3A7413124636554477568
2026-01-04 04:24:25,LIKE,https://www.linkedin.com/feed/update/urn%3Ali%3Aactivity%3A7413187474119675905
2026-01-04 04:24:16,LIKE,https://www.linkedin.com/feed/update/urn%3Ali%3AugcPost%3A7413302445533020161
2026-01-03 11:38:40,LIKE,https://www.linkedin.com/feed/update/urn%3Ali%3AugcPost%3A7408865773030400002
2026-01-03 11:38:30,LIKE,https://www.linkedin.com/feed/update/urn%3Ali%3Aactivity%3A7412617900559212544
2026-01-03 11:38:21,LIKE,https://www.linkedin.com/feed/update/urn%3Ali%3Aactivity%3A7413133227768520704
2026-01-03 11:38:05,LIKE,https://www.linkedin.com/feed/update/urn%3Ali%3AugcPost%3A7413158160791764993
2026-01-03 11:38:01,LIKE,https://www.linkedin.com/feed/update/urn%3Ali%3AugcPost%3A7411408299348164608
2026-01-03 11:37:55,LIKE,https://www.linkedin.com/feed/update/urn%3Ali%3Aactivity%3A7412866964664250368
2026-01-03 11:37:45,LIKE,https://www.linkedin.com/feed/update/urn%3Ali%3AugcPost%3A7413070117594591232
2026-01-03 11:35:30,LIKE,https://www.linkedin.com/feed/update/urn%3Ali%3AugcPost%3A7413140404289646593
2026-01-03 09:33:33,LIKE,https://www.linkedin.com/feed/update/urn%3Ali%3AugcPost%3A7413095586280771584
2026-01-03 09:33:24,LIKE,https://www.linkedin.com/feed/update/urn%3Ali%3Aactivity%3A7413078481426698240
2026-01-03 09:33:07,LIKE,https://www.linkedin.com/feed/update/urn%3Ali%3Aactivity%3A7413140097673461762
2026-01-03 09:32:21,LIKE,https://www.linkedin.com/feed/update/urn%3Ali%3AugcPost%3A7413079498268512256
2026-01-03 09:30:28,LIKE,https://www.linkedin.com/feed/update/urn%3Ali%3Aactivity%3A7409676470601781248
2026-01-03 09:30:24,LIKE,https://www.linkedin.com/feed/update/urn%3Ali%3AugcPost%3A7412542349072809984
2026-01-03 09:30:09,LIKE,https://www.linkedin.com/feed/update/urn%3Ali%3AugcPost%3A7403738929213939712
2026-01-03 09:30:04,LIKE,https://www.linkedin.com/feed/update/urn%3Ali%3Aactivity%3A7413072578724134912
2026-01-03 09:29:50,LIKE,https://www.linkedin.com/feed/update/urn%3Ali%3AugcPost%3A7412926959942348800
2026-01-03 09:29:30,LIKE,https://www.linkedin.com/feed/update/urn%3Ali%3AugcPost%3A7409179845743808512
2026-01-03 09:29:20,LIKE,https://www.linkedin.com/feed/update/urn%3Ali%3AugcPost%3A7408761830656876544
2026-01-03 09:29:06,LIKE,https://www.linkedin.com/feed/update/urn%3Ali%3AugcPost%3A7412045761904873472
2026-01-03 09:26:01,LIKE,https://www.linkedin.com/feed/update/urn%3Ali%3AugcPost%3A7413127789870112768
2026-01-03 07:54:54,LIKE,https://www.linkedin.com/feed/update/urn%3Ali%3Aactivity%3A7412735443588427776
2026-01-03 07:40:34,LIKE,https://www.linkedin.com/feed/update/urn%3Ali%3AugcPost%3A7413092717020426240
2026-01-03 07:40:28,LIKE,https://www.linkedin.com/feed/update/urn%3Ali%3AugcPost%3A7413110153475936256
2026-01-03 07:40:25,LIKE,https://www.linkedin.com/feed/update/urn%3Ali%3Aactivity%3A7397694010095456257
2026-01-03 07:39:33,LIKE,https://www.linkedin.com/feed/update/urn%3Ali%3AugcPost%3A7412519922322509824
2026-01-03 06:18:22,LIKE,https://www.linkedin.com/feed/update/urn%3Ali%3Aactivity%3A7412413002949459968
2026-01-03 06:18:09,LIKE,https://www.linkedin.com/feed/update/urn%3Ali%3AugcPost%3A7408368472474361857
2026-01-03 06:18:08,LIKE,https://www.linkedin.com/feed/update/urn%3Ali%3AugcPost%3A7412921590365130752
2026-01-03 06:17:30,LIKE,https://www.linkedin.com/feed/update/urn%3Ali%3Aactivity%3A7413064065062866944
2026-01-03 06:17:24,LIKE,https://www.linkedin.com/feed/update/urn%3Ali%3Aactivity%3A7413096666372907008
2026-01-03 06:17:23,LIKE,https://www.linkedin.com/feed/update/urn%3Ali%3AugcPost%3A7412843665729167360
2026-01-03 06:16:50,LIKE,https://www.linkedin.com/feed/update/urn%3Ali%3AugcPost%3A7405313802826612736
2026-01-03 06:16:46,LIKE,https://www.linkedin.com/feed/update/urn%3Ali%3AugcPost%3A7412513988443271168
2026-01-03 06:16:36,EMPATHY,https://www.linkedin.com/feed/update/urn%3Ali%3AugcPost%3A7404475220050563074
2026-01-03 06:15:13,LIKE,https://www.linkedin.com/feed/update/urn%3Ali%3AugcPost%3A7413088624990420992
2026-01-03 06:14:29,LIKE,https://www.linkedin.com/feed/update/urn%3Ali%3AugcPost%3A7411783895739764736
2026-01-03 06:13:30,LIKE,https://www.linkedin.com/feed/update/urn%3Ali%3AugcPost%3A7410793973952409601
2026-01-03 06:13:26,LIKE,https://www.linkedin.com/feed/update/urn%3Ali%3Aactivity%3A7408785913113243648
2026-01-03 06:12:45,LIKE,https://www.linkedin.com/feed/update/urn%3Ali%3AugcPost%3A7411349160915865600
2026-01-03 06:12:37,LIKE,https://www.linkedin.com/feed/update/urn%3Ali%3Aactivity%3A7413061284671315968
2026-01-03 06:12:05,LIKE,https://www.linkedin.com/feed/update/urn%3Ali%3Aactivity%3A7412953778544361472
2026-01-03 06:11:56,INTEREST,https://www.linkedin.com/feed/update/urn%3Ali%3Aactivity%3A7412692467038216192
2026-01-03 06:10:25,LIKE,https://www.linkedin.com/feed/update/urn%3Ali%3AugcPost%3A7408109908149096448
2026-01-03 06:10:23,LIKE,https://www.linkedin.com/feed/update/urn%3Ali%3AugcPost%3A7403070247324557313
2026-01-03 06:10:20,LIKE,https://www.linkedin.com/feed/update/urn%3Ali%3Aactivity%3A7412902314438451200
2026-01-03 06:10:18,LIKE,https://www.linkedin.com/feed/update/urn%3Ali%3Aactivity%3A7407621809979912192
2026-01-03 06:10:07,LIKE,https://www.linkedin.com/feed/update/urn%3Ali%3AugcPost%3A7413077673062858752
2026-01-03 06:09:05,LIKE,https://www.linkedin.com/feed/update/urn%3Ali%3AugcPost%3A7412853711431012352
2026-01-03 06:08:59,LIKE,https://www.linkedin.com/feed/update/urn%3Ali%3Aactivity%3A7412059367509979136
2026-01-03 06:08:54,LIKE,https://www.linkedin.com/feed/update/urn%3Ali%3AugcPost%3A7411050215366897664
2026-01-03 06:08:43,LIKE,https://www.linkedin.com/feed/update/urn%3Ali%3AugcPost%3A7412841702291361792
2026-01-03 06:08:36,LIKE,https://www.linkedin.com/feed/update/urn%3Ali%3AugcPost%3A7412787252277268481
2026-01-03 06:07:14,LIKE,https://www.linkedin.com/feed/update/urn%3Ali%3AugcPost%3A7412828872846753792
2026-01-03 06:07:04,LIKE,https://www.linkedin.com/feed/update/urn%3Ali%3AugcPost%3A7413081624575287296
2026-01-03 06:06:51,LIKE,https://www.linkedin.com/feed/update/urn%3Ali%3AugcPost%3A7412201583695904768
2026-01-03 04:39:55,LIKE,https://www.linkedin.com/feed/update/urn%3Ali%3Aactivity%3A7412257628011094016
2026-01-03 04:39:51,LIKE,https://www.linkedin.com/feed/update/urn%3Ali%3AugcPost%3A7403717698855297024
2026-01-03 04:39:37,LIKE,https://www.linkedin.com/feed/update/urn%3Ali%3Aactivity%3A7412869316045434880
2026-01-03 04:39:16,LIKE,https://www.linkedin.com/feed/update/urn%3Ali%3AugcPost%3A7405349827233996802
2026-01-03 04:39:08,LIKE,https://www.linkedin.com/feed/update/urn%3Ali%3AugcPost%3A7402976713716195328
2026-01-03 04:38:51,LIKE,https://www.linkedin.com/feed/update/urn%3Ali%3Aactivity%3A7412772245615394816
2026-01-03 04:37:02,LIKE,https://www.linkedin.com/feed/update/urn%3Ali%3Aactivity%3A7411409753966448640
2026-01-03 04:36:46,EMPATHY,https://www.linkedin.com/feed/update/urn%3Ali%3Aactivity%3A7412425038597029888
2026-01-03 04:36:34,LIKE,https://www.linkedin.com/feed/update/urn%3Ali%3AugcPost%3A7412934984665194496
2026-01-03 04:35:26,LIKE,https://www.linkedin.com/feed/update/urn%3Ali%3Aactivity%3A7412928222239240193
2026-01-03 04:35:12,LIKE,https://www.linkedin.com/feed/update/urn%3Ali%3Aactivity%3A7412645123596935168
2026-01-03 04:35:09,LIKE,https://www.linkedin.com/feed/update/urn%3Ali%3AugcPost%3A7412842862356230144
2026-01-03 04:35:02,LIKE,https://www.linkedin.com/feed/update/urn%3Ali%3AugcPost%3A7409240939522797568
2026-01-03 04:26:27,LIKE,https://www.linkedin.com/feed/update/urn%3Ali%3Aactivity%3A7411499290470010880
2026-01-03 04:25:41,LIKE,https://www.linkedin.com/feed/update/urn%3Ali%3AugcPost%3A7412882068835168257
2026-01-03 04:25:20,EMPATHY,https://www.linkedin.com/feed/update/urn%3Ali%3AugcPost%3A7412610800533524480
2026-01-03 04:25:12,LIKE,https://www.linkedin.com/feed/update/urn%3Ali%3Aactivity%3A7412951419911303168
2026-01-03 04:24:28,LIKE,https://www.linkedin.com/feed/update/urn%3Ali%3AugcPost%3A7412035535826853888
2026-01-03 04:24:03,INTEREST,https://www.linkedin.com/feed/update/urn%3Ali%3AugcPost%3A7411450633226039296
2026-01-03 04:23:44,LIKE,https://www.linkedin.com/feed/update/urn%3Ali%3AugcPost%3A7411996107343364096
2026-01-03 04:23:13,LIKE,https://www.linkedin.com/feed/update/urn%3Ali%3AugcPost%3A7412388842126663680
2026-01-03 04:22:23,LIKE,https://www.linkedin.com/feed/update/urn%3Ali%3Aactivity%3A7412910038337638400
2026-01-03 04:22:14,LIKE,https://www.linkedin.com/feed/update/urn%3Ali%3Aactivity%3A7409811241004683264
2026-01-03 04:22:10,LIKE,https://www.linkedin.com/feed/update/urn%3Ali%3Aactivity%3A7412716776159043584
2026-01-03 04:21:56,LIKE,https://www.linkedin.com/feed/update/urn%3Ali%3AugcPost%3A7404621237315907584
2026-01-03 04:21:53,LIKE,https://www.linkedin.com/feed/update/urn%3Ali%3AugcPost%3A7413030705762398208
2026-01-03 04:21:49,LIKE,https://www.linkedin.com/feed/update/urn%3Ali%3Aactivity%3A7410019034936766464
2026-01-03 04:21:47,LIKE,https://www.linkedin.com/feed/update/urn%3Ali%3AugcPost%3A7412989563456958464
2026-01-03 04:20:40,LIKE,https://www.linkedin.com/feed/update/urn%3Ali%3AugcPost%3A7413013105787449344
2026-01-03 04:20:30,LIKE,https://www.linkedin.com/feed/update/urn%3Ali%3Aactivity%3A7411905313433567233
2026-01-03 04:19:10,LIKE,https://www.linkedin.com/feed/update/urn%3Ali%3AugcPost%3A7412894151459074048
2026-01-03 04:19:03,LIKE,https://www.linkedin.com/feed/update/urn%3Ali%3Aactivity%3A7412903033296318464
2026-01-03 04:18:54,LIKE,https://www.linkedin.com/feed/update/urn%3Ali%3AugcPost%3A7412769232670654464
2026-01-03 04:18:19,LIKE,https://www.linkedin.com/feed/update/urn%3Ali%3AugcPost%3A7412897843406909441
2026-01-03 04:18:10,LIKE,https://www.linkedin.com/feed/update/urn%3Ali%3AugcPost%3A7412684987595927553
2026-01-03 04:17:23,LIKE,https://www.linkedin.com/feed/update/urn%3Ali%3AugcPost%3A7412865739801391104
2026-01-03 04:17:20,LIKE,https://www.linkedin.com/feed/update/urn%3Ali%3Aactivity%3A7413066581733199872
2026-01-03 03:26:49,LIKE,https://www.linkedin.com/feed/update/urn%3Ali%3AugcPost%3A7412398733524496384
2026-01-03 03:26:41,LIKE,https://www.linkedin.com/feed/update/urn%3Ali%3AugcPost%3A7406424940813484032
2026-01-03 03:26:38,LIKE,https://www.linkedin.com/feed/update/urn%3Ali%3AgroupPost%3A16518004-7412903329913245696
2026-01-03 03:26:28,LIKE,https://www.linkedin.com/feed/update/urn%3Ali%3AugcPost%3A7403745479248846848
2026-01-03 03:26:20,LIKE,https://www.linkedin.com/feed/update/urn%3Ali%3Aactivity%3A7412925999014744064
2026-01-03 03:26:12,LIKE,https://www.linkedin.com/feed/update/urn%3Ali%3AugcPost%3A7412860134483275776
2026-01-03 03:25:53,LIKE,https://www.linkedin.com/feed/update/urn%3Ali%3Aactivity%3A7411765880147066880
2026-01-03 03:25:51,LIKE,https://www.linkedin.com/feed/update/urn%3Ali%3AugcPost%3A7412325373033742336
2026-01-03 03:25:47,LIKE,https://www.linkedin.com/feed/update/urn%3Ali%3AugcPost%3A7410086494108848128
2026-01-03 03:25:34,LIKE,https://www.linkedin.com/feed/update/urn%3Ali%3AugcPost%3A7413033889084108800
2026-01-03 03:24:47,LIKE,https://www.linkedin.com/feed/update/urn%3Ali%3Aactivity%3A7412930019792105472
2026-01-03 03:23:43,INTEREST,https://www.linkedin.com/feed/update/urn%3Ali%3Aactivity%3A7413051963774275585
2026-01-03 02:57:10,LIKE,https://www.linkedin.com/feed/update/urn%3Ali%3AugcPost%3A7412673884006760448
2026-01-03 02:56:00,LIKE,https://www.linkedin.com/feed/update/urn%3Ali%3AugcPost%3A7412980198146498560
2026-01-03 02:54:48,LIKE,https://www.linkedin.com/feed/update/urn%3Ali%3Aactivity%3A7412768275467587584
2026-01-03 02:54:23,LIKE,https://www.linkedin.com/feed/update/urn%3Ali%3AugcPost%3A7412647945474469888
2026-01-03 02:54:14,LIKE,https://www.linkedin.com/feed/update/urn%3Ali%3AugcPost%3A7412918563805622272
2026-01-03 02:54:01,LIKE,https://www.linkedin.com/feed/update/urn%3Ali%3Aactivity%3A7412857347146027008
2026-01-03 02:53:54,LIKE,https://www.linkedin.com/feed/update/urn%3Ali%3AugcPost%3A7411986591734329345
2026-01-03 02:53:38,LIKE,https://www.linkedin.com/feed/update/urn%3Ali%3AugcPost%3A7412978166383722496
2026-01-03 02:53:36,LIKE,https://www.linkedin.com/feed/update/urn%3Ali%3AugcPost%3A7412416726790938624
2026-01-03 02:53:34,LIKE,https://www.linkedin.com/feed/update/urn%3Ali%3AugcPost%3A7413048511912443904
2026-01-03 02:52:49,LIKE,https://www.linkedin.com/feed/update/urn%3Ali%3Aactivity%3A7412432176761470976
2026-01-03 02:52:39,LIKE,https://www.linkedin.com/feed/update/urn%3Ali%3AgroupPost%3A16518004-7412821975255031809
2026-01-03 02:52:35,LIKE,https://www.linkedin.com/feed/update/urn%3Ali%3Aactivity%3A7413033365672718337
2026-01-03 02:52:33,LIKE,https://www.linkedin.com/feed/update/urn%3Ali%3Aactivity%3A7412800276643905536
2026-01-03 02:52:04,LIKE,https://www.linkedin.com/feed/update/urn%3Ali%3AugcPost%3A7411568693102465024
2026-01-03 02:52:02,LIKE,https://www.linkedin.com/feed/update/urn%3Ali%3AugcPost%3A7412747448525238272
2026-01-03 02:51:30,LIKE,https://www.linkedin.com/feed/update/urn%3Ali%3AugcPost%3A7412520539921170433
2026-01-03 02:50:50,LIKE,https://www.linkedin.com/feed/update/urn%3Ali%3AugcPost%3A7412526199647842304
2026-01-02 18:13:46,LIKE,https://www.linkedin.com/feed/update/urn%3Ali%3AugcPost%3A7412777327497158656
2026-01-02 18:12:56,LIKE,https://www.linkedin.com/feed/update/urn%3Ali%3AugcPost%3A7412719857865150464
2026-01-02 18:12:50,LIKE,https://www.linkedin.com/feed/update/urn%3Ali%3Aactivity%3A7409269845814358016
2026-01-02 18:12:46,LIKE,https://www.linkedin.com/feed/update/urn%3Ali%3Aactivity%3A7408463095708360704
2026-01-02 18:12:42,LIKE,https://www.linkedin.com/feed/update/urn%3Ali%3AugcPost%3A7412908377867010049
2026-01-02 18:12:39,LIKE,https://www.linkedin.com/feed/update/urn%3Ali%3AugcPost%3A7412908167141101568
2026-01-02 18:11:14,LIKE,https://www.linkedin.com/feed/update/urn%3Ali%3AugcPost%3A7412707951678914561
2026-01-02 18:08:35,LIKE,https://www.linkedin.com/feed/update/urn%3Ali%3AugcPost%3A7412895723643375616
2026-01-02 18:08:27,PRAISE,https://www.linkedin.com/feed/update/urn%3Ali%3Aactivity%3A7412849865782829056
2026-01-02 11:56:19,LIKE,https://www.linkedin.com/feed/update/urn%3Ali%3AugcPost%3A7410333215326105600
2026-01-02 11:55:57,LIKE,https://www.linkedin.com/feed/update/urn%3Ali%3AugcPost%3A7412628603776954368
2026-01-02 11:55:50,LIKE,https://www.linkedin.com/feed/update/urn%3Ali%3AugcPost%3A7412585975488471040
2026-01-02 11:54:23,LIKE,https://www.linkedin.com/feed/update/urn%3Ali%3AugcPost%3A7412816862566178817
2026-01-02 03:02:21,LIKE,https://www.linkedin.com/feed/update/urn%3Ali%3AugcPost%3A7411998655479615488
2026-01-02 03:02:06,LIKE,https://www.linkedin.com/feed/update/urn%3Ali%3AugcPost%3A7412062889089351680
2026-01-02 01:53:53,LIKE,https://www.linkedin.com/feed/update/urn%3Ali%3AugcPost%3A7412540893007814656
2026-01-02 01:53:13,LIKE,https://www.linkedin.com/feed/update/urn%3Ali%3AugcPost%3A7412050363182292992
2026-01-02 01:53:11,LIKE,https://www.linkedin.com/feed/update/urn%3Ali%3AugcPost%3A7409241088659488768
2026-01-02 01:52:45,LIKE,https://www.linkedin.com/feed/update/urn%3Ali%3AugcPost%3A7412451039007625216
2026-01-02 01:52:41,LIKE,https://www.linkedin.com/feed/update/urn%3Ali%3Aactivity%3A7410532618846310400
2026-01-02 01:52:33,LIKE,https://www.linkedin.com/feed/update/urn%3Ali%3AugcPost%3A7412191784849629185
2026-01-01 15:21:04,EMPATHY,https://www.linkedin.com/feed/update/urn%3Ali%3AugcPost%3A7412013252513210368
2026-01-01 10:28:55,LIKE,https://www.linkedin.com/feed/update/urn%3Ali%3Aactivity%3A7412383044013019137
2026-01-01 09:11:09,LIKE,https://www.linkedin.com/feed/update/urn%3Ali%3AugcPost%3A7412187526808961025
2026-01-01 09:11:06,LIKE,https://www.linkedin.com/feed/update/urn%3Ali%3AugcPost%3A7407608241691496448
2026-01-01 09:10:36,LIKE,https://www.linkedin.com/feed/update/urn%3Ali%3Aactivity%3A7412416753114210304
2026-01-01 09:05:08,LIKE,https://www.linkedin.com/feed/update/urn%3Ali%3AugcPost%3A7412409421672132608
2026-01-01 09:04:55,LIKE,https://www.linkedin.com/feed/update/urn%3Ali%3AugcPost%3A7361074129879371776
2026-01-01 09:04:27,LIKE,https://www.linkedin.com/feed/update/urn%3Ali%3AugcPost%3A7405533830528413696
2026-01-01 08:26:16,LIKE,https://www.linkedin.com/feed/update/urn%3Ali%3AugcPost%3A7412381676405911552
2026-01-01 08:26:13,LIKE,https://www.linkedin.com/feed/update/urn%3Ali%3Aactivity%3A7410937593531379712
2026-01-01 08:26:09,LIKE,https://www.linkedin.com/feed/update/urn%3Ali%3AugcPost%3A7412196944460214272
2026-01-01 08:25:16,LIKE,https://www.linkedin.com/feed/update/urn%3Ali%3Aactivity%3A7412214103202521089
2026-01-01 08:23:57,LIKE,https://www.linkedin.com/feed/update/urn%3Ali%3Aactivity%3A7412137165926821888
2026-01-01 08:23:41,LIKE,https://www.linkedin.com/feed/update/urn%3Ali%3AugcPost%3A7412155686236700673
2026-01-01 08:21:59,LIKE,https://www.linkedin.com/feed/update/urn%3Ali%3Aactivity%3A7412291589454274560
2026-01-01 08:21:47,LIKE,https://www.linkedin.com/feed/update/urn%3Ali%3AugcPost%3A7412404206399217664
2026-01-01 08:08:12,LIKE,https://www.linkedin.com/feed/update/urn%3Ali%3Aactivity%3A7412028493384929280
2026-01-01 08:08:10,LIKE,https://www.linkedin.com/feed/update/urn%3Ali%3AugcPost%3A7411842015526645760
2026-01-01 08:08:03,LIKE,https://www.linkedin.com/feed/update/urn%3Ali%3AugcPost%3A7409117925376352256
2026-01-01 08:07:51,LIKE,https://www.linkedin.com/feed/update/urn%3Ali%3AugcPost%3A7403709458155089921
2026-01-01 08:07:43,LIKE,https://www.linkedin.com/feed/update/urn%3Ali%3AugcPost%3A7412388960246792192
2026-01-01 08:07:39,LIKE,https://www.linkedin.com/feed/update/urn%3Ali%3Aactivity%3A7411994554469339137
2026-01-01 08:06:26,LIKE,https://www.linkedin.com/feed/update/urn%3Ali%3AugcPost%3A7412398124926836737
2026-01-01 08:06:19,LIKE,https://www.linkedin.com/feed/update/urn%3Ali%3Aactivity%3A7404433108118507520
2026-01-01 08:06:08,LIKE,https://www.linkedin.com/feed/update/urn%3Ali%3AugcPost%3A7407988253292670978
2026-01-01 08:06:02,LIKE,https://www.linkedin.com/feed/update/urn%3Ali%3Aactivity%3A7412289893290307584
2026-01-01 08:00:48,LIKE,https://www.linkedin.com/feed/update/urn%3Ali%3AugcPost%3A7411324347702943744
2026-01-01 08:00:30,LIKE,https://www.linkedin.com/feed/update/urn%3Ali%3AugcPost%3A7412260795679490049
2026-01-01 07:59:41,INTEREST,https://www.linkedin.com/feed/update/urn%3Ali%3AugcPost%3A7411998652581429248
2026-01-01 01:51:18,LIKE,https://www.linkedin.com/feed/update/urn%3Ali%3AugcPost%3A7412241202445438977
2025-12-31 19:26:46,LIKE,https://www.linkedin.com/feed/update/urn%3Ali%3AugcPost%3A7412144994452574208
2025-12-31 19:26:34,LIKE,https://www.linkedin.com/feed/update/urn%3Ali%3Aactivity%3A7412183296274722816
2025-12-31 19:26:26,LIKE,https://www.linkedin.com/feed/update/urn%3Ali%3AugcPost%3A7411905260966899712
2025-12-31 16:01:33,LIKE,https://www.linkedin.com/feed/update/urn%3Ali%3AugcPost%3A7398370478240718849
2025-12-31 16:01:21,LIKE,https://www.linkedin.com/feed/update/urn%3Ali%3Aactivity%3A7408170409436577792
2025-12-31 15:55:02,LIKE,https://www.linkedin.com/feed/update/urn%3Ali%3AugcPost%3A7412090701389152256
2025-12-31 15:54:57,LIKE,https://www.linkedin.com/feed/update/urn%3Ali%3AugcPost%3A7412035798163742720
2025-12-31 15:37:00,LIKE,https://www.linkedin.com/feed/update/urn%3Ali%3Aactivity%3A7412115374516854785
2025-12-31 15:36:56,EMPATHY,https://www.linkedin.com/feed/update/urn%3Ali%3Aactivity%3A7411984450626154496?commentUrn=urn%3Ali%3Acomment%3A%28activity%3A7411984450626154496%2C7412059825830035456%29
2025-12-31 15:36:52,EMPATHY,https://www.linkedin.com/feed/update/urn%3Ali%3Aactivity%3A7411984450626154496?commentUrn=urn%3Ali%3Acomment%3A%28activity%3A7411984450626154496%2C7412029959055175680%29
2025-12-31 15:36:41,LIKE,https://www.linkedin.com/feed/update/urn%3Ali%3AugcPost%3A7407358438160183296
2025-12-31 15:36:16,LIKE,https://www.linkedin.com/feed/update/urn%3Ali%3AugcPost%3A7412120273296109568
2025-12-31 13:31:12,LIKE,https://www.linkedin.com/feed/update/urn%3Ali%3AugcPost%3A7412121513891442688
2025-12-31 13:31:08,LIKE,https://www.linkedin.com/feed/update/urn%3Ali%3Aactivity%3A7409209173999292416
2025-12-31 13:30:52,LIKE,https://www.linkedin.com/feed/update/urn%3Ali%3Aactivity%3A7412109198328688640
2025-12-31 13:30:46,LIKE,https://www.linkedin.com/feed/update/urn%3Ali%3AugcPost%3A7411928495888691200
2025-12-31 13:30:42,LIKE,https://www.linkedin.com/feed/update/urn%3Ali%3AugcPost%3A7412093891190951936
2025-12-31 13:30:37,LIKE,https://www.linkedin.com/feed/update/urn%3Ali%3Aactivity%3A7411673660173811712
2025-12-31 13:30:31,LIKE,https://www.linkedin.com/feed/update/urn%3Ali%3AugcPost%3A7411897429433769984
2025-12-31 13:30:16,LIKE,https://www.linkedin.com/feed/update/urn%3Ali%3AugcPost%3A7412096141602840576
2025-12-31 13:30:15,PRAISE,https://www.linkedin.com/feed/update/urn%3Ali%3AugcPost%3A7412050625431068672
2025-12-31 13:29:58,LIKE,https://www.linkedin.com/feed/update/urn%3Ali%3Aactivity%3A7397212300761378816
2025-12-31 13:29:19,PRAISE,https://www.linkedin.com/feed/update/urn%3Ali%3Aactivity%3A7412115339934711808
2025-12-31 10:41:11,LIKE,https://www.linkedin.com/feed/update/urn%3Ali%3AugcPost%3A7412060619253940225
2025-12-31 10:40:53,LIKE,https://www.linkedin.com/feed/update/urn%3Ali%3AugcPost%3A7411958554925912064
2025-12-31 10:40:46,LIKE,https://www.linkedin.com/feed/update/urn%3Ali%3AugcPost%3A7411800668157607936
2025-12-31 10:40:39,LIKE,https://www.linkedin.com/feed/update/urn%3Ali%3Aactivity%3A7410314699646586880
2025-12-31 10:40:10,LIKE,https://www.linkedin.com/feed/update/urn%3Ali%3Aactivity%3A7410198481962893312
2025-12-31 10:39:33,LIKE,https://www.linkedin.com/feed/update/urn%3Ali%3AugcPost%3A7412065006713958400
2025-12-31 09:22:41,LIKE,https://www.linkedin.com/feed/update/urn%3Ali%3Aactivity%3A7412044431610150912
2025-12-31 04:48:53,LIKE,https://www.linkedin.com/feed/update/urn%3Ali%3Aactivity%3A7411972295289692160
2025-12-31 00:25:08,LIKE,https://www.linkedin.com/feed/update/urn%3Ali%3AugcPost%3A7409843332840931328
2025-12-31 00:24:13,LIKE,https://www.linkedin.com/feed/update/urn%3Ali%3Aactivity%3A7411507264454471680
2025-12-31 00:22:45,LIKE,https://www.linkedin.com/feed/update/urn%3Ali%3Aactivity%3A7410048459707346944
2025-12-31 00:22:40,LIKE,https://www.linkedin.com/feed/update/urn%3Ali%3AugcPost%3A7411714587009462272
2025-12-31 00:22:35,LIKE,https://www.linkedin.com/feed/update/urn%3Ali%3AugcPost%3A7411741125276958721
2025-12-31 00:22:26,LIKE,https://www.linkedin.com/feed/update/urn%3Ali%3AugcPost%3A7411052868394291200
2025-12-31 00:22:18,LIKE,https://www.linkedin.com/feed/update/urn%3Ali%3AugcPost%3A7410874648181235712
2025-12-31 00:22:02,LIKE,https://www.linkedin.com/feed/update/urn%3Ali%3Aactivity%3A7409257734056943616
2025-12-31 00:21:25,LIKE,https://www.linkedin.com/feed/update/urn%3Ali%3Aactivity%3A7391741170101542914
2025-12-31 00:21:18,LIKE,https://www.linkedin.com/feed/update/urn%3Ali%3AugcPost%3A7411619173224591360
2025-12-31 00:20:51,LIKE,https://www.linkedin.com/feed/update/urn%3Ali%3AugcPost%3A7409913324500320257
2025-12-31 00:20:49,LIKE,https://www.linkedin.com/feed/update/urn%3Ali%3AugcPost%3A7411616479227416576
2025-12-31 00:20:48,LIKE,https://www.linkedin.com/feed/update/urn%3Ali%3AugcPost%3A7411359565046513664
2025-12-31 00:20:45,LIKE,https://www.linkedin.com/feed/update/urn%3Ali%3Aactivity%3A7411711873236045824
2025-12-31 00:20:41,LIKE,https://www.linkedin.com/feed/update/urn%3Ali%3Aactivity%3A7411901400315752448
2025-12-31 00:20:21,LIKE,https://www.linkedin.com/feed/update/urn%3Ali%3Aactivity%3A7406738991938699264
2025-12-31 00:20:07,LIKE,https://www.linkedin.com/feed/update/urn%3Ali%3AugcPost%3A7409948002003550209
2025-12-31 00:19:50,LIKE,https://www.linkedin.com/feed/update/urn%3Ali%3Aactivity%3A7407244742180114432
2025-12-31 00:16:25,LIKE,https://www.linkedin.com/feed/update/urn%3Ali%3AugcPost%3A7411567275939459072
2025-12-31 00:16:21,LIKE,https://www.linkedin.com/feed/update/urn%3Ali%3AugcPost%3A7411613216306393088
2025-12-31 00:14:15,LIKE,https://www.linkedin.com/feed/update/urn%3Ali%3Aactivity%3A7411797200277528576
2025-12-30 23:37:05,LIKE,https://www.linkedin.com/feed/update/urn%3Ali%3AugcPost%3A7410799996079427584
2025-12-30 23:36:25,LIKE,https://www.linkedin.com/feed/update/urn%3Ali%3AugcPost%3A7411847132392914944
2025-12-30 23:36:00,LIKE,https://www.linkedin.com/feed/update/urn%3Ali%3Aactivity%3A7411483010115538944
2025-12-30 23:35:32,LIKE,https://www.linkedin.com/feed/update/urn%3Ali%3AugcPost%3A7411619907697557504
2025-12-30 23:35:03,INTEREST,https://www.linkedin.com/feed/update/urn%3Ali%3AugcPost%3A7411460482596823040
2025-12-30 23:32:24,LIKE,https://www.linkedin.com/feed/update/urn%3Ali%3Aactivity%3A7411765057325469696
2025-12-30 23:32:21,LIKE,https://www.linkedin.com/feed/update/urn%3Ali%3AugcPost%3A7411796968819126272
2025-12-30 23:31:42,LIKE,https://www.linkedin.com/feed/update/urn%3Ali%3Aactivity%3A7406883953724358656
2025-12-30 23:31:40,LIKE,https://www.linkedin.com/feed/update/urn%3Ali%3Aactivity%3A7411629705210167296
2025-12-30 23:28:42,LIKE,https://www.linkedin.com/feed/update/urn%3Ali%3AugcPost%3A7411818781305573376
2025-12-30 23:28:32,LIKE,https://www.linkedin.com/feed/update/urn%3Ali%3AugcPost%3A7411765739071705088
2025-12-30 23:28:19,LIKE,https://www.linkedin.com/feed/update/urn%3Ali%3Aactivity%3A7411877396984893440
2025-12-30 23:27:00,LIKE,https://www.linkedin.com/feed/update/urn%3Ali%3AugcPost%3A7411829350913875969
2025-12-30 23:26:52,LIKE,https://www.linkedin.com/feed/update/urn%3Ali%3AugcPost%3A7411618029433704448
2025-12-30 23:26:43,LIKE,https://www.linkedin.com/feed/update/urn%3Ali%3Aactivity%3A7411636890052923393
2025-12-30 23:26:07,LIKE,https://www.linkedin.com/feed/update/urn%3Ali%3Aactivity%3A7411762378054389760
2025-12-30 23:25:59,LIKE,https://www.linkedin.com/feed/update/urn%3Ali%3AugcPost%3A7411723232220909569
2025-12-30 23:25:46,LIKE,https://www.linkedin.com/feed/update/urn%3Ali%3AugcPost%3A7411755198701862912
2025-12-30 23:25:19,LIKE,https://www.linkedin.com/feed/update/urn%3Ali%3AugcPost%3A7411775365041520640
2025-12-30 23:25:05,LIKE,https://www.linkedin.com/feed/update/urn%3Ali%3AugcPost%3A7411872770688622592
2025-12-30 23:24:58,LIKE,https://www.linkedin.com/feed/update/urn%3Ali%3Aactivity%3A7411707427697594368
2025-12-30 23:24:02,LIKE,https://www.linkedin.com/feed/update/urn%3Ali%3Aactivity%3A7411827527033356288
2025-12-30 18:08:53,LIKE,https://www.linkedin.com/feed/update/urn%3Ali%3AugcPost%3A7410949832405807104
2025-12-30 15:11:09,EMPATHY,https://www.linkedin.com/feed/update/urn%3Ali%3AugcPost%3A7411784533601230849
2025-12-30 14:53:45,LIKE,https://www.linkedin.com/feed/update/urn%3Ali%3AugcPost%3A7411766725488078849
2025-12-30 14:52:16,LIKE,https://www.linkedin.com/feed/update/urn%3Ali%3Aactivity%3A7411761352060633088
2025-12-30 13:35:18,LIKE,https://www.linkedin.com/feed/update/urn%3Ali%3Aactivity%3A7411741265588977664
2025-12-30 13:35:08,LIKE,https://www.linkedin.com/feed/update/urn%3Ali%3AugcPost%3A7411750079755190272
2025-12-30 13:35:07,LIKE,https://www.linkedin.com/feed/update/urn%3Ali%3Aactivity%3A7407428559981445120
2025-12-30 13:34:49,LIKE,https://www.linkedin.com/feed/update/urn%3Ali%3AugcPost%3A7411747918107336704
2025-12-30 11:51:54,LIKE,https://www.linkedin.com/feed/update/urn%3Ali%3Aactivity%3A7411556870383022080
2025-12-30 11:51:12,LIKE,https://www.linkedin.com/feed/update/urn%3Ali%3Aactivity%3A7404222996820754432
2025-12-30 11:50:54,LIKE,https://www.linkedin.com/feed/update/urn%3Ali%3AugcPost%3A7411686942066683904
2025-12-30 11:50:36,LIKE,https://www.linkedin.com/feed/update/urn%3Ali%3AugcPost%3A7407414573265301504
2025-12-30 11:49:40,LIKE,https://www.linkedin.com/feed/update/urn%3Ali%3Aactivity%3A7411666105792040961
2025-12-30 11:49:38,LIKE,https://www.linkedin.com/feed/update/urn%3Ali%3Aactivity%3A7411681202580992000
2025-12-30 11:49:08,LIKE,https://www.linkedin.com/feed/update/urn%3Ali%3AugcPost%3A7409298939021193216
2025-12-30 11:49:06,LIKE,https://www.linkedin.com/feed/update/urn%3Ali%3AugcPost%3A7411714132485328896
2025-12-30 11:43:20,EMPATHY,https://www.linkedin.com/feed/update/urn%3Ali%3AugcPost%3A7411699911504719873
2025-12-30 09:22:23,LIKE,https://www.linkedin.com/feed/update/urn%3Ali%3Aactivity%3A7411696592946176001
2025-12-30 07:44:35,LIKE,https://www.linkedin.com/feed/update/urn%3Ali%3Aactivity%3A7411659295341248513
2025-12-30 07:44:33,LIKE,https://www.linkedin.com/feed/update/urn%3Ali%3AugcPost%3A7411662246902288385
2025-12-30 07:44:20,LIKE,https://www.linkedin.com/feed/update/urn%3Ali%3AugcPost%3A7410444008310734848
2025-12-30 07:36:26,LIKE,https://www.linkedin.com/feed/update/urn%3Ali%3AugcPost%3A7410259656444551168
2025-12-30 07:36:08,LIKE,https://www.linkedin.com/feed/update/urn%3Ali%3AugcPost%3A7409231545401651202
2025-12-30 07:35:56,LIKE,https://www.linkedin.com/feed/update/urn%3Ali%3AugcPost%3A7411398861912428544
2025-12-30 07:35:50,LIKE,https://www.linkedin.com/feed/update/urn%3Ali%3AugcPost%3A7410650067855978496
2025-12-30 07:35:45,LIKE,https://www.linkedin.com/feed/update/urn%3Ali%3AugcPost%3A7411654046685495296
2025-12-30 07:35:35,LIKE,https://www.linkedin.com/feed/update/urn%3Ali%3AugcPost%3A7409607042333868032
2025-12-30 07:35:30,LIKE,https://www.linkedin.com/feed/update/urn%3Ali%3AugcPost%3A7408776483684511744
2025-12-30 07:31:54,LIKE,https://www.linkedin.com/feed/update/urn%3Ali%3Aactivity%3A7409682338755870720
2025-12-30 07:31:51,LIKE,https://www.linkedin.com/feed/update/urn%3Ali%3Aactivity%3A7407169606831792129
2025-12-30 07:30:33,LIKE,https://www.linkedin.com/feed/update/urn%3Ali%3AugcPost%3A7411352847172349953
2025-12-30 07:30:15,LIKE,https://www.linkedin.com/feed/update/urn%3Ali%3Aactivity%3A7408085258526560256
2025-12-30 07:30:04,LIKE,https://www.linkedin.com/feed/update/urn%3Ali%3Aactivity%3A7411618416521863168
2025-12-30 07:22:37,LIKE,https://www.linkedin.com/feed/update/urn%3Ali%3AugcPost%3A7411384262727426048
2025-12-30 07:22:28,LIKE,https://www.linkedin.com/feed/update/urn%3Ali%3Aactivity%3A7411031375203536896
2025-12-30 07:22:25,LIKE,https://www.linkedin.com/feed/update/urn%3Ali%3AugcPost%3A7409063352448253952
2025-12-30 07:22:21,LIKE,https://www.linkedin.com/feed/update/urn%3Ali%3AugcPost%3A7410332632066043904
2025-12-30 07:22:17,LIKE,https://www.linkedin.com/feed/update/urn%3Ali%3AugcPost%3A7411139025257893888
2025-12-30 07:22:12,LIKE,https://www.linkedin.com/feed/update/urn%3Ali%3Aactivity%3A7411484729130172417
2025-12-30 07:21:41,LIKE,https://www.linkedin.com/feed/update/urn%3Ali%3AugcPost%3A7409480304907857922
2025-12-30 07:21:32,LIKE,https://www.linkedin.com/feed/update/urn%3Ali%3Aactivity%3A7409875166580621312
2025-12-30 07:21:16,LIKE,https://www.linkedin.com/feed/update/urn%3Ali%3AugcPost%3A7406724152759398400
2025-12-30 07:21:01,LIKE,https://www.linkedin.com/feed/update/urn%3Ali%3AugcPost%3A7407614272614084608
2025-12-30 06:30:34,LIKE,https://www.linkedin.com/feed/update/urn%3Ali%3Aactivity%3A7411630922531430400
2025-12-30 06:28:22,LIKE,https://www.linkedin.com/feed/update/urn%3Ali%3AugcPost%3A7411588496185995264
2025-12-30 06:25:29,EMPATHY,https://www.linkedin.com/feed/update/urn%3Ali%3AugcPost%3A7408588889986174977?commentUrn=urn%3Ali%3Acomment%3A%28ugcPost%3A7408588889986174977%2C7411617601203658752%29
2025-12-30 06:23:54,LIKE,https://www.linkedin.com/feed/update/urn%3Ali%3AugcPost%3A7411467496517541889
2025-12-30 06:22:56,EMPATHY,https://www.linkedin.com/feed/update/urn%3Ali%3AugcPost%3A7408588889986174977?commentUrn=urn%3Ali%3Acomment%3A%28ugcPost%3A7408588889986174977%2C7411651844634128385%29
2025-12-30 03:37:39,LIKE,https://www.linkedin.com/feed/update/urn%3Ali%3Aactivity%3A7411516759687487488
2025-12-29 20:30:53,LIKE,https://www.linkedin.com/feed/update/urn%3Ali%3AugcPost%3A7411484474531561472
2025-12-29 19:02:14,LIKE,https://www.linkedin.com/feed/update/urn%3Ali%3AugcPost%3A7411459387657072640
2025-12-29 17:20:56,LIKE,https://www.linkedin.com/feed/update/urn%3Ali%3AugcPost%3A7411423710911315968
2025-12-29 17:20:25,LIKE,https://www.linkedin.com/feed/update/urn%3Ali%3AugcPost%3A7411328388390424576
2025-12-29 17:19:07,LIKE,https://www.linkedin.com/feed/update/urn%3Ali%3Aactivity%3A7411388221051351040
2025-12-29 16:21:59,LIKE,https://www.linkedin.com/feed/update/urn%3Ali%3AugcPost%3A7409978422220840960
2025-12-29 16:21:32,LIKE,https://www.linkedin.com/feed/update/urn%3Ali%3Aactivity%3A7410770020525391872
2025-12-29 16:21:13,LIKE,https://www.linkedin.com/feed/update/urn%3Ali%3AugcPost%3A7411399092335120384
2025-12-29 16:21:05,LIKE,https://www.linkedin.com/feed/update/urn%3Ali%3AugcPost%3A7403839853760864257
2025-12-29 16:20:57,LIKE,https://www.linkedin.com/feed/update/urn%3Ali%3Aactivity%3A7411421498353184768
2025-12-29 16:20:53,LIKE,https://www.linkedin.com/feed/update/urn%3Ali%3Aactivity%3A7407581285528797184
2025-12-29 16:20:37,LIKE,https://www.linkedin.com/feed/update/urn%3Ali%3Aactivity%3A7403704904978001920
2025-12-29 16:20:35,LIKE,https://www.linkedin.com/feed/update/urn%3Ali%3AugcPost%3A7411213544882405376
2025-12-29 16:20:19,LIKE,https://www.linkedin.com/feed/update/urn%3Ali%3Aactivity%3A7409929666758828032
2025-12-29 16:20:09,LIKE,https://www.linkedin.com/feed/update/urn%3Ali%3Aactivity%3A7411437892167950336
2025-12-29 16:20:06,LIKE,https://www.linkedin.com/feed/update/urn%3Ali%3AugcPost%3A7401599818659495937
2025-12-29 16:19:54,LIKE,https://www.linkedin.com/feed/update/urn%3Ali%3AugcPost%3A7411410334776979457
2025-12-29 16:06:53,LIKE,https://www.linkedin.com/feed/update/urn%3Ali%3AugcPost%3A7407795319570350081
2025-12-29 16:06:50,LIKE,https://www.linkedin.com/feed/update/urn%3Ali%3AugcPost%3A7409547186406965248
2025-12-29 16:05:43,LIKE,https://www.linkedin.com/feed/update/urn%3Ali%3AugcPost%3A7408472391598669824
2025-12-29 16:05:27,LIKE,https://www.linkedin.com/feed/update/urn%3Ali%3Aactivity%3A7408649696606445568
2025-12-29 16:04:45,LIKE,https://www.linkedin.com/feed/update/urn%3Ali%3Aactivity%3A7403418025028190208
2025-12-29 16:04:39,LIKE,https://www.linkedin.com/feed/update/urn%3Ali%3Aactivity%3A7408501932908089344
2025-12-29 16:04:17,LIKE,https://www.linkedin.com/feed/update/urn%3Ali%3AugcPost%3A7410228153496993792
2025-12-29 16:04:14,LIKE,https://www.linkedin.com/feed/update/urn%3Ali%3AugcPost%3A7411290413648535552
2025-12-29 16:04:12,LIKE,https://www.linkedin.com/feed/update/urn%3Ali%3AgroupPost%3A16518004-7408802525811961858
2025-12-29 16:03:38,LIKE,https://www.linkedin.com/feed/update/urn%3Ali%3Aactivity%3A7409104179283210241
2025-12-29 16:03:34,LIKE,https://www.linkedin.com/feed/update/urn%3Ali%3AugcPost%3A7409872059427811328
2025-12-29 16:03:24,LIKE,https://www.linkedin.com/feed/update/urn%3Ali%3Aactivity%3A7411421731615105024
2025-12-29 16:03:21,LIKE,https://www.linkedin.com/feed/update/urn%3Ali%3AugcPost%3A7410711886285164544
2025-12-29 16:03:13,LIKE,https://www.linkedin.com/feed/update/urn%3Ali%3AugcPost%3A7410229635235520512
2025-12-29 16:03:08,LIKE,https://www.linkedin.com/feed/update/urn%3Ali%3AugcPost%3A7408046118007308288
2025-12-29 16:01:28,LIKE,https://www.linkedin.com/feed/update/urn%3Ali%3AugcPost%3A7411426033150881792
2025-12-29 16:01:03,LIKE,https://www.linkedin.com/feed/update/urn%3Ali%3AugcPost%3A7411424997740531712
2025-12-29 16:00:53,LIKE,https://www.linkedin.com/feed/update/urn%3Ali%3Aactivity%3A7407738188762439680
2025-12-29 16:00:41,LIKE,https://www.linkedin.com/feed/update/urn%3Ali%3AugcPost%3A7411423001058951169
2025-12-29 16:00:34,LIKE,https://www.linkedin.com/feed/update/urn%3Ali%3AugcPost%3A7411428888284717057
2025-12-29 16:00:28,LIKE,https://www.linkedin.com/feed/update/urn%3Ali%3AugcPost%3A7411154165478932480
2025-12-29 15:39:51,EMPATHY,https://www.linkedin.com/feed/update/urn%3Ali%3AugcPost%3A7408588889986174977?commentUrn=urn%3Ali%3Acomment%3A%28ugcPost%3A7408588889986174977%2C7411384822604075008%29
2025-12-29 15:38:05,EMPATHY,https://www.linkedin.com/feed/update/urn%3Ali%3AugcPost%3A7408588889986174977?commentUrn=urn%3Ali%3Acomment%3A%28ugcPost%3A7408588889986174977%2C7411340197914869760%29
2025-12-29 15:35:59,EMPATHY,https://www.linkedin.com/feed/update/urn%3Ali%3AugcPost%3A7408588889986174977?commentUrn=urn%3Ali%3Acomment%3A%28ugcPost%3A7408588889986174977%2C7411421134883061760%29
2025-12-29 15:34:38,LIKE,https://www.linkedin.com/feed/update/urn%3Ali%3AugcPost%3A7411402790855544833
2025-12-29 13:44:08,LIKE,https://www.linkedin.com/feed/update/urn%3Ali%3AgroupPost%3A16518004-7407489871365210112
2025-12-29 13:44:05,LIKE,https://www.linkedin.com/feed/update/urn%3Ali%3AugcPost%3A7406622881297752064
2025-12-29 13:44:01,LIKE,https://www.linkedin.com/feed/update/urn%3Ali%3Aactivity%3A7407460906047066113
2025-12-29 13:43:59,LIKE,https://www.linkedin.com/feed/update/urn%3Ali%3Aactivity%3A7410949549206274048
2025-12-29 13:43:52,LIKE,https://www.linkedin.com/feed/update/urn%3Ali%3AugcPost%3A7411393991377846272
2025-12-29 13:43:46,LIKE,https://www.linkedin.com/feed/update/urn%3Ali%3AugcPost%3A7409091037840781312
2025-12-29 13:43:43,LIKE,https://www.linkedin.com/feed/update/urn%3Ali%3AugcPost%3A7410644910778982401
2025-12-29 13:41:49,LIKE,https://www.linkedin.com/feed/update/urn%3Ali%3AugcPost%3A7411393056542883840
2025-12-29 13:41:00,LIKE,https://www.linkedin.com/feed/update/urn%3Ali%3AugcPost%3A7411345091962998784
2025-12-29 13:39:40,LIKE,https://www.linkedin.com/feed/update/urn%3Ali%3AgroupPost%3A16518004-7406932420689592320
2025-12-29 13:39:30,LIKE,https://www.linkedin.com/feed/update/urn%3Ali%3AugcPost%3A7407408910157963265
2025-12-29 13:39:20,LIKE,https://www.linkedin.com/feed/update/urn%3Ali%3Aactivity%3A7409544367155310594
2025-12-29 13:33:38,LIKE,https://www.linkedin.com/feed/update/urn%3Ali%3AugcPost%3A7409201508732407808
2025-12-29 13:32:36,LIKE,https://www.linkedin.com/feed/update/urn%3Ali%3Aactivity%3A7410522344630349825
2025-12-29 13:32:04,LIKE,https://www.linkedin.com/feed/update/urn%3Ali%3Aactivity%3A7411337762915917824
2025-12-29 13:29:02,LIKE,https://www.linkedin.com/feed/update/urn%3Ali%3Aactivity%3A7407396731937718272
2025-12-29 13:28:46,LIKE,https://www.linkedin.com/feed/update/urn%3Ali%3AugcPost%3A7411368145757614080
2025-12-29 13:28:30,LIKE,https://www.linkedin.com/feed/update/urn%3Ali%3AugcPost%3A7411271506208583680
2025-12-29 13:28:12,LIKE,https://www.linkedin.com/feed/update/urn%3Ali%3AugcPost%3A7411343753732337664
2025-12-29 13:28:10,LIKE,https://www.linkedin.com/feed/update/urn%3Ali%3AugcPost%3A7411378852200878080
2025-12-29 13:27:36,LIKE,https://www.linkedin.com/feed/update/urn%3Ali%3AugcPost%3A7411054319803789312
2025-12-29 13:27:21,LIKE,https://www.linkedin.com/feed/update/urn%3Ali%3AugcPost%3A7411353734552858624
2025-12-29 13:27:12,LIKE,https://www.linkedin.com/feed/update/urn%3Ali%3AugcPost%3A7411357401305649152
2025-12-29 13:27:09,LIKE,https://www.linkedin.com/feed/update/urn%3Ali%3AugcPost%3A7410983537987809280
2025-12-29 13:26:52,LIKE,https://www.linkedin.com/feed/update/urn%3Ali%3Aactivity%3A7411345286490640384
2025-12-29 13:26:33,LIKE,https://www.linkedin.com/feed/update/urn%3Ali%3AugcPost%3A7411276574043598849
2025-12-29 13:26:21,LIKE,https://www.linkedin.com/feed/update/urn%3Ali%3AugcPost%3A7409931753588662272
2025-12-29 13:25:48,LIKE,https://www.linkedin.com/feed/update/urn%3Ali%3Aactivity%3A7411309096995479552
2025-12-29 13:25:36,LIKE,https://www.linkedin.com/feed/update/urn%3Ali%3AugcPost%3A7411372745042886656
2025-12-29 13:25:13,LIKE,https://www.linkedin.com/feed/update/urn%3Ali%3AugcPost%3A7411371550093840384
2025-12-29 13:24:09,LIKE,https://www.linkedin.com/feed/update/urn%3Ali%3Aactivity%3A7411381476103000064
2025-12-29 06:42:46,LIKE,https://www.linkedin.com/feed/update/urn%3Ali%3AugcPost%3A7409658563704508416
2025-12-29 06:42:41,LIKE,https://www.linkedin.com/feed/update/urn%3Ali%3AugcPost%3A7411282430155943936
2025-12-29 06:35:03,LIKE,https://www.linkedin.com/feed/update/urn%3Ali%3Aactivity%3A7401922796739887104
2025-12-29 06:35:01,LIKE,https://www.linkedin.com/feed/update/urn%3Ali%3AugcPost%3A7408440594802601984
2025-12-29 06:33:33,LIKE,https://www.linkedin.com/feed/update/urn%3Ali%3Aactivity%3A7409262736293040128
2025-12-29 06:33:32,LIKE,https://www.linkedin.com/feed/update/urn%3Ali%3Aactivity%3A7406674517575528448
2025-12-29 06:33:28,LIKE,https://www.linkedin.com/feed/update/urn%3Ali%3AugcPost%3A7407276225993347072
2025-12-29 06:33:14,LIKE,https://www.linkedin.com/feed/update/urn%3Ali%3AugcPost%3A7410429923364012032
2025-12-29 06:33:06,LIKE,https://www.linkedin.com/feed/update/urn%3Ali%3Aactivity%3A7411246533322403840
2025-12-29 06:30:14,LIKE,https://www.linkedin.com/feed/update/urn%3Ali%3Aactivity%3A7409608843946516480
2025-12-29 06:30:03,LIKE,https://www.linkedin.com/feed/update/urn%3Ali%3AugcPost%3A7407463892332879872
2025-12-29 06:29:50,LIKE,https://www.linkedin.com/feed/update/urn%3Ali%3AugcPost%3A7408441157602422784
2025-12-29 06:29:34,LIKE,https://www.linkedin.com/feed/update/urn%3Ali%3AugcPost%3A7410945198144516097
2025-12-29 06:28:10,LIKE,https://www.linkedin.com/feed/update/urn%3Ali%3AugcPost%3A7408079091481968640
2025-12-29 06:28:06,LIKE,https://www.linkedin.com/feed/update/urn%3Ali%3AugcPost%3A7409624913726341122
2025-12-29 06:25:27,PRAISE,https://www.linkedin.com/feed/update/urn%3Ali%3AugcPost%3A7408933198891495424
2025-12-29 06:23:52,LIKE,https://www.linkedin.com/feed/update/urn%3Ali%3Aactivity%3A7411284847886864384
2025-12-29 06:23:47,LIKE,https://www.linkedin.com/feed/update/urn%3Ali%3Aactivity%3A7407393033018716160
2025-12-29 06:08:46,LIKE,https://www.linkedin.com/feed/update/urn%3Ali%3AugcPost%3A7407094317443473409
2025-12-29 06:08:44,LIKE,https://www.linkedin.com/feed/update/urn%3Ali%3Aactivity%3A7410231662133047296
2025-12-29 05:54:06,LIKE,https://www.linkedin.com/feed/update/urn%3Ali%3AugcPost%3A7411278068591521792
2025-12-29 05:52:20,LIKE,https://www.linkedin.com/feed/update/urn%3Ali%3Aactivity%3A7408804766304292865
2025-12-29 05:52:18,LIKE,https://www.linkedin.com/feed/update/urn%3Ali%3AugcPost%3A7404829284948992000
2025-12-29 05:51:38,LIKE,https://www.linkedin.com/feed/update/urn%3Ali%3AugcPost%3A7411274960985518080
2025-12-29 05:49:24,EMPATHY,https://www.linkedin.com/feed/update/urn%3Ali%3AugcPost%3A7408588889986174977?commentUrn=urn%3Ali%3Acomment%3A%28ugcPost%3A7408588889986174977%2C7411270177339928576%29
2025-12-29 05:47:44,EMPATHY,https://www.linkedin.com/feed/update/urn%3Ali%3AugcPost%3A7408588889986174977?commentUrn=urn%3Ali%3Acomment%3A%28ugcPost%3A7408588889986174977%2C7411167915770687488%29
2025-12-29 05:47:09,EMPATHY,https://www.linkedin.com/feed/update/urn%3Ali%3AugcPost%3A7408588889986174977?commentUrn=urn%3Ali%3Acomment%3A%28ugcPost%3A7408588889986174977%2C7411110757083353089%29
2025-12-29 05:45:07,LIKE,https://www.linkedin.com/feed/update/urn%3Ali%3Aactivity%3A7386701396894580737
2025-12-29 05:22:58,LIKE,https://www.linkedin.com/feed/update/urn%3Ali%3AugcPost%3A7407598003458523136
2025-12-29 05:22:13,LIKE,https://www.linkedin.com/feed/update/urn%3Ali%3Aactivity%3A7411252373077196800
2025-12-29 05:21:46,LIKE,https://www.linkedin.com/feed/update/urn%3Ali%3AugcPost%3A7406618917684764672
2025-12-29 05:21:28,LIKE,https://www.linkedin.com/feed/update/urn%3Ali%3AugcPost%3A7409179598934118400
2025-12-29 05:21:19,LIKE,https://www.linkedin.com/feed/update/urn%3Ali%3AugcPost%3A7411159357855494144
2025-12-29 05:20:59,LIKE,https://www.linkedin.com/feed/update/urn%3Ali%3AugcPost%3A7411211027473838080
2025-12-29 05:20:51,LIKE,https://www.linkedin.com/feed/update/urn%3Ali%3Aactivity%3A7411181751647080448
2025-12-29 05:20:49,LIKE,https://www.linkedin.com/feed/update/urn%3Ali%3AugcPost%3A7411078980604387328
2025-12-29 05:20:44,LIKE,https://www.linkedin.com/feed/update/urn%3Ali%3AugcPost%3A7411239121244942336
2025-12-29 02:21:05,LIKE,https://www.linkedin.com/feed/update/urn%3Ali%3AugcPost%3A7409231680487669761
2025-12-28 22:05:21,LIKE,https://www.linkedin.com/feed/update/urn%3Ali%3Aactivity%3A7408497217164046336
2025-12-28 22:05:08,LIKE,https://www.linkedin.com/feed/update/urn%3Ali%3Aactivity%3A7409986306555998208
2025-12-28 19:50:48,LIKE,https://www.linkedin.com/feed/update/urn%3Ali%3Aactivity%3A7406716530094190592
2025-12-28 19:50:33,LIKE,https://www.linkedin.com/feed/update/urn%3Ali%3AugcPost%3A7404756712278220800
2025-12-28 19:50:04,LIKE,https://www.linkedin.com/feed/update/urn%3Ali%3AugcPost%3A7410432682557558784
2025-12-28 19:49:57,LIKE,https://www.linkedin.com/feed/update/urn%3Ali%3AugcPost%3A7406620142346051584
2025-12-28 19:49:30,LIKE,https://www.linkedin.com/feed/update/urn%3Ali%3Aactivity%3A7397559410715205632
2025-12-28 19:49:10,LIKE,https://www.linkedin.com/feed/update/urn%3Ali%3Aactivity%3A7409858046081859584
2025-12-28 19:49:04,LIKE,https://www.linkedin.com/feed/update/urn%3Ali%3AugcPost%3A7408866799296946176
2025-12-28 19:48:37,LIKE,https://www.linkedin.com/feed/update/urn%3Ali%3Aactivity%3A7408900843678396416
2025-12-28 19:48:34,LIKE,https://www.linkedin.com/feed/update/urn%3Ali%3AugcPost%3A7411052951139495936
2025-12-28 19:47:50,LIKE,https://www.linkedin.com/feed/update/urn%3Ali%3AugcPost%3A7402195543877414912
2025-12-28 19:47:48,LIKE,https://www.linkedin.com/feed/update/urn%3Ali%3AugcPost%3A7409598443297349632
2025-12-28 19:45:02,LIKE,https://www.linkedin.com/feed/update/urn%3Ali%3AugcPost%3A7407093255798108160
2025-12-28 19:44:34,LIKE,https://www.linkedin.com/feed/update/urn%3Ali%3Aactivity%3A7410997963742822400
2025-12-28 19:44:29,LIKE,https://www.linkedin.com/feed/update/urn%3Ali%3AugcPost%3A7409027004525903874
2025-12-28 19:44:20,LIKE,https://www.linkedin.com/feed/update/urn%3Ali%3AugcPost%3A7410917551377022976
2025-12-28 19:44:17,LIKE,https://www.linkedin.com/feed/update/urn%3Ali%3AugcPost%3A7409981226947805184
2025-12-28 19:44:11,LIKE,https://www.linkedin.com/feed/update/urn%3Ali%3Aactivity%3A7409219229935316992
2025-12-28 19:43:35,LIKE,https://www.linkedin.com/feed/update/urn%3Ali%3AugcPost%3A7409100179066433537
2025-12-28 19:43:23,LIKE,https://www.linkedin.com/feed/update/urn%3Ali%3AugcPost%3A7410296725002874882
2025-12-28 19:43:03,LIKE,https://www.linkedin.com/feed/update/urn%3Ali%3AugcPost%3A7410728996650373120
2025-12-28 19:42:53,LIKE,https://www.linkedin.com/feed/update/urn%3Ali%3Aactivity%3A7411119687884832768
2025-12-28 19:42:43,LIKE,https://www.linkedin.com/feed/update/urn%3Ali%3AugcPost%3A7410259132114501632
2025-12-28 19:42:19,LIKE,https://www.linkedin.com/feed/update/urn%3Ali%3AugcPost%3A7410746246556184576
2025-12-28 19:41:58,LIKE,https://www.linkedin.com/feed/update/urn%3Ali%3AugcPost%3A7410396341073440768
2025-12-28 19:40:52,LIKE,https://www.linkedin.com/feed/update/urn%3Ali%3Aactivity%3A7407335519443091456
2025-12-28 19:40:37,LIKE,https://www.linkedin.com/feed/update/urn%3Ali%3AugcPost%3A7411094900647206912
2025-12-28 19:39:57,LIKE,https://www.linkedin.com/feed/update/urn%3Ali%3AugcPost%3A7411126435794313216
2025-12-28 17:54:19,LIKE,https://www.linkedin.com/feed/update/urn%3Ali%3AugcPost%3A7410609243545923584
2025-12-28 17:54:12,LIKE,https://www.linkedin.com/feed/update/urn%3Ali%3AugcPost%3A7409268184236756994
2025-12-28 17:54:07,LIKE,https://www.linkedin.com/feed/update/urn%3Ali%3AugcPost%3A7411076046650978304
2025-12-28 15:47:21,LIKE,https://www.linkedin.com/feed/update/urn%3Ali%3AugcPost%3A7406959189874339840
2025-12-28 15:47:13,LIKE,https://www.linkedin.com/feed/update/urn%3Ali%3AugcPost%3A7408874144139767808
2025-12-28 15:46:55,LIKE,https://www.linkedin.com/feed/update/urn%3Ali%3AugcPost%3A7410923286466854913
2025-12-28 15:46:17,LIKE,https://www.linkedin.com/feed/update/urn%3Ali%3Aactivity%3A7407085896577011712
2025-12-28 15:46:10,LIKE,https://www.linkedin.com/feed/update/urn%3Ali%3AugcPost%3A7409274181554421762
2025-12-28 15:26:35,LIKE,https://www.linkedin.com/feed/update/urn%3Ali%3AugcPost%3A7410760729131311104
2025-12-28 15:26:19,LIKE,https://www.linkedin.com/feed/update/urn%3Ali%3Aactivity%3A7411053251069935616
2025-12-28 15:26:17,LIKE,https://www.linkedin.com/feed/update/urn%3Ali%3AugcPost%3A7411058814419910656
2025-12-28 15:24:54,EMPATHY,https://www.linkedin.com/feed/update/urn%3Ali%3AugcPost%3A7408588889986174977?commentUrn=urn%3Ali%3Acomment%3A%28ugcPost%3A7408588889986174977%2C7411056102471106561%29
2025-12-28 15:23:37,LIKE,https://www.linkedin.com/feed/update/urn%3Ali%3AugcPost%3A7397677402245677057
2025-12-28 14:45:36,LIKE,https://www.linkedin.com/feed/update/urn%3Ali%3AugcPost%3A7407717809251848192
2025-12-28 14:45:27,LIKE,https://www.linkedin.com/feed/update/urn%3Ali%3AugcPost%3A7409924008776925184
2025-12-28 14:45:24,LIKE,https://www.linkedin.com/feed/update/urn%3Ali%3AugcPost%3A7406834268414496768
2025-12-28 14:45:10,LIKE,https://www.linkedin.com/feed/update/urn%3Ali%3AugcPost%3A7410803252922826752
2025-12-28 14:44:55,LIKE,https://www.linkedin.com/feed/update/urn%3Ali%3AugcPost%3A7408918614038417408
2025-12-28 14:44:33,LIKE,https://www.linkedin.com/feed/update/urn%3Ali%3Aactivity%3A7411027187384070144
2025-12-28 14:43:43,LIKE,https://www.linkedin.com/feed/update/urn%3Ali%3Aactivity%3A7411047692564627456
2025-12-28 14:43:19,LIKE,https://www.linkedin.com/feed/update/urn%3Ali%3AgroupPost%3A16518004-7411014030808715264
2025-12-28 14:38:43,LIKE,https://www.linkedin.com/feed/update/urn%3Ali%3Aactivity%3A7411028160248578048
2025-12-28 14:37:57,EMPATHY,https://www.linkedin.com/feed/update/urn%3Ali%3AugcPost%3A7408588889986174977?commentUrn=urn%3Ali%3Acomment%3A%28ugcPost%3A7408588889986174977%2C7411044522140270592%29
2025-12-28 14:36:58,EMPATHY,https://www.linkedin.com/feed/update/urn%3Ali%3AugcPost%3A7408588889986174977?commentUrn=urn%3Ali%3Acomment%3A%28ugcPost%3A7408588889986174977%2C7411021362594471936%29
2025-12-28 14:35:16,EMPATHY,https://www.linkedin.com/feed/update/urn%3Ali%3AugcPost%3A7408588889986174977?commentUrn=urn%3Ali%3Acomment%3A%28ugcPost%3A7408588889986174977%2C7411033037469057024%29
2025-12-28 14:35:10,EMPATHY,https://www.linkedin.com/feed/update/urn%3Ali%3AugcPost%3A7408588889986174977?commentUrn=urn%3Ali%3Acomment%3A%28ugcPost%3A7408588889986174977%2C7410988653046358016%29
2025-12-28 14:34:34,EMPATHY,https://www.linkedin.com/feed/update/urn%3Ali%3AugcPost%3A7408588889986174977?commentUrn=urn%3Ali%3Acomment%3A%28ugcPost%3A7408588889986174977%2C7410979776632352768%29
2025-12-28 11:52:07,LIKE,https://www.linkedin.com/feed/update/urn%3Ali%3Aactivity%3A7409304002875772928
2025-12-28 11:51:55,LIKE,https://www.linkedin.com/feed/update/urn%3Ali%3AugcPost%3A7410822986695503872
2025-12-28 11:20:32,LIKE,https://www.linkedin.com/feed/update/urn%3Ali%3AugcPost%3A7410986008969699330
2025-12-28 08:53:25,LIKE,https://www.linkedin.com/feed/update/urn%3Ali%3Aactivity%3A7408883227995869186
2025-12-28 08:53:08,LIKE,https://www.linkedin.com/feed/update/urn%3Ali%3Aactivity%3A7408193975959871488
2025-12-28 08:52:23,LIKE,https://www.linkedin.com/feed/update/urn%3Ali%3Aactivity%3A7406828040804012032
2025-12-28 08:52:17,LIKE,https://www.linkedin.com/feed/update/urn%3Ali%3AugcPost%3A7407642421498544128
2025-12-28 08:52:15,LIKE,https://www.linkedin.com/feed/update/urn%3Ali%3AugcPost%3A7409652786910375936
2025-12-28 08:52:09,LIKE,https://www.linkedin.com/feed/update/urn%3Ali%3AugcPost%3A7407546597011591168
2025-12-28 08:51:08,LIKE,https://www.linkedin.com/feed/update/urn%3Ali%3AugcPost%3A7410961636229828608
2025-12-28 06:04:39,LIKE,https://www.linkedin.com/feed/update/urn%3Ali%3AugcPost%3A7410671272876986368
2025-12-28 05:58:58,LIKE,https://www.linkedin.com/feed/update/urn%3Ali%3AugcPost%3A7408094087737696256
2025-12-28 05:58:55,LIKE,https://www.linkedin.com/feed/update/urn%3Ali%3AugcPost%3A7410800512574337024
2025-12-28 05:58:49,LIKE,https://www.linkedin.com/feed/update/urn%3Ali%3Aactivity%3A7238984383246811136
2025-12-28 05:57:12,LIKE,https://www.linkedin.com/feed/update/urn%3Ali%3AugcPost%3A7410908828634083328
2025-12-28 05:45:57,LIKE,https://www.linkedin.com/feed/update/urn%3Ali%3AugcPost%3A7405962241738653696
2025-12-28 05:45:54,LIKE,https://www.linkedin.com/feed/update/urn%3Ali%3AugcPost%3A7407016953237639168
2025-12-28 05:43:14,LIKE,https://www.linkedin.com/feed/update/urn%3Ali%3AugcPost%3A7410710708583071744
2025-12-28 05:42:58,LIKE,https://www.linkedin.com/feed/update/urn%3Ali%3AugcPost%3A7407648957314756609
2025-12-28 05:42:56,LIKE,https://www.linkedin.com/feed/update/urn%3Ali%3AugcPost%3A7410888283007901696
2025-12-28 05:41:57,EMPATHY,https://www.linkedin.com/feed/update/urn%3Ali%3AugcPost%3A7408588889986174977?commentUrn=urn%3Ali%3Acomment%3A%28ugcPost%3A7408588889986174977%2C7410915044538036224%29
2025-12-28 05:02:15,LIKE,https://www.linkedin.com/feed/update/urn%3Ali%3AugcPost%3A7410386594026782720
2025-12-28 05:01:01,LIKE,https://www.linkedin.com/feed/update/urn%3Ali%3AugcPost%3A7408197128826769410
2025-12-28 05:00:57,LIKE,https://www.linkedin.com/feed/update/urn%3Ali%3AugcPost%3A7410739640770629632
2025-12-28 05:00:49,LIKE,https://www.linkedin.com/feed/update/urn%3Ali%3AugcPost%3A7410672812413140992
2025-12-28 05:00:29,LIKE,https://www.linkedin.com/feed/update/urn%3Ali%3AugcPost%3A7410903040410513408
2025-12-28 04:45:14,LIKE,https://www.linkedin.com/feed/update/urn%3Ali%3Aactivity%3A7236869205633986561
2025-12-28 04:44:33,LIKE,https://www.linkedin.com/feed/update/urn%3Ali%3AugcPost%3A7328890399144509440
2025-12-28 04:44:10,LIKE,https://www.linkedin.com/feed/update/urn%3Ali%3AugcPost%3A7389731976326467585
2025-12-28 04:43:48,INTEREST,https://www.linkedin.com/feed/update/urn%3Ali%3AugcPost%3A7409163534971928576
2025-12-27 15:01:11,LIKE,https://www.linkedin.com/feed/update/urn%3Ali%3Aactivity%3A7410582803177779201
2025-12-27 15:01:04,LIKE,https://www.linkedin.com/feed/update/urn%3Ali%3AugcPost%3A7410553227991228416
2025-12-27 15:00:33,LIKE,https://www.linkedin.com/feed/update/urn%3Ali%3AgroupPost%3A16518004-7408725000486055936
2025-12-27 14:59:36,LIKE,https://www.linkedin.com/feed/update/urn%3Ali%3AugcPost%3A7409244608653815808
2025-12-27 14:52:05,LIKE,https://www.linkedin.com/feed/update/urn%3Ali%3AugcPost%3A7338226538158399488
2025-12-27 14:51:56,LIKE,https://www.linkedin.com/feed/update/urn%3Ali%3AugcPost%3A7353671707011760128
2025-12-27 14:51:11,LIKE,https://www.linkedin.com/feed/update/urn%3Ali%3AugcPost%3A7410572438633283584
2025-12-27 14:50:57,LIKE,https://www.linkedin.com/feed/update/urn%3Ali%3Aactivity%3A7410277717138636800
2025-12-27 14:50:20,LIKE,https://www.linkedin.com/feed/update/urn%3Ali%3AugcPost%3A7408416015711133696
2025-12-27 14:49:54,LIKE,https://www.linkedin.com/feed/update/urn%3Ali%3Aactivity%3A7408535244993159168
2025-12-27 14:49:27,INTEREST,https://www.linkedin.com/feed/update/urn%3Ali%3Aactivity%3A7410587652615401472
2025-12-27 14:48:10,LIKE,https://www.linkedin.com/feed/update/urn%3Ali%3AugcPost%3A7403344426846363650
2025-12-27 14:48:06,LIKE,https://www.linkedin.com/feed/update/urn%3Ali%3AugcPost%3A7410683432625876992
2025-12-27 14:47:48,LIKE,https://www.linkedin.com/feed/update/urn%3Ali%3AugcPost%3A7406673347847241728
2025-12-27 14:47:28,LIKE,https://www.linkedin.com/feed/update/urn%3Ali%3Aactivity%3A7407672298385752064
2025-12-27 13:33:50,LIKE,https://www.linkedin.com/feed/update/urn%3Ali%3AugcPost%3A7408344410972692480
2025-12-27 13:33:37,LIKE,https://www.linkedin.com/feed/update/urn%3Ali%3AugcPost%3A7342298524161576961
2025-12-27 13:32:47,LIKE,https://www.linkedin.com/feed/update/urn%3Ali%3AugcPost%3A7410609456964616192
2025-12-27 13:32:18,LIKE,https://www.linkedin.com/feed/update/urn%3Ali%3AugcPost%3A7410218608531824640
2025-12-27 13:31:49,LIKE,https://www.linkedin.com/feed/update/urn%3Ali%3AugcPost%3A7410370177030291456
2025-12-27 13:31:46,LIKE,https://www.linkedin.com/feed/update/urn%3Ali%3AugcPost%3A7410014326150905856
2025-12-27 13:31:32,LIKE,https://www.linkedin.com/feed/update/urn%3Ali%3AugcPost%3A7410374247564513282
2025-12-27 13:31:13,LIKE,https://www.linkedin.com/feed/update/urn%3Ali%3AugcPost%3A7410408788660412417
2025-12-27 13:31:03,LIKE,https://www.linkedin.com/feed/update/urn%3Ali%3Aactivity%3A7410270031927758849
2025-12-27 13:31:02,LIKE,https://www.linkedin.com/feed/update/urn%3Ali%3AlyndaCourse%3A713387
2025-12-27 13:30:58,LIKE,https://www.linkedin.com/feed/update/urn%3Ali%3AugcPost%3A7410571912499605504
2025-12-27 13:30:53,LIKE,https://www.linkedin.com/feed/update/urn%3Ali%3AugcPost%3A7410495100541140992
2025-12-27 13:29:06,LIKE,https://www.linkedin.com/feed/update/urn%3Ali%3AugcPost%3A7410661210662113280
2025-12-26 15:51:39,LIKE,https://www.linkedin.com/feed/update/urn%3Ali%3AugcPost%3A7410259955351748609
2025-12-26 15:34:14,LIKE,https://www.linkedin.com/feed/update/urn%3Ali%3AugcPost%3A7406717145843175427
2025-12-26 15:33:31,LIKE,https://www.linkedin.com/feed/update/urn%3Ali%3Aactivity%3A7410303427542462464
2025-12-26 15:33:18,EMPATHY,https://www.linkedin.com/feed/update/urn%3Ali%3AugcPost%3A7410300852004950016
2025-12-26 06:46:03,LIKE,https://www.linkedin.com/feed/update/urn%3Ali%3AugcPost%3A7409756505098387456
2025-12-26 06:44:48,LIKE,https://www.linkedin.com/feed/update/urn%3Ali%3AugcPost%3A7410179110422900737
2025-12-26 04:58:29,LIKE,https://www.linkedin.com/feed/update/urn%3Ali%3Aactivity%3A7409961353945243648
2025-12-26 04:58:23,LIKE,https://www.linkedin.com/feed/update/urn%3Ali%3AugcPost%3A7405460467797700610
2025-12-26 04:55:40,LIKE,https://www.linkedin.com/feed/update/urn%3Ali%3AgroupPost%3A16518004-7409041207600984064
2025-12-26 04:55:29,LIKE,https://www.linkedin.com/feed/update/urn%3Ali%3AugcPost%3A7409924073813897216
2025-12-26 04:55:25,LIKE,https://www.linkedin.com/feed/update/urn%3Ali%3AugcPost%3A7410125690525810689
2025-12-26 04:55:23,LIKE,https://www.linkedin.com/feed/update/urn%3Ali%3AugcPost%3A7406903218087219200
2025-12-26 04:55:16,LIKE,https://www.linkedin.com/feed/update/urn%3Ali%3AugcPost%3A7410060053199900674
2025-12-26 04:55:09,LIKE,https://www.linkedin.com/feed/update/urn%3Ali%3AugcPost%3A7409597796816703489
2025-12-26 04:16:16,LIKE,https://www.linkedin.com/feed/update/urn%3Ali%3Aactivity%3A7410158251092135936
2025-12-25 21:53:10,LIKE,https://www.linkedin.com/feed/update/urn%3Ali%3AugcPost%3A7408549610740183041
2025-12-25 20:20:55,LIKE,https://www.linkedin.com/feed/update/urn%3Ali%3AugcPost%3A7407230360419266561
2025-12-25 20:20:50,LIKE,https://www.linkedin.com/feed/update/urn%3Ali%3AugcPost%3A7407008461139505153
2025-12-25 20:20:46,LIKE,https://www.linkedin.com/feed/update/urn%3Ali%3AugcPost%3A7409313080326721537
2025-12-25 20:20:44,LIKE,https://www.linkedin.com/feed/update/urn%3Ali%3AugcPost%3A7409060667741151235
2025-12-25 20:20:38,LIKE,https://www.linkedin.com/feed/update/urn%3Ali%3AugcPost%3A7410025862038728705
2025-12-25 20:20:34,LIKE,https://www.linkedin.com/feed/update/urn%3Ali%3Aactivity%3A7384227635037655041
2025-12-25 20:20:31,LIKE,https://www.linkedin.com/feed/update/urn%3Ali%3AugcPost%3A7409397259345379328
2025-12-25 20:20:20,LIKE,https://www.linkedin.com/feed/update/urn%3Ali%3AugcPost%3A7409580014784077824
2025-12-25 20:19:52,LIKE,https://www.linkedin.com/feed/update/urn%3Ali%3AgroupPost%3A16518004-7408725543128403969
2025-12-25 20:19:24,LIKE,https://www.linkedin.com/feed/update/urn%3Ali%3Aactivity%3A7409788410414100480
2025-12-25 20:19:22,LIKE,https://www.linkedin.com/feed/update/urn%3Ali%3AugcPost%3A7410022617501429760
2025-12-25 20:17:23,LIKE,https://www.linkedin.com/feed/update/urn%3Ali%3Aactivity%3A7409224034305110016
2025-12-25 20:17:21,LIKE,https://www.linkedin.com/feed/update/urn%3Ali%3Aactivity%3A7406396717044154368
2025-12-25 20:17:11,LIKE,https://www.linkedin.com/feed/update/urn%3Ali%3AugcPost%3A7410023482077450240
2025-12-25 20:17:07,LIKE,https://www.linkedin.com/feed/update/urn%3Ali%3AugcPost%3A7408760639432880128
2025-12-25 20:17:05,LIKE,https://www.linkedin.com/feed/update/urn%3Ali%3AugcPost%3A7409430414425186306
2025-12-25 20:16:03,LIKE,https://www.linkedin.com/feed/update/urn%3Ali%3AugcPost%3A7410018763661611008
2025-12-25 20:15:49,LIKE,https://www.linkedin.com/feed/update/urn%3Ali%3Aactivity%3A7409981462793424896
2025-12-25 13:37:58,LIKE,https://www.linkedin.com/feed/update/urn%3Ali%3Aactivity%3A7408788468086034432
2025-12-25 13:37:55,LIKE,https://www.linkedin.com/feed/update/urn%3Ali%3AugcPost%3A7406251290789343232
2025-12-25 13:37:50,LIKE,https://www.linkedin.com/feed/update/urn%3Ali%3AugcPost%3A7407643419365502976
2025-12-25 13:37:46,LIKE,https://www.linkedin.com/feed/update/urn%3Ali%3AugcPost%3A7409881427585970176
2025-12-25 13:34:54,LIKE,https://www.linkedin.com/feed/update/urn%3Ali%3Aactivity%3A7409633751179210753
2025-12-25 13:34:43,LIKE,https://www.linkedin.com/feed/update/urn%3Ali%3Aactivity%3A7409948251744854016
2025-12-25 10:45:41,LIKE,https://www.linkedin.com/feed/update/urn%3Ali%3AugcPost%3A7409879797729918976
2025-12-25 10:43:57,LIKE,https://www.linkedin.com/feed/update/urn%3Ali%3AugcPost%3A7409879069883850752
2025-12-25 08:34:48,LIKE,https://www.linkedin.com/feed/update/urn%3Ali%3AugcPost%3A7409300951221633024
2025-12-25 08:34:40,LIKE,https://www.linkedin.com/feed/update/urn%3Ali%3AugcPost%3A7409595378267942912
2025-12-25 08:34:33,LIKE,https://www.linkedin.com/feed/update/urn%3Ali%3AgroupPost%3A16518004-7407081227867844608
2025-12-25 08:34:13,LIKE,https://www.linkedin.com/feed/update/urn%3Ali%3AugcPost%3A7409298176471400450
2025-12-25 08:33:30,LIKE,https://www.linkedin.com/feed/update/urn%3Ali%3AugcPost%3A7407081818329395202
2025-12-25 08:33:15,LIKE,https://www.linkedin.com/feed/update/urn%3Ali%3AugcPost%3A7409708929540116480
2025-12-25 08:33:03,LIKE,https://www.linkedin.com/feed/update/urn%3Ali%3Aactivity%3A7409578844870987777
2025-12-25 08:33:01,LIKE,https://www.linkedin.com/feed/update/urn%3Ali%3Aactivity%3A7409845873310072832
2025-12-25 08:32:14,LIKE,https://www.linkedin.com/feed/update/urn%3Ali%3Aactivity%3A7409843591054811136
2025-12-24 09:08:11,LIKE,https://www.linkedin.com/feed/update/urn%3Ali%3AugcPost%3A7401510414066417664
2025-12-24 01:19:58,LIKE,https://www.linkedin.com/feed/update/urn%3Ali%3Aactivity%3A7407388967987429377
2025-12-24 01:19:50,LIKE,https://www.linkedin.com/feed/update/urn%3Ali%3AugcPost%3A7409282693269520384
2025-12-24 01:18:10,LIKE,https://www.linkedin.com/feed/update/urn%3Ali%3Aactivity%3A7409216530267283475
2025-12-24 01:18:07,LIKE,https://www.linkedin.com/feed/update/urn%3Ali%3Aactivity%3A7409285944215973889
2025-12-24 01:18:00,LIKE,https://www.linkedin.com/feed/update/urn%3Ali%3AugcPost%3A7409346321532284928
2025-12-23 13:40:11,LIKE,https://www.linkedin.com/feed/update/urn%3Ali%3AugcPost%3A7409204152653774848
2025-12-23 12:52:13,LIKE,https://www.linkedin.com/feed/update/urn%3Ali%3AugcPost%3A7408759358961967105
2025-12-23 12:52:07,LIKE,https://www.linkedin.com/feed/update/urn%3Ali%3Aactivity%3A7408712942516396033
2025-12-23 12:52:00,LIKE,https://www.linkedin.com/feed/update/urn%3Ali%3AugcPost%3A7408490476972216320
2025-12-23 12:51:59,LIKE,https://www.linkedin.com/feed/update/urn%3Ali%3AugcPost%3A7407147576799645697
2025-12-23 12:51:35,LIKE,https://www.linkedin.com/feed/update/urn%3Ali%3AugcPost%3A7408416213036470272
2025-12-23 12:51:23,LIKE,https://www.linkedin.com/feed/update/urn%3Ali%3AugcPost%3A7408431826597224449
2025-12-23 12:51:01,LIKE,https://www.linkedin.com/feed/update/urn%3Ali%3Aactivity%3A7406047512211529728
2025-12-23 12:50:51,LIKE,https://www.linkedin.com/feed/update/urn%3Ali%3AgroupPost%3A16518004-7407489656352780290
2025-12-23 12:50:12,LIKE,https://www.linkedin.com/feed/update/urn%3Ali%3Aactivity%3A7399794180564082688
2025-12-23 12:50:03,LIKE,https://www.linkedin.com/feed/update/urn%3Ali%3AugcPost%3A7407784588900470785
2025-12-23 12:48:52,LIKE,https://www.linkedin.com/feed/update/urn%3Ali%3AugcPost%3A7408909434334117888
2025-12-23 12:47:56,EMPATHY,https://www.linkedin.com/feed/update/urn%3Ali%3AugcPost%3A7408519311847436288?commentUrn=urn%3Ali%3Acomment%3A%28ugcPost%3A7408519311847436288%2C7409153600280489984%29
2025-12-23 08:56:35,LIKE,https://www.linkedin.com/feed/update/urn%3Ali%3Aactivity%3A7409153160864288769
2025-12-23 08:51:50,LIKE,https://www.linkedin.com/feed/update/urn%3Ali%3AugcPost%3A7406294336629534720
2025-12-23 08:51:48,LIKE,https://www.linkedin.com/feed/update/urn%3Ali%3AugcPost%3A7407756972885929984
2025-12-23 08:13:08,EMPATHY,https://www.linkedin.com/feed/update/urn%3Ali%3AugcPost%3A7408519311847436288?commentUrn=urn%3Ali%3Acomment%3A%28ugcPost%3A7408519311847436288%2C7409141281790164992%29
2025-12-23 05:20:41,EMPATHY,https://www.linkedin.com/feed/update/urn%3Ali%3AugcPost%3A7408519311847436288?commentUrn=urn%3Ali%3Acomment%3A%28ugcPost%3A7408519311847436288%2C7409090989828603904%29
2025-12-23 05:15:54,EMPATHY,https://www.linkedin.com/feed/update/urn%3Ali%3AugcPost%3A7408519311847436288?commentUrn=urn%3Ali%3Acomment%3A%28ugcPost%3A7408519311847436288%2C7409029064897937409%29
2025-12-23 05:15:39,EMPATHY,https://www.linkedin.com/feed/update/urn%3Ali%3AugcPost%3A7408519311847436288?commentUrn=urn%3Ali%3Acomment%3A%28ugcPost%3A7408519311847436288%2C7408783885582409729%29
2025-12-23 04:47:17,LIKE,https://www.linkedin.com/feed/update/urn%3Ali%3Aactivity%3A7408929135412203520
2025-12-23 04:45:57,INTEREST,https://www.linkedin.com/feed/update/urn%3Ali%3Aactivity%3A7409081857016799232
2025-12-23 04:11:54,LIKE,https://www.linkedin.com/feed/update/urn%3Ali%3AugcPost%3A7400432135666581504
2025-12-23 04:11:50,LIKE,https://www.linkedin.com/feed/update/urn%3Ali%3AugcPost%3A7399112980333842432
2025-12-23 04:11:37,LIKE,https://www.linkedin.com/feed/update/urn%3Ali%3Aactivity%3A7407035825453985792
2025-12-23 04:11:32,LIKE,https://www.linkedin.com/feed/update/urn%3Ali%3AgroupPost%3A16518004-7408725274969894912
2025-12-23 04:11:13,LIKE,https://www.linkedin.com/feed/update/urn%3Ali%3Aactivity%3A7404857400488361984
2025-12-23 04:11:10,LIKE,https://www.linkedin.com/feed/update/urn%3Ali%3AugcPost%3A7407084655281287170
2025-12-23 04:09:23,LIKE,https://www.linkedin.com/feed/update/urn%3Ali%3Aactivity%3A7406780229152796672
2025-12-23 04:08:58,LIKE,https://www.linkedin.com/feed/update/urn%3Ali%3Aactivity%3A7406664814263181314
2025-12-23 04:08:54,LIKE,https://www.linkedin.com/feed/update/urn%3Ali%3AugcPost%3A7408032967589101569
2025-12-23 04:08:51,LIKE,https://www.linkedin.com/feed/update/urn%3Ali%3AugcPost%3A7407128708307890176
2025-12-23 04:07:27,LIKE,https://www.linkedin.com/feed/update/urn%3Ali%3Aactivity%3A7404260337706889216
2025-12-23 04:06:45,LIKE,https://www.linkedin.com/feed/update/urn%3Ali%3Aactivity%3A7408771346106638337
2025-12-23 04:06:43,LIKE,https://www.linkedin.com/feed/update/urn%3Ali%3AugcPost%3A7408854534149832704
2025-12-23 04:06:39,LIKE,https://www.linkedin.com/feed/update/urn%3Ali%3AugcPost%3A7405910802303655936
2025-12-23 04:06:20,LIKE,https://www.linkedin.com/feed/update/urn%3Ali%3AugcPost%3A7407858151837859840
2025-12-23 04:06:14,LIKE,https://www.linkedin.com/feed/update/urn%3Ali%3AugcPost%3A7408822080747528192
2025-12-23 04:06:05,LIKE,https://www.linkedin.com/feed/update/urn%3Ali%3Aactivity%3A7407410840821305344
2025-12-23 04:05:17,LIKE,https://www.linkedin.com/feed/update/urn%3Ali%3Aactivity%3A7408924189619064832
2025-12-23 04:04:45,LIKE,https://www.linkedin.com/feed/update/urn%3Ali%3AugcPost%3A7407680398576635904
2025-12-23 03:39:51,LIKE,https://www.linkedin.com/feed/update/urn%3Ali%3Aactivity%3A7407862668105048064
2025-12-23 03:39:39,LIKE,https://www.linkedin.com/feed/update/urn%3Ali%3AugcPost%3A7408848792474750977
2025-12-23 03:39:30,LIKE,https://www.linkedin.com/feed/update/urn%3Ali%3AugcPost%3A7408455212618862592
2025-12-23 03:39:06,LIKE,https://www.linkedin.com/feed/update/urn%3Ali%3AugcPost%3A7406994631835496450
2025-12-23 03:38:58,LIKE,https://www.linkedin.com/feed/update/urn%3Ali%3AugcPost%3A7408704230070349824
2025-12-23 03:38:43,LIKE,https://www.linkedin.com/feed/update/urn%3Ali%3AugcPost%3A7402273614252720128
2025-12-23 03:38:41,LIKE,https://www.linkedin.com/feed/update/urn%3Ali%3AugcPost%3A7402703348069478400
2025-12-22 22:50:25,LIKE,https://www.linkedin.com/feed/update/urn%3Ali%3Aactivity%3A7408317030564737026
2025-12-22 18:35:53,LIKE,https://www.linkedin.com/feed/update/urn%3Ali%3AugcPost%3A7408908208347566080
2025-12-22 18:35:48,LIKE,https://www.linkedin.com/feed/update/urn%3Ali%3AugcPost%3A7408895215014412288
2025-12-22 18:35:44,LIKE,https://www.linkedin.com/feed/update/urn%3Ali%3AugcPost%3A7408871449035202561
2025-12-22 15:07:53,LIKE,https://www.linkedin.com/feed/update/urn%3Ali%3AugcPost%3A7408360728317005824
2025-12-22 15:07:47,LIKE,https://www.linkedin.com/feed/update/urn%3Ali%3Aactivity%3A7406922190031351808
2025-12-22 15:07:37,INTEREST,https://www.linkedin.com/feed/update/urn%3Ali%3Aactivity%3A7404607685700202497
2025-12-22 15:06:25,LIKE,https://www.linkedin.com/feed/update/urn%3Ali%3AugcPost%3A7408871297289666562
2025-12-22 15:06:13,LIKE,https://www.linkedin.com/feed/update/urn%3Ali%3Aactivity%3A7408882065494183936
2025-12-22 15:05:56,LIKE,https://www.linkedin.com/feed/update/urn%3Ali%3AugcPost%3A7408878459239989248
2025-12-22 15:05:39,LIKE,https://www.linkedin.com/feed/update/urn%3Ali%3AugcPost%3A7406232453012451328
2025-12-22 11:18:20,LIKE,https://www.linkedin.com/feed/update/urn%3Ali%3AugcPost%3A7408790066371792896
2025-12-22 03:22:42,LIKE,https://www.linkedin.com/feed/update/urn%3Ali%3Aactivity%3A7408148171203248128
2025-12-22 02:05:00,LIKE,https://www.linkedin.com/feed/update/urn%3Ali%3AugcPost%3A7407436364838846464
2025-12-22 02:04:18,LIKE,https://www.linkedin.com/feed/update/urn%3Ali%3AugcPost%3A7407368968102916096
2025-12-22 02:04:13,LIKE,https://www.linkedin.com/feed/update/urn%3Ali%3AugcPost%3A7405185840953430016
2025-12-22 02:03:59,LIKE,https://www.linkedin.com/feed/update/urn%3Ali%3AugcPost%3A7407069218057310208
2025-12-22 02:02:36,LIKE,https://www.linkedin.com/feed/update/urn%3Ali%3AugcPost%3A7408552090886930433
2025-12-22 02:01:50,LIKE,https://www.linkedin.com/feed/update/urn%3Ali%3AugcPost%3A7404815110252249091
2025-12-22 02:01:48,LIKE,https://www.linkedin.com/feed/update/urn%3Ali%3AugcPost%3A7407834311342780416
2025-12-22 02:00:51,LIKE,https://www.linkedin.com/feed/update/urn%3Ali%3AugcPost%3A7407265270765060096
2025-12-22 02:00:44,LIKE,https://www.linkedin.com/feed/update/urn%3Ali%3AugcPost%3A7408611229428031488
2025-12-22 02:00:23,LIKE,https://www.linkedin.com/feed/update/urn%3Ali%3AugcPost%3A7407882655746265088
2025-12-22 02:00:11,LIKE,https://www.linkedin.com/feed/update/urn%3Ali%3Aactivity%3A7408572127483699201
2025-12-22 01:58:57,LIKE,https://www.linkedin.com/feed/update/urn%3Ali%3Aactivity%3A7408447784556634112
2025-12-22 01:58:47,LIKE,https://www.linkedin.com/feed/update/urn%3Ali%3Aactivity%3A7408551917120999424
2025-12-22 01:58:26,LIKE,https://www.linkedin.com/feed/update/urn%3Ali%3Aactivity%3A7289205119542304768
2025-12-22 01:58:23,LIKE,https://www.linkedin.com/feed/update/urn%3Ali%3AugcPost%3A7404819155750879232
2025-12-22 01:58:22,LIKE,https://www.linkedin.com/feed/update/urn%3Ali%3AugcPost%3A7408534112405225472
2025-12-22 01:58:19,LIKE,https://www.linkedin.com/feed/update/urn%3Ali%3AugcPost%3A7408652028060819456
2025-12-22 01:58:17,LIKE,https://www.linkedin.com/feed/update/urn%3Ali%3AugcPost%3A7404773486755217408
2025-12-22 01:58:11,LIKE,https://www.linkedin.com/feed/update/urn%3Ali%3AugcPost%3A7408538075062243328
2025-12-22 01:58:01,LIKE,https://www.linkedin.com/feed/update/urn%3Ali%3Aactivity%3A7405100438556991488
2025-12-21 19:27:56,LIKE,https://www.linkedin.com/feed/update/urn%3Ali%3Aactivity%3A7406952506670383106
2025-12-21 19:27:47,LIKE,https://www.linkedin.com/feed/update/urn%3Ali%3AugcPost%3A7407414324048273410
2025-12-21 19:27:41,LIKE,https://www.linkedin.com/feed/update/urn%3Ali%3AugcPost%3A7406913365177982977
2025-12-21 19:27:22,LIKE,https://www.linkedin.com/feed/update/urn%3Ali%3AugcPost%3A7408471560111607808
2025-12-21 19:08:50,LIKE,https://www.linkedin.com/feed/update/urn%3Ali%3Aactivity%3A7408521538582491136
2025-12-21 19:08:47,EMPATHY,https://www.linkedin.com/feed/update/urn%3Ali%3AugcPost%3A7408519311847436288?commentUrn=urn%3Ali%3Acomment%3A%28ugcPost%3A7408519311847436288%2C7408581307787792384%29
2025-12-21 18:49:14,LIKE,https://www.linkedin.com/feed/update/urn%3Ali%3AugcPost%3A7408295190303657984
2025-12-21 18:48:45,EMPATHY,https://www.linkedin.com/feed/update/urn%3Ali%3AugcPost%3A7408519311847436288?commentUrn=urn%3Ali%3Acomment%3A%28ugcPost%3A7408519311847436288%2C7408573098419146752%29
2025-12-21 18:18:29,LIKE,https://www.linkedin.com/feed/update/urn%3Ali%3Aactivity%3A7408496148904128512
2025-12-21 18:18:28,LIKE,https://www.linkedin.com/feed/update/urn%3Ali%3AugcPost%3A7408531109224992768
2025-12-21 18:18:08,LIKE,https://www.linkedin.com/feed/update/urn%3Ali%3AugcPost%3A7407411366703185946
2025-12-21 18:16:16,EMPATHY,https://www.linkedin.com/feed/update/urn%3Ali%3AugcPost%3A7408519311847436288?commentUrn=urn%3Ali%3Acomment%3A%28ugcPost%3A7408519311847436288%2C7408566256091414528%29
2025-12-21 17:28:14,LIKE,https://www.linkedin.com/feed/update/urn%3Ali%3Aactivity%3A7407811983791697922
2025-12-21 17:28:03,LIKE,https://www.linkedin.com/feed/update/urn%3Ali%3AugcPost%3A7406923671165906944
2025-12-21 17:28:00,LIKE,https://www.linkedin.com/feed/update/urn%3Ali%3Aactivity%3A7406257666794332160
2025-12-21 17:27:46,LIKE,https://www.linkedin.com/feed/update/urn%3Ali%3Aactivity%3A7407933758680784896
2025-12-21 17:27:38,LIKE,https://www.linkedin.com/feed/update/urn%3Ali%3AugcPost%3A7408519764974952448
2025-12-21 17:27:20,EMPATHY,https://www.linkedin.com/feed/update/urn%3Ali%3AugcPost%3A7407068184308047872
2025-12-21 16:14:56,EMPATHY,https://www.linkedin.com/feed/update/urn%3Ali%3AugcPost%3A7408519311847436288?commentUrn=urn%3Ali%3Acomment%3A%28ugcPost%3A7408519311847436288%2C7408530193117696001%29
2025-12-21 15:32:14,LIKE,https://www.linkedin.com/feed/update/urn%3Ali%3Aactivity%3A7408500019374440448
2025-12-21 14:56:00,LIKE,https://www.linkedin.com/feed/update/urn%3Ali%3AugcPost%3A7408452455862243328
2025-12-21 14:55:31,LIKE,https://www.linkedin.com/feed/update/urn%3Ali%3AugcPost%3A7408511387322187776
2025-12-21 14:54:40,EMPATHY,https://www.linkedin.com/feed/update/urn%3Ali%3AugcPost%3A7408505014576459777
2025-12-21 05:33:28,LIKE,https://www.linkedin.com/feed/update/urn%3Ali%3Aactivity%3A7408369074860216320
2025-12-21 04:55:01,LIKE,https://www.linkedin.com/feed/update/urn%3Ali%3Aactivity%3A7408216399602708480
2025-12-21 04:54:17,EMPATHY,https://www.linkedin.com/feed/update/urn%3Ali%3AugcPost%3A7293971950048026624
2025-12-21 04:15:37,LIKE,https://www.linkedin.com/feed/update/urn%3Ali%3AugcPost%3A7408053109647650816
2025-12-21 04:14:39,LIKE,https://www.linkedin.com/feed/update/urn%3Ali%3AugcPost%3A7407025724131491840
2025-12-21 04:14:29,LIKE,https://www.linkedin.com/feed/update/urn%3Ali%3Aactivity%3A7408114461938634753
2025-12-21 04:14:24,LIKE,https://www.linkedin.com/feed/update/urn%3Ali%3Aactivity%3A7408148953248210944
2025-12-21 04:14:00,LIKE,https://www.linkedin.com/feed/update/urn%3Ali%3AugcPost%3A7408347315369009152
2025-12-21 01:40:58,LIKE,https://www.linkedin.com/feed/update/urn%3Ali%3AugcPost%3A7407489987950276609
2025-12-21 01:40:39,LIKE,https://www.linkedin.com/feed/update/urn%3Ali%3AugcPost%3A7407670028919013376
2025-12-21 00:34:27,LIKE,https://www.linkedin.com/feed/update/urn%3Ali%3Aactivity%3A7407037926938664960
2025-12-20 15:19:46,LIKE,https://www.linkedin.com/feed/update/urn%3Ali%3AugcPost%3A7408163182726279168
2025-12-20 15:09:03,LIKE,https://www.linkedin.com/feed/update/urn%3Ali%3Aactivity%3A7408046283439063040
2025-12-20 15:06:50,LIKE,https://www.linkedin.com/feed/update/urn%3Ali%3AugcPost%3A7408054684319604736
2025-12-20 14:59:11,LIKE,https://www.linkedin.com/feed/update/urn%3Ali%3AugcPost%3A7406598567735455744
2025-12-20 14:59:04,LIKE,https://www.linkedin.com/feed/update/urn%3Ali%3AugcPost%3A7408150705729048576
2025-12-20 13:19:36,LIKE,https://www.linkedin.com/feed/update/urn%3Ali%3AugcPost%3A7407841991088058368
2025-12-20 13:19:32,LIKE,https://www.linkedin.com/feed/update/urn%3Ali%3Aactivity%3A7408072073782231040
2025-12-20 12:14:45,LIKE,https://www.linkedin.com/feed/update/urn%3Ali%3AugcPost%3A7408027124768468992
2025-12-20 12:14:16,LIKE,https://www.linkedin.com/feed/update/urn%3Ali%3AugcPost%3A7408031762460708865
2025-12-20 08:11:51,LIKE,https://www.linkedin.com/feed/update/urn%3Ali%3Aactivity%3A7395522306145558529
2025-12-20 08:11:30,EMPATHY,https://www.linkedin.com/feed/update/urn%3Ali%3AugcPost%3A7407995682906607616
2025-12-20 08:11:18,LIKE,https://www.linkedin.com/feed/update/urn%3Ali%3AugcPost%3A7387959561086746624
2025-12-20 05:57:38,LIKE,https://www.linkedin.com/feed/update/urn%3Ali%3AugcPost%3A7407864039890083840
2025-12-20 05:57:37,LIKE,https://www.linkedin.com/feed/update/urn%3Ali%3AugcPost%3A7374019384727621632
2025-12-20 03:14:18,LIKE,https://www.linkedin.com/feed/update/urn%3Ali%3AugcPost%3A7407946091515715584
2025-12-20 03:13:58,LIKE,https://www.linkedin.com/feed/update/urn%3Ali%3AugcPost%3A7407836295584026624
2025-12-20 02:46:37,LIKE,https://www.linkedin.com/feed/update/urn%3Ali%3Aactivity%3A7404514803257421824
2025-12-20 02:37:00,LIKE,https://www.linkedin.com/feed/update/urn%3Ali%3AugcPost%3A7407804160584327168
2025-12-19 17:28:11,LIKE,https://www.linkedin.com/feed/update/urn%3Ali%3Aactivity%3A7407813123480449024
2025-12-19 17:28:08,LIKE,https://www.linkedin.com/feed/update/urn%3Ali%3AugcPost%3A7407384686114758656
2025-12-19 17:28:01,LIKE,https://www.linkedin.com/feed/update/urn%3Ali%3AugcPost%3A7407792861808775171
2025-12-19 17:27:59,LIKE,https://www.linkedin.com/feed/update/urn%3Ali%3AugcPost%3A7407362459499495425
2025-12-19 17:27:41,LIKE,https://www.linkedin.com/feed/update/urn%3Ali%3Aactivity%3A7407819001319370752
2025-12-19 17:27:15,LIKE,https://www.linkedin.com/feed/update/urn%3Ali%3AugcPost%3A7407824079430270977
2025-12-19 17:27:12,LIKE,https://www.linkedin.com/feed/update/urn%3Ali%3AlyndaCourse%3A4378346
2025-12-19 17:27:04,LIKE,https://www.linkedin.com/feed/update/urn%3Ali%3AugcPost%3A7407822913279651840
2025-12-19 17:26:45,LIKE,https://www.linkedin.com/feed/update/urn%3Ali%3AugcPost%3A7407199588857790464
2025-12-19 17:24:47,LIKE,https://www.linkedin.com/feed/update/urn%3Ali%3Aactivity%3A7407766784763924480
2025-12-19 17:24:29,LIKE,https://www.linkedin.com/feed/update/urn%3Ali%3Aactivity%3A7406658815015686145
2025-12-19 17:23:03,LIKE,https://www.linkedin.com/feed/update/urn%3Ali%3AugcPost%3A7393325406965276672
2025-12-19 17:22:22,LIKE,https://www.linkedin.com/feed/update/urn%3Ali%3Aactivity%3A7407130891572973568
2025-12-19 16:14:13,EMPATHY,https://www.linkedin.com/feed/update/urn%3Ali%3AugcPost%3A7407670199585472513
2025-12-19 08:47:14,LIKE,https://www.linkedin.com/feed/update/urn%3Ali%3AugcPost%3A7406682157135355904
2025-12-19 08:47:10,LIKE,https://www.linkedin.com/feed/update/urn%3Ali%3Aactivity%3A7407687749153054720
2025-12-19 08:46:43,INTEREST,https://www.linkedin.com/feed/update/urn%3Ali%3Aactivity%3A7407404348508553217
2025-12-19 08:46:41,LIKE,https://www.linkedin.com/feed/update/urn%3Ali%3AugcPost%3A7407031249132806146
2025-12-18 17:21:52,LIKE,https://www.linkedin.com/feed/update/urn%3Ali%3AugcPost%3A7406908138316132352
2025-12-18 17:21:30,LIKE,https://www.linkedin.com/feed/update/urn%3Ali%3Aactivity%3A7407037059581898752
2025-12-18 17:21:14,LIKE,https://www.linkedin.com/feed/update/urn%3Ali%3AugcPost%3A7406077993225220096
2025-12-18 17:21:12,LIKE,https://www.linkedin.com/feed/update/urn%3Ali%3AugcPost%3A7407424298853986304
2025-12-18 17:20:44,LIKE,https://www.linkedin.com/feed/update/urn%3Ali%3Aactivity%3A7407190880404590592
2025-12-18 17:20:34,LIKE,https://www.linkedin.com/feed/update/urn%3Ali%3AugcPost%3A7407321337104531456
2025-12-18 17:20:32,LIKE,https://www.linkedin.com/feed/update/urn%3Ali%3AugcPost%3A7407284247608291328
2025-12-18 17:20:26,LIKE,https://www.linkedin.com/feed/update/urn%3Ali%3AugcPost%3A7406983389922099201
2025-12-18 17:19:17,LIKE,https://www.linkedin.com/feed/update/urn%3Ali%3AugcPost%3A7407436089956888576
2025-12-18 17:19:09,LIKE,https://www.linkedin.com/feed/update/urn%3Ali%3AugcPost%3A7407357676050874369
2025-12-18 17:19:01,LIKE,https://www.linkedin.com/feed/update/urn%3Ali%3Aactivity%3A7407454965276905472
2025-12-17 18:17:35,LIKE,https://www.linkedin.com/feed/update/urn%3Ali%3AugcPost%3A7403836251952377856
2025-12-17 18:16:56,LIKE,https://www.linkedin.com/feed/update/urn%3Ali%3AugcPost%3A7406905562015137792
2025-12-17 18:16:49,LIKE,https://www.linkedin.com/feed/update/urn%3Ali%3Aactivity%3A7406852976893448192
2025-12-17 18:16:32,LIKE,https://www.linkedin.com/feed/update/urn%3Ali%3Aactivity%3A7374423300673945600
2025-12-17 18:16:15,LIKE,https://www.linkedin.com/feed/update/urn%3Ali%3AugcPost%3A7407010546488836096
2025-12-17 17:48:00,LIKE,https://www.linkedin.com/feed/update/urn%3Ali%3AugcPost%3A7406727259560112129
2025-12-17 07:51:36,LIKE,https://www.linkedin.com/feed/update/urn%3Ali%3AugcPost%3A7406936903465328641
2025-12-17 05:04:30,LIKE,https://www.linkedin.com/feed/update/urn%3Ali%3Aactivity%3A7406912663043301376
2025-12-17 03:03:58,LIKE,https://www.linkedin.com/feed/update/urn%3Ali%3Aactivity%3A7396736532252028928
2025-12-17 03:03:55,LIKE,https://www.linkedin.com/feed/update/urn%3Ali%3AugcPost%3A7405593088317865986
2025-12-17 03:03:51,LIKE,https://www.linkedin.com/feed/update/urn%3Ali%3AugcPost%3A7406697001062551552
2025-12-17 02:04:00,LIKE,https://www.linkedin.com/feed/update/urn%3Ali%3Aactivity%3A7406734781360562177
2025-12-17 02:02:05,LIKE,https://www.linkedin.com/feed/update/urn%3Ali%3AugcPost%3A7406361440955215872
2025-12-17 02:01:50,LIKE,https://www.linkedin.com/feed/update/urn%3Ali%3Aactivity%3A7406394972104470529
2025-12-17 02:01:44,LIKE,https://www.linkedin.com/feed/update/urn%3Ali%3AugcPost%3A7406740119636000768
2025-12-17 00:41:54,LIKE,https://www.linkedin.com/feed/update/urn%3Ali%3Aactivity%3A7406357305379934208
2025-12-17 00:41:40,LIKE,https://www.linkedin.com/feed/update/urn%3Ali%3AugcPost%3A7404105753273225216
2025-12-17 00:41:25,LIKE,https://www.linkedin.com/feed/update/urn%3Ali%3AugcPost%3A7406552223557738496
2025-12-17 00:41:02,LIKE,https://www.linkedin.com/feed/update/urn%3Ali%3AugcPost%3A7406718327253016576
2025-12-17 00:40:56,LIKE,https://www.linkedin.com/feed/update/urn%3Ali%3Aactivity%3A7406712851601534976
2025-12-17 00:40:47,LIKE,https://www.linkedin.com/feed/update/urn%3Ali%3AugcPost%3A7406529561590411264
2025-12-17 00:40:10,LIKE,https://www.linkedin.com/feed/update/urn%3Ali%3AugcPost%3A7406563024322359297
2025-12-17 00:39:48,LIKE,https://www.linkedin.com/feed/update/urn%3Ali%3AugcPost%3A7406733540496670720
2025-12-17 00:39:43,LIKE,https://www.linkedin.com/feed/update/urn%3Ali%3Aactivity%3A7406623499311611904
2025-12-17 00:39:39,LIKE,https://www.linkedin.com/feed/update/urn%3Ali%3AugcPost%3A7406723432706400256
2025-12-16 19:40:08,LIKE,https://www.linkedin.com/feed/update/urn%3Ali%3AugcPost%3A7406723639808593920
2025-12-16 19:39:59,LIKE,https://www.linkedin.com/feed/update/urn%3Ali%3AugcPost%3A7406702989090017280
2025-12-16 19:39:30,LIKE,https://www.linkedin.com/feed/update/urn%3Ali%3AugcPost%3A7405256235752546304
2025-12-16 19:39:05,LIKE,https://www.linkedin.com/feed/update/urn%3Ali%3AugcPost%3A7406323115573530624
2025-12-16 19:37:24,LIKE,https://www.linkedin.com/feed/update/urn%3Ali%3AugcPost%3A7406709976246816768
2025-12-16 19:36:44,LIKE,https://www.linkedin.com/feed/update/urn%3Ali%3Aactivity%3A7406726445126909952
2025-12-16 19:36:27,LIKE,https://www.linkedin.com/feed/update/urn%3Ali%3AugcPost%3A7406679415428100097
2025-12-16 16:16:24,LIKE,https://www.linkedin.com/feed/update/urn%3Ali%3AugcPost%3A7406702651129823232
2025-12-16 10:16:11,LIKE,https://www.linkedin.com/feed/update/urn%3Ali%3Aactivity%3A7404532654609481728
2025-12-16 10:15:42,LIKE,https://www.linkedin.com/feed/update/urn%3Ali%3AugcPost%3A7403302648621273089
2025-12-16 10:15:29,LIKE,https://www.linkedin.com/feed/update/urn%3Ali%3Aactivity%3A7403305482200920064
2025-12-16 10:11:20,LIKE,https://www.linkedin.com/feed/update/urn%3Ali%3AugcPost%3A7403614598836461569
2025-12-16 10:11:14,LIKE,https://www.linkedin.com/feed/update/urn%3Ali%3AugcPost%3A7406391797633085440
2025-12-16 10:11:07,LIKE,https://www.linkedin.com/feed/update/urn%3Ali%3AugcPost%3A7406295646628003841
2025-12-16 10:09:41,LIKE,https://www.linkedin.com/feed/update/urn%3Ali%3AugcPost%3A7406585447331745792
2025-12-16 10:09:30,LIKE,https://www.linkedin.com/feed/update/urn%3Ali%3Aactivity%3A7406450298216407040
2025-12-16 10:09:16,LIKE,https://www.linkedin.com/feed/update/urn%3Ali%3Aactivity%3A7405976513357049856
2025-12-16 10:09:13,LIKE,https://www.linkedin.com/feed/update/urn%3Ali%3Aactivity%3A7406629375405834241
2025-12-16 10:09:04,LIKE,https://www.linkedin.com/feed/update/urn%3Ali%3Aactivity%3A7406585129416105984
2025-12-16 10:05:40,LIKE,https://www.linkedin.com/feed/update/urn%3Ali%3AugcPost%3A7406560196715696128
2025-12-16 10:05:29,LIKE,https://www.linkedin.com/feed/update/urn%3Ali%3AugcPost%3A7406621931078053888
2025-12-16 10:05:27,LIKE,https://www.linkedin.com/feed/update/urn%3Ali%3AugcPost%3A7405364739780026369
2025-12-16 09:58:29,LIKE,https://www.linkedin.com/feed/update/urn%3Ali%3AugcPost%3A7406622349086691328
2025-12-16 06:12:26,LIKE,https://www.linkedin.com/feed/update/urn%3Ali%3Aactivity%3A7405773326775783425
2025-12-16 06:11:57,LIKE,https://www.linkedin.com/feed/update/urn%3Ali%3AugcPost%3A7406358307701141504
2025-12-16 06:11:39,LIKE,https://www.linkedin.com/feed/update/urn%3Ali%3AugcPost%3A7406570527378636801
2025-12-16 06:11:32,LIKE,https://www.linkedin.com/feed/update/urn%3Ali%3Aactivity%3A7406517872534941696
2025-12-16 06:11:28,LIKE,https://www.linkedin.com/feed/update/urn%3Ali%3AugcPost%3A7406186889394868224
2025-12-16 06:11:18,LIKE,https://www.linkedin.com/feed/update/urn%3Ali%3AugcPost%3A7406540893723332608
2025-12-16 03:39:51,LIKE,https://www.linkedin.com/feed/update/urn%3Ali%3AugcPost%3A7405140354112405504
2025-12-16 03:39:41,LIKE,https://www.linkedin.com/feed/update/urn%3Ali%3AugcPost%3A7405688919087849472
2025-12-16 03:39:31,LIKE,https://www.linkedin.com/feed/update/urn%3Ali%3AugcPost%3A7406237710128082944
2025-12-16 03:38:44,LIKE,https://www.linkedin.com/feed/update/urn%3Ali%3Aactivity%3A7406109395476049920
2025-12-16 03:38:12,LIKE,https://www.linkedin.com/feed/update/urn%3Ali%3Aactivity%3A7406522208547905536
2025-12-16 03:38:04,LIKE,https://www.linkedin.com/feed/update/urn%3Ali%3AugcPost%3A7406442488682651648
2025-12-16 03:37:14,LIKE,https://www.linkedin.com/feed/update/urn%3Ali%3AugcPost%3A7406319451337457664
2025-12-16 03:36:43,LIKE,https://www.linkedin.com/feed/update/urn%3Ali%3AugcPost%3A7406261130341511168
2025-12-16 03:35:51,LIKE,https://www.linkedin.com/feed/update/urn%3Ali%3AugcPost%3A7406351910204649472
2025-12-16 03:35:12,LIKE,https://www.linkedin.com/feed/update/urn%3Ali%3AugcPost%3A7406387344754339840
2025-12-16 03:34:57,LIKE,https://www.linkedin.com/feed/update/urn%3Ali%3Aactivity%3A7405597097942507520
2025-12-16 03:34:11,LIKE,https://www.linkedin.com/feed/update/urn%3Ali%3Aactivity%3A7406218967108935680
2025-12-16 03:33:27,LIKE,https://www.linkedin.com/feed/update/urn%3Ali%3Aactivity%3A7406317585488584704
2025-12-16 03:32:59,LIKE,https://www.linkedin.com/feed/update/urn%3Ali%3AugcPost%3A7406122361286123520
2025-12-16 01:43:17,LIKE,https://www.linkedin.com/feed/update/urn%3Ali%3Aactivity%3A7406315917569155073
2025-12-16 01:42:09,LIKE,https://www.linkedin.com/feed/update/urn%3Ali%3AugcPost%3A7406483219841298432
2025-12-15 19:47:01,LIKE,https://www.linkedin.com/feed/update/urn%3Ali%3Aactivity%3A7406317192046067712
2025-12-15 19:46:14,EMPATHY,https://www.linkedin.com/feed/update/urn%3Ali%3AugcPost%3A7404756065587757056?commentUrn=urn%3Ali%3Acomment%3A%28ugcPost%3A7404756065587757056%2C7406413915078955008%29
2025-12-15 15:47:40,LIKE,https://www.linkedin.com/feed/update/urn%3Ali%3Aactivity%3A7406336107287744512
2025-12-15 14:32:36,LIKE,https://www.linkedin.com/feed/update/urn%3Ali%3Aactivity%3A7406264999943495680
2025-12-15 10:57:56,LIKE,https://www.linkedin.com/feed/update/urn%3Ali%3AugcPost%3A7403649842818064384
2025-12-15 10:57:19,LIKE,https://www.linkedin.com/feed/update/urn%3Ali%3Aactivity%3A7406273535096242176
2025-12-15 10:24:35,LIKE,https://www.linkedin.com/feed/update/urn%3Ali%3Aactivity%3A7402718915094659072
2025-12-15 10:24:26,LIKE,https://www.linkedin.com/feed/update/urn%3Ali%3Aactivity%3A7404429717195636736
2025-12-15 10:24:22,LIKE,https://www.linkedin.com/feed/update/urn%3Ali%3AugcPost%3A7406230605946081280
2025-12-15 10:24:04,LIKE,https://www.linkedin.com/feed/update/urn%3Ali%3Aactivity%3A7396170295432347648
2025-12-15 10:23:56,LIKE,https://www.linkedin.com/feed/update/urn%3Ali%3AgroupPost%3A10050014-7403307875172868096
2025-12-15 10:23:43,LIKE,https://www.linkedin.com/feed/update/urn%3Ali%3AugcPost%3A7403071901742596096
2025-12-15 10:23:21,LIKE,https://www.linkedin.com/feed/update/urn%3Ali%3AugcPost%3A7403834268126326784
2025-12-15 10:23:04,LIKE,https://www.linkedin.com/feed/update/urn%3Ali%3Aactivity%3A7406222298917183488
2025-12-15 10:22:55,LIKE,https://www.linkedin.com/feed/update/urn%3Ali%3Aactivity%3A7400760502269874177
2025-12-15 10:22:53,LIKE,https://www.linkedin.com/feed/update/urn%3Ali%3AugcPost%3A7404792946522255360
2025-12-15 10:22:49,LIKE,https://www.linkedin.com/feed/update/urn%3Ali%3AugcPost%3A7406200090291343360
2025-12-15 10:22:44,LIKE,https://www.linkedin.com/feed/update/urn%3Ali%3Aactivity%3A7402082977192857600
2025-12-15 10:22:10,LIKE,https://www.linkedin.com/feed/update/urn%3Ali%3AugcPost%3A7405266084460740608
2025-12-15 10:21:31,LIKE,https://www.linkedin.com/feed/update/urn%3Ali%3Aactivity%3A7404805968217174016
2025-12-15 10:21:25,LIKE,https://www.linkedin.com/feed/update/urn%3Ali%3AugcPost%3A7406257276321382401
2025-12-15 10:21:17,LIKE,https://www.linkedin.com/feed/update/urn%3Ali%3AugcPost%3A7405670263847034881
2025-12-15 10:20:48,LIKE,https://www.linkedin.com/feed/update/urn%3Ali%3AugcPost%3A7406266016831406081
2025-12-15 10:20:12,LIKE,https://www.linkedin.com/feed/update/urn%3Ali%3AugcPost%3A7406271860944003073
2025-12-15 10:19:03,LIKE,https://www.linkedin.com/feed/update/urn%3Ali%3AugcPost%3A7406271253633855488
2025-12-15 02:02:41,LIKE,https://www.linkedin.com/feed/update/urn%3Ali%3Aactivity%3A7405207441711407104
2025-12-15 02:02:38,LIKE,https://www.linkedin.com/feed/update/urn%3Ali%3Aactivity%3A7403781248881446913
2025-12-15 02:01:54,LIKE,https://www.linkedin.com/feed/update/urn%3Ali%3Aactivity%3A7403321473345478657
2025-12-15 02:01:50,LIKE,https://www.linkedin.com/feed/update/urn%3Ali%3AugcPost%3A7406118053349969921
2025-12-15 02:01:26,LIKE,https://www.linkedin.com/feed/update/urn%3Ali%3Aactivity%3A7405642436221509633
2025-12-15 02:01:04,LIKE,https://www.linkedin.com/feed/update/urn%3Ali%3AugcPost%3A7401394133736697856
2025-12-15 02:00:40,LIKE,https://www.linkedin.com/feed/update/urn%3Ali%3AugcPost%3A7405854997369925632
2025-12-15 02:00:24,LIKE,https://www.linkedin.com/feed/update/urn%3Ali%3Aactivity%3A7406131245346086912
2025-12-15 01:58:55,LIKE,https://www.linkedin.com/feed/update/urn%3Ali%3AugcPost%3A7398907833427259392
2025-12-15 01:58:44,LIKE,https://www.linkedin.com/feed/update/urn%3Ali%3AugcPost%3A7404695940592513026
2025-12-15 01:58:30,PRAISE,https://www.linkedin.com/feed/update/urn%3Ali%3AugcPost%3A7405787978427506688
2025-12-15 01:58:10,LIKE,https://www.linkedin.com/feed/update/urn%3Ali%3Aactivity%3A7405975348112158720
2025-12-15 01:55:46,PRAISE,https://www.linkedin.com/feed/update/urn%3Ali%3AugcPost%3A7405599917894848512
2025-12-15 01:54:13,LIKE,https://www.linkedin.com/feed/update/urn%3Ali%3AugcPost%3A7403323634800431104
2025-12-14 19:28:05,LIKE,https://www.linkedin.com/feed/update/urn%3Ali%3AugcPost%3A7358013660742508544
2025-12-14 19:27:39,LIKE,https://www.linkedin.com/feed/update/urn%3Ali%3AugcPost%3A7406049291481489409
2025-12-14 19:11:24,EMPATHY,https://www.linkedin.com/feed/update/urn%3Ali%3AugcPost%3A7405521070151196672?commentUrn=urn%3Ali%3Acomment%3A%28ugcPost%3A7405521070151196672%2C7405923770760318976%29
2025-12-14 19:09:55,LIKE,https://www.linkedin.com/feed/update/urn%3Ali%3Aactivity%3A7405985266043297792
2025-12-14 19:09:50,LIKE,https://www.linkedin.com/feed/update/urn%3Ali%3AugcPost%3A7406045257223639040
2025-12-14 19:09:40,LIKE,https://www.linkedin.com/feed/update/urn%3Ali%3Aactivity%3A7405772228610605056
2025-12-14 19:09:16,LIKE,https://www.linkedin.com/feed/update/urn%3Ali%3AugcPost%3A7404204316414140417
2025-12-14 19:08:25,LIKE,https://www.linkedin.com/feed/update/urn%3Ali%3Aactivity%3A7406042711755284480
2025-12-14 19:08:23,LIKE,https://www.linkedin.com/feed/update/urn%3Ali%3Aactivity%3A7406036541665533954?commentUrn=urn%3Ali%3Acomment%3A%28activity%3A7406036541665533954%2C7406037981339512832%29
2025-12-14 19:08:21,LIKE,https://www.linkedin.com/feed/update/urn%3Ali%3Aactivity%3A7406036602248081408
2025-12-14 19:08:18,LIKE,https://www.linkedin.com/feed/update/urn%3Ali%3AugcPost%3A7406030116562141185
2025-12-14 19:08:08,LIKE,https://www.linkedin.com/feed/update/urn%3Ali%3AugcPost%3A7406039945720606720
2025-12-14 19:08:02,LIKE,https://www.linkedin.com/feed/update/urn%3Ali%3Aactivity%3A7406019684589924352
2025-12-14 19:05:12,LIKE,https://www.linkedin.com/feed/update/urn%3Ali%3Aactivity%3A7402013770564382720
2025-12-14 18:17:44,LIKE,https://www.linkedin.com/feed/update/urn%3Ali%3AugcPost%3A7405940574928756738
2025-12-14 18:17:28,LIKE,https://www.linkedin.com/feed/update/urn%3Ali%3AugcPost%3A7403924868863336448
2025-12-14 18:17:12,LIKE,https://www.linkedin.com/feed/update/urn%3Ali%3AugcPost%3A7405954348918149120
2025-12-14 18:17:04,LIKE,https://www.linkedin.com/feed/update/urn%3Ali%3AugcPost%3A7405921447266648064
2025-12-14 18:16:50,LIKE,https://www.linkedin.com/feed/update/urn%3Ali%3AugcPost%3A7406020299110092800
2025-12-14 14:56:20,EMPATHY,https://www.linkedin.com/feed/update/urn%3Ali%3AugcPost%3A7402041351305093120?commentUrn=urn%3Ali%3Acomment%3A%28ugcPost%3A7402041351305093120%2C7405932715612573696%29
2025-12-14 14:45:40,EMPATHY,https://www.linkedin.com/feed/update/urn%3Ali%3AugcPost%3A7405521070151196672?commentUrn=urn%3Ali%3Acomment%3A%28ugcPost%3A7405521070151196672%2C7405921444284690432%29
2025-12-14 14:21:22,EMPATHY,https://www.linkedin.com/feed/update/urn%3Ali%3AugcPost%3A7405521070151196672?commentUrn=urn%3Ali%3Acomment%3A%28ugcPost%3A7405521070151196672%2C7405940175912185857%29
2025-12-14 12:21:01,LIKE,https://www.linkedin.com/feed/update/urn%3Ali%3AugcPost%3A7405604476767760385
2025-12-14 12:20:54,LIKE,https://www.linkedin.com/feed/update/urn%3Ali%3Aactivity%3A7405666773422837761
2025-12-14 12:20:42,LIKE,https://www.linkedin.com/feed/update/urn%3Ali%3AugcPost%3A7405919341315018755
2025-12-14 09:41:54,LIKE,https://www.linkedin.com/feed/update/urn%3Ali%3AugcPost%3A7405811194328092672
2025-12-14 09:41:48,LIKE,https://www.linkedin.com/feed/update/urn%3Ali%3AugcPost%3A7405071806702936064
2025-12-14 09:41:32,LIKE,https://www.linkedin.com/feed/update/urn%3Ali%3AugcPost%3A7405869810695385088
2025-12-14 07:56:16,LIKE,https://www.linkedin.com/feed/update/urn%3Ali%3AugcPost%3A7405862282569641985
2025-12-14 06:26:05,EMPATHY,https://www.linkedin.com/feed/update/urn%3Ali%3AugcPost%3A7405521070151196672?commentUrn=urn%3Ali%3Acomment%3A%28ugcPost%3A7405521070151196672%2C7405833031397294082%29
2025-12-14 05:33:17,LIKE,https://www.linkedin.com/feed/update/urn%3Ali%3AugcPost%3A7404096224976576514
2025-12-14 03:47:48,LIKE,https://www.linkedin.com/feed/update/urn%3Ali%3Aactivity%3A7405800783067217920
2025-12-14 01:52:12,LIKE,https://www.linkedin.com/feed/update/urn%3Ali%3AugcPost%3A7405674950449168384
2025-12-13 18:42:26,LIKE,https://www.linkedin.com/feed/update/urn%3Ali%3AugcPost%3A7405655690427482112
2025-12-13 18:42:25,LIKE,https://www.linkedin.com/feed/update/urn%3Ali%3AugcPost%3A7405646911761940480
2025-12-13 18:42:22,LIKE,https://www.linkedin.com/feed/update/urn%3Ali%3Aactivity%3A7405678049205379074
2025-12-13 17:57:20,LIKE,https://www.linkedin.com/feed/update/urn%3Ali%3Aactivity%3A7402777163608887296
2025-12-13 17:57:11,LIKE,https://www.linkedin.com/feed/update/urn%3Ali%3AugcPost%3A7405515907071942656
2025-12-13 17:57:08,LIKE,https://www.linkedin.com/feed/update/urn%3Ali%3AugcPost%3A7405331641474285568
2025-12-13 17:56:19,LIKE,https://www.linkedin.com/feed/update/urn%3Ali%3Aactivity%3A7404417892340924417
2025-12-13 17:55:23,LIKE,https://www.linkedin.com/feed/update/urn%3Ali%3AugcPost%3A7401717980587626496
2025-12-13 17:55:08,LIKE,https://www.linkedin.com/feed/update/urn%3Ali%3AugcPost%3A7396220822119456768
2025-12-13 17:54:56,LIKE,https://www.linkedin.com/feed/update/urn%3Ali%3AugcPost%3A7401168207719534592
2025-12-13 17:54:31,LIKE,https://www.linkedin.com/feed/update/urn%3Ali%3AugcPost%3A7405193764929064960
2025-12-13 17:54:21,LIKE,https://www.linkedin.com/feed/update/urn%3Ali%3AugcPost%3A7405467263560036352
2025-12-13 17:54:18,LIKE,https://www.linkedin.com/feed/update/urn%3Ali%3Aactivity%3A7401316090443812864
2025-12-13 17:54:13,LIKE,https://www.linkedin.com/feed/update/urn%3Ali%3Aactivity%3A7402594967711354880
2025-12-13 17:54:03,LIKE,https://www.linkedin.com/feed/update/urn%3Ali%3AugcPost%3A7404591724905578496
2025-12-13 17:53:15,LIKE,https://www.linkedin.com/feed/update/urn%3Ali%3Aactivity%3A7401088917619265536
2025-12-13 17:52:50,LIKE,https://www.linkedin.com/feed/update/urn%3Ali%3AugcPost%3A7403327628121993216
2025-12-13 17:45:58,LIKE,https://www.linkedin.com/feed/update/urn%3Ali%3AugcPost%3A7405094148342689792
2025-12-13 17:45:45,LIKE,https://www.linkedin.com/feed/update/urn%3Ali%3Aactivity%3A7405592354700677120
2025-12-13 17:45:34,LIKE,https://www.linkedin.com/feed/update/urn%3Ali%3AugcPost%3A7405530567355707392
2025-12-13 17:45:09,LIKE,https://www.linkedin.com/feed/update/urn%3Ali%3AugcPost%3A7405635716342333441
2025-12-13 17:44:59,LIKE,https://www.linkedin.com/feed/update/urn%3Ali%3AugcPost%3A7405650451406184448
2025-12-13 17:41:36,LIKE,https://www.linkedin.com/feed/update/urn%3Ali%3AugcPost%3A7405550008189607936
2025-12-13 14:06:17,LIKE,https://www.linkedin.com/feed/update/urn%3Ali%3Aactivity%3A7405488396468498432
2025-12-13 14:05:44,LIKE,https://www.linkedin.com/feed/update/urn%3Ali%3AugcPost%3A7342288357093269504
2025-12-13 14:05:34,LIKE,https://www.linkedin.com/feed/update/urn%3Ali%3AugcPost%3A7405583494183038977
2025-12-13 14:04:58,LIKE,https://www.linkedin.com/feed/update/urn%3Ali%3Aactivity%3A7405603503899078656
2025-12-13 14:04:26,EMPATHY,https://www.linkedin.com/feed/update/urn%3Ali%3AugcPost%3A7402010476257349632?commentUrn=urn%3Ali%3Acomment%3A%28ugcPost%3A7402010476257349632%2C7405597827474636800%29
2025-12-13 12:54:53,LIKE,https://www.linkedin.com/feed/update/urn%3Ali%3AugcPost%3A7405523891185463296
2025-12-13 12:54:27,LIKE,https://www.linkedin.com/feed/update/urn%3Ali%3AugcPost%3A7404526087550103552
2025-12-13 12:53:03,LIKE,https://www.linkedin.com/feed/update/urn%3Ali%3AugcPost%3A7403743446932594688
2025-12-13 12:45:58,LIKE,https://www.linkedin.com/feed/update/urn%3Ali%3AugcPost%3A7402304062068772864
2025-12-13 12:44:30,LIKE,https://www.linkedin.com/feed/update/urn%3Ali%3AugcPost%3A7403823639395053568
2025-12-13 12:44:06,LIKE,https://www.linkedin.com/feed/update/urn%3Ali%3Aactivity%3A7405576297831256064
2025-12-13 12:43:34,LIKE,https://www.linkedin.com/feed/update/urn%3Ali%3Aactivity%3A7401276908765859840
2025-12-13 12:43:25,LIKE,https://www.linkedin.com/feed/update/urn%3Ali%3AugcPost%3A7405494759764447232
2025-12-13 12:43:10,LIKE,https://www.linkedin.com/feed/update/urn%3Ali%3AugcPost%3A7405381632452501505
2025-12-13 12:42:59,LIKE,https://www.linkedin.com/feed/update/urn%3Ali%3Aactivity%3A7404518881790291968
2025-12-13 12:42:25,LIKE,https://www.linkedin.com/feed/update/urn%3Ali%3AugcPost%3A7401384694883561472
2025-12-13 12:42:17,LIKE,https://www.linkedin.com/feed/update/urn%3Ali%3AugcPost%3A7404813274480873472
2025-12-13 12:42:00,LIKE,https://www.linkedin.com/feed/update/urn%3Ali%3AugcPost%3A7405518776185581568
2025-12-13 12:41:07,LIKE,https://www.linkedin.com/feed/update/urn%3Ali%3AugcPost%3A7404324737209913344
2025-12-13 12:41:03,LIKE,https://www.linkedin.com/feed/update/urn%3Ali%3AugcPost%3A7405553544369451008
2025-12-13 12:34:22,LIKE,https://www.linkedin.com/feed/update/urn%3Ali%3AugcPost%3A7403722322840432640
2025-12-13 12:34:11,LIKE,https://www.linkedin.com/feed/update/urn%3Ali%3AugcPost%3A7405304668572016640
2025-12-13 12:33:46,LIKE,https://www.linkedin.com/feed/update/urn%3Ali%3AugcPost%3A7405551103255150592
2025-12-13 11:38:04,LIKE,https://www.linkedin.com/feed/update/urn%3Ali%3AugcPost%3A7404804970169978880
2025-12-13 09:22:18,LIKE,https://www.linkedin.com/feed/update/urn%3Ali%3AugcPost%3A7405518081759977472
2025-12-13 09:22:01,EMPATHY,https://www.linkedin.com/feed/update/urn%3Ali%3AugcPost%3A7402041351305093120?commentUrn=urn%3Ali%3Acomment%3A%28ugcPost%3A7402041351305093120%2C7405536787819114496%29
2025-12-13 08:50:11,EMPATHY,https://www.linkedin.com/feed/update/urn%3Ali%3AugcPost%3A7402041351305093120?commentUrn=urn%3Ali%3Acomment%3A%28ugcPost%3A7402041351305093120%2C7404949571262451712%29
2025-12-13 08:42:18,LIKE,https://www.linkedin.com/feed/update/urn%3Ali%3AugcPost%3A7405478804233674752
2025-12-13 08:37:12,INTEREST,https://www.linkedin.com/feed/update/urn%3Ali%3AugcPost%3A7405481987307769856
2025-12-13 08:36:13,EMPATHY,https://www.linkedin.com/feed/update/urn%3Ali%3AugcPost%3A7404911762942193664?commentUrn=urn%3Ali%3Acomment%3A%28ugcPost%3A7404911762942193664%2C7405225165355286528%29
2025-12-13 08:36:06,EMPATHY,https://www.linkedin.com/feed/update/urn%3Ali%3AugcPost%3A7404911762942193664?commentUrn=urn%3Ali%3Acomment%3A%28ugcPost%3A7404911762942193664%2C7405248761565937664%29
2025-12-13 08:34:19,EMPATHY,https://www.linkedin.com/feed/update/urn%3Ali%3AugcPost%3A7402041351305093120?commentUrn=urn%3Ali%3Acomment%3A%28ugcPost%3A7402041351305093120%2C7405523930934931456%29
2025-12-13 08:32:40,EMPATHY,https://www.linkedin.com/feed/update/urn%3Ali%3AugcPost%3A7404756065587757056?commentUrn=urn%3Ali%3Acomment%3A%28ugcPost%3A7404756065587757056%2C7405200550608367616%29
2025-12-13 07:51:17,LIKE,https://www.linkedin.com/feed/update/urn%3Ali%3AugcPost%3A7405484907109740544
2025-12-13 07:50:52,LIKE,https://www.linkedin.com/feed/update/urn%3Ali%3AugcPost%3A7405493845678907392
2025-12-13 06:36:33,LIKE,https://www.linkedin.com/feed/update/urn%3Ali%3AugcPost%3A7405491618188800000
2025-12-13 04:10:26,LIKE,https://www.linkedin.com/feed/update/urn%3Ali%3Aactivity%3A7405392044250238976
2025-12-13 04:09:45,LIKE,https://www.linkedin.com/feed/update/urn%3Ali%3AugcPost%3A7405445373634306048
2025-12-13 04:09:34,LIKE,https://www.linkedin.com/feed/update/urn%3Ali%3AugcPost%3A7405450982798589952
2025-12-12 19:31:50,LIKE,https://www.linkedin.com/feed/update/urn%3Ali%3AugcPost%3A7380934120501157888
2025-12-12 19:31:36,LIKE,https://www.linkedin.com/feed/update/urn%3Ali%3AugcPost%3A7403296229176381440
2025-12-12 19:31:12,LIKE,https://www.linkedin.com/feed/update/urn%3Ali%3AugcPost%3A7405140738029871104
2025-12-12 19:31:03,LIKE,https://www.linkedin.com/feed/update/urn%3Ali%3AugcPost%3A7405253419453714432
2025-12-12 19:30:58,LIKE,https://www.linkedin.com/feed/update/urn%3Ali%3AugcPost%3A7405253069233590273
2025-12-12 19:23:52,LIKE,https://www.linkedin.com/feed/update/urn%3Ali%3Aactivity%3A7396436612483792896
2025-12-12 19:23:29,LIKE,https://www.linkedin.com/feed/update/urn%3Ali%3Aactivity%3A7405305374490214400
2025-12-12 19:23:20,LIKE,https://www.linkedin.com/feed/update/urn%3Ali%3Aactivity%3A7349708647272251394
2025-12-12 15:05:33,LIKE,https://www.linkedin.com/feed/update/urn%3Ali%3Aactivity%3A7396882091793285120
2025-12-12 15:05:23,LIKE,https://www.linkedin.com/feed/update/urn%3Ali%3AugcPost%3A7405197208121389056
2025-12-12 15:04:51,LIKE,https://www.linkedin.com/feed/update/urn%3Ali%3AugcPost%3A7405258697041469440
2025-12-12 15:04:10,LIKE,https://www.linkedin.com/feed/update/urn%3Ali%3AugcPost%3A7404544054790672384
2025-12-12 15:04:04,LIKE,https://www.linkedin.com/feed/update/urn%3Ali%3Aactivity%3A7405247609851916288
2025-12-12 15:03:52,LIKE,https://www.linkedin.com/feed/update/urn%3Ali%3Aactivity%3A7403489259384430592
2025-12-12 12:53:50,LIKE,https://www.linkedin.com/feed/update/urn%3Ali%3Aactivity%3A7404128884775919616
2025-12-12 12:48:39,LIKE,https://www.linkedin.com/feed/update/urn%3Ali%3AugcPost%3A7405225081922256896
2025-12-12 12:48:28,LIKE,https://www.linkedin.com/feed/update/urn%3Ali%3AugcPost%3A7405179975101972480
2025-12-12 12:48:24,LIKE,https://www.linkedin.com/feed/update/urn%3Ali%3AugcPost%3A7405154900026028032
2025-12-12 09:43:34,LIKE,https://www.linkedin.com/feed/update/urn%3Ali%3Aactivity%3A7401545244909248512
2025-12-12 09:05:23,LIKE,https://www.linkedin.com/feed/update/urn%3Ali%3AugcPost%3A7397651315922763776
2025-12-12 09:05:19,LIKE,https://www.linkedin.com/feed/update/urn%3Ali%3AugcPost%3A7405153266168160256
2025-12-12 09:05:09,LIKE,https://www.linkedin.com/feed/update/urn%3Ali%3Aactivity%3A7405154510655901696
2025-12-12 09:05:06,LIKE,https://www.linkedin.com/feed/update/urn%3Ali%3Aactivity%3A7405116812482375680
2025-12-12 09:04:09,LIKE,https://www.linkedin.com/feed/update/urn%3Ali%3Aactivity%3A7405154510219755521
2025-12-12 09:03:50,LIKE,https://www.linkedin.com/feed/update/urn%3Ali%3AugcPost%3A7405117056465039360
2025-12-12 07:49:37,LIKE,https://www.linkedin.com/feed/update/urn%3Ali%3AugcPost%3A7403936918012616704
2025-12-12 07:49:33,LIKE,https://www.linkedin.com/feed/update/urn%3Ali%3Aactivity%3A7403755424073904129
2025-12-12 07:49:31,LIKE,https://www.linkedin.com/feed/update/urn%3Ali%3AugcPost%3A7404507432779190272
2025-12-12 06:30:10,LIKE,https://www.linkedin.com/feed/update/urn%3Ali%3Aactivity%3A7397680786029854720
2025-12-12 06:29:40,LIKE,https://www.linkedin.com/feed/update/urn%3Ali%3AugcPost%3A7403719241805316097
2025-12-12 06:29:26,LIKE,https://www.linkedin.com/feed/update/urn%3Ali%3AugcPost%3A7404987443617255424
2025-12-12 06:29:02,LIKE,https://www.linkedin.com/feed/update/urn%3Ali%3AugcPost%3A7402401717755240449
2025-12-12 06:28:53,LIKE,https://www.linkedin.com/feed/update/urn%3Ali%3Aactivity%3A7399133289019617281
2025-12-12 01:44:50,LIKE,https://www.linkedin.com/feed/update/urn%3Ali%3Aactivity%3A7405048003427717120
2025-12-11 19:19:24,LIKE,https://www.linkedin.com/feed/update/urn%3Ali%3Aactivity%3A7404730864137433088
2025-12-11 19:19:08,LIKE,https://www.linkedin.com/feed/update/urn%3Ali%3AugcPost%3A7404920723045171200
2025-12-11 19:19:04,LIKE,https://www.linkedin.com/feed/update/urn%3Ali%3AugcPost%3A7404852503189753856
2025-12-11 19:18:50,LIKE,https://www.linkedin.com/feed/update/urn%3Ali%3Aactivity%3A7404944461996130305
2025-12-11 19:03:30,LIKE,https://www.linkedin.com/feed/update/urn%3Ali%3AugcPost%3A7342297385944952834
2025-12-11 19:02:55,LIKE,https://www.linkedin.com/feed/update/urn%3Ali%3Aactivity%3A7404952866274091008
2025-12-11 19:01:03,LIKE,https://www.linkedin.com/feed/update/urn%3Ali%3AugcPost%3A7404938459146022913
2025-12-11 19:00:55,EMPATHY,https://www.linkedin.com/feed/update/urn%3Ali%3AugcPost%3A7404911762942193664?commentUrn=urn%3Ali%3Acomment%3A%28ugcPost%3A7404911762942193664%2C7404955801821282304%29
2025-12-11 18:20:57,LIKE,https://www.linkedin.com/feed/update/urn%3Ali%3Aactivity%3A7404646168494026755
2025-12-11 18:16:39,LIKE,https://www.linkedin.com/feed/update/urn%3Ali%3Aactivity%3A7404236120974405635
2025-12-11 17:58:35,LIKE,https://www.linkedin.com/feed/update/urn%3Ali%3Aactivity%3A7404428417737388033
2025-12-11 17:58:26,LIKE,https://www.linkedin.com/feed/update/urn%3Ali%3Aactivity%3A7404044636308164608
2025-12-11 17:58:16,LIKE,https://www.linkedin.com/feed/update/urn%3Ali%3AugcPost%3A7404415404791504896
2025-12-11 17:58:12,LIKE,https://www.linkedin.com/feed/update/urn%3Ali%3Aactivity%3A7384574006508666882
2025-12-11 17:58:06,LIKE,https://www.linkedin.com/feed/update/urn%3Ali%3AugcPost%3A7404940448382742529
2025-12-11 17:46:59,EMPATHY,https://www.linkedin.com/feed/update/urn%3Ali%3AugcPost%3A7404756065587757056?commentUrn=urn%3Ali%3Acomment%3A%28ugcPost%3A7404756065587757056%2C7404925272426360832%29
2025-12-11 16:21:45,LIKE,https://www.linkedin.com/feed/update/urn%3Ali%3AugcPost%3A7404651868213329920
2025-12-11 16:20:29,LIKE,https://www.linkedin.com/feed/update/urn%3Ali%3Aactivity%3A7404176754677866496
2025-12-11 16:20:25,LIKE,https://www.linkedin.com/feed/update/urn%3Ali%3AugcPost%3A7398108760654643200
2025-12-11 16:19:45,EMPATHY,https://www.linkedin.com/feed/update/urn%3Ali%3AugcPost%3A7404756065587757056?commentUrn=urn%3Ali%3Acomment%3A%28ugcPost%3A7404756065587757056%2C7404915268894031873%29
2025-12-11 16:19:36,EMPATHY,https://www.linkedin.com/feed/update/urn%3Ali%3AugcPost%3A7404756065587757056
2025-12-11 16:05:32,LIKE,https://www.linkedin.com/feed/update/urn%3Ali%3AugcPost%3A7404902690939523074
2025-12-11 16:05:19,LIKE,https://www.linkedin.com/feed/update/urn%3Ali%3AugcPost%3A7404821542028689409
2025-12-11 16:03:36,LIKE,https://www.linkedin.com/feed/update/urn%3Ali%3AugcPost%3A7404488153862008832
2025-12-11 16:03:28,LIKE,https://www.linkedin.com/feed/update/urn%3Ali%3AugcPost%3A7403045223578202112
2025-12-11 16:03:24,LIKE,https://www.linkedin.com/feed/update/urn%3Ali%3AugcPost%3A7404899148686143489
2025-12-11 16:02:29,LIKE,https://www.linkedin.com/feed/update/urn%3Ali%3AugcPost%3A7404187892949950464
2025-12-11 16:01:24,LIKE,https://www.linkedin.com/feed/update/urn%3Ali%3Aactivity%3A7404901633404342295
2025-12-11 16:01:04,EMPATHY,https://www.linkedin.com/feed/update/urn%3Ali%3Aactivity%3A7404896548783984640
2025-12-11 16:00:17,EMPATHY,https://www.linkedin.com/feed/update/urn%3Ali%3AugcPost%3A7402041351305093120?commentUrn=urn%3Ali%3Acomment%3A%28ugcPost%3A7402041351305093120%2C7404854887852732416%29
2025-12-11 16:00:14,EMPATHY,https://www.linkedin.com/feed/update/urn%3Ali%3AugcPost%3A7402041351305093120?commentUrn=urn%3Ali%3Acomment%3A%28ugcPost%3A7402041351305093120%2C7404548718668115968%29
2025-12-11 16:00:09,EMPATHY,https://www.linkedin.com/feed/update/urn%3Ali%3AugcPost%3A7402041351305093120?commentUrn=urn%3Ali%3Acomment%3A%28ugcPost%3A7402041351305093120%2C7404544744544198656%29
2025-12-11 16:00:04,EMPATHY,https://www.linkedin.com/feed/update/urn%3Ali%3AugcPost%3A7402041351305093120?commentUrn=urn%3Ali%3Acomment%3A%28ugcPost%3A7402041351305093120%2C7404911529218830338%29
2025-12-11 15:59:54,EMPATHY,https://www.linkedin.com/feed/update/urn%3Ali%3AugcPost%3A7402041351305093120?commentUrn=urn%3Ali%3Acomment%3A%28ugcPost%3A7402041351305093120%2C7404767274865258496%29
2025-12-11 12:06:36,LIKE,https://www.linkedin.com/feed/update/urn%3Ali%3AugcPost%3A7404550865715372032
2025-12-11 12:06:33,LIKE,https://www.linkedin.com/feed/update/urn%3Ali%3Aactivity%3A7404792219301212160
2025-12-11 12:03:42,LIKE,https://www.linkedin.com/feed/update/urn%3Ali%3AugcPost%3A7398635377428860928
2025-12-11 02:22:55,LIKE,https://www.linkedin.com/feed/update/urn%3Ali%3Aactivity%3A7404571911680323586
2025-12-11 02:22:44,LIKE,https://www.linkedin.com/feed/update/urn%3Ali%3AugcPost%3A7403004393236660224
2025-12-11 02:22:43,LIKE,https://www.linkedin.com/feed/update/urn%3Ali%3AugcPost%3A7399658205695401984
2025-12-11 02:22:22,LIKE,https://www.linkedin.com/feed/update/urn%3Ali%3AugcPost%3A7404380879482933248
2025-12-11 02:22:19,LIKE,https://www.linkedin.com/feed/update/urn%3Ali%3AugcPost%3A7404528340772057088
2025-12-11 02:22:08,LIKE,https://www.linkedin.com/feed/update/urn%3Ali%3Aactivity%3A7404384374911332352
2025-12-11 02:21:09,LIKE,https://www.linkedin.com/feed/update/urn%3Ali%3AugcPost%3A7403675116095737860
2025-12-11 02:20:36,LIKE,https://www.linkedin.com/feed/update/urn%3Ali%3AugcPost%3A7404690172988030976
2025-12-10 19:40:49,LIKE,https://www.linkedin.com/feed/update/urn%3Ali%3AugcPost%3A7403679229143674880
2025-12-10 19:40:33,LIKE,https://www.linkedin.com/feed/update/urn%3Ali%3AugcPost%3A7404508359028170752
2025-12-10 19:40:27,LIKE,https://www.linkedin.com/feed/update/urn%3Ali%3AugcPost%3A7403849714082672640
2025-12-10 19:39:36,INTEREST,https://www.linkedin.com/feed/update/urn%3Ali%3Aactivity%3A7404139522801721344
2025-12-10 19:37:50,LIKE,https://www.linkedin.com/feed/update/urn%3Ali%3AugcPost%3A7404557942542405632
2025-12-10 19:37:34,LIKE,https://www.linkedin.com/feed/update/urn%3Ali%3AugcPost%3A7400990931123859457
2025-12-10 17:25:20,LIKE,https://www.linkedin.com/feed/update/urn%3Ali%3AugcPost%3A7404139202407415808
2025-12-10 15:43:55,LIKE,https://www.linkedin.com/feed/update/urn%3Ali%3AugcPost%3A7402012956344950799
2025-12-10 15:43:16,LIKE,https://www.linkedin.com/feed/update/urn%3Ali%3Aactivity%3A7404165457357983744
2025-12-10 15:43:13,LIKE,https://www.linkedin.com/feed/update/urn%3Ali%3AugcPost%3A7402800020976242688
2025-12-10 15:43:10,LIKE,https://www.linkedin.com/feed/update/urn%3Ali%3Aactivity%3A7402889799461756930
2025-12-10 14:51:15,LIKE,https://www.linkedin.com/feed/update/urn%3Ali%3Aactivity%3A7404142856879140864
2025-12-10 12:47:01,EMPATHY,https://www.linkedin.com/feed/update/urn%3Ali%3AugcPost%3A7402041351305093120?commentUrn=urn%3Ali%3Acomment%3A%28ugcPost%3A7402041351305093120%2C7404492052429914126%29
2025-12-10 07:50:55,LIKE,https://www.linkedin.com/feed/update/urn%3Ali%3AugcPost%3A7403645292216315904
2025-12-10 07:50:46,LIKE,https://www.linkedin.com/feed/update/urn%3Ali%3AugcPost%3A7404405279292944385
2025-12-10 06:05:38,LIKE,https://www.linkedin.com/feed/update/urn%3Ali%3AugcPost%3A7404185224634703872
2025-12-10 06:04:54,PRAISE,https://www.linkedin.com/feed/update/urn%3Ali%3AugcPost%3A7404025221780799488
2025-12-10 06:04:39,LIKE,https://www.linkedin.com/feed/update/urn%3Ali%3AugcPost%3A7404204077968121857
2025-12-10 06:04:30,LIKE,https://www.linkedin.com/feed/update/urn%3Ali%3Aactivity%3A7404210302201810944
2025-12-09 16:44:28,LIKE,https://www.linkedin.com/feed/update/urn%3Ali%3AugcPost%3A7404136382161731584
2025-12-09 13:52:32,LIKE,https://www.linkedin.com/feed/update/urn%3Ali%3AugcPost%3A7402626958058303488
2025-12-09 13:50:41,LIKE,https://www.linkedin.com/feed/update/urn%3Ali%3AugcPost%3A7404050628630753280
2025-12-09 08:37:27,LIKE,https://www.linkedin.com/feed/update/urn%3Ali%3Aactivity%3A7404067434485284865
2025-12-09 08:37:24,LIKE,https://www.linkedin.com/feed/update/urn%3Ali%3AugcPost%3A7403326288280711168
2025-12-09 08:36:44,LIKE,https://www.linkedin.com/feed/update/urn%3Ali%3AugcPost%3A7400276985215832064
2025-12-09 08:35:08,LIKE,https://www.linkedin.com/feed/update/urn%3Ali%3AugcPost%3A7404050482350190594
2025-12-09 08:34:54,LIKE,https://www.linkedin.com/feed/update/urn%3Ali%3Aactivity%3A7403993803721994241
2025-12-09 07:58:12,LIKE,https://www.linkedin.com/feed/update/urn%3Ali%3Aactivity%3A7403249479354875905
2025-12-09 07:58:03,LIKE,https://www.linkedin.com/feed/update/urn%3Ali%3Aactivity%3A7401570552655618048
2025-12-09 07:57:10,LIKE,https://www.linkedin.com/feed/update/urn%3Ali%3AgroupPost%3A4376214-7400142078506303488
2025-12-09 07:57:06,LIKE,https://www.linkedin.com/feed/update/urn%3Ali%3Aactivity%3A7404038384618250241
2025-12-09 07:56:46,LIKE,https://www.linkedin.com/feed/update/urn%3Ali%3AugcPost%3A7403061820879785984
2025-12-09 07:56:20,LIKE,https://www.linkedin.com/feed/update/urn%3Ali%3AugcPost%3A7403187810561757189
2025-12-09 07:55:33,LIKE,https://www.linkedin.com/feed/update/urn%3Ali%3Aactivity%3A7403950080896217088
2025-12-09 07:55:24,LIKE,https://www.linkedin.com/feed/update/urn%3Ali%3AugcPost%3A7403826619678912512
2025-12-09 07:55:21,LIKE,https://www.linkedin.com/feed/update/urn%3Ali%3AugcPost%3A7402708306097811456
2025-12-09 07:55:16,LIKE,https://www.linkedin.com/feed/update/urn%3Ali%3Aactivity%3A7403792665810731008
2025-12-09 07:54:43,LIKE,https://www.linkedin.com/feed/update/urn%3Ali%3AugcPost%3A7403781762675453952
2025-12-09 07:54:28,LIKE,https://www.linkedin.com/feed/update/urn%3Ali%3AugcPost%3A7404012100685041665
2025-12-09 07:54:11,LIKE,https://www.linkedin.com/feed/update/urn%3Ali%3Aactivity%3A7401213372626784257
2025-12-09 07:53:58,LIKE,https://www.linkedin.com/feed/update/urn%3Ali%3AugcPost%3A7403867087804346368
2025-12-09 02:11:38,LIKE,https://www.linkedin.com/feed/update/urn%3Ali%3AugcPost%3A7403254642954194944
2025-12-09 02:10:36,LIKE,https://www.linkedin.com/feed/update/urn%3Ali%3AugcPost%3A7403864040885968896
2025-12-09 01:42:11,LIKE,https://www.linkedin.com/feed/update/urn%3Ali%3AugcPost%3A7403915726228598784
2025-12-08 20:52:33,LIKE,https://www.linkedin.com/feed/update/urn%3Ali%3AugcPost%3A7403808000496562177
2025-12-08 20:45:55,LIKE,https://www.linkedin.com/feed/update/urn%3Ali%3Aactivity%3A7403693476665831424
2025-12-08 20:45:41,LIKE,https://www.linkedin.com/feed/update/urn%3Ali%3AugcPost%3A7403848109916573699
2025-12-08 13:50:10,LIKE,https://www.linkedin.com/feed/update/urn%3Ali%3AugcPost%3A7401257558017159168
2025-12-08 13:49:57,LIKE,https://www.linkedin.com/feed/update/urn%3Ali%3Aactivity%3A7403719074750304257
2025-12-08 13:49:49,LIKE,https://www.linkedin.com/feed/update/urn%3Ali%3AugcPost%3A7403760045659766784
2025-12-08 13:45:03,LIKE,https://www.linkedin.com/feed/update/urn%3Ali%3AugcPost%3A7346160195418431488
2025-12-08 13:43:21,LIKE,https://www.linkedin.com/feed/update/urn%3Ali%3AugcPost%3A7403713542170030084
2025-12-08 11:11:06,LIKE,https://www.linkedin.com/feed/update/urn%3Ali%3Aactivity%3A7403342548603138049
2025-12-08 11:10:57,LIKE,https://www.linkedin.com/feed/update/urn%3Ali%3AugcPost%3A7403743767700312064
2025-12-08 11:10:12,LIKE,https://www.linkedin.com/feed/update/urn%3Ali%3AugcPost%3A7403469135814365184
2025-12-08 11:03:40,LIKE,https://www.linkedin.com/feed/update/urn%3Ali%3AugcPost%3A7403712098721116160
2025-12-08 07:07:49,LIKE,https://www.linkedin.com/feed/update/urn%3Ali%3AugcPost%3A7403656236388564993
2025-12-08 07:07:28,EMPATHY,https://www.linkedin.com/feed/update/urn%3Ali%3AugcPost%3A7402010476257349632?commentUrn=urn%3Ali%3Acomment%3A%28ugcPost%3A7402010476257349632%2C7403677788190392320%29
2025-12-08 04:09:05,LIKE,https://www.linkedin.com/feed/update/urn%3Ali%3AugcPost%3A7402798795475947520
2025-12-08 02:00:59,LIKE,https://www.linkedin.com/feed/update/urn%3Ali%3AugcPost%3A7403459765588389888
2025-12-08 00:37:20,LIKE,https://www.linkedin.com/feed/update/urn%3Ali%3Aactivity%3A7403563758817886208
2025-12-08 00:36:45,LIKE,https://www.linkedin.com/feed/update/urn%3Ali%3AugcPost%3A7403511647816052736
2025-12-07 19:15:29,LIKE,https://www.linkedin.com/feed/update/urn%3Ali%3AugcPost%3A7395761985889603584
2025-12-07 17:18:03,LIKE,https://www.linkedin.com/feed/update/urn%3Ali%3AugcPost%3A7403308305655222272
2025-12-07 17:15:57,EMPATHY,https://www.linkedin.com/feed/update/urn%3Ali%3AugcPost%3A7403114073820725249
2025-12-07 17:15:51,LIKE,https://www.linkedin.com/feed/update/urn%3Ali%3Aactivity%3A7399809275990056960
2025-12-07 17:15:08,LIKE,https://www.linkedin.com/feed/update/urn%3Ali%3Aactivity%3A7403428033254014976
2025-12-07 17:15:03,LIKE,https://www.linkedin.com/feed/update/urn%3Ali%3AugcPost%3A7403428251660087296
2025-12-07 17:14:59,LIKE,https://www.linkedin.com/feed/update/urn%3Ali%3Aactivity%3A7403428189726765056
2025-12-07 17:14:44,LIKE,https://www.linkedin.com/feed/update/urn%3Ali%3AugcPost%3A7372908108077252608
2025-12-07 17:13:16,LIKE,https://www.linkedin.com/feed/update/urn%3Ali%3AugcPost%3A7403336890419929088
2025-12-07 17:13:08,LIKE,https://www.linkedin.com/feed/update/urn%3Ali%3AugcPost%3A7403385923532693504
2025-12-07 17:12:25,LIKE,https://www.linkedin.com/feed/update/urn%3Ali%3AugcPost%3A7403476227224862720
2025-12-07 17:12:15,LIKE,https://www.linkedin.com/feed/update/urn%3Ali%3Aactivity%3A7403469156907692032
2025-12-07 15:25:50,LIKE,https://www.linkedin.com/feed/update/urn%3Ali%3AugcPost%3A7403449790749085696
2025-12-07 15:15:00,LIKE,https://www.linkedin.com/feed/update/urn%3Ali%3Aactivity%3A7387110646334595074
2025-12-07 15:14:53,LIKE,https://www.linkedin.com/feed/update/urn%3Ali%3AugcPost%3A7403432134922874880
2025-12-07 13:15:53,LIKE,https://www.linkedin.com/feed/update/urn%3Ali%3Aactivity%3A7403418034154930177
2025-12-07 13:14:56,EMPATHY,https://www.linkedin.com/feed/update/urn%3Ali%3AugcPost%3A7402010476257349632?commentUrn=urn%3Ali%3Acomment%3A%28ugcPost%3A7402010476257349632%2C7403413489576452096%29
2025-12-07 12:06:50,LIKE,https://www.linkedin.com/feed/update/urn%3Ali%3AugcPost%3A7403387031911063552
2025-12-07 08:48:39,EMPATHY,https://www.linkedin.com/feed/update/urn%3Ali%3AugcPost%3A7402010476257349632?commentUrn=urn%3Ali%3Acomment%3A%28ugcPost%3A7402010476257349632%2C7403350921923194880%29
2025-12-07 04:10:03,LIKE,https://www.linkedin.com/feed/update/urn%3Ali%3AugcPost%3A7403275733881520129
2025-12-07 03:50:30,LIKE,https://www.linkedin.com/feed/update/urn%3Ali%3AugcPost%3A7403223729062903808
2025-12-06 19:16:40,LIKE,https://www.linkedin.com/feed/update/urn%3Ali%3AugcPost%3A7403021253382463488
2025-12-06 19:16:31,LIKE,https://www.linkedin.com/feed/update/urn%3Ali%3AugcPost%3A7402296029326323712
2025-12-06 19:15:29,LIKE,https://www.linkedin.com/feed/update/urn%3Ali%3AugcPost%3A7401864867059675136
2025-12-06 19:15:18,LIKE,https://www.linkedin.com/feed/update/urn%3Ali%3Aactivity%3A7403055630711857152
2025-12-06 19:15:13,LIKE,https://www.linkedin.com/feed/update/urn%3Ali%3AugcPost%3A7403108502023696384
2025-12-06 17:21:35,LIKE,https://www.linkedin.com/feed/update/urn%3Ali%3AgroupPost%3A7036558-7402213289621131264
2025-12-06 17:21:33,LIKE,https://www.linkedin.com/feed/update/urn%3Ali%3AugcPost%3A7403106061907632129
2025-12-06 17:13:35,LIKE,https://www.linkedin.com/feed/update/urn%3Ali%3Aactivity%3A7403012278570229760
2025-12-06 17:13:32,LIKE,https://www.linkedin.com/feed/update/urn%3Ali%3AugcPost%3A7399797252480897024
2025-12-06 17:12:07,LIKE,https://www.linkedin.com/feed/update/urn%3Ali%3AugcPost%3A7403092716785696769
2025-12-06 17:11:56,LIKE,https://www.linkedin.com/feed/update/urn%3Ali%3AugcPost%3A7403091407504162816
2025-12-06 14:35:40,EMPATHY,https://www.linkedin.com/feed/update/urn%3Ali%3AugcPost%3A7402010476257349632?commentUrn=urn%3Ali%3Acomment%3A%28ugcPost%3A7402010476257349632%2C7403055778137423872%29
2025-12-06 10:48:18,EMPATHY,https://www.linkedin.com/feed/update/urn%3Ali%3AugcPost%3A7402010476257349632?commentUrn=urn%3Ali%3Acomment%3A%28ugcPost%3A7402010476257349632%2C7403022248208486400%29
2025-12-06 10:21:54,LIKE,https://www.linkedin.com/feed/update/urn%3Ali%3Aactivity%3A7402980178718568448
2025-12-06 10:21:51,LIKE,https://www.linkedin.com/feed/update/urn%3Ali%3Aactivity%3A7401640061529952259
2025-12-06 10:21:45,LIKE,https://www.linkedin.com/feed/update/urn%3Ali%3Aactivity%3A7402953696126672898
2025-12-06 10:21:38,LIKE,https://www.linkedin.com/feed/update/urn%3Ali%3AugcPost%3A7402999079556853761
2025-12-06 10:21:09,LIKE,https://www.linkedin.com/feed/update/urn%3Ali%3AugcPost%3A7395868822198657024
2025-12-06 10:20:48,LIKE,https://www.linkedin.com/feed/update/urn%3Ali%3Aactivity%3A7401537825583616000
2025-12-06 10:20:41,LIKE,https://www.linkedin.com/feed/update/urn%3Ali%3Aactivity%3A7402396231311798273
2025-12-06 10:20:17,PRAISE,https://www.linkedin.com/feed/update/urn%3Ali%3Aactivity%3A7402940060980953088
2025-12-06 10:18:18,LIKE,https://www.linkedin.com/feed/update/urn%3Ali%3AugcPost%3A7402784945951412224
2025-12-06 10:18:05,INTEREST,https://www.linkedin.com/feed/update/urn%3Ali%3Aactivity%3A7402255399069839361
2025-12-06 10:10:31,LIKE,https://www.linkedin.com/feed/update/urn%3Ali%3Aactivity%3A7402956785680056320
2025-12-06 09:47:52,LIKE,https://www.linkedin.com/feed/update/urn%3Ali%3AugcPost%3A7402959094342676480
2025-12-06 07:09:21,LIKE,https://www.linkedin.com/feed/update/urn%3Ali%3AugcPost%3A7402921910621093888
2025-12-06 05:25:23,LIKE,https://www.linkedin.com/feed/update/urn%3Ali%3AugcPost%3A7400592701265539073
2025-12-06 05:25:15,LIKE,https://www.linkedin.com/feed/update/urn%3Ali%3AugcPost%3A7400790363591913472
2025-12-06 05:25:13,LIKE,https://www.linkedin.com/feed/update/urn%3Ali%3AugcPost%3A7402609581916680192
2025-12-06 05:24:51,LIKE,https://www.linkedin.com/feed/update/urn%3Ali%3AugcPost%3A7402921794308902913
2025-12-06 05:24:43,LIKE,https://www.linkedin.com/feed/update/urn%3Ali%3AugcPost%3A7402401854808375296
2025-12-06 05:16:42,LIKE,https://www.linkedin.com/feed/update/urn%3Ali%3Aactivity%3A7401652005494177794
2025-12-06 05:16:40,LIKE,https://www.linkedin.com/feed/update/urn%3Ali%3AugcPost%3A7402015258925596672
2025-12-06 05:16:05,LIKE,https://www.linkedin.com/feed/update/urn%3Ali%3AugcPost%3A7402930724716036096
2025-12-06 05:13:15,LIKE,https://www.linkedin.com/feed/update/urn%3Ali%3AugcPost%3A7402930742038568961
2025-12-06 05:12:56,LIKE,https://www.linkedin.com/feed/update/urn%3Ali%3AugcPost%3A7402038828779368450
2025-12-06 02:53:31,LIKE,https://www.linkedin.com/feed/update/urn%3Ali%3AugcPost%3A7399779741832056832
2025-12-06 02:53:17,LIKE,https://www.linkedin.com/feed/update/urn%3Ali%3AugcPost%3A7402803587049000960
2025-12-06 02:52:48,LIKE,https://www.linkedin.com/feed/update/urn%3Ali%3AugcPost%3A7402366722281803777
2025-12-06 02:52:41,LIKE,https://www.linkedin.com/feed/update/urn%3Ali%3Aactivity%3A7394903459931664384
2025-12-06 02:52:20,LIKE,https://www.linkedin.com/feed/update/urn%3Ali%3AugcPost%3A7400449833808932865
2025-12-06 02:52:12,LIKE,https://www.linkedin.com/feed/update/urn%3Ali%3Aactivity%3A7401369419098255360
2025-12-06 02:52:10,LIKE,https://www.linkedin.com/feed/update/urn%3Ali%3Aactivity%3A7402639871560798208
2025-12-06 02:52:04,LIKE,https://www.linkedin.com/feed/update/urn%3Ali%3AugcPost%3A7401851719820705792
2025-12-06 02:52:01,LIKE,https://www.linkedin.com/feed/update/urn%3Ali%3Aactivity%3A7402376175882346496
2025-12-06 02:49:19,LIKE,https://www.linkedin.com/feed/update/urn%3Ali%3AugcPost%3A7402581034866855936
2025-12-06 02:49:03,LIKE,https://www.linkedin.com/feed/update/urn%3Ali%3Aactivity%3A7402549807250051073
2025-12-06 02:48:04,LIKE,https://www.linkedin.com/feed/update/urn%3Ali%3AugcPost%3A7398397954706952192
2025-12-06 02:47:53,LIKE,https://www.linkedin.com/feed/update/urn%3Ali%3AugcPost%3A7401705472342294528
2025-12-06 01:41:38,LIKE,https://www.linkedin.com/feed/update/urn%3Ali%3AugcPost%3A7402690861790330880
2025-12-05 19:50:15,LIKE,https://www.linkedin.com/feed/update/urn%3Ali%3AugcPost%3A7401602287476973569
2025-12-05 19:50:06,LIKE,https://www.linkedin.com/feed/update/urn%3Ali%3Aactivity%3A7382037191268540416
2025-12-05 18:34:46,INTEREST,https://www.linkedin.com/feed/update/urn%3Ali%3Aactivity%3A7402694619928530944
2025-12-05 18:23:41,LIKE,https://www.linkedin.com/feed/update/urn%3Ali%3Aactivity%3A7402693304229974017
2025-12-05 18:23:27,LIKE,https://www.linkedin.com/feed/update/urn%3Ali%3Aactivity%3A7402649249303478272
2025-12-05 17:44:44,LIKE,https://www.linkedin.com/feed/update/urn%3Ali%3AugcPost%3A7402609836271853568
2025-12-05 17:44:35,LIKE,https://www.linkedin.com/feed/update/urn%3Ali%3AugcPost%3A7402749631790772226
2025-12-05 13:19:27,LIKE,https://www.linkedin.com/feed/update/urn%3Ali%3AugcPost%3A7402652325145853952
2025-12-05 11:28:24,LIKE,https://www.linkedin.com/feed/update/urn%3Ali%3AugcPost%3A7402599776044609536
2025-12-05 09:01:11,LIKE,https://www.linkedin.com/feed/update/urn%3Ali%3Aactivity%3A7402033641905987584
2025-12-05 09:01:07,LIKE,https://www.linkedin.com/feed/update/urn%3Ali%3AugcPost%3A7402276998468911105
2025-12-05 09:00:34,LIKE,https://www.linkedin.com/feed/update/urn%3Ali%3AugcPost%3A7401575843363401729
2025-12-05 09:00:00,LIKE,https://www.linkedin.com/feed/update/urn%3Ali%3AugcPost%3A7402591249834147841
2025-12-05 08:59:46,LIKE,https://www.linkedin.com/feed/update/urn%3Ali%3AugcPost%3A7398417410430775296
2025-12-05 08:59:38,LIKE,https://www.linkedin.com/feed/update/urn%3Ali%3AugcPost%3A7402331409866067968
2025-12-05 08:59:32,LIKE,https://www.linkedin.com/feed/update/urn%3Ali%3AugcPost%3A7402592844596592640
2025-12-05 06:59:31,LIKE,https://www.linkedin.com/feed/update/urn%3Ali%3Aactivity%3A7402561113961472000
2025-12-05 06:26:17,LIKE,https://www.linkedin.com/feed/update/urn%3Ali%3AugcPost%3A7401306696998010882
2025-12-05 03:46:32,LIKE,https://www.linkedin.com/feed/update/urn%3Ali%3AugcPost%3A7399341471084199936
2025-12-05 02:38:49,LIKE,https://www.linkedin.com/feed/update/urn%3Ali%3AugcPost%3A7402527049640484865
2025-12-05 01:59:00,LIKE,https://www.linkedin.com/feed/update/urn%3Ali%3AugcPost%3A7402426093628145664
2025-12-04 22:59:14,LIKE,https://www.linkedin.com/feed/update/urn%3Ali%3Aactivity%3A7402400649071763456
2025-12-04 22:57:38,LIKE,https://www.linkedin.com/feed/update/urn%3Ali%3Aactivity%3A7402420542781181953
2025-12-04 18:25:42,LIKE,https://www.linkedin.com/feed/update/urn%3Ali%3AugcPost%3A7401096404187697152
2025-12-04 18:25:37,LIKE,https://www.linkedin.com/feed/update/urn%3Ali%3AugcPost%3A7401175964023513089
2025-12-04 18:25:27,LIKE,https://www.linkedin.com/feed/update/urn%3Ali%3Aactivity%3A7396297174998839296
2025-12-04 18:24:49,LIKE,https://www.linkedin.com/feed/update/urn%3Ali%3AugcPost%3A7400457615438143488
2025-12-04 18:10:32,LIKE,https://www.linkedin.com/feed/update/urn%3Ali%3Aactivity%3A7391670682423820288
2025-12-04 18:05:50,LIKE,https://www.linkedin.com/feed/update/urn%3Ali%3AugcPost%3A7402316913856552960
2025-12-04 18:04:41,LIKE,https://www.linkedin.com/feed/update/urn%3Ali%3AugcPost%3A7400232095920558080
2025-12-04 18:04:25,LIKE,https://www.linkedin.com/feed/update/urn%3Ali%3AugcPost%3A7402352190138613760
2025-12-04 17:50:47,LIKE,https://www.linkedin.com/feed/update/urn%3Ali%3AugcPost%3A7402296527622438912
2025-12-04 17:30:36,LIKE,https://www.linkedin.com/feed/update/urn%3Ali%3AugcPost%3A7402366914649559041
2025-12-04 17:30:27,LIKE,https://www.linkedin.com/feed/update/urn%3Ali%3AugcPost%3A7402357800733147136
2025-12-04 17:20:01,LIKE,https://www.linkedin.com/feed/update/urn%3Ali%3Aactivity%3A7402372405475840000
2025-12-04 17:19:56,LIKE,https://www.linkedin.com/feed/update/urn%3Ali%3AugcPost%3A7402344473541623808
2025-12-04 17:19:04,LIKE,https://www.linkedin.com/feed/update/urn%3Ali%3AugcPost%3A7402360230711631873
2025-12-04 17:05:24,LIKE,https://www.linkedin.com/feed/update/urn%3Ali%3AugcPost%3A7402391955067822080
2025-12-04 17:05:17,LIKE,https://www.linkedin.com/feed/update/urn%3Ali%3AugcPost%3A7402375468911431681
2025-12-04 16:28:03,INTEREST,https://www.linkedin.com/feed/update/urn%3Ali%3AugcPost%3A7381726337205587968
2025-12-04 15:48:11,LIKE,https://www.linkedin.com/feed/update/urn%3Ali%3AugcPost%3A7402338910934278144
2025-12-04 15:47:48,LIKE,https://www.linkedin.com/feed/update/urn%3Ali%3AugcPost%3A7402072835235495936
2025-12-04 15:47:29,LIKE,https://www.linkedin.com/feed/update/urn%3Ali%3AugcPost%3A7398443365245247488
2025-12-04 15:47:04,LIKE,https://www.linkedin.com/feed/update/urn%3Ali%3AugcPost%3A7402286519174291456
2025-12-04 15:47:01,LIKE,https://www.linkedin.com/feed/update/urn%3Ali%3Aactivity%3A7400150034047991808
2025-12-04 15:46:55,LIKE,https://www.linkedin.com/feed/update/urn%3Ali%3AugcPost%3A7402285246865440769
2025-12-04 15:44:33,LIKE,https://www.linkedin.com/feed/update/urn%3Ali%3Aactivity%3A7402300670625943552
2025-12-04 15:42:50,LIKE,https://www.linkedin.com/feed/update/urn%3Ali%3AugcPost%3A7402333617370288128
2025-12-04 15:42:26,LIKE,https://www.linkedin.com/feed/update/urn%3Ali%3AugcPost%3A7402341703090651136
2025-12-04 15:42:21,LIKE,https://www.linkedin.com/feed/update/urn%3Ali%3AugcPost%3A7402342392797929472
2025-12-04 14:52:07,LIKE,https://www.linkedin.com/feed/update/urn%3Ali%3Aactivity%3A7400204224988508160
2025-12-04 14:51:49,LIKE,https://www.linkedin.com/feed/update/urn%3Ali%3AugcPost%3A7402308037258244096
2025-12-04 14:51:38,LIKE,https://www.linkedin.com/feed/update/urn%3Ali%3AugcPost%3A7401940263381925889
2025-12-04 14:51:35,LIKE,https://www.linkedin.com/feed/update/urn%3Ali%3AugcPost%3A7402349006393389056
2025-12-04 13:52:17,LIKE,https://www.linkedin.com/feed/update/urn%3Ali%3AugcPost%3A7402243023662657536
2025-12-04 13:09:56,LIKE,https://www.linkedin.com/feed/update/urn%3Ali%3Aactivity%3A7402330914070036482
2025-12-04 08:16:41,LIKE,https://www.linkedin.com/feed/update/urn%3Ali%3AugcPost%3A7402196560266379264
2025-12-04 08:16:19,LIKE,https://www.linkedin.com/feed/update/urn%3Ali%3AugcPost%3A7402233358216499200
2025-12-04 07:54:14,LIKE,https://www.linkedin.com/feed/update/urn%3Ali%3AugcPost%3A7402246306410405889
2025-12-04 07:38:51,LIKE,https://www.linkedin.com/feed/update/urn%3Ali%3AugcPost%3A7402220892451479552
2025-12-04 05:49:40,LIKE,https://www.linkedin.com/feed/update/urn%3Ali%3AugcPost%3A7402216013381169153
2025-12-04 05:49:30,LIKE,https://www.linkedin.com/feed/update/urn%3Ali%3AugcPost%3A7402156620639543296
2025-12-04 04:56:19,LIKE,https://www.linkedin.com/feed/update/urn%3Ali%3AugcPost%3A7393583561095888896
2025-12-04 03:55:32,LIKE,https://www.linkedin.com/feed/update/urn%3Ali%3Aactivity%3A7401968571238653952
2025-12-04 03:54:56,LIKE,https://www.linkedin.com/feed/update/urn%3Ali%3Aactivity%3A7401961943735021568
2025-12-04 03:51:21,LIKE,https://www.linkedin.com/feed/update/urn%3Ali%3AugcPost%3A7400033736857194496
2025-12-04 03:51:09,LIKE,https://www.linkedin.com/feed/update/urn%3Ali%3AugcPost%3A7402053595527053312
2025-12-04 03:50:49,LIKE,https://www.linkedin.com/feed/update/urn%3Ali%3AugcPost%3A7401149323113271296
2025-12-04 03:48:19,LIKE,https://www.linkedin.com/feed/update/urn%3Ali%3Aactivity%3A7401266331909693441
2025-12-04 03:46:55,LIKE,https://www.linkedin.com/feed/update/urn%3Ali%3AugcPost%3A7402022274951766018
2025-12-04 03:44:53,LIKE,https://www.linkedin.com/feed/update/urn%3Ali%3AugcPost%3A7402001656324022272
2025-12-04 03:44:21,LIKE,https://www.linkedin.com/feed/update/urn%3Ali%3AugcPost%3A7402067030331592705
2025-12-04 03:44:12,EMPATHY,https://www.linkedin.com/feed/update/urn%3Ali%3Aactivity%3A7401968488887554048?commentUrn=urn%3Ali%3Acomment%3A%28activity%3A7401968488887554048%2C7402082812830588930%29
2025-12-03 19:45:06,LIKE,https://www.linkedin.com/feed/update/urn%3Ali%3AugcPost%3A7401722962334228481
2025-12-03 18:07:21,LIKE,https://www.linkedin.com/feed/update/urn%3Ali%3AugcPost%3A7399765519140253700
2025-12-03 18:03:40,LIKE,https://www.linkedin.com/feed/update/urn%3Ali%3Aactivity%3A7401968488887554048
2025-12-03 18:02:32,LIKE,https://www.linkedin.com/feed/update/urn%3Ali%3AgroupPost%3A12017374-7401905220769013761
2025-12-03 18:02:13,LIKE,https://www.linkedin.com/feed/update/urn%3Ali%3AugcPost%3A7400856120669577217
2025-12-03 18:01:31,LIKE,https://www.linkedin.com/feed/update/urn%3Ali%3AugcPost%3A7402024096571588608
2025-12-03 18:00:58,LIKE,https://www.linkedin.com/feed/update/urn%3Ali%3AugcPost%3A7400924861822304256
2025-12-03 17:59:48,LIKE,https://www.linkedin.com/feed/update/urn%3Ali%3AugcPost%3A7401854453517377536
2025-12-03 17:58:28,LIKE,https://www.linkedin.com/feed/update/urn%3Ali%3Aactivity%3A7401965350608584704
2025-12-03 17:51:51,PRAISE,https://www.linkedin.com/feed/update/urn%3Ali%3Aactivity%3A7402007441372356608
2025-12-03 17:03:48,EMPATHY,https://www.linkedin.com/feed/update/urn%3Ali%3AugcPost%3A7397951771836526592?commentUrn=urn%3Ali%3Acomment%3A%28ugcPost%3A7397951771836526592%2C7402026305883422720%29
2025-12-03 15:47:07,LIKE,https://www.linkedin.com/feed/update/urn%3Ali%3Aactivity%3A7402005404022394881
2025-12-03 15:28:29,LIKE,https://www.linkedin.com/feed/update/urn%3Ali%3AugcPost%3A7389649123546865665
2025-12-03 12:37:06,LIKE,https://www.linkedin.com/feed/update/urn%3Ali%3Aactivity%3A7401850676622102528
2025-12-03 10:42:44,LIKE,https://www.linkedin.com/feed/update/urn%3Ali%3AugcPost%3A7401865605844414465
2025-12-03 09:57:02,LIKE,https://www.linkedin.com/feed/update/urn%3Ali%3Aactivity%3A7401345549704241152
2025-12-03 09:57:01,LIKE,https://www.linkedin.com/feed/update/urn%3Ali%3Aactivity%3A7401892229121855488
2025-12-03 09:56:21,LIKE,https://www.linkedin.com/feed/update/urn%3Ali%3AugcPost%3A7400843025456836609
2025-12-03 09:56:16,LIKE,https://www.linkedin.com/feed/update/urn%3Ali%3Aactivity%3A7401625356975460352
2025-12-03 09:55:42,LIKE,https://www.linkedin.com/feed/update/urn%3Ali%3AugcPost%3A7398084782351372288
2025-12-03 09:55:33,LIKE,https://www.linkedin.com/feed/update/urn%3Ali%3Aactivity%3A7401893992713691136
2025-12-03 09:55:26,LIKE,https://www.linkedin.com/feed/update/urn%3Ali%3AugcPost%3A7401390384159023105
2025-12-03 09:55:07,LIKE,https://www.linkedin.com/feed/update/urn%3Ali%3Aactivity%3A7401840755482562560
2025-12-03 09:55:05,LIKE,https://www.linkedin.com/feed/update/urn%3Ali%3AugcPost%3A7400959227776679936
2025-12-03 09:54:15,LIKE,https://www.linkedin.com/feed/update/urn%3Ali%3AugcPost%3A7401843942314418176
2025-12-03 09:52:56,LIKE,https://www.linkedin.com/feed/update/urn%3Ali%3AugcPost%3A7401856721251733504
2025-12-03 05:21:11,LIKE,https://www.linkedin.com/feed/update/urn%3Ali%3Aactivity%3A7401842343072497664
2025-12-03 04:01:32,LIKE,https://www.linkedin.com/feed/update/urn%3Ali%3AugcPost%3A7401629260609785856
2025-12-02 16:34:23,LIKE,https://www.linkedin.com/feed/update/urn%3Ali%3Aactivity%3A7401656014024220672
2025-12-02 15:46:15,LIKE,https://www.linkedin.com/feed/update/urn%3Ali%3Aactivity%3A7401621454624038912
2025-12-02 15:45:28,LIKE,https://www.linkedin.com/feed/update/urn%3Ali%3Aactivity%3A7401185432060968960
2025-12-02 15:29:03,LIKE,https://www.linkedin.com/feed/update/urn%3Ali%3AugcPost%3A7401584989928398848
2025-12-02 15:28:49,LIKE,https://www.linkedin.com/feed/update/urn%3Ali%3Aactivity%3A7401614374580396032
2025-12-02 15:28:22,LIKE,https://www.linkedin.com/feed/update/urn%3Ali%3AugcPost%3A7401558473869860865
2025-12-02 15:27:21,LIKE,https://www.linkedin.com/feed/update/urn%3Ali%3AugcPost%3A7401610522191941632
2025-12-02 15:24:14,EMPATHY,https://www.linkedin.com/feed/update/urn%3Ali%3AugcPost%3A7401528666616422400?commentUrn=urn%3Ali%3Acomment%3A%28ugcPost%3A7401528666616422400%2C7401603163125952513%29
2025-12-02 14:55:41,LIKE,https://www.linkedin.com/feed/update/urn%3Ali%3AugcPost%3A7401617790954356737
2025-12-02 14:55:16,LIKE,https://www.linkedin.com/feed/update/urn%3Ali%3Aactivity%3A7401547196325941248
2025-12-02 14:55:09,LIKE,https://www.linkedin.com/feed/update/urn%3Ali%3Aactivity%3A7401588856602681345
2025-12-02 14:52:48,PRAISE,https://www.linkedin.com/feed/update/urn%3Ali%3AugcPost%3A7400592750267715584
2025-12-02 08:55:49,LIKE,https://www.linkedin.com/feed/update/urn%3Ali%3AugcPost%3A7401254331439804416
2025-12-02 08:06:18,LIKE,https://www.linkedin.com/feed/update/urn%3Ali%3Aactivity%3A7401243814725853185
2025-12-02 07:59:34,LIKE,https://www.linkedin.com/feed/update/urn%3Ali%3AugcPost%3A7401337316088442880
2025-12-02 07:59:02,LIKE,https://www.linkedin.com/feed/update/urn%3Ali%3AugcPost%3A7401283516107476992
2025-12-02 07:44:23,LIKE,https://www.linkedin.com/feed/update/urn%3Ali%3Aactivity%3A7401515577938403328
2025-12-02 07:43:10,EMPATHY,https://www.linkedin.com/feed/update/urn%3Ali%3AugcPost%3A7400599092881547264
2025-12-01 10:56:40,LIKE,https://www.linkedin.com/feed/update/urn%3Ali%3Aactivity%3A7401160788037738497
2025-12-01 10:56:33,LIKE,https://www.linkedin.com/feed/update/urn%3Ali%3AugcPost%3A7398473709335851008
2025-12-01 04:49:08,LIKE,https://www.linkedin.com/feed/update/urn%3Ali%3AugcPost%3A7400456408829292544
2025-12-01 04:48:55,LIKE,https://www.linkedin.com/feed/update/urn%3Ali%3AugcPost%3A7400974089789566976
2025-12-01 04:48:50,LIKE,https://www.linkedin.com/feed/update/urn%3Ali%3AugcPost%3A7401050042343702533
2025-12-01 03:58:17,LIKE,https://www.linkedin.com/feed/update/urn%3Ali%3AugcPost%3A7398046344113868803
2025-12-01 03:55:19,LIKE,https://www.linkedin.com/feed/update/urn%3Ali%3AugcPost%3A7400574756426522624
2025-12-01 03:55:10,LIKE,https://www.linkedin.com/feed/update/urn%3Ali%3Aactivity%3A7399289209498488832
2025-12-01 03:54:45,LIKE,https://www.linkedin.com/feed/update/urn%3Ali%3AugcPost%3A7401021698612822017
2025-11-30 19:24:56,LIKE,https://www.linkedin.com/feed/update/urn%3Ali%3Aactivity%3A7400885202832683008
2025-11-30 19:24:54,LIKE,https://www.linkedin.com/feed/update/urn%3Ali%3AugcPost%3A7399456770718420992
2025-11-30 19:23:53,LIKE,https://www.linkedin.com/feed/update/urn%3Ali%3AugcPost%3A7400952097904410625
2025-11-30 19:23:13,LIKE,https://www.linkedin.com/feed/update/urn%3Ali%3Aactivity%3A7400881303081893889
2025-11-30 19:21:02,LIKE,https://www.linkedin.com/feed/update/urn%3Ali%3AugcPost%3A7400895473772859393
2025-11-30 17:36:32,LIKE,https://www.linkedin.com/feed/update/urn%3Ali%3Aactivity%3A7400881307234357249
2025-11-30 17:36:25,LIKE,https://www.linkedin.com/feed/update/urn%3Ali%3Aactivity%3A7400944936751329280
2025-11-30 11:56:53,LIKE,https://www.linkedin.com/feed/update/urn%3Ali%3Aactivity%3A7400836745711308800
2025-11-30 08:26:19,LIKE,https://www.linkedin.com/feed/update/urn%3Ali%3Aactivity%3A7399809438695546880
2025-11-30 08:25:53,LIKE,https://www.linkedin.com/feed/update/urn%3Ali%3AgroupPost%3A16518004-7400758559782670336
2025-11-30 08:25:44,LIKE,https://www.linkedin.com/feed/update/urn%3Ali%3Aactivity%3A7400477354839625729
2025-11-30 08:24:39,EMPATHY,https://www.linkedin.com/feed/update/urn%3Ali%3AugcPost%3A7341159917526884352?commentUrn=urn%3Ali%3Acomment%3A%28ugcPost%3A7341159917526884352%2C7400806079770726400%29
2025-11-30 07:07:26,LIKE,https://www.linkedin.com/feed/update/urn%3Ali%3AugcPost%3A7399364321757167616
2025-11-30 07:07:13,PRAISE,https://www.linkedin.com/feed/update/urn%3Ali%3AugcPost%3A7400599133952036864
2025-11-30 07:07:06,LIKE,https://www.linkedin.com/feed/update/urn%3Ali%3AugcPost%3A7400174716834967553
2025-11-30 07:06:34,LIKE,https://www.linkedin.com/feed/update/urn%3Ali%3AugcPost%3A7375941324652359680
2025-11-30 07:05:23,LIKE,https://www.linkedin.com/feed/update/urn%3Ali%3Aactivity%3A7400566439209971712
2025-11-30 07:05:15,LIKE,https://www.linkedin.com/feed/update/urn%3Ali%3AugcPost%3A7399091495896743936
2025-11-30 07:05:03,LIKE,https://www.linkedin.com/feed/update/urn%3Ali%3AugcPost%3A7400501035716243456
2025-11-30 07:04:54,LIKE,https://www.linkedin.com/feed/update/urn%3Ali%3AugcPost%3A7400779162204037120
2025-11-30 07:04:48,LIKE,https://www.linkedin.com/feed/update/urn%3Ali%3AugcPost%3A7400779742636957696
2025-11-30 06:17:31,LIKE,https://www.linkedin.com/feed/update/urn%3Ali%3AugcPost%3A7400190682922995712
2025-11-30 06:17:19,LIKE,https://www.linkedin.com/feed/update/urn%3Ali%3Aactivity%3A7400522709773828096
2025-11-30 06:16:09,PRAISE,https://www.linkedin.com/feed/update/urn%3Ali%3AugcPost%3A7400504099026399232
2025-11-30 06:15:55,LIKE,https://www.linkedin.com/feed/update/urn%3Ali%3Aactivity%3A7400518903573155840
2025-11-30 06:15:17,LIKE,https://www.linkedin.com/feed/update/urn%3Ali%3AugcPost%3A7400724784906604544
2025-11-30 06:14:48,LIKE,https://www.linkedin.com/feed/update/urn%3Ali%3AugcPost%3A7396306898397880320
2025-11-30 06:14:43,LIKE,https://www.linkedin.com/feed/update/urn%3Ali%3Aactivity%3A7400164188041621504
2025-11-29 03:24:15,LIKE,https://www.linkedin.com/feed/update/urn%3Ali%3AugcPost%3A7400173212103397376
2025-11-29 03:22:36,LIKE,https://www.linkedin.com/feed/update/urn%3Ali%3AugcPost%3A7399867278378455040
2025-11-28 18:39:13,LIKE,https://www.linkedin.com/feed/update/urn%3Ali%3AugcPost%3A7399783331132956672
2025-11-28 18:38:58,LIKE,https://www.linkedin.com/feed/update/urn%3Ali%3AugcPost%3A7400089695130411008
2025-11-28 18:38:53,LIKE,https://www.linkedin.com/feed/update/urn%3Ali%3Aactivity%3A7400212194673688576
2025-11-28 14:34:24,LIKE,https://www.linkedin.com/feed/update/urn%3Ali%3Aactivity%3A7400156591527739393
2025-11-28 14:34:03,LIKE,https://www.linkedin.com/feed/update/urn%3Ali%3AugcPost%3A7399198124499636224
2025-11-28 14:33:06,LIKE,https://www.linkedin.com/feed/update/urn%3Ali%3Aactivity%3A7400156612705005568
2025-11-28 03:52:48,LIKE,https://www.linkedin.com/feed/update/urn%3Ali%3AugcPost%3A7398250947426275328
2025-11-27 18:33:35,EMPATHY,https://www.linkedin.com/feed/update/urn%3Ali%3Aactivity%3A7399771578571382784?commentUrn=urn%3Ali%3Acomment%3A%28activity%3A7399771578571382784%2C7399864358429974528%29
2025-11-27 17:16:15,LIKE,https://www.linkedin.com/feed/update/urn%3Ali%3AugcPost%3A7399367221153656832
2025-11-27 17:14:11,LIKE,https://www.linkedin.com/feed/update/urn%3Ali%3AugcPost%3A7398153871132549120
2025-11-27 17:14:05,LIKE,https://www.linkedin.com/feed/update/urn%3Ali%3Aactivity%3A7399794142559674368
2025-11-27 17:14:01,LIKE,https://www.linkedin.com/feed/update/urn%3Ali%3Aactivity%3A7399728021416624128
2025-11-27 17:13:53,LIKE,https://www.linkedin.com/feed/update/urn%3Ali%3AugcPost%3A7399835480500076544
2025-11-27 17:00:34,EMPATHY,https://www.linkedin.com/feed/update/urn%3Ali%3Aactivity%3A7399771578571382784
2025-11-27 03:31:27,LIKE,https://www.linkedin.com/feed/update/urn%3Ali%3AugcPost%3A7399543623098298369
2025-11-27 03:31:21,LIKE,https://www.linkedin.com/feed/update/urn%3Ali%3AugcPost%3A7397308082818580481
2025-11-27 02:59:55,LIKE,https://www.linkedin.com/feed/update/urn%3Ali%3AugcPost%3A7399019526744367104
2025-11-27 02:59:02,LIKE,https://www.linkedin.com/feed/update/urn%3Ali%3AugcPost%3A7399444837747531777
2025-11-27 02:58:49,LIKE,https://www.linkedin.com/feed/update/urn%3Ali%3AugcPost%3A7399399298154643456
2025-11-27 02:58:46,LIKE,https://www.linkedin.com/feed/update/urn%3Ali%3AugcPost%3A7399153565975498755
2025-11-27 02:58:37,LIKE,https://www.linkedin.com/feed/update/urn%3Ali%3AugcPost%3A7399391814887059457
2025-11-27 02:57:35,LIKE,https://www.linkedin.com/feed/update/urn%3Ali%3AugcPost%3A7399442943063031808
2025-11-27 02:53:34,LIKE,https://www.linkedin.com/feed/update/urn%3Ali%3Aactivity%3A7398707565049663488
2025-11-27 02:53:25,PRAISE,https://www.linkedin.com/feed/update/urn%3Ali%3Aactivity%3A7399605457935400960
2025-11-27 02:53:06,LIKE,https://www.linkedin.com/feed/update/urn%3Ali%3AugcPost%3A7399441102187188224?commentUrn=urn%3Ali%3Acomment%3A%28ugcPost%3A7399441102187188224%2C7399577148476383232%29
2025-11-26 21:57:32,LIKE,https://www.linkedin.com/feed/update/urn%3Ali%3Aactivity%3A7399069429700980738
2025-11-26 21:34:48,LIKE,https://www.linkedin.com/feed/update/urn%3Ali%3Aactivity%3A7399125983880024064
2025-11-26 21:34:07,LIKE,https://www.linkedin.com/feed/update/urn%3Ali%3AugcPost%3A7399441102187188224?commentUrn=urn%3Ali%3Acomment%3A%28ugcPost%3A7399441102187188224%2C7399558824530993153%29
2025-11-26 20:52:28,LIKE,https://www.linkedin.com/feed/update/urn%3Ali%3Aactivity%3A7399376551261421568
2025-11-26 20:48:18,LIKE,https://www.linkedin.com/feed/update/urn%3Ali%3Aactivity%3A7399431823761559552
2025-11-26 20:47:54,LIKE,https://www.linkedin.com/feed/update/urn%3Ali%3AugcPost%3A7399513780088545280
2025-11-26 20:47:17,LIKE,https://www.linkedin.com/feed/update/urn%3Ali%3AugcPost%3A7399241563002011648
2025-11-26 18:42:17,LIKE,https://www.linkedin.com/feed/update/urn%3Ali%3Aactivity%3A7399508970995965952
2025-11-26 18:41:22,LIKE,https://www.linkedin.com/feed/update/urn%3Ali%3AugcPost%3A7399441102187188224
2025-11-26 18:40:47,LIKE,https://www.linkedin.com/feed/update/urn%3Ali%3Aactivity%3A7399431774394683392
2025-11-26 12:43:03,LIKE,https://www.linkedin.com/feed/update/urn%3Ali%3AugcPost%3A7399317599119126528
2025-11-26 12:42:12,LIKE,https://www.linkedin.com/feed/update/urn%3Ali%3AugcPost%3A7399340850914234368
2025-11-26 12:41:47,LIKE,https://www.linkedin.com/feed/update/urn%3Ali%3AugcPost%3A7399185780323254272
2025-11-26 08:33:47,LIKE,https://www.linkedin.com/feed/update/urn%3Ali%3AugcPost%3A7399344594712297472
2025-11-26 03:29:47,LIKE,https://www.linkedin.com/feed/update/urn%3Ali%3Aactivity%3A7396841843860344834
2025-11-26 03:29:38,LIKE,https://www.linkedin.com/feed/update/urn%3Ali%3AgroupPost%3A12017374-7399135487787003904
2025-11-25 16:31:37,LIKE,https://www.linkedin.com/feed/update/urn%3Ali%3AugcPost%3A7399095459715174400
2025-11-25 10:28:51,LIKE,https://www.linkedin.com/feed/update/urn%3Ali%3AugcPost%3A7398823422350503936
2025-11-25 10:28:46,LIKE,https://www.linkedin.com/feed/update/urn%3Ali%3AugcPost%3A7394397200673300480
2025-11-25 10:27:18,LIKE,https://www.linkedin.com/feed/update/urn%3Ali%3Aactivity%3A7398561179692015616
2025-11-25 10:27:09,LIKE,https://www.linkedin.com/feed/update/urn%3Ali%3AugcPost%3A7392828107885518848
2025-11-25 10:26:09,LIKE,https://www.linkedin.com/feed/update/urn%3Ali%3Aactivity%3A7398994027640999937
2025-11-25 10:25:22,LIKE,https://www.linkedin.com/feed/update/urn%3Ali%3AugcPost%3A7398712874593865728
2025-11-25 10:25:13,LIKE,https://www.linkedin.com/feed/update/urn%3Ali%3AugcPost%3A7398993368715816961
2025-11-25 10:23:06,INTEREST,https://www.linkedin.com/feed/update/urn%3Ali%3AugcPost%3A7399004722734690305
2025-11-25 07:27:13,LIKE,https://www.linkedin.com/feed/update/urn%3Ali%3AugcPost%3A7398801587067949056
2025-11-25 07:24:07,LIKE,https://www.linkedin.com/feed/update/urn%3Ali%3Aactivity%3A7398692703447838720
2025-11-25 07:23:22,LIKE,https://www.linkedin.com/feed/update/urn%3Ali%3AugcPost%3A7398617312540405760
2025-11-25 07:17:41,LIKE,https://www.linkedin.com/feed/update/urn%3Ali%3AugcPost%3A7398620610047926272
2025-11-25 07:16:52,LIKE,https://www.linkedin.com/feed/update/urn%3Ali%3AugcPost%3A7398958781256278017
2025-11-25 06:02:27,LIKE,https://www.linkedin.com/feed/update/urn%3Ali%3AugcPost%3A7398752279371161601
2025-11-25 05:16:53,LIKE,https://www.linkedin.com/feed/update/urn%3Ali%3AugcPost%3A7398454583586500610
2025-11-25 05:16:11,LIKE,https://www.linkedin.com/feed/update/urn%3Ali%3AugcPost%3A7398744158808530944
2025-11-25 04:49:20,LIKE,https://www.linkedin.com/feed/update/urn%3Ali%3AugcPost%3A7398670627504791552
2025-11-25 04:49:03,LIKE,https://www.linkedin.com/feed/update/urn%3Ali%3AugcPost%3A7397686946292064256
2025-11-25 04:48:18,LIKE,https://www.linkedin.com/feed/update/urn%3Ali%3AugcPost%3A7398897851486916608
2025-11-25 04:34:05,LIKE,https://www.linkedin.com/feed/update/urn%3Ali%3AugcPost%3A7398792053494726656
2025-11-24 23:43:29,LIKE,https://www.linkedin.com/feed/update/urn%3Ali%3AugcPost%3A7398355327894700032
2025-11-24 23:43:00,PRAISE,https://www.linkedin.com/feed/update/urn%3Ali%3Aactivity%3A7398708986537177088
2025-11-24 11:55:32,LIKE,https://www.linkedin.com/feed/update/urn%3Ali%3AugcPost%3A7365062093126959105
2025-11-24 11:50:37,LIKE,https://www.linkedin.com/feed/update/urn%3Ali%3Aactivity%3A7398563571166511104
2025-11-24 10:21:43,LIKE,https://www.linkedin.com/feed/update/urn%3Ali%3AugcPost%3A7398625326630801409
2025-11-24 10:21:14,LIKE,https://www.linkedin.com/feed/update/urn%3Ali%3AugcPost%3A7398625195994849280
2025-11-24 07:35:35,LIKE,https://www.linkedin.com/feed/update/urn%3Ali%3AugcPost%3A7398481086613315584
2025-11-24 00:06:48,LIKE,https://www.linkedin.com/feed/update/urn%3Ali%3AugcPost%3A7393605714310742016
2025-11-24 00:06:00,APPRECIATION,https://www.linkedin.com/feed/update/urn%3Ali%3AugcPost%3A7391057486465777664
2025-11-24 00:05:06,LIKE,https://www.linkedin.com/feed/update/urn%3Ali%3Aactivity%3A7395105757106622465
2025-11-23 23:55:48,LIKE,https://www.linkedin.com/feed/update/urn%3Ali%3Aactivity%3A7387345413076475904
2025-11-23 23:55:26,LIKE,https://www.linkedin.com/feed/update/urn%3Ali%3AugcPost%3A7397317518039879682
2025-11-23 23:55:05,LIKE,https://www.linkedin.com/feed/update/urn%3Ali%3Aactivity%3A7393991902452289537
2025-11-23 23:55:00,LIKE,https://www.linkedin.com/feed/update/urn%3Ali%3AugcPost%3A7398295049576325120
2025-11-23 23:54:34,LIKE,https://www.linkedin.com/feed/update/urn%3Ali%3AugcPost%3A7398339920588652544
2025-11-23 23:54:21,LIKE,https://www.linkedin.com/feed/update/urn%3Ali%3Aactivity%3A7398353662147817472
2025-11-23 23:52:42,LIKE,https://www.linkedin.com/feed/update/urn%3Ali%3AugcPost%3A7396941212122890240
2025-11-23 23:51:48,LIKE,https://www.linkedin.com/feed/update/urn%3Ali%3AugcPost%3A7398417932076318721
2025-11-23 23:51:01,LIKE,https://www.linkedin.com/feed/update/urn%3Ali%3AugcPost%3A7398389156319719424
2025-11-23 23:11:43,EMPATHY,https://www.linkedin.com/feed/update/urn%3Ali%3AugcPost%3A7398386278695854080
2025-11-23 17:26:16,LIKE,https://www.linkedin.com/feed/update/urn%3Ali%3Aactivity%3A7398344582385786880
2025-11-23 17:26:06,EMPATHY,https://www.linkedin.com/feed/update/urn%3Ali%3AugcPost%3A7397951771836526592?commentUrn=urn%3Ali%3Acomment%3A%28ugcPost%3A7397951771836526592%2C7398410556665167872%29
2025-11-23 15:24:28,LIKE,https://www.linkedin.com/feed/update/urn%3Ali%3AugcPost%3A7398337754197127168
2025-11-23 15:24:22,LIKE,https://www.linkedin.com/feed/update/urn%3Ali%3Aactivity%3A7398342831100047360
2025-11-23 12:08:31,LIKE,https://www.linkedin.com/feed/update/urn%3Ali%3AugcPost%3A7398265760638369792
2025-11-23 10:27:18,LIKE,https://www.linkedin.com/feed/update/urn%3Ali%3AugcPost%3A7393593168501370881
2025-11-23 10:25:05,LIKE,https://www.linkedin.com/feed/update/urn%3Ali%3AugcPost%3A7394650115514404864
2025-11-23 10:24:22,LIKE,https://www.linkedin.com/feed/update/urn%3Ali%3AugcPost%3A7398269288589074432
2025-11-23 10:23:09,LIKE,https://www.linkedin.com/feed/update/urn%3Ali%3Aactivity%3A7398053876181909504?commentUrn=urn%3Ali%3Acomment%3A%28activity%3A7398053876181909504%2C7398298243182366720%29
2025-11-23 09:45:25,INTEREST,https://www.linkedin.com/feed/update/urn%3Ali%3Aactivity%3A7394720705596026880?commentUrn=urn%3Ali%3Acomment%3A%28activity%3A7394720705596026880%2C7398290948700508160%29
2025-11-23 09:26:40,LIKE,https://www.linkedin.com/feed/update/urn%3Ali%3AugcPost%3A7398251104116883457
2025-11-23 07:27:23,LIKE,https://www.linkedin.com/feed/update/urn%3Ali%3Aactivity%3A7397531626714333184
2025-11-23 05:10:44,LIKE,https://www.linkedin.com/feed/update/urn%3Ali%3Aactivity%3A7395732395511148544
2025-11-23 05:10:32,PRAISE,https://www.linkedin.com/feed/update/urn%3Ali%3AugcPost%3A7397289001742852098
2025-11-23 05:10:26,LIKE,https://www.linkedin.com/feed/update/urn%3Ali%3AugcPost%3A7397292453998821376
2025-11-23 05:10:16,LIKE,https://www.linkedin.com/feed/update/urn%3Ali%3AugcPost%3A7397977615317278720
2025-11-23 05:10:12,LIKE,https://www.linkedin.com/feed/update/urn%3Ali%3AugcPost%3A7392626417236332544
2025-11-23 05:10:06,LIKE,https://www.linkedin.com/feed/update/urn%3Ali%3AugcPost%3A7394080051190775808
2025-11-23 05:08:45,INTEREST,https://www.linkedin.com/feed/update/urn%3Ali%3Aactivity%3A7394720705596026880
2025-11-23 05:07:45,LIKE,https://www.linkedin.com/feed/update/urn%3Ali%3Aactivity%3A7396192933500137473
2025-11-23 05:04:14,LIKE,https://www.linkedin.com/feed/update/urn%3Ali%3Aactivity%3A7398053876181909504
2025-11-23 03:40:47,LIKE,https://www.linkedin.com/feed/update/urn%3Ali%3Aactivity%3A7395445488046739456
2025-11-23 03:40:42,LIKE,https://www.linkedin.com/feed/update/urn%3Ali%3AugcPost%3A7397788096311869441
2025-11-23 03:40:33,PRAISE,https://www.linkedin.com/feed/update/urn%3Ali%3AugcPost%3A7395394831633657856
2025-11-23 03:38:32,INTEREST,https://www.linkedin.com/feed/update/urn%3Ali%3Aactivity%3A7393638412270063616
2025-11-23 03:36:53,LIKE,https://www.linkedin.com/feed/update/urn%3Ali%3Aactivity%3A7395807865929891841
2025-11-23 03:36:47,LIKE,https://www.linkedin.com/feed/update/urn%3Ali%3AugcPost%3A7393530273612726272
2025-11-23 03:34:48,EMPATHY,https://www.linkedin.com/feed/update/urn%3Ali%3AugcPost%3A7397951771836526592?commentUrn=urn%3Ali%3Acomment%3A%28ugcPost%3A7397951771836526592%2C7398197416769994752%29
2025-11-22 20:26:35,LIKE,https://www.linkedin.com/feed/update/urn%3Ali%3AugcPost%3A7397668414288326656
2025-11-22 17:59:47,LIKE,https://www.linkedin.com/feed/update/urn%3Ali%3Aactivity%3A7393613646934958082
2025-11-22 17:56:16,LIKE,https://www.linkedin.com/feed/update/urn%3Ali%3AugcPost%3A7393030884729364480
2025-11-22 17:02:20,LIKE,https://www.linkedin.com/feed/update/urn%3Ali%3Aactivity%3A7395170467948666881
2025-11-22 17:02:10,LIKE,https://www.linkedin.com/feed/update/urn%3Ali%3Aactivity%3A7397644438166208512
2025-11-22 17:01:55,LIKE,https://www.linkedin.com/feed/update/urn%3Ali%3AugcPost%3A7390832654910357504
2025-11-22 17:00:37,INTEREST,https://www.linkedin.com/feed/update/urn%3Ali%3Aactivity%3A7397357286135840768
2025-11-22 17:00:32,LIKE,https://www.linkedin.com/feed/update/urn%3Ali%3Aactivity%3A7393271187155550208
2025-11-22 17:00:15,LIKE,https://www.linkedin.com/feed/update/urn%3Ali%3AugcPost%3A7397704005285707776
2025-11-22 16:53:16,EMPATHY,https://www.linkedin.com/feed/update/urn%3Ali%3AugcPost%3A7397856172751364096
2025-11-22 16:50:46,LIKE,https://www.linkedin.com/feed/update/urn%3Ali%3Aactivity%3A7393992291784400896
2025-11-22 16:50:14,EMPATHY,https://www.linkedin.com/feed/update/urn%3Ali%3AugcPost%3A7397951771836526592?commentUrn=urn%3Ali%3Acomment%3A%28ugcPost%3A7397951771836526592%2C7398039908139032578%29
2025-11-22 16:39:24,EMPATHY,https://www.linkedin.com/feed/update/urn%3Ali%3AugcPost%3A7397951771836526592?commentUrn=urn%3Ali%3Acomment%3A%28ugcPost%3A7397951771836526592%2C7398036525063589888%29
2025-11-22 16:39:13,LIKE,https://www.linkedin.com/feed/update/urn%3Ali%3AugcPost%3A7388719150912770049
2025-11-22 16:24:32,LIKE,https://www.linkedin.com/feed/update/urn%3Ali%3AugcPost%3A7397615659872006145
2025-11-22 16:24:06,LIKE,https://www.linkedin.com/feed/update/urn%3Ali%3Aactivity%3A7397526539522699264
2025-11-22 16:23:59,LIKE,https://www.linkedin.com/feed/update/urn%3Ali%3AugcPost%3A7394350268194390016
2025-11-22 16:10:28,EMPATHY,https://www.linkedin.com/feed/update/urn%3Ali%3AugcPost%3A7397951771836526592?commentUrn=urn%3Ali%3Acomment%3A%28ugcPost%3A7397951771836526592%2C7398029023861391362%29
2025-11-22 16:01:57,LIKE,https://www.linkedin.com/feed/update/urn%3Ali%3AugcPost%3A7397611383611154433
2025-11-22 15:53:50,LIKE,https://www.linkedin.com/feed/update/urn%3Ali%3AugcPost%3A7392550489353015296
2025-11-22 15:53:43,LIKE,https://www.linkedin.com/feed/update/urn%3Ali%3Aactivity%3A7396506578234785792
2025-11-22 15:53:40,LIKE,https://www.linkedin.com/feed/update/urn%3Ali%3Aactivity%3A7397906724206309376
2025-11-22 15:11:52,LIKE,https://www.linkedin.com/feed/update/urn%3Ali%3AugcPost%3A7389696334141874178
2025-11-22 15:11:49,LIKE,https://www.linkedin.com/feed/update/urn%3Ali%3AugcPost%3A7397867323392430080
2025-11-22 15:11:47,LIKE,https://www.linkedin.com/feed/update/urn%3Ali%3AugcPost%3A7397539780131168256
2025-11-22 15:11:37,LIKE,https://www.linkedin.com/feed/update/urn%3Ali%3Aactivity%3A7394358361422725120
2025-11-22 15:09:20,LIKE,https://www.linkedin.com/feed/update/urn%3Ali%3AugcPost%3A7397980339383525376
2025-11-22 15:09:14,LIKE,https://www.linkedin.com/feed/update/urn%3Ali%3Aactivity%3A7396895061831061504
2025-11-22 13:20:11,LIKE,https://www.linkedin.com/feed/update/urn%3Ali%3AugcPost%3A7397980860605591554
2025-11-22 13:20:07,LIKE,https://www.linkedin.com/feed/update/urn%3Ali%3Aactivity%3A7397982189931462656
2025-11-22 13:19:24,EMPATHY,https://www.linkedin.com/feed/update/urn%3Ali%3AugcPost%3A7397951771836526592?commentUrn=urn%3Ali%3Acomment%3A%28ugcPost%3A7397951771836526592%2C7397980549962850304%29
2025-11-22 11:55:16,EMPATHY,https://www.linkedin.com/feed/update/urn%3Ali%3AugcPost%3A7397951771836526592?commentUrn=urn%3Ali%3Acomment%3A%28ugcPost%3A7397951771836526592%2C7397963670825308160%29
2025-11-22 11:54:52,LIKE,https://www.linkedin.com/feed/update/urn%3Ali%3AugcPost%3A7393225616709369856
2025-11-22 11:54:27,LIKE,https://www.linkedin.com/feed/update/urn%3Ali%3AugcPost%3A7397928053005479936
2025-11-22 11:47:56,LIKE,https://www.linkedin.com/feed/update/urn%3Ali%3AugcPost%3A7397772444553478145
2025-11-22 11:47:44,LIKE,https://www.linkedin.com/feed/update/urn%3Ali%3AugcPost%3A7394819276009988097
2025-11-22 11:10:01,EMPATHY,https://www.linkedin.com/feed/update/urn%3Ali%3AugcPost%3A7397953524837306368
2025-11-22 11:09:16,APPRECIATION,https://www.linkedin.com/feed/update/urn%3Ali%3AugcPost%3A7397951771836526592?commentUrn=urn%3Ali%3Acomment%3A%28ugcPost%3A7397951771836526592%2C7397953656450551808%29
2025-11-22 11:03:35,LIKE,https://www.linkedin.com/feed/update/urn%3Ali%3AugcPost%3A7397897127517126656
2025-11-22 10:56:46,LIKE,https://www.linkedin.com/feed/update/urn%3Ali%3AugcPost%3A7397671097166458882
2025-11-22 10:56:20,ENTERTAINMENT,https://www.linkedin.com/feed/update/urn%3Ali%3Aactivity%3A7397922342129184768
2025-11-22 10:56:19,INTEREST,https://www.linkedin.com/feed/update/urn%3Ali%3AugcPost%3A7397909393272528896
2025-11-22 10:55:37,LIKE,https://www.linkedin.com/feed/update/urn%3Ali%3AugcPost%3A7397770288626700288
2025-11-22 08:29:43,LIKE,https://www.linkedin.com/feed/update/urn%3Ali%3AugcPost%3A7397715076746620929
2025-11-22 08:29:01,LIKE,https://www.linkedin.com/feed/update/urn%3Ali%3AugcPost%3A7397376031768322048
2025-11-22 08:28:32,LIKE,https://www.linkedin.com/feed/update/urn%3Ali%3AugcPost%3A7397658063232466945
2025-11-22 08:27:51,EMPATHY,https://www.linkedin.com/feed/update/urn%3Ali%3AugcPost%3A7397875534426198016
2025-11-21 20:44:44,LIKE,https://www.linkedin.com/feed/update/urn%3Ali%3AugcPost%3A7393213991797305344
2025-11-21 20:44:39,LIKE,https://www.linkedin.com/feed/update/urn%3Ali%3Aactivity%3A7397287680889286656
2025-11-21 20:44:18,PRAISE,https://www.linkedin.com/feed/update/urn%3Ali%3Aactivity%3A7397619880713351168
2025-11-21 20:43:32,LIKE,https://www.linkedin.com/feed/update/urn%3Ali%3AugcPost%3A7394230787530842112
2025-11-21 20:43:07,LIKE,https://www.linkedin.com/feed/update/urn%3Ali%3Aactivity%3A7375505969700728833
2025-11-21 20:41:50,LIKE,https://www.linkedin.com/feed/update/urn%3Ali%3AugcPost%3A7394657757930479618
2025-11-21 20:41:42,LIKE,https://www.linkedin.com/feed/update/urn%3Ali%3AugcPost%3A7394660948592111616
2025-11-21 15:24:10,LIKE,https://www.linkedin.com/feed/update/urn%3Ali%3AugcPost%3A7397648365129330688
2025-11-21 14:37:40,LIKE,https://www.linkedin.com/feed/update/urn%3Ali%3Aactivity%3A7396086828971307009
2025-11-21 14:37:30,LIKE,https://www.linkedin.com/feed/update/urn%3Ali%3Aactivity%3A7391393014914629632
2025-11-21 14:37:24,LIKE,https://www.linkedin.com/feed/update/urn%3Ali%3AugcPost%3A7394410734333435904
2025-11-21 14:37:22,LIKE,https://www.linkedin.com/feed/update/urn%3Ali%3AugcPost%3A7396398973294448640
2025-11-21 14:36:38,EMPATHY,https://www.linkedin.com/feed/update/urn%3Ali%3Aactivity%3A7397643124132466688
2025-11-21 14:32:59,LIKE,https://www.linkedin.com/feed/update/urn%3Ali%3AugcPost%3A7395760526301040640
2025-11-21 14:32:51,LIKE,https://www.linkedin.com/feed/update/urn%3Ali%3AugcPost%3A7397292679648317440
2025-11-21 14:32:46,LIKE,https://www.linkedin.com/feed/update/urn%3Ali%3AugcPost%3A7397589267603996672
2025-11-21 14:32:31,LIKE,https://www.linkedin.com/feed/update/urn%3Ali%3Aactivity%3A7397619885754851329
2025-11-21 14:32:28,LIKE,https://www.linkedin.com/feed/update/urn%3Ali%3Aactivity%3A7397375323652182016
2025-11-21 13:40:23,LIKE,https://www.linkedin.com/feed/update/urn%3Ali%3AugcPost%3A7397623410086002688
2025-11-21 13:36:47,LIKE,https://www.linkedin.com/feed/update/urn%3Ali%3AugcPost%3A7394642461534601216
2025-11-21 10:04:00,LIKE,https://www.linkedin.com/feed/update/urn%3Ali%3AugcPost%3A7397562979656867840
2025-11-21 08:33:25,LIKE,https://www.linkedin.com/feed/update/urn%3Ali%3AugcPost%3A7397352910650679296
2025-11-21 07:04:41,LIKE,https://www.linkedin.com/feed/update/urn%3Ali%3AugcPost%3A7397354860494520321
2025-11-21 05:39:09,LIKE,https://www.linkedin.com/feed/update/urn%3Ali%3AugcPost%3A7396988428564738048
2025-11-21 05:38:42,LIKE,https://www.linkedin.com/feed/update/urn%3Ali%3Aactivity%3A7397364903730180096
2025-11-21 01:50:46,LIKE,https://www.linkedin.com/feed/update/urn%3Ali%3Aactivity%3A7397341695404814336
2025-11-20 15:56:56,EMPATHY,https://www.linkedin.com/feed/update/urn%3Ali%3AugcPost%3A7397299287732191233
2025-11-20 15:55:48,LIKE,https://www.linkedin.com/feed/update/urn%3Ali%3AugcPost%3A7397258506992549888
2025-11-20 15:55:19,LIKE,https://www.linkedin.com/feed/update/urn%3Ali%3AugcPost%3A7397280563415621632
2025-11-20 14:23:14,LIKE,https://www.linkedin.com/feed/update/urn%3Ali%3AugcPost%3A7396817291646160896
2025-11-20 13:53:50,LIKE,https://www.linkedin.com/feed/update/urn%3Ali%3Aactivity%3A7393549371629285376
2025-11-20 13:53:24,LIKE,https://www.linkedin.com/feed/update/urn%3Ali%3AugcPost%3A7397171178366357504
2025-11-20 13:51:49,LIKE,https://www.linkedin.com/feed/update/urn%3Ali%3Aactivity%3A7393134273911894016
2025-11-20 13:49:17,LIKE,https://www.linkedin.com/feed/update/urn%3Ali%3AugcPost%3A7396955048938901505
2025-11-20 13:49:04,LIKE,https://www.linkedin.com/feed/update/urn%3Ali%3Aactivity%3A7393268373846949888
2025-11-20 13:48:56,LIKE,https://www.linkedin.com/feed/update/urn%3Ali%3AgroupPost%3A25827-7397046525178142720
2025-11-20 13:48:52,LIKE,https://www.linkedin.com/feed/update/urn%3Ali%3Aactivity%3A7396714418333503488
2025-11-20 13:48:49,LIKE,https://www.linkedin.com/feed/update/urn%3Ali%3AugcPost%3A7393550618856009728
2025-11-20 13:48:44,LIKE,https://www.linkedin.com/feed/update/urn%3Ali%3Aactivity%3A7397089527225499648
2025-11-20 13:48:37,LIKE,https://www.linkedin.com/feed/update/urn%3Ali%3AugcPost%3A7397242565659512832
2025-11-20 13:48:32,LIKE,https://www.linkedin.com/feed/update/urn%3Ali%3Aactivity%3A7397166494972952576
2025-11-20 13:46:17,LIKE,https://www.linkedin.com/feed/update/urn%3Ali%3AugcPost%3A7397205969459609600
2025-11-20 09:48:58,LIKE,https://www.linkedin.com/feed/update/urn%3Ali%3AugcPost%3A7396978140901826560
2025-11-20 09:48:30,LIKE,https://www.linkedin.com/feed/update/urn%3Ali%3AugcPost%3A7396466618073001984
2025-11-20 09:47:53,LIKE,https://www.linkedin.com/feed/update/urn%3Ali%3AugcPost%3A7397203011275661315
2025-11-20 09:46:31,LIKE,https://www.linkedin.com/feed/update/urn%3Ali%3AugcPost%3A7397181399121813505
2025-11-20 09:43:58,LIKE,https://www.linkedin.com/feed/update/urn%3Ali%3AugcPost%3A7396687069617639424
2025-11-20 07:52:10,LIKE,https://www.linkedin.com/feed/update/urn%3Ali%3Aactivity%3A7393160282031894528
2025-11-20 07:51:29,LIKE,https://www.linkedin.com/feed/update/urn%3Ali%3AugcPost%3A7396949853391507457
2025-11-20 07:51:27,LIKE,https://www.linkedin.com/feed/update/urn%3Ali%3Aactivity%3A7395045524896215040
2025-11-20 07:50:34,LIKE,https://www.linkedin.com/feed/update/urn%3Ali%3AugcPost%3A7397140374030405632
2025-11-20 07:50:20,LIKE,https://www.linkedin.com/feed/update/urn%3Ali%3AugcPost%3A7393318566613274624
2025-11-20 07:49:37,LIKE,https://www.linkedin.com/feed/update/urn%3Ali%3AugcPost%3A7396885253019217920
2025-11-20 07:49:26,LIKE,https://www.linkedin.com/feed/update/urn%3Ali%3Aactivity%3A7396903362237054976
2025-11-20 01:56:23,PRAISE,https://www.linkedin.com/feed/update/urn%3Ali%3AugcPost%3A7396507552412332032
2025-11-20 01:56:02,LIKE,https://www.linkedin.com/feed/update/urn%3Ali%3Aactivity%3A7396964950889521153
2025-11-20 01:55:16,LIKE,https://www.linkedin.com/feed/update/urn%3Ali%3AugcPost%3A7396591056974372865
2025-11-19 15:57:04,LIKE,https://www.linkedin.com/feed/update/urn%3Ali%3AugcPost%3A7229841233739706368
2025-11-19 14:31:40,LIKE,https://www.linkedin.com/feed/update/urn%3Ali%3Aactivity%3A7266123866421243905
2025-11-19 14:31:06,LIKE,https://www.linkedin.com/feed/update/urn%3Ali%3Aactivity%3A7388583030308667393
2025-11-19 14:30:30,LIKE,https://www.linkedin.com/feed/update/urn%3Ali%3AugcPost%3A7394978754873417728
2025-11-19 14:26:49,LIKE,https://www.linkedin.com/feed/update/urn%3Ali%3AugcPost%3A7387502462972264448
2025-11-19 14:05:00,LIKE,https://www.linkedin.com/feed/update/urn%3Ali%3Aactivity%3A7394720763775406080
2025-11-19 14:04:54,LIKE,https://www.linkedin.com/feed/update/urn%3Ali%3Aactivity%3A7396904870307442689
2025-11-19 14:03:51,EMPATHY,https://www.linkedin.com/feed/update/urn%3Ali%3AugcPost%3A7390656386080223232
2025-11-19 14:01:52,LIKE,https://www.linkedin.com/feed/update/urn%3Ali%3AugcPost%3A7395864888885071873
2025-11-19 14:01:44,LIKE,https://www.linkedin.com/feed/update/urn%3Ali%3AugcPost%3A7396121360663461888
2025-11-19 14:01:15,LIKE,https://www.linkedin.com/feed/update/urn%3Ali%3Aactivity%3A7396877824147628034
2025-11-19 14:00:38,LIKE,https://www.linkedin.com/feed/update/urn%3Ali%3AugcPost%3A7392937016323268608
2025-11-19 14:00:34,LIKE,https://www.linkedin.com/feed/update/urn%3Ali%3AlyndaCourse%3A4360277
2025-11-19 14:00:21,LIKE,https://www.linkedin.com/feed/update/urn%3Ali%3AugcPost%3A7396851927407337472
2025-11-19 14:00:20,LIKE,https://www.linkedin.com/feed/update/urn%3Ali%3Aactivity%3A7396248776350355456
2025-11-19 13:59:50,LIKE,https://www.linkedin.com/feed/update/urn%3Ali%3Aactivity%3A7387487829825683456
2025-11-19 13:58:23,LIKE,https://www.linkedin.com/feed/update/urn%3Ali%3Aactivity%3A7396895086740967425
2025-11-19 10:56:27,LIKE,https://www.linkedin.com/feed/update/urn%3Ali%3AugcPost%3A7396603385212231680
2025-11-19 10:54:29,LIKE,https://www.linkedin.com/feed/update/urn%3Ali%3AugcPost%3A7396566515564630016
2025-11-19 10:53:16,LIKE,https://www.linkedin.com/feed/update/urn%3Ali%3AugcPost%3A7396578584372494336
2025-11-19 06:36:39,LIKE,https://www.linkedin.com/feed/update/urn%3Ali%3AugcPost%3A7394231007815823360
2025-11-19 06:34:10,LIKE,https://www.linkedin.com/feed/update/urn%3Ali%3AugcPost%3A7396444724988936193
2025-11-19 06:34:01,LIKE,https://www.linkedin.com/feed/update/urn%3Ali%3AugcPost%3A7396608883651334144
2025-11-19 03:10:47,LIKE,https://www.linkedin.com/feed/update/urn%3Ali%3AugcPost%3A7396578569629589505
2025-11-18 16:47:09,LIKE,https://www.linkedin.com/feed/update/urn%3Ali%3Aactivity%3A7396570165162901504
2025-11-18 15:14:04,LIKE,https://www.linkedin.com/feed/update/urn%3Ali%3AugcPost%3A7396472493730938880
2025-11-18 15:01:20,LIKE,https://www.linkedin.com/feed/update/urn%3Ali%3Aactivity%3A7396532753850339328
2025-11-18 14:58:45,LIKE,https://www.linkedin.com/feed/update/urn%3Ali%3AugcPost%3A7396551752701075456
2025-11-18 13:08:34,LIKE,https://www.linkedin.com/feed/update/urn%3Ali%3AugcPost%3A7396521340507144192
2025-11-18 11:13:31,LIKE,https://www.linkedin.com/feed/update/urn%3Ali%3Aactivity%3A7396094827852996608
2025-11-18 11:13:16,LIKE,https://www.linkedin.com/feed/update/urn%3Ali%3AugcPost%3A7396450823645597696
2025-11-18 11:01:39,LIKE,https://www.linkedin.com/feed/update/urn%3Ali%3AugcPost%3A7396458917792415744
2025-11-18 11:01:32,LIKE,https://www.linkedin.com/feed/update/urn%3Ali%3AugcPost%3A7396434715932594176
2025-11-18 06:43:54,LIKE,https://www.linkedin.com/feed/update/urn%3Ali%3AugcPost%3A7396071875417858048
2025-11-17 23:29:48,LIKE,https://www.linkedin.com/feed/update/urn%3Ali%3Aactivity%3A7396260510524104706
2025-11-17 23:29:28,LIKE,https://www.linkedin.com/feed/update/urn%3Ali%3AugcPost%3A7396209751342096385
2025-11-17 23:29:25,LIKE,https://www.linkedin.com/feed/update/urn%3Ali%3AugcPost%3A7396205362627956736
2025-11-17 23:29:03,LIKE,https://www.linkedin.com/feed/update/urn%3Ali%3Aactivity%3A7395486745942941697
2025-11-17 18:34:52,PRAISE,https://www.linkedin.com/feed/update/urn%3Ali%3AugcPost%3A7387558130466836480
2025-11-17 18:32:48,LIKE,https://www.linkedin.com/feed/update/urn%3Ali%3AugcPost%3A7396238673459027968
2025-11-17 18:32:37,LIKE,https://www.linkedin.com/feed/update/urn%3Ali%3Aactivity%3A7326317301249531905
2025-11-17 15:34:05,LIKE,https://www.linkedin.com/feed/update/urn%3Ali%3AugcPost%3A7395989246228185089
2025-11-17 15:33:23,LIKE,https://www.linkedin.com/feed/update/urn%3Ali%3AugcPost%3A7395986264287604736
2025-11-17 15:33:15,LIKE,https://www.linkedin.com/feed/update/urn%3Ali%3AugcPost%3A7396178375226183681
2025-11-17 15:32:15,LIKE,https://www.linkedin.com/feed/update/urn%3Ali%3AugcPost%3A7395701885174779904
2025-11-17 15:32:09,LIKE,https://www.linkedin.com/feed/update/urn%3Ali%3Aactivity%3A7396165040069988352
2025-11-17 15:32:04,LIKE,https://www.linkedin.com/feed/update/urn%3Ali%3Aactivity%3A7396155228762562560
2025-11-17 15:31:29,LIKE,https://www.linkedin.com/feed/update/urn%3Ali%3AugcPost%3A7396196481151631360
2025-11-17 15:31:08,LIKE,https://www.linkedin.com/feed/update/urn%3Ali%3AugcPost%3A7394957100734414848
2025-11-17 12:44:09,LIKE,https://www.linkedin.com/feed/update/urn%3Ali%3Aactivity%3A7393305918664314880
2025-11-17 12:30:56,LIKE,https://www.linkedin.com/feed/update/urn%3Ali%3AugcPost%3A7395004257223036930
2025-11-17 12:30:39,LIKE,https://www.linkedin.com/feed/update/urn%3Ali%3AugcPost%3A7394737337655779328
2025-11-17 12:30:35,LIKE,https://www.linkedin.com/feed/update/urn%3Ali%3Aactivity%3A7394406900756340737
2025-11-17 12:30:30,LIKE,https://www.linkedin.com/feed/update/urn%3Ali%3AugcPost%3A7395967002072305664
2025-11-17 12:29:48,LIKE,https://www.linkedin.com/feed/update/urn%3Ali%3Aactivity%3A7391845874605223936
2025-11-17 12:29:38,LIKE,https://www.linkedin.com/feed/update/urn%3Ali%3Aactivity%3A7394440550470479872
2025-11-17 12:28:54,LIKE,https://www.linkedin.com/feed/update/urn%3Ali%3Aactivity%3A7393651398862704640
2025-11-17 12:28:19,LIKE,https://www.linkedin.com/feed/update/urn%3Ali%3Aactivity%3A7395912012167299072
2025-11-17 12:27:49,LIKE,https://www.linkedin.com/feed/update/urn%3Ali%3AugcPost%3A7393763593911152640
2025-11-17 12:27:13,LIKE,https://www.linkedin.com/feed/update/urn%3Ali%3AugcPost%3A7396078400068583424
2025-11-17 12:27:08,LIKE,https://www.linkedin.com/feed/update/urn%3Ali%3Aactivity%3A7396134034160099329
2025-11-17 08:45:09,LIKE,https://www.linkedin.com/feed/update/urn%3Ali%3AugcPost%3A7396063185201643520
2025-11-17 07:26:21,LIKE,https://www.linkedin.com/feed/update/urn%3Ali%3Aactivity%3A7396057044094476288
2025-11-17 07:26:16,LIKE,https://www.linkedin.com/feed/update/urn%3Ali%3AugcPost%3A7395829385670430720
2025-11-17 07:26:03,LIKE,https://www.linkedin.com/feed/update/urn%3Ali%3AugcPost%3A7395945126742708224
2025-11-17 07:25:40,LIKE,https://www.linkedin.com/feed/update/urn%3Ali%3AugcPost%3A7394802568515944448
2025-11-17 07:25:35,EMPATHY,https://www.linkedin.com/feed/update/urn%3Ali%3Aactivity%3A7394802410767982593
2025-11-17 07:25:21,LIKE,https://www.linkedin.com/feed/update/urn%3Ali%3AugcPost%3A7393644796130545664
2025-11-17 07:23:33,LIKE,https://www.linkedin.com/feed/update/urn%3Ali%3Aactivity%3A7393310244644225024
2025-11-17 07:22:04,LIKE,https://www.linkedin.com/feed/update/urn%3Ali%3AugcPost%3A7395899347948883968
2025-11-17 07:21:52,LIKE,https://www.linkedin.com/feed/update/urn%3Ali%3AugcPost%3A7396060138140467200
2025-11-17 07:20:40,LIKE,https://www.linkedin.com/feed/update/urn%3Ali%3Aactivity%3A7395965714576138240
2025-11-17 02:29:35,LIKE,https://www.linkedin.com/feed/update/urn%3Ali%3Aactivity%3A7395446738582659072
2025-11-17 02:28:32,PRAISE,https://www.linkedin.com/feed/update/urn%3Ali%3AugcPost%3A7390089531397394432
2025-11-17 02:26:21,LIKE,https://www.linkedin.com/feed/update/urn%3Ali%3AugcPost%3A7396003962761445377
2025-11-16 20:58:15,LIKE,https://www.linkedin.com/feed/update/urn%3Ali%3Aactivity%3A7395926485309710336
2025-11-16 20:46:33,LIKE,https://www.linkedin.com/feed/update/urn%3Ali%3AugcPost%3A7395798318355927040
2025-11-16 20:45:54,LIKE,https://www.linkedin.com/feed/update/urn%3Ali%3AugcPost%3A7393858024811167745
2025-11-16 20:44:45,LIKE,https://www.linkedin.com/feed/update/urn%3Ali%3AugcPost%3A7395520448383344640
2025-11-16 20:44:38,LIKE,https://www.linkedin.com/feed/update/urn%3Ali%3AugcPost%3A7395472873777340417
2025-11-16 20:44:33,LIKE,https://www.linkedin.com/feed/update/urn%3Ali%3AugcPost%3A7394015241556303872
2025-11-16 20:44:06,LIKE,https://www.linkedin.com/feed/update/urn%3Ali%3Aactivity%3A7393715872273481728
2025-11-16 20:43:21,LIKE,https://www.linkedin.com/feed/update/urn%3Ali%3AugcPost%3A7395390372174180352
2025-11-16 20:43:13,LIKE,https://www.linkedin.com/feed/update/urn%3Ali%3Aactivity%3A7394196901191086081
2025-11-16 20:43:01,LIKE,https://www.linkedin.com/feed/update/urn%3Ali%3AugcPost%3A7389904117785296898
2025-11-16 20:40:31,LIKE,https://www.linkedin.com/feed/update/urn%3Ali%3Aactivity%3A7395482229629603840
2025-11-16 20:40:22,LIKE,https://www.linkedin.com/feed/update/urn%3Ali%3Aactivity%3A7395820550289461248
2025-11-16 18:24:14,LIKE,https://www.linkedin.com/feed/update/urn%3Ali%3Aactivity%3A7395498804709416960
2025-11-16 18:23:25,LIKE,https://www.linkedin.com/feed/update/urn%3Ali%3AugcPost%3A7389660015235784704
2025-11-16 18:01:14,LIKE,https://www.linkedin.com/feed/update/urn%3Ali%3AugcPost%3A7395697750480179200
2025-11-16 18:01:02,LIKE,https://www.linkedin.com/feed/update/urn%3Ali%3AugcPost%3A7393760421918322688
2025-11-16 18:00:32,LIKE,https://www.linkedin.com/feed/update/urn%3Ali%3AugcPost%3A7395878327645007872
2025-11-16 17:33:54,LIKE,https://www.linkedin.com/feed/update/urn%3Ali%3Aactivity%3A7395719024430604288
2025-11-16 17:33:41,LIKE,https://www.linkedin.com/feed/update/urn%3Ali%3AugcPost%3A7394786104278831104
2025-11-16 17:31:00,LIKE,https://www.linkedin.com/feed/update/urn%3Ali%3AugcPost%3A7392931819362443265
2025-11-16 17:30:42,LIKE,https://www.linkedin.com/feed/update/urn%3Ali%3Aactivity%3A7395474719715762176
2025-11-16 13:31:57,LIKE,https://www.linkedin.com/feed/update/urn%3Ali%3AugcPost%3A7395412010773082112
2025-11-16 12:22:44,LIKE,https://www.linkedin.com/feed/update/urn%3Ali%3AugcPost%3A7395479022752784384
2025-11-16 12:22:13,LIKE,https://www.linkedin.com/feed/update/urn%3Ali%3AugcPost%3A7395730905169965056
2025-11-16 12:22:01,LIKE,https://www.linkedin.com/feed/update/urn%3Ali%3AugcPost%3A7395796498724286464
2025-11-16 06:43:57,LIKE,https://www.linkedin.com/feed/update/urn%3Ali%3AugcPost%3A7395687167299223552
2025-11-16 04:04:26,INTEREST,https://www.linkedin.com/feed/update/urn%3Ali%3AugcPost%3A7395523411176984577
2025-11-16 04:04:04,LIKE,https://www.linkedin.com/feed/update/urn%3Ali%3AugcPost%3A7395170993440206848
2025-11-16 01:23:28,LIKE,https://www.linkedin.com/feed/update/urn%3Ali%3AugcPost%3A7354483548650680320
2025-11-16 01:23:16,LIKE,https://www.linkedin.com/feed/update/urn%3Ali%3Aactivity%3A7384853997473599488
2025-11-16 01:22:06,LIKE,https://www.linkedin.com/feed/update/urn%3Ali%3AugcPost%3A7395468517959004160
2025-11-16 01:21:48,LIKE,https://www.linkedin.com/feed/update/urn%3Ali%3AugcPost%3A7395425054521618432
2025-11-16 01:21:39,LIKE,https://www.linkedin.com/feed/update/urn%3Ali%3AugcPost%3A7395536368321429504
2025-11-16 01:20:46,LIKE,https://www.linkedin.com/feed/update/urn%3Ali%3AugcPost%3A7395397810583560192
2025-11-16 01:20:35,LIKE,https://www.linkedin.com/feed/update/urn%3Ali%3AugcPost%3A7395019646170693632
2025-11-15 16:30:21,LIKE,https://www.linkedin.com/feed/update/urn%3Ali%3AugcPost%3A7395147948847751168
2025-11-15 15:25:09,LIKE,https://www.linkedin.com/feed/update/urn%3Ali%3Aactivity%3A7390415184323969024
2025-11-15 11:25:42,LIKE,https://www.linkedin.com/feed/update/urn%3Ali%3Aactivity%3A7395414867542859776
2025-11-15 09:47:18,LIKE,https://www.linkedin.com/feed/update/urn%3Ali%3AugcPost%3A7395082345579634688
2025-11-15 09:46:57,LIKE,https://www.linkedin.com/feed/update/urn%3Ali%3AugcPost%3A7389695967601549312
2025-11-15 09:46:52,LIKE,https://www.linkedin.com/feed/update/urn%3Ali%3AugcPost%3A7395046003105697792
2025-11-15 09:46:08,LIKE,https://www.linkedin.com/feed/update/urn%3Ali%3AugcPost%3A7394496362299564032
2025-11-15 09:46:00,LIKE,https://www.linkedin.com/feed/update/urn%3Ali%3Aactivity%3A7393850189083557888
2025-11-15 09:45:54,LIKE,https://www.linkedin.com/feed/update/urn%3Ali%3AugcPost%3A7389599971857215488
2025-11-15 09:45:48,LIKE,https://www.linkedin.com/feed/update/urn%3Ali%3AugcPost%3A7394958177043152896
2025-11-15 09:45:10,LIKE,https://www.linkedin.com/feed/update/urn%3Ali%3Aactivity%3A7395378850475491328
2025-11-15 09:44:50,LIKE,https://www.linkedin.com/feed/update/urn%3Ali%3AugcPost%3A7395260859217813504
2025-11-15 09:44:42,LIKE,https://www.linkedin.com/feed/update/urn%3Ali%3AugcPost%3A7393305544171638784
2025-11-15 09:29:38,LIKE,https://www.linkedin.com/feed/update/urn%3Ali%3Aactivity%3A7378437232262651904
2025-11-15 00:46:33,LIKE,https://www.linkedin.com/feed/update/urn%3Ali%3Aactivity%3A7394743069373411328
2025-11-15 00:45:15,LIKE,https://www.linkedin.com/feed/update/urn%3Ali%3AugcPost%3A7394255284719845376
2025-11-14 23:47:04,LIKE,https://www.linkedin.com/feed/update/urn%3Ali%3Aactivity%3A7394325630676520960
2025-11-14 17:11:16,LIKE,https://www.linkedin.com/feed/update/urn%3Ali%3AugcPost%3A7394996083099209728
2025-11-14 17:11:08,LIKE,https://www.linkedin.com/feed/update/urn%3Ali%3Aactivity%3A7394802706999160832
2025-11-14 14:07:59,LIKE,https://www.linkedin.com/feed/update/urn%3Ali%3AugcPost%3A7395057009441595393
2025-11-14 08:21:32,LIKE,https://www.linkedin.com/feed/update/urn%3Ali%3AugcPost%3A7394950836524675072
2025-11-13 11:37:52,LIKE,https://www.linkedin.com/feed/update/urn%3Ali%3Aactivity%3A7394385823154008064
2025-11-13 06:33:13,LIKE,https://www.linkedin.com/feed/update/urn%3Ali%3AugcPost%3A7394589928267055104
2025-11-13 06:33:07,LIKE,https://www.linkedin.com/feed/update/urn%3Ali%3Aactivity%3A7393317663441293312
2025-11-13 05:25:24,LIKE,https://www.linkedin.com/feed/update/urn%3Ali%3Aactivity%3A7394592395381686272
2025-11-13 05:25:08,LIKE,https://www.linkedin.com/feed/update/urn%3Ali%3Aactivity%3A7394392296970047488
2025-11-13 05:25:01,LIKE,https://www.linkedin.com/feed/update/urn%3Ali%3Aactivity%3A7394282957156503553
2025-11-13 05:24:33,LIKE,https://www.linkedin.com/feed/update/urn%3Ali%3AugcPost%3A7394066004181504001
2025-11-13 05:23:27,LIKE,https://www.linkedin.com/feed/update/urn%3Ali%3Aactivity%3A7391542185734823936
2025-11-13 05:23:21,LIKE,https://www.linkedin.com/feed/update/urn%3Ali%3Aactivity%3A7394382698062139392
2025-11-13 05:23:18,LIKE,https://www.linkedin.com/feed/update/urn%3Ali%3Aactivity%3A7394003481419907072
2025-11-13 05:22:24,LIKE,https://www.linkedin.com/feed/update/urn%3Ali%3Aactivity%3A7393995972160204800
2025-11-13 05:21:58,LIKE,https://www.linkedin.com/feed/update/urn%3Ali%3AugcPost%3A7388324039037050880
2025-11-13 05:21:43,LIKE,https://www.linkedin.com/feed/update/urn%3Ali%3AugcPost%3A7385649254331162624
2025-11-13 05:21:32,LIKE,https://www.linkedin.com/feed/update/urn%3Ali%3AugcPost%3A7392921838957342720
2025-11-13 05:21:16,LIKE,https://www.linkedin.com/feed/update/urn%3Ali%3AugcPost%3A7394365926835576832
2025-11-13 05:20:32,LIKE,https://www.linkedin.com/feed/update/urn%3Ali%3AugcPost%3A7394582749262774272
2025-11-13 05:20:22,LIKE,https://www.linkedin.com/feed/update/urn%3Ali%3Aactivity%3A7394153052913528832
2025-11-12 13:58:23,LIKE,https://www.linkedin.com/feed/update/urn%3Ali%3AugcPost%3A7393366055915560960
2025-11-12 13:58:14,LIKE,https://www.linkedin.com/feed/update/urn%3Ali%3AugcPost%3A7392250053127696384
2025-11-12 13:57:56,LIKE,https://www.linkedin.com/feed/update/urn%3Ali%3Aactivity%3A7381938270202462208
2025-11-12 13:57:07,LIKE,https://www.linkedin.com/feed/update/urn%3Ali%3AugcPost%3A7393695094807183360
2025-11-12 13:56:40,LIKE,https://www.linkedin.com/feed/update/urn%3Ali%3AugcPost%3A7391149847636217856
2025-11-12 13:56:27,LIKE,https://www.linkedin.com/feed/update/urn%3Ali%3AugcPost%3A7389527427183644672
2025-11-12 08:20:58,LIKE,https://www.linkedin.com/feed/update/urn%3Ali%3AugcPost%3A7393945998047428608
2025-11-12 05:20:27,LIKE,https://www.linkedin.com/feed/update/urn%3Ali%3AugcPost%3A7393977991036399616
2025-11-12 05:20:21,LIKE,https://www.linkedin.com/feed/update/urn%3Ali%3AugcPost%3A7394227754235281408
2025-11-12 05:20:12,LIKE,https://www.linkedin.com/feed/update/urn%3Ali%3AugcPost%3A7394050416759603201
2025-11-11 05:47:57,LIKE,https://www.linkedin.com/feed/update/urn%3Ali%3AugcPost%3A7393826257974722560
2025-11-11 05:21:09,LIKE,https://www.linkedin.com/feed/update/urn%3Ali%3AugcPost%3A7389384744389636098
2025-11-11 05:16:50,LIKE,https://www.linkedin.com/feed/update/urn%3Ali%3AugcPost%3A7393326566388264960
2025-11-11 03:19:40,LIKE,https://www.linkedin.com/feed/update/urn%3Ali%3AugcPost%3A7391166223679664128
2025-11-11 03:18:42,LIKE,https://www.linkedin.com/feed/update/urn%3Ali%3AugcPost%3A7393237851410374656
2025-11-11 03:18:36,LIKE,https://www.linkedin.com/feed/update/urn%3Ali%3AugcPost%3A7393335510326394880
2025-11-10 01:28:58,LIKE,https://www.linkedin.com/feed/update/urn%3Ali%3Aactivity%3A7393271144675524608
2025-11-09 03:30:09,LIKE,https://www.linkedin.com/feed/update/urn%3Ali%3Aactivity%3A7391016740584935424
2025-11-09 03:29:49,LIKE,https://www.linkedin.com/feed/update/urn%3Ali%3Aactivity%3A7392995979999985664
2025-11-09 03:17:33,LIKE,https://www.linkedin.com/feed/update/urn%3Ali%3AugcPost%3A7392671550233022464
2025-11-09 03:17:25,LIKE,https://www.linkedin.com/feed/update/urn%3Ali%3AugcPost%3A7390609396550086656
2025-11-09 03:16:48,LIKE,https://www.linkedin.com/feed/update/urn%3Ali%3AugcPost%3A7393095491418386432
2025-11-09 03:15:57,LIKE,https://www.linkedin.com/feed/update/urn%3Ali%3Aactivity%3A7392994874960154624
2025-11-09 03:15:48,LIKE,https://www.linkedin.com/feed/update/urn%3Ali%3AugcPost%3A7392835089610674176
2025-11-09 03:15:37,LIKE,https://www.linkedin.com/feed/update/urn%3Ali%3AugcPost%3A7392944569161674752
2025-11-09 01:20:57,LIKE,https://www.linkedin.com/feed/update/urn%3Ali%3Aactivity%3A7392186429985955840
2025-11-09 01:20:18,LIKE,https://www.linkedin.com/feed/update/urn%3Ali%3AugcPost%3A7392958852721340416
2025-11-09 01:19:32,LIKE,https://www.linkedin.com/feed/update/urn%3Ali%3AugcPost%3A7392928587835777024
2025-11-09 01:19:13,LIKE,https://www.linkedin.com/feed/update/urn%3Ali%3Aactivity%3A7392623390639108098
2025-11-09 01:18:54,LIKE,https://www.linkedin.com/feed/update/urn%3Ali%3AugcPost%3A7392883128077328384
2025-11-08 16:43:03,LIKE,https://www.linkedin.com/feed/update/urn%3Ali%3AugcPost%3A7392916832447397889
2025-11-08 16:41:17,LIKE,https://www.linkedin.com/feed/update/urn%3Ali%3Aactivity%3A7392833258637611009
2025-11-08 08:59:39,LIKE,https://www.linkedin.com/feed/update/urn%3Ali%3Aactivity%3A7392593775170285568
2025-11-08 08:58:03,LIKE,https://www.linkedin.com/feed/update/urn%3Ali%3AugcPost%3A7392703487337222144
2025-11-08 08:57:40,LIKE,https://www.linkedin.com/feed/update/urn%3Ali%3AugcPost%3A7342287281329704961
2025-11-08 08:56:40,LIKE,https://www.linkedin.com/feed/update/urn%3Ali%3Aactivity%3A7389503584402329601
2025-11-08 08:56:21,LIKE,https://www.linkedin.com/feed/update/urn%3Ali%3Aactivity%3A7391089322038292480
2025-11-08 07:56:59,LIKE,https://www.linkedin.com/feed/update/urn%3Ali%3AugcPost%3A7392818023612542977
2025-11-08 04:08:29,LIKE,https://www.linkedin.com/feed/update/urn%3Ali%3AugcPost%3A7392660260295110656
2025-11-08 04:08:14,LIKE,https://www.linkedin.com/feed/update/urn%3Ali%3Aactivity%3A7390157349891543040
2025-11-08 04:08:05,LIKE,https://www.linkedin.com/feed/update/urn%3Ali%3Aactivity%3A7392427432349175808
2025-11-08 04:07:53,LIKE,https://www.linkedin.com/feed/update/urn%3Ali%3Aactivity%3A7392514471287631872
2025-11-08 04:07:17,LIKE,https://www.linkedin.com/feed/update/urn%3Ali%3AugcPost%3A7392641377739878400
2025-11-08 04:06:35,LIKE,https://www.linkedin.com/feed/update/urn%3Ali%3AugcPost%3A7392571592897179648
2025-11-08 04:06:30,LIKE,https://www.linkedin.com/feed/update/urn%3Ali%3Aactivity%3A7391635990366388224
2025-11-08 04:06:21,LIKE,https://www.linkedin.com/feed/update/urn%3Ali%3AugcPost%3A7392740001974906881
2025-11-08 04:05:56,LIKE,https://www.linkedin.com/feed/update/urn%3Ali%3Aactivity%3A7389305210235621377
2025-11-08 04:05:10,LIKE,https://www.linkedin.com/feed/update/urn%3Ali%3Aactivity%3A7392097832142516225
2025-11-08 04:04:59,LIKE,https://www.linkedin.com/feed/update/urn%3Ali%3AugcPost%3A7392734709249765376
2025-11-08 03:13:19,EMPATHY,https://www.linkedin.com/feed/update/urn%3Ali%3Aactivity%3A7392654011033804800
2025-11-08 03:12:59,LIKE,https://www.linkedin.com/feed/update/urn%3Ali%3Aactivity%3A7392570124299513856
2025-11-08 03:08:25,LIKE,https://www.linkedin.com/feed/update/urn%3Ali%3AugcPost%3A7366907592436027393
2025-11-08 03:05:42,LIKE,https://www.linkedin.com/feed/update/urn%3Ali%3AugcPost%3A7392544235293560832
2025-11-08 03:04:08,LIKE,https://www.linkedin.com/feed/update/urn%3Ali%3AugcPost%3A7392629555057881088
2025-11-08 03:03:48,LIKE,https://www.linkedin.com/feed/update/urn%3Ali%3Aactivity%3A7392648951759396864
2025-11-07 21:03:09,LIKE,https://www.linkedin.com/feed/update/urn%3Ali%3AugcPost%3A7392591669558198273
2025-11-07 21:02:45,LIKE,https://www.linkedin.com/feed/update/urn%3Ali%3Aactivity%3A7387330213766062081
2025-11-07 21:01:34,LIKE,https://www.linkedin.com/feed/update/urn%3Ali%3AugcPost%3A7391869755457982464
2025-11-07 21:01:01,LIKE,https://www.linkedin.com/feed/update/urn%3Ali%3AugcPost%3A7388435864391024640
2025-11-07 21:00:46,LIKE,https://www.linkedin.com/feed/update/urn%3Ali%3AugcPost%3A7392635063303266305
2025-11-07 21:00:30,LIKE,https://www.linkedin.com/feed/update/urn%3Ali%3AugcPost%3A7392568372367921152
2025-11-07 21:00:23,LIKE,https://www.linkedin.com/feed/update/urn%3Ali%3AugcPost%3A7392451241085276160
2025-11-07 21:00:06,LIKE,https://www.linkedin.com/feed/update/urn%3Ali%3Aactivity%3A7392641383678763008
2025-11-07 20:58:57,LIKE,https://www.linkedin.com/feed/update/urn%3Ali%3Aactivity%3A7391376188008497153
2025-11-07 20:57:44,LIKE,https://www.linkedin.com/feed/update/urn%3Ali%3AugcPost%3A7392272835152502784
2025-11-07 20:57:24,LIKE,https://www.linkedin.com/feed/update/urn%3Ali%3AugcPost%3A7392556660419870722
2025-11-07 20:56:57,EMPATHY,https://www.linkedin.com/feed/update/urn%3Ali%3AugcPost%3A7392587293317984256
2025-11-07 20:56:32,PRAISE,https://www.linkedin.com/feed/update/urn%3Ali%3AugcPost%3A7392261758289207296
2025-11-07 18:00:21,LIKE,https://www.linkedin.com/feed/update/urn%3Ali%3Aactivity%3A7392394739695673344
2025-11-07 17:59:15,LIKE,https://www.linkedin.com/feed/update/urn%3Ali%3Aactivity%3A7392565807186272258
2025-11-07 17:58:55,LIKE,https://www.linkedin.com/feed/update/urn%3Ali%3Aactivity%3A7392531687425024000
2025-11-07 17:52:21,LIKE,https://www.linkedin.com/feed/update/urn%3Ali%3AugcPost%3A7391447600425713664
2025-11-07 17:51:55,LIKE,https://www.linkedin.com/feed/update/urn%3Ali%3AugcPost%3A7392326509027348480
2025-11-07 17:51:18,LIKE,https://www.linkedin.com/feed/update/urn%3Ali%3Aactivity%3A7384111296637657088
2025-11-07 17:51:14,LIKE,https://www.linkedin.com/feed/update/urn%3Ali%3Aactivity%3A7392593272201777152
2025-11-07 17:51:11,LIKE,https://www.linkedin.com/feed/update/urn%3Ali%3AugcPost%3A7392483378215890944
2025-11-07 17:50:49,LIKE,https://www.linkedin.com/feed/update/urn%3Ali%3AugcPost%3A7384650507572793346
2025-11-07 17:49:47,LIKE,https://www.linkedin.com/feed/update/urn%3Ali%3Aactivity%3A7392501182625202176
2025-11-07 17:49:45,LIKE,https://www.linkedin.com/feed/update/urn%3Ali%3AugcPost%3A7392590231054651392
2025-11-07 17:48:02,LIKE,https://www.linkedin.com/feed/update/urn%3Ali%3AugcPost%3A7392488365788520448
2025-11-07 17:05:12,LIKE,https://www.linkedin.com/feed/update/urn%3Ali%3Aactivity%3A7388392127648608256
2025-11-07 17:03:35,LIKE,https://www.linkedin.com/feed/update/urn%3Ali%3AugcPost%3A7392147702400040961
2025-11-07 16:51:39,LIKE,https://www.linkedin.com/feed/update/urn%3Ali%3AugcPost%3A7389137518870519808
2025-11-07 14:34:46,LIKE,https://www.linkedin.com/feed/update/urn%3Ali%3AugcPost%3A7392538719280381952
2025-11-07 14:34:08,INTEREST,https://www.linkedin.com/feed/update/urn%3Ali%3Aactivity%3A7392535886623801344
2025-11-07 11:53:12,LIKE,https://www.linkedin.com/feed/update/urn%3Ali%3AugcPost%3A7392301656815763457
2025-11-07 07:36:51,LIKE,https://www.linkedin.com/feed/update/urn%3Ali%3Aactivity%3A7386038856128811008
2025-11-07 07:33:48,LIKE,https://www.linkedin.com/feed/update/urn%3Ali%3Aactivity%3A7325503153846505472
2025-11-07 07:30:42,LIKE,https://www.linkedin.com/feed/update/urn%3Ali%3AugcPost%3A7371263572670124032
2025-11-07 07:29:32,LIKE,https://www.linkedin.com/feed/update/urn%3Ali%3AugcPost%3A7379505132906070016
2025-11-07 07:29:25,LIKE,https://www.linkedin.com/feed/update/urn%3Ali%3AugcPost%3A7389049344408264704
2025-11-07 07:29:02,LIKE,https://www.linkedin.com/feed/update/urn%3Ali%3Aactivity%3A7392176433697239041
2025-11-07 07:14:12,PRAISE,https://www.linkedin.com/feed/update/urn%3Ali%3Aactivity%3A7391083640870510592
2025-11-07 07:14:03,LIKE,https://www.linkedin.com/feed/update/urn%3Ali%3AugcPost%3A7389084589828423680
2025-11-07 07:13:27,LIKE,https://www.linkedin.com/feed/update/urn%3Ali%3AugcPost%3A7392451849729085440
2025-11-07 06:34:40,LIKE,https://www.linkedin.com/feed/update/urn%3Ali%3AugcPost%3A7389841202931744768
2025-11-07 06:34:29,LIKE,https://www.linkedin.com/feed/update/urn%3Ali%3Aactivity%3A7391127928299864064
2025-11-07 06:33:18,LIKE,https://www.linkedin.com/feed/update/urn%3Ali%3AugcPost%3A7392443105783840769
2025-11-07 06:33:01,LIKE,https://www.linkedin.com/feed/update/urn%3Ali%3AugcPost%3A7391801640128757760
2025-11-07 06:32:42,LIKE,https://www.linkedin.com/feed/update/urn%3Ali%3AugcPost%3A7390253040504606720
2025-11-07 06:32:10,LIKE,https://www.linkedin.com/feed/update/urn%3Ali%3AugcPost%3A7391904223061291008
2025-11-07 06:31:45,LIKE,https://www.linkedin.com/feed/update/urn%3Ali%3AugcPost%3A7392255877161996289
2025-11-07 06:31:39,LIKE,https://www.linkedin.com/feed/update/urn%3Ali%3Aactivity%3A7392446150257266688
2025-11-07 06:30:09,LIKE,https://www.linkedin.com/feed/update/urn%3Ali%3AugcPost%3A7390738295288143872
2025-11-07 06:29:49,LIKE,https://www.linkedin.com/feed/update/urn%3Ali%3AugcPost%3A7389826398078566400
2025-11-07 06:29:44,LIKE,https://www.linkedin.com/feed/update/urn%3Ali%3AugcPost%3A7391849503290552321
2025-11-07 06:29:34,LIKE,https://www.linkedin.com/feed/update/urn%3Ali%3AugcPost%3A7383173150454378496
2025-11-07 06:29:03,LIKE,https://www.linkedin.com/feed/update/urn%3Ali%3AgroupPost%3A10050014-7389637333937033217
2025-11-07 06:28:43,LIKE,https://www.linkedin.com/feed/update/urn%3Ali%3AugcPost%3A7392094883169247232
2025-11-07 06:28:17,LIKE,https://www.linkedin.com/feed/update/urn%3Ali%3AugcPost%3A7392286014838407168
2025-11-07 06:26:43,LIKE,https://www.linkedin.com/feed/update/urn%3Ali%3Aactivity%3A7391715708981739521
2025-11-07 06:26:37,LIKE,https://www.linkedin.com/feed/update/urn%3Ali%3AugcPost%3A7392188457286000640
2025-11-07 06:26:35,LIKE,https://www.linkedin.com/feed/update/urn%3Ali%3AugcPost%3A7391844901589762048
2025-11-07 06:26:24,LIKE,https://www.linkedin.com/feed/update/urn%3Ali%3Aactivity%3A7391731051108229120
2025-11-07 06:25:29,LIKE,https://www.linkedin.com/feed/update/urn%3Ali%3Aactivity%3A7392077109294198784
2025-11-07 06:25:02,LIKE,https://www.linkedin.com/feed/update/urn%3Ali%3AugcPost%3A7342292477812355072
2025-11-07 06:24:39,LIKE,https://www.linkedin.com/feed/update/urn%3Ali%3Aactivity%3A7392429850453635072
2025-11-07 06:24:05,LIKE,https://www.linkedin.com/feed/update/urn%3Ali%3AugcPost%3A7390399762354565120
2025-11-07 06:23:53,LIKE,https://www.linkedin.com/feed/update/urn%3Ali%3AugcPost%3A7392223294520868865
2025-11-07 06:23:47,LIKE,https://www.linkedin.com/feed/update/urn%3Ali%3AugcPost%3A7392288926310395904
2025-11-07 06:22:51,LIKE,https://www.linkedin.com/feed/update/urn%3Ali%3Aactivity%3A7392361400507080704
2025-11-07 06:22:47,LIKE,https://www.linkedin.com/feed/update/urn%3Ali%3AugcPost%3A7391721298307047424
2025-11-07 06:22:30,LIKE,https://www.linkedin.com/feed/update/urn%3Ali%3AugcPost%3A7392265649156386816
2025-11-07 06:21:28,LIKE,https://www.linkedin.com/feed/update/urn%3Ali%3AugcPost%3A7392234940043759616
2025-11-07 01:15:41,EMPATHY,https://www.linkedin.com/feed/update/urn%3Ali%3AugcPost%3A7391918861660590081?commentUrn=urn%3Ali%3Acomment%3A%28ugcPost%3A7391918861660590081%2C7392284856111697920%29
2025-11-07 01:04:01,LIKE,https://www.linkedin.com/feed/update/urn%3Ali%3AugcPost%3A7386686931650338816
2025-11-07 01:03:29,LIKE,https://www.linkedin.com/feed/update/urn%3Ali%3AugcPost%3A7377603614338433024
2025-11-07 01:01:56,LIKE,https://www.linkedin.com/feed/update/urn%3Ali%3AugcPost%3A7392302830050721793
2025-11-06 23:58:45,LIKE,https://www.linkedin.com/feed/update/urn%3Ali%3AugcPost%3A7392070458000678912
2025-11-06 23:55:49,LIKE,https://www.linkedin.com/feed/update/urn%3Ali%3AugcPost%3A7388840044645609473
2025-11-06 23:55:07,LIKE,https://www.linkedin.com/feed/update/urn%3Ali%3AugcPost%3A7392274313212542976
2025-11-06 15:51:46,LIKE,https://www.linkedin.com/feed/update/urn%3Ali%3AugcPost%3A7392113093369143296
2025-11-06 15:51:34,LIKE,https://www.linkedin.com/feed/update/urn%3Ali%3Aactivity%3A7390673555094683649
2025-11-06 15:48:55,LIKE,https://www.linkedin.com/feed/update/urn%3Ali%3AugcPost%3A7392206897225003008
2025-11-06 15:48:41,LIKE,https://www.linkedin.com/feed/update/urn%3Ali%3AugcPost%3A7389123003588079616
2025-11-06 15:14:41,LIKE,https://www.linkedin.com/feed/update/urn%3Ali%3Aactivity%3A7391821618865553408
2025-11-06 15:10:34,LIKE,https://www.linkedin.com/feed/update/urn%3Ali%3AugcPost%3A7392180505733013504
2025-11-06 15:10:13,LIKE,https://www.linkedin.com/feed/update/urn%3Ali%3AugcPost%3A7392192045634744320
2025-11-06 15:09:32,LIKE,https://www.linkedin.com/feed/update/urn%3Ali%3Aactivity%3A7391428638107168768
2025-11-06 15:09:29,LIKE,https://www.linkedin.com/feed/update/urn%3Ali%3AugcPost%3A7392205557979516928
2025-11-06 12:38:52,LIKE,https://www.linkedin.com/feed/update/urn%3Ali%3AugcPost%3A7391866892120023040
2025-11-06 12:38:43,LIKE,https://www.linkedin.com/feed/update/urn%3Ali%3Aactivity%3A7392109983175442432
2025-11-06 12:34:38,INTEREST,https://www.linkedin.com/feed/update/urn%3Ali%3Aactivity%3A7372027850083868672
2025-11-06 08:48:17,LIKE,https://www.linkedin.com/feed/update/urn%3Ali%3Aactivity%3A7392098616854851584
2025-11-06 08:47:50,LIKE,https://www.linkedin.com/feed/update/urn%3Ali%3AugcPost%3A7392070777862512640
2025-11-06 08:47:26,EMPATHY,https://www.linkedin.com/feed/update/urn%3Ali%3AugcPost%3A7391918861660590081?commentUrn=urn%3Ali%3Acomment%3A%28ugcPost%3A7391918861660590081%2C7392109262552002560%29
2025-11-06 05:31:23,LIKE,https://www.linkedin.com/feed/update/urn%3Ali%3AugcPost%3A7389611771151499265
2025-11-06 05:31:04,LIKE,https://www.linkedin.com/feed/update/urn%3Ali%3Aactivity%3A7388998577769058305
2025-11-06 05:30:58,LIKE,https://www.linkedin.com/feed/update/urn%3Ali%3AugcPost%3A7389651457576198146
2025-11-06 05:30:25,LIKE,https://www.linkedin.com/feed/update/urn%3Ali%3AugcPost%3A7391145394040180737
2025-11-06 05:30:15,LIKE,https://www.linkedin.com/feed/update/urn%3Ali%3Aactivity%3A7391869950979670017
2025-11-06 05:30:05,LIKE,https://www.linkedin.com/feed/update/urn%3Ali%3AugcPost%3A7391149638474620928
2025-11-06 05:28:14,EMPATHY,https://www.linkedin.com/feed/update/urn%3Ali%3AugcPost%3A7391918861660590081?commentUrn=urn%3Ali%3Acomment%3A%28ugcPost%3A7391918861660590081%2C7391924993921773568%29
2025-11-06 05:27:30,LIKE,https://www.linkedin.com/feed/update/urn%3Ali%3AugcPost%3A7384984411433304065
2025-11-05 19:59:22,LIKE,https://www.linkedin.com/feed/update/urn%3Ali%3AugcPost%3A7391348087589490688
2025-11-05 19:36:19,LIKE,https://www.linkedin.com/feed/update/urn%3Ali%3AugcPost%3A7390436697584541696
2025-11-05 19:32:50,LIKE,https://www.linkedin.com/feed/update/urn%3Ali%3Aactivity%3A7391714305219477504
2025-11-05 19:32:30,LIKE,https://www.linkedin.com/feed/update/urn%3Ali%3AugcPost%3A7391783383887970304
2025-11-05 19:31:51,LIKE,https://www.linkedin.com/feed/update/urn%3Ali%3AugcPost%3A7391740950609367040
2025-11-05 19:31:45,LIKE,https://www.linkedin.com/feed/update/urn%3Ali%3AugcPost%3A7391825200679411712
2025-11-05 19:26:45,PRAISE,https://www.linkedin.com/feed/update/urn%3Ali%3AugcPost%3A7391881007211298816
2025-11-05 19:26:35,LIKE,https://www.linkedin.com/feed/update/urn%3Ali%3Aactivity%3A7391383736086548480
2025-11-05 19:26:27,LIKE,https://www.linkedin.com/feed/update/urn%3Ali%3AugcPost%3A7391566748220551168
2025-11-05 15:55:43,LIKE,https://www.linkedin.com/feed/update/urn%3Ali%3AugcPost%3A7391864476192567297
2025-11-05 15:34:30,LIKE,https://www.linkedin.com/feed/update/urn%3Ali%3Aactivity%3A7391727588903219200
2025-11-05 15:34:06,LIKE,https://www.linkedin.com/feed/update/urn%3Ali%3AugcPost%3A7391827790062530560
2025-11-05 13:57:18,LIKE,https://www.linkedin.com/feed/update/urn%3Ali%3AugcPost%3A7388096867944980480
2025-11-05 12:15:03,LIKE,https://www.linkedin.com/feed/update/urn%3Ali%3Aactivity%3A7391721017792036864
2025-11-05 12:14:59,LIKE,https://www.linkedin.com/feed/update/urn%3Ali%3AugcPost%3A7386303615923163137
2025-11-05 12:14:53,LIKE,https://www.linkedin.com/feed/update/urn%3Ali%3Aactivity%3A7391654535640829952
2025-11-05 12:13:58,LIKE,https://www.linkedin.com/feed/update/urn%3Ali%3AugcPost%3A7391789760450719744
2025-11-05 12:13:46,LIKE,https://www.linkedin.com/feed/update/urn%3Ali%3Aactivity%3A7391806305994182656
2025-11-05 12:11:55,LIKE,https://www.linkedin.com/feed/update/urn%3Ali%3AugcPost%3A7391726383103660032
2025-11-05 06:56:28,LIKE,https://www.linkedin.com/feed/update/urn%3Ali%3Aactivity%3A7391721347107766272
2025-11-05 05:42:13,LIKE,https://www.linkedin.com/feed/update/urn%3Ali%3AugcPost%3A7388193146578526208
2025-11-05 05:41:53,LIKE,https://www.linkedin.com/feed/update/urn%3Ali%3AugcPost%3A7389984107537035265
2025-11-05 05:41:20,LIKE,https://www.linkedin.com/feed/update/urn%3Ali%3AugcPost%3A7391665891752464385
2025-11-05 05:41:05,LIKE,https://www.linkedin.com/feed/update/urn%3Ali%3AugcPost%3A7391658751159746560
2025-11-05 05:40:52,LIKE,https://www.linkedin.com/feed/update/urn%3Ali%3AugcPost%3A7391493107957280768
2025-11-05 05:39:42,LIKE,https://www.linkedin.com/feed/update/urn%3Ali%3AugcPost%3A7389377640383823873
2025-11-05 00:16:08,LIKE,https://www.linkedin.com/feed/update/urn%3Ali%3Aactivity%3A7391339633156005888
2025-11-05 00:15:51,LIKE,https://www.linkedin.com/feed/update/urn%3Ali%3Aactivity%3A7391415981321109504
2025-11-04 19:03:53,LIKE,https://www.linkedin.com/feed/update/urn%3Ali%3Aactivity%3A7391216212527153153
2025-11-04 19:00:33,LIKE,https://www.linkedin.com/feed/update/urn%3Ali%3Aactivity%3A7387132745946288128
2025-11-04 19:00:29,LIKE,https://www.linkedin.com/feed/update/urn%3Ali%3AugcPost%3A7389693310954725376
2025-11-04 19:00:19,LIKE,https://www.linkedin.com/feed/update/urn%3Ali%3AugcPost%3A7391482685375942656
2025-11-04 19:00:08,LIKE,https://www.linkedin.com/feed/update/urn%3Ali%3AugcPost%3A7391172553937141761
2025-11-04 18:59:49,LIKE,https://www.linkedin.com/feed/update/urn%3Ali%3Aactivity%3A7391494264083587072
2025-11-04 18:58:43,LIKE,https://www.linkedin.com/feed/update/urn%3Ali%3Aactivity%3A7391507246448459776
2025-11-04 18:58:28,LIKE,https://www.linkedin.com/feed/update/urn%3Ali%3Aactivity%3A7391021322241220608
2025-11-04 17:54:37,LIKE,https://www.linkedin.com/feed/update/urn%3Ali%3Aactivity%3A7391466785843101696
2025-11-04 17:54:15,LIKE,https://www.linkedin.com/feed/update/urn%3Ali%3AugcPost%3A7388234111221579776
2025-11-04 17:54:10,LIKE,https://www.linkedin.com/feed/update/urn%3Ali%3Aactivity%3A7391525005974675456
2025-11-04 16:33:07,LIKE,https://www.linkedin.com/feed/update/urn%3Ali%3Aactivity%3A7389963155906580480
2025-11-04 16:33:00,LIKE,https://www.linkedin.com/feed/update/urn%3Ali%3Aactivity%3A7388193601962459136
2025-11-04 16:32:38,LIKE,https://www.linkedin.com/feed/update/urn%3Ali%3AugcPost%3A7391132643582476288
2025-11-04 16:32:30,LIKE,https://www.linkedin.com/feed/update/urn%3Ali%3AugcPost%3A7391142534757978112
2025-11-04 16:31:29,LIKE,https://www.linkedin.com/feed/update/urn%3Ali%3AugcPost%3A7384944909721649152
2025-11-04 10:54:44,LIKE,https://www.linkedin.com/feed/update/urn%3Ali%3AugcPost%3A7345143571232018434
2025-11-04 10:53:42,LIKE,https://www.linkedin.com/feed/update/urn%3Ali%3AugcPost%3A7389872246955208704
2025-11-04 10:45:12,EMPATHY,https://www.linkedin.com/feed/update/urn%3Ali%3AugcPost%3A7350941635913900039?commentUrn=urn%3Ali%3Acomment%3A%28ugcPost%3A7350941635913900039%2C7354955107177742336%29
2025-11-04 10:45:03,EMPATHY,https://www.linkedin.com/feed/update/urn%3Ali%3AugcPost%3A7350941635913900039?commentUrn=urn%3Ali%3Acomment%3A%28ugcPost%3A7350941635913900039%2C7352765333289529345%29
2025-11-04 10:35:43,LIKE,https://www.linkedin.com/feed/update/urn%3Ali%3Aactivity%3A7390635636078067712
2025-11-04 10:34:49,LIKE,https://www.linkedin.com/feed/update/urn%3Ali%3AugcPost%3A7391276337098805248
2025-11-04 10:34:33,LIKE,https://www.linkedin.com/feed/update/urn%3Ali%3Aactivity%3A7387153627838267392
2025-11-04 10:32:04,LIKE,https://www.linkedin.com/feed/update/urn%3Ali%3AugcPost%3A7383720402209992704
2025-11-04 10:31:59,LIKE,https://www.linkedin.com/feed/update/urn%3Ali%3Aactivity%3A7391308210906824704
2025-11-04 10:31:14,LIKE,https://www.linkedin.com/feed/update/urn%3Ali%3AugcPost%3A7391215002067812352
2025-11-04 07:50:17,LIKE,https://www.linkedin.com/feed/update/urn%3Ali%3Aactivity%3A7388838310942662656
2025-11-04 07:49:57,LIKE,https://www.linkedin.com/feed/update/urn%3Ali%3Aactivity%3A7391273475136552960
2025-11-04 07:46:54,LIKE,https://www.linkedin.com/feed/update/urn%3Ali%3Aactivity%3A7391057316386861057
2025-11-04 07:46:31,LIKE,https://www.linkedin.com/feed/update/urn%3Ali%3AugcPost%3A7391033945410412546
2025-11-04 07:46:09,LIKE,https://www.linkedin.com/feed/update/urn%3Ali%3AugcPost%3A7391370202665480192
2025-11-03 22:10:19,LIKE,https://www.linkedin.com/feed/update/urn%3Ali%3Aactivity%3A7391030849921781761
2025-11-03 22:09:18,LIKE,https://www.linkedin.com/feed/update/urn%3Ali%3AugcPost%3A7389584321847726080
2025-11-03 22:08:55,LIKE,https://www.linkedin.com/feed/update/urn%3Ali%3AugcPost%3A7391145085490483200
2025-11-03 22:08:41,LIKE,https://www.linkedin.com/feed/update/urn%3Ali%3AugcPost%3A7391229925434855424
2025-11-03 09:42:20,LIKE,https://www.linkedin.com/feed/update/urn%3Ali%3Aactivity%3A7391030733726707712
2025-11-03 09:41:59,LIKE,https://www.linkedin.com/feed/update/urn%3Ali%3AugcPost%3A7391031947021422592
2025-11-03 07:35:21,LIKE,https://www.linkedin.com/feed/update/urn%3Ali%3AgroupPost%3A12017374-7390850867735953408
2025-11-03 07:34:49,EMPATHY,https://www.linkedin.com/feed/update/urn%3Ali%3AugcPost%3A7391014093454860288
2025-11-03 04:19:59,LIKE,https://www.linkedin.com/feed/update/urn%3Ali%3AugcPost%3A7383960373927960576
2025-11-03 04:19:26,LIKE,https://www.linkedin.com/feed/update/urn%3Ali%3AugcPost%3A7390640401747030016
2025-11-03 04:17:51,ENTERTAINMENT,https://www.linkedin.com/feed/update/urn%3Ali%3AugcPost%3A7390297991351451648
2025-11-03 04:17:44,LIKE,https://www.linkedin.com/feed/update/urn%3Ali%3AugcPost%3A7390801079552303104
2025-11-03 04:17:33,LIKE,https://www.linkedin.com/feed/update/urn%3Ali%3AugcPost%3A7390549549305667584
2025-11-03 04:17:11,LIKE,https://www.linkedin.com/feed/update/urn%3Ali%3AugcPost%3A7389373291276206080
2025-11-03 04:15:30,LIKE,https://www.linkedin.com/feed/update/urn%3Ali%3Aactivity%3A7379347337967460353
2025-11-03 04:14:58,EMPATHY,https://www.linkedin.com/feed/update/urn%3Ali%3AugcPost%3A7390750161544695808?commentUrn=urn%3Ali%3Acomment%3A%28ugcPost%3A7390750161544695808%2C7390957960446894082%29
2025-11-03 04:14:00,EMPATHY,https://www.linkedin.com/feed/update/urn%3Ali%3AugcPost%3A7390750161544695808
2025-11-03 03:50:57,LIKE,https://www.linkedin.com/feed/update/urn%3Ali%3AugcPost%3A7390698567822295040
2025-11-03 03:50:43,LIKE,https://www.linkedin.com/feed/update/urn%3Ali%3Aactivity%3A7390952109342486529
2025-11-03 03:50:39,LIKE,https://www.linkedin.com/feed/update/urn%3Ali%3AgroupPost%3A10050014-7390820236213653505
2025-11-03 03:50:32,LIKE,https://www.linkedin.com/feed/update/urn%3Ali%3AugcPost%3A7390708624127545344
2025-11-03 03:48:47,EMPATHY,https://www.linkedin.com/feed/update/urn%3Ali%3AugcPost%3A7390596629097037824
2025-11-03 03:48:42,LIKE,https://www.linkedin.com/feed/update/urn%3Ali%3AugcPost%3A7390722569592549376
2025-11-03 03:35:16,LIKE,https://www.linkedin.com/feed/update/urn%3Ali%3Aactivity%3A7390807493393686528
2025-11-03 03:34:34,LIKE,https://www.linkedin.com/feed/update/urn%3Ali%3AlyndaCourse%3A4363007
2025-11-03 03:33:54,LIKE,https://www.linkedin.com/feed/update/urn%3Ali%3AugcPost%3A7390939563550138368
2025-11-03 03:33:34,LIKE,https://www.linkedin.com/feed/update/urn%3Ali%3Aactivity%3A7389988676505669633
2025-11-02 05:16:35,LIKE,https://www.linkedin.com/feed/update/urn%3Ali%3AugcPost%3A7390360061849780224
2025-11-02 05:16:28,LIKE,https://www.linkedin.com/feed/update/urn%3Ali%3AugcPost%3A7390436701246238720
2025-11-02 05:16:20,LIKE,https://www.linkedin.com/feed/update/urn%3Ali%3Aactivity%3A7390386907538419713
2025-11-02 05:12:26,LIKE,https://www.linkedin.com/feed/update/urn%3Ali%3AugcPost%3A7390465520417951744
2025-11-02 05:00:41,LIKE,https://www.linkedin.com/feed/update/urn%3Ali%3AugcPost%3A7390264468334792704
2025-11-01 10:51:24,LIKE,https://www.linkedin.com/feed/update/urn%3Ali%3AugcPost%3A7390297639189344256
2025-11-01 06:29:51,LIKE,https://www.linkedin.com/feed/update/urn%3Ali%3AugcPost%3A7386604194994085888
2025-11-01 06:29:17,LIKE,https://www.linkedin.com/feed/update/urn%3Ali%3AugcPost%3A7390056194855436288
2025-11-01 06:29:10,LIKE,https://www.linkedin.com/feed/update/urn%3Ali%3AugcPost%3A7389833189529116674
2025-11-01 06:28:27,ENTERTAINMENT,https://www.linkedin.com/feed/update/urn%3Ali%3Aactivity%3A7390029973421531137
2025-11-01 06:27:50,LIKE,https://www.linkedin.com/feed/update/urn%3Ali%3Aactivity%3A7388607714374897665
2025-11-01 06:27:37,LIKE,https://www.linkedin.com/feed/update/urn%3Ali%3AugcPost%3A7389730184280780800
2025-11-01 05:50:07,LIKE,https://www.linkedin.com/feed/update/urn%3Ali%3Aactivity%3A7390015283119165440
2025-11-01 05:50:00,LIKE,https://www.linkedin.com/feed/update/urn%3Ali%3AugcPost%3A7390229443165753344
2025-11-01 05:49:27,LIKE,https://www.linkedin.com/feed/update/urn%3Ali%3Aactivity%3A7389510953639342080
2025-11-01 05:48:25,LIKE,https://www.linkedin.com/feed/update/urn%3Ali%3AugcPost%3A7389631963281887234
2025-11-01 05:39:01,PRAISE,https://www.linkedin.com/feed/update/urn%3Ali%3AugcPost%3A7383417488593711105
2025-11-01 05:38:48,LIKE,https://www.linkedin.com/feed/update/urn%3Ali%3Aactivity%3A7387377556888387584
2025-11-01 04:32:00,LIKE,https://www.linkedin.com/feed/update/urn%3Ali%3Aactivity%3A7390202798426079232
2025-11-01 03:33:23,LIKE,https://www.linkedin.com/feed/update/urn%3Ali%3AugcPost%3A7390167824805183488
2025-11-01 03:33:20,LIKE,https://www.linkedin.com/feed/update/urn%3Ali%3AugcPost%3A7388327238649176064
2025-11-01 03:31:50,LIKE,https://www.linkedin.com/feed/update/urn%3Ali%3Aactivity%3A7389877849601556480
2025-11-01 03:31:00,LIKE,https://www.linkedin.com/feed/update/urn%3Ali%3AugcPost%3A7390054622146699264
2025-11-01 03:30:31,LIKE,https://www.linkedin.com/feed/update/urn%3Ali%3AugcPost%3A7389731908609372160
2025-11-01 03:30:08,LIKE,https://www.linkedin.com/feed/update/urn%3Ali%3AugcPost%3A7389289470790938624
2025-11-01 03:28:36,PRAISE,https://www.linkedin.com/feed/update/urn%3Ali%3AugcPost%3A7372013286780944384
2025-11-01 03:24:55,LIKE,https://www.linkedin.com/feed/update/urn%3Ali%3AugcPost%3A7385027364612861953
2025-11-01 03:19:02,LIKE,https://www.linkedin.com/feed/update/urn%3Ali%3AugcPost%3A7390218583240511488
2025-11-01 03:18:51,EMPATHY,https://www.linkedin.com/feed/update/urn%3Ali%3AugcPost%3A7387724465708838912?commentUrn=urn%3Ali%3Acomment%3A%28ugcPost%3A7387724465708838912%2C7390164893213097984%29
2025-10-31 21:23:51,LIKE,https://www.linkedin.com/feed/update/urn%3Ali%3AugcPost%3A7389772591957385216
2025-10-31 14:46:08,LIKE,https://www.linkedin.com/feed/update/urn%3Ali%3AugcPost%3A7390013296374104064
2025-10-31 12:32:08,LIKE,https://www.linkedin.com/feed/update/urn%3Ali%3Aactivity%3A7330297481462755328
2025-10-31 12:29:54,LIKE,https://www.linkedin.com/feed/update/urn%3Ali%3AugcPost%3A7338668957450596352
2025-10-31 12:29:28,LIKE,https://www.linkedin.com/feed/update/urn%3Ali%3Aactivity%3A7385314035732205568
2025-10-31 12:27:20,LIKE,https://www.linkedin.com/feed/update/urn%3Ali%3AugcPost%3A7389957226238750720
2025-10-31 12:27:09,LIKE,https://www.linkedin.com/feed/update/urn%3Ali%3AugcPost%3A7389536653830168576
2025-10-31 12:24:11,LIKE,https://www.linkedin.com/feed/update/urn%3Ali%3Aactivity%3A7387994901298298881
2025-10-31 08:11:03,LIKE,https://www.linkedin.com/feed/update/urn%3Ali%3AugcPost%3A7389893727810609155
2025-10-31 07:03:39,LIKE,https://www.linkedin.com/feed/update/urn%3Ali%3AugcPost%3A7389862109473435648
2025-10-31 07:03:25,LIKE,https://www.linkedin.com/feed/update/urn%3Ali%3AugcPost%3A7389879381051109376
2025-10-31 07:03:18,LIKE,https://www.linkedin.com/feed/update/urn%3Ali%3AugcPost%3A7389733039179825152
2025-10-31 07:02:38,LIKE,https://www.linkedin.com/feed/update/urn%3Ali%3Aactivity%3A7389901713165488129
2025-10-31 07:01:22,LIKE,https://www.linkedin.com/feed/update/urn%3Ali%3AugcPost%3A7389914254927355904
2025-10-31 05:09:15,LIKE,https://www.linkedin.com/feed/update/urn%3Ali%3Aactivity%3A7389658671942746112
2025-10-31 03:01:19,LIKE,https://www.linkedin.com/feed/update/urn%3Ali%3AugcPost%3A7389307343483801600
2025-10-31 03:00:57,LIKE,https://www.linkedin.com/feed/update/urn%3Ali%3AugcPost%3A7389480038007672832
2025-10-31 03:00:13,LIKE,https://www.linkedin.com/feed/update/urn%3Ali%3Aactivity%3A7389197827090001920
2025-10-31 02:59:23,LIKE,https://www.linkedin.com/feed/update/urn%3Ali%3AugcPost%3A7389811452259287040
2025-10-31 02:58:09,LIKE,https://www.linkedin.com/feed/update/urn%3Ali%3AugcPost%3A7389599318305017856
2025-10-31 02:57:40,LIKE,https://www.linkedin.com/feed/update/urn%3Ali%3AugcPost%3A7389735293941288961
2025-10-30 19:43:31,LIKE,https://www.linkedin.com/feed/update/urn%3Ali%3AugcPost%3A7389604877179723776
2025-10-30 19:43:21,LIKE,https://www.linkedin.com/feed/update/urn%3Ali%3AugcPost%3A7389502184628973568
2025-10-30 19:42:04,LIKE,https://www.linkedin.com/feed/update/urn%3Ali%3AugcPost%3A7389640834733993984
2025-10-30 19:41:54,LIKE,https://www.linkedin.com/feed/update/urn%3Ali%3Aactivity%3A7387457871816437760
2025-10-30 18:53:14,LIKE,https://www.linkedin.com/feed/update/urn%3Ali%3AugcPost%3A7389372807924793345
2025-10-30 18:52:52,EMPATHY,https://www.linkedin.com/feed/update/urn%3Ali%3Aactivity%3A7389676543637151745
2025-10-30 18:52:26,LIKE,https://www.linkedin.com/feed/update/urn%3Ali%3AugcPost%3A7389655730221662208
2025-10-30 16:14:52,LIKE,https://www.linkedin.com/feed/update/urn%3Ali%3AugcPost%3A7389549966526148608
2025-10-30 16:14:44,LIKE,https://www.linkedin.com/feed/update/urn%3Ali%3AugcPost%3A7389208054849863680
2025-10-30 16:14:22,LIKE,https://www.linkedin.com/feed/update/urn%3Ali%3AugcPost%3A7389494032290308096
2025-10-30 16:14:02,LIKE,https://www.linkedin.com/feed/update/urn%3Ali%3AugcPost%3A7389639631396470784
2025-10-30 16:12:28,LIKE,https://www.linkedin.com/feed/update/urn%3Ali%3AugcPost%3A7389599919172538368
2025-10-30 12:30:19,LIKE,https://www.linkedin.com/feed/update/urn%3Ali%3AugcPost%3A7389009451871051776
2025-10-30 12:30:12,LIKE,https://www.linkedin.com/feed/update/urn%3Ali%3AugcPost%3A7389619696247103488
2025-10-30 12:29:14,LIKE,https://www.linkedin.com/feed/update/urn%3Ali%3Aactivity%3A7387796370247704576
2025-10-30 12:28:50,LIKE,https://www.linkedin.com/feed/update/urn%3Ali%3AugcPost%3A7389569394030538752
2025-10-30 07:37:51,LIKE,https://www.linkedin.com/feed/update/urn%3Ali%3Aactivity%3A7389518920648384512
2025-10-30 07:37:22,LIKE,https://www.linkedin.com/feed/update/urn%3Ali%3Aactivity%3A7389418986628677632
2025-10-29 19:46:39,LIKE,https://www.linkedin.com/feed/update/urn%3Ali%3Aactivity%3A7386379557244809216
2025-10-29 19:45:33,LIKE,https://www.linkedin.com/feed/update/urn%3Ali%3AugcPost%3A7389228607786733568
2025-10-29 19:03:46,LIKE,https://www.linkedin.com/feed/update/urn%3Ali%3AugcPost%3A7389173856311275520
2025-10-29 19:03:15,LIKE,https://www.linkedin.com/feed/update/urn%3Ali%3AugcPost%3A7377000204182614016
2025-10-29 19:03:04,LIKE,https://www.linkedin.com/feed/update/urn%3Ali%3AugcPost%3A7389332911436595200
2025-10-29 19:02:54,LIKE,https://www.linkedin.com/feed/update/urn%3Ali%3AugcPost%3A7389304303766777857
2025-10-29 19:02:34,LIKE,https://www.linkedin.com/feed/update/urn%3Ali%3AugcPost%3A7389262913774993410
2025-10-29 14:25:41,LIKE,https://www.linkedin.com/feed/update/urn%3Ali%3AugcPost%3A7389159645086568448
2025-10-29 14:25:18,LIKE,https://www.linkedin.com/feed/update/urn%3Ali%3Aactivity%3A7387457161154674689
2025-10-29 14:24:48,LIKE,https://www.linkedin.com/feed/update/urn%3Ali%3AugcPost%3A7389238688674922496
2025-10-29 12:15:48,LIKE,https://www.linkedin.com/feed/update/urn%3Ali%3AugcPost%3A7389261450076286976
2025-10-29 09:13:25,LIKE,https://www.linkedin.com/feed/update/urn%3Ali%3Aactivity%3A7388975352989089792
2025-10-29 09:12:31,LIKE,https://www.linkedin.com/feed/update/urn%3Ali%3AugcPost%3A7388807690057285632
2025-10-29 09:11:05,LIKE,https://www.linkedin.com/feed/update/urn%3Ali%3Aactivity%3A7388772485804109824
2025-10-29 09:10:22,EMPATHY,https://www.linkedin.com/feed/update/urn%3Ali%3AugcPost%3A7389019546248126464
2025-10-29 07:29:38,LIKE,https://www.linkedin.com/feed/update/urn%3Ali%3Aactivity%3A7388944623450255361
2025-10-29 07:29:29,LIKE,https://www.linkedin.com/feed/update/urn%3Ali%3AugcPost%3A7387183458684608513
2025-10-29 07:29:07,LIKE,https://www.linkedin.com/feed/update/urn%3Ali%3AugcPost%3A7389030407125524480
2025-10-29 07:28:35,PRAISE,https://www.linkedin.com/feed/update/urn%3Ali%3Aactivity%3A7389173956504727552
2025-10-28 19:57:14,LIKE,https://www.linkedin.com/feed/update/urn%3Ali%3Aactivity%3A7388872704130449408
2025-10-28 19:57:04,LIKE,https://www.linkedin.com/feed/update/urn%3Ali%3Aactivity%3A7388952795023872000
2025-10-28 19:56:22,EMPATHY,https://www.linkedin.com/feed/update/urn%3Ali%3AugcPost%3A7388990559853486080
2025-10-28 19:04:50,LIKE,https://www.linkedin.com/feed/update/urn%3Ali%3AugcPost%3A7388974092890198016
2025-10-28 18:57:40,LIKE,https://www.linkedin.com/feed/update/urn%3Ali%3Aactivity%3A7388930061405503488
2025-10-28 16:14:17,LIKE,https://www.linkedin.com/feed/update/urn%3Ali%3Aactivity%3A7384348180181782528
2025-10-28 16:11:01,LIKE,https://www.linkedin.com/feed/update/urn%3Ali%3AugcPost%3A7388763955789357056
2025-10-28 16:00:44,LIKE,https://www.linkedin.com/feed/update/urn%3Ali%3Aactivity%3A7384184146610352128
2025-10-28 16:00:30,LIKE,https://www.linkedin.com/feed/update/urn%3Ali%3AugcPost%3A7386101816616222720
2025-10-28 15:51:53,LIKE,https://www.linkedin.com/feed/update/urn%3Ali%3AugcPost%3A7388935112505274368
2025-10-28 08:56:14,LIKE,https://www.linkedin.com/feed/update/urn%3Ali%3AugcPost%3A7387556907777081344
2025-10-28 08:55:52,LIKE,https://www.linkedin.com/feed/update/urn%3Ali%3Aactivity%3A7384901220462747648
2025-10-28 08:55:43,LIKE,https://www.linkedin.com/feed/update/urn%3Ali%3AugcPost%3A7379809190128644096
2025-10-28 07:26:50,EMPATHY,https://www.linkedin.com/feed/update/urn%3Ali%3AugcPost%3A7388481406139777024?commentUrn=urn%3Ali%3Acomment%3A%28ugcPost%3A7388481406139777024%2C7388837915218477056%29
2025-10-28 07:13:03,LIKE,https://www.linkedin.com/feed/update/urn%3Ali%3Aactivity%3A7388795402126266368
2025-10-28 06:42:03,LIKE,https://www.linkedin.com/feed/update/urn%3Ali%3Aactivity%3A7388765686908526592
2025-10-28 05:18:09,EMPATHY,https://www.linkedin.com/feed/update/urn%3Ali%3AugcPost%3A7387724465708838912?commentUrn=urn%3Ali%3Acomment%3A%28ugcPost%3A7387724465708838912%2C7388804198236086273%29
2025-10-28 04:28:42,EMPATHY,https://www.linkedin.com/feed/update/urn%3Ali%3AugcPost%3A7387724465708838912?commentUrn=urn%3Ali%3Acomment%3A%28ugcPost%3A7387724465708838912%2C7388790229618446336%29
2025-10-27 17:12:12,LIKE,https://www.linkedin.com/feed/update/urn%3Ali%3Aactivity%3A7388505069958201344
2025-10-27 17:12:03,LIKE,https://www.linkedin.com/feed/update/urn%3Ali%3AugcPost%3A7388505590463062016
2025-10-27 16:11:11,EMPATHY,https://www.linkedin.com/feed/update/urn%3Ali%3AugcPost%3A7387724465708838912?commentUrn=urn%3Ali%3Acomment%3A%28ugcPost%3A7387724465708838912%2C7388605193237544960%29
2025-10-27 15:55:59,LIKE,https://www.linkedin.com/feed/update/urn%3Ali%3AugcPost%3A7384174837616820224
2025-10-27 15:55:47,LIKE,https://www.linkedin.com/feed/update/urn%3Ali%3AugcPost%3A7388325446989504512
2025-10-27 15:54:13,LIKE,https://www.linkedin.com/feed/update/urn%3Ali%3AugcPost%3A7388208671782158336
2025-10-27 12:57:35,LIKE,https://www.linkedin.com/feed/update/urn%3Ali%3Aactivity%3A7388475939137040384
2025-10-27 12:56:40,LIKE,https://www.linkedin.com/feed/update/urn%3Ali%3AugcPost%3A7388392581585481728
2025-10-27 12:56:20,LIKE,https://www.linkedin.com/feed/update/urn%3Ali%3Aactivity%3A7388515805442760704
2025-10-27 12:55:09,EMPATHY,https://www.linkedin.com/feed/update/urn%3Ali%3AugcPost%3A7387724465708838912?commentUrn=urn%3Ali%3Acomment%3A%28ugcPost%3A7387724465708838912%2C7388555156918865920%29
2025-10-27 12:55:01,EMPATHY,https://www.linkedin.com/feed/update/urn%3Ali%3AugcPost%3A7387724465708838912?commentUrn=urn%3Ali%3Acomment%3A%28ugcPost%3A7387724465708838912%2C7388458560315125761%29
2025-10-27 09:43:21,LIKE,https://www.linkedin.com/feed/update/urn%3Ali%3AugcPost%3A7384488598105972736
2025-10-27 09:42:05,PRAISE,https://www.linkedin.com/feed/update/urn%3Ali%3AugcPost%3A7388156488508358656
2025-10-27 04:43:59,LIKE,https://www.linkedin.com/feed/update/urn%3Ali%3AugcPost%3A7386725115167891456
2025-10-27 03:33:55,LIKE,https://www.linkedin.com/feed/update/urn%3Ali%3Aactivity%3A7387257889083789312
2025-10-26 21:25:30,LIKE,https://www.linkedin.com/feed/update/urn%3Ali%3Aactivity%3A7380281683364950016
2025-10-26 21:25:21,LIKE,https://www.linkedin.com/feed/update/urn%3Ali%3Aactivity%3A7388050832488984577
2025-10-26 20:28:37,EMPATHY,https://www.linkedin.com/feed/update/urn%3Ali%3AugcPost%3A7387724465708838912?commentUrn=urn%3Ali%3Acomment%3A%28ugcPost%3A7387724465708838912%2C7388190714049884160%29
2025-10-26 20:27:25,LIKE,https://www.linkedin.com/feed/update/urn%3Ali%3Aactivity%3A7388156563972313088
2025-10-26 17:41:22,LIKE,https://www.linkedin.com/feed/update/urn%3Ali%3Aactivity%3A7384233937339854848
2025-10-26 17:36:24,LIKE,https://www.linkedin.com/feed/update/urn%3Ali%3AugcPost%3A7388028602933604352
2025-10-26 17:27:13,LIKE,https://www.linkedin.com/feed/update/urn%3Ali%3AugcPost%3A7387416286416506881
2025-10-26 17:26:54,LIKE,https://www.linkedin.com/feed/update/urn%3Ali%3AugcPost%3A7375738111433109504
2025-10-26 17:26:41,LIKE,https://www.linkedin.com/feed/update/urn%3Ali%3Aactivity%3A7384437950899630081
2025-10-26 17:26:21,LIKE,https://www.linkedin.com/feed/update/urn%3Ali%3AugcPost%3A7388160658866876416
2025-10-26 17:25:36,LIKE,https://www.linkedin.com/feed/update/urn%3Ali%3AugcPost%3A7388227678631358464
2025-10-26 17:21:09,LIKE,https://www.linkedin.com/feed/update/urn%3Ali%3AugcPost%3A7388242813064425472
2025-10-26 17:20:11,LIKE,https://www.linkedin.com/feed/update/urn%3Ali%3Aactivity%3A7388107118626754560
2025-10-26 15:14:43,LIKE,https://www.linkedin.com/feed/update/urn%3Ali%3AugcPost%3A7380949626021048320
2025-10-26 15:14:34,LIKE,https://www.linkedin.com/feed/update/urn%3Ali%3AugcPost%3A7388222612146987008
2025-10-26 14:37:02,LIKE,https://www.linkedin.com/feed/update/urn%3Ali%3AugcPost%3A7051076064642535424
2025-10-26 14:36:31,LIKE,https://www.linkedin.com/feed/update/urn%3Ali%3AugcPost%3A7133485257441341440
2025-10-26 14:35:59,LIKE,https://www.linkedin.com/feed/update/urn%3Ali%3AugcPost%3A7272090681190363136
2025-10-26 14:23:25,LIKE,https://www.linkedin.com/feed/update/urn%3Ali%3AugcPost%3A7387964396775501824
2025-10-26 14:23:04,LIKE,https://www.linkedin.com/feed/update/urn%3Ali%3Aactivity%3A7386055222076465152
2025-10-26 14:23:00,EMPATHY,https://www.linkedin.com/feed/update/urn%3Ali%3AugcPost%3A7388216448252534784
2025-10-26 11:31:48,INTEREST,https://www.linkedin.com/feed/update/urn%3Ali%3Aactivity%3A7388126412035129344
2025-10-26 04:34:26,LIKE,https://www.linkedin.com/feed/update/urn%3Ali%3AugcPost%3A7386734498928832512
2025-10-26 04:34:13,LIKE,https://www.linkedin.com/feed/update/urn%3Ali%3Aactivity%3A7386839159031754753
2025-10-25 20:34:07,ENTERTAINMENT,https://www.linkedin.com/feed/update/urn%3Ali%3AugcPost%3A7378349543777619968
2025-10-25 20:33:24,LIKE,https://www.linkedin.com/feed/update/urn%3Ali%3AgroupPost%3A10050014-7386826295789301761
2025-10-25 20:32:59,LIKE,https://www.linkedin.com/feed/update/urn%3Ali%3AugcPost%3A7379292057967853568
2025-10-25 20:32:40,LIKE,https://www.linkedin.com/feed/update/urn%3Ali%3Aactivity%3A7387679743615107072
2025-10-25 20:32:26,LIKE,https://www.linkedin.com/feed/update/urn%3Ali%3AugcPost%3A7386806394907234306
2025-10-25 20:32:03,LIKE,https://www.linkedin.com/feed/update/urn%3Ali%3AugcPost%3A7387781804872699904
2025-10-25 20:27:42,LIKE,https://www.linkedin.com/feed/update/urn%3Ali%3Aactivity%3A7387693177387929600
2025-10-25 20:27:35,LIKE,https://www.linkedin.com/feed/update/urn%3Ali%3Aactivity%3A7387339381415542784
2025-10-25 20:27:13,LIKE,https://www.linkedin.com/feed/update/urn%3Ali%3Aactivity%3A7378797222030704640
2025-10-25 20:27:00,LIKE,https://www.linkedin.com/feed/update/urn%3Ali%3AugcPost%3A7380941164591456257
2025-10-25 20:26:31,LIKE,https://www.linkedin.com/feed/update/urn%3Ali%3Aactivity%3A7386892532032503808
2025-10-25 20:26:13,LIKE,https://www.linkedin.com/feed/update/urn%3Ali%3AugcPost%3A7386679906803302400
2025-10-25 20:25:54,LIKE,https://www.linkedin.com/feed/update/urn%3Ali%3AugcPost%3A7387669987991326720
2025-10-25 20:23:43,LIKE,https://www.linkedin.com/feed/update/urn%3Ali%3AugcPost%3A7386467821784027138
2025-10-25 20:22:18,LIKE,https://www.linkedin.com/feed/update/urn%3Ali%3Aactivity%3A7386764755715223552
2025-10-25 20:21:49,LIKE,https://www.linkedin.com/feed/update/urn%3Ali%3Aactivity%3A7382481947693862912
2025-10-25 20:20:48,LIKE,https://www.linkedin.com/feed/update/urn%3Ali%3AugcPost%3A7387751650037325824
2025-10-25 20:20:26,LIKE,https://www.linkedin.com/feed/update/urn%3Ali%3AugcPost%3A7386962022321721347
2025-10-25 20:20:07,LIKE,https://www.linkedin.com/feed/update/urn%3Ali%3AugcPost%3A7385223643053826048
2025-10-25 20:19:55,LIKE,https://www.linkedin.com/feed/update/urn%3Ali%3Aactivity%3A7387382363007184896
2025-10-25 20:19:35,LIKE,https://www.linkedin.com/feed/update/urn%3Ali%3AugcPost%3A7387838342194900992
2025-10-25 20:19:07,LIKE,https://www.linkedin.com/feed/update/urn%3Ali%3AugcPost%3A7386790450512203776
2025-10-25 20:19:02,LIKE,https://www.linkedin.com/feed/update/urn%3Ali%3Aactivity%3A7387145496278200321
2025-10-25 20:18:25,LIKE,https://www.linkedin.com/feed/update/urn%3Ali%3Aactivity%3A7387710757246816256
2025-10-25 20:17:59,LIKE,https://www.linkedin.com/feed/update/urn%3Ali%3AugcPost%3A7387475736972152832
2025-10-25 20:16:25,LIKE,https://www.linkedin.com/feed/update/urn%3Ali%3Aactivity%3A7386334252759453696
2025-10-25 20:12:29,LIKE,https://www.linkedin.com/feed/update/urn%3Ali%3Aactivity%3A7383881274366578688
2025-10-25 20:12:13,LIKE,https://www.linkedin.com/feed/update/urn%3Ali%3AugcPost%3A7386690222178234368
2025-10-25 20:12:00,LIKE,https://www.linkedin.com/feed/update/urn%3Ali%3Aactivity%3A7385861932630753280
2025-10-25 20:09:12,LIKE,https://www.linkedin.com/feed/update/urn%3Ali%3Aactivity%3A7386385807160324096
2025-10-25 20:08:48,LIKE,https://www.linkedin.com/feed/update/urn%3Ali%3Aactivity%3A7386953472828559360
2025-10-25 13:39:04,LIKE,https://www.linkedin.com/feed/update/urn%3Ali%3AugcPost%3A7387546269092720641
2025-10-25 13:38:53,EMPATHY,https://www.linkedin.com/feed/update/urn%3Ali%3AugcPost%3A7387724465708838912?commentUrn=urn%3Ali%3Acomment%3A%28ugcPost%3A7387724465708838912%2C7387844664525144064%29
2025-10-25 13:37:31,LIKE,https://www.linkedin.com/feed/update/urn%3Ali%3Aactivity%3A7387481460892635136
2025-10-25 13:36:47,EMPATHY,https://www.linkedin.com/feed/update/urn%3Ali%3AugcPost%3A7387724465708838912?commentUrn=urn%3Ali%3Acomment%3A%28ugcPost%3A7387724465708838912%2C7387844348832276481%29
2025-10-25 13:35:55,LIKE,https://www.linkedin.com/feed/update/urn%3Ali%3AugcPost%3A7332730880886575104
2025-10-25 13:32:19,LIKE,https://www.linkedin.com/feed/update/urn%3Ali%3Aactivity%3A7386773764170235904
2025-10-25 13:31:48,PRAISE,https://www.linkedin.com/feed/update/urn%3Ali%3AugcPost%3A7387684920770453504
2025-10-25 12:28:32,LIKE,https://www.linkedin.com/feed/update/urn%3Ali%3Aactivity%3A7387822339851272192
2025-10-25 10:48:18,LIKE,https://www.linkedin.com/feed/update/urn%3Ali%3AugcPost%3A7387427845800783872
2025-10-24 08:59:25,LIKE,https://www.linkedin.com/feed/update/urn%3Ali%3Aactivity%3A7382831999863922689
2025-10-24 04:44:11,PRAISE,https://www.linkedin.com/feed/update/urn%3Ali%3AugcPost%3A7387130355989962752
2025-10-23 07:48:05,PRAISE,https://www.linkedin.com/feed/update/urn%3Ali%3AugcPost%3A7386780681462362113
2025-10-22 15:26:32,LIKE,https://www.linkedin.com/feed/update/urn%3Ali%3Aactivity%3A7386356078537535488
2025-10-22 15:25:59,PRAISE,https://www.linkedin.com/feed/update/urn%3Ali%3AugcPost%3A7386521361105641472
2025-10-22 15:25:12,EMPATHY,https://www.linkedin.com/feed/update/urn%3Ali%3Aactivity%3A7386641307538018304
2025-10-22 15:24:45,LIKE,https://www.linkedin.com/feed/update/urn%3Ali%3Aactivity%3A7386730401844785152
2025-10-22 03:28:37,LIKE,https://www.linkedin.com/feed/update/urn%3Ali%3AugcPost%3A7385867339205885952?commentUrn=urn%3Ali%3Acomment%3A%28ugcPost%3A7385867339205885952%2C7386115733073776640%29
2025-10-22 03:27:39,EMPATHY,https://www.linkedin.com/feed/update/urn%3Ali%3AugcPost%3A7386487340900356096
2025-10-22 03:27:32,LIKE,https://www.linkedin.com/feed/update/urn%3Ali%3Aactivity%3A7385244258187980800
2025-10-21 17:08:31,LIKE,https://www.linkedin.com/feed/update/urn%3Ali%3Aactivity%3A7386405422099972096
2025-10-21 09:54:04,LIKE,https://www.linkedin.com/feed/update/urn%3Ali%3AugcPost%3A7385974543082749952
2025-10-21 09:53:53,LIKE,https://www.linkedin.com/feed/update/urn%3Ali%3AugcPost%3A7386119772716978176
2025-10-20 18:45:16,LIKE,https://www.linkedin.com/feed/update/urn%3Ali%3AugcPost%3A7376501744899428354
2025-10-20 18:45:06,LIKE,https://www.linkedin.com/feed/update/urn%3Ali%3AugcPost%3A7384918284409749504
2025-10-20 18:43:30,EMPATHY,https://www.linkedin.com/feed/update/urn%3Ali%3AugcPost%3A7376260926100066304
2025-10-20 18:42:30,LIKE,https://www.linkedin.com/feed/update/urn%3Ali%3AugcPost%3A7385619391155159040
2025-10-20 18:41:29,LIKE,https://www.linkedin.com/feed/update/urn%3Ali%3Aactivity%3A7386067886865289216
2025-10-20 18:40:31,INTEREST,https://www.linkedin.com/feed/update/urn%3Ali%3Aactivity%3A7386043930989215746
2025-10-20 18:35:36,LIKE,https://www.linkedin.com/feed/update/urn%3Ali%3Aactivity%3A7386082008143286272
2025-10-20 18:35:09,LIKE,https://www.linkedin.com/feed/update/urn%3Ali%3AugcPost%3A7376466454621118464
2025-10-20 18:33:20,INTEREST,https://www.linkedin.com/feed/update/urn%3Ali%3AugcPost%3A7385867339205885952
2025-10-20 18:32:11,LIKE,https://www.linkedin.com/feed/update/urn%3Ali%3Aactivity%3A7383802371732168704
2025-10-20 18:31:58,LIKE,https://www.linkedin.com/feed/update/urn%3Ali%3Aactivity%3A7384123289096441856
2025-10-20 18:23:21,LIKE,https://www.linkedin.com/feed/update/urn%3Ali%3AugcPost%3A7386063793904201728
2025-10-20 18:23:02,LIKE,https://www.linkedin.com/feed/update/urn%3Ali%3Aactivity%3A7385246414932484096
2025-10-20 18:22:31,LIKE,https://www.linkedin.com/feed/update/urn%3Ali%3AugcPost%3A7376345951420104704
2025-10-20 18:21:55,LIKE,https://www.linkedin.com/feed/update/urn%3Ali%3AugcPost%3A7385974510237347840
2025-10-20 18:21:40,LIKE,https://www.linkedin.com/feed/update/urn%3Ali%3AugcPost%3A7386044611204575232
2025-10-20 18:21:26,LIKE,https://www.linkedin.com/feed/update/urn%3Ali%3Aactivity%3A7383407409568022528
2025-10-20 18:20:01,LIKE,https://www.linkedin.com/feed/update/urn%3Ali%3AugcPost%3A7379685587202662401
2025-10-20 18:19:49,LIKE,https://www.linkedin.com/feed/update/urn%3Ali%3AugcPost%3A7384226422472626176
2025-10-20 18:19:48,INTEREST,https://www.linkedin.com/feed/update/urn%3Ali%3AugcPost%3A7385867936713895936
2025-10-20 18:18:41,LIKE,https://www.linkedin.com/feed/update/urn%3Ali%3Aactivity%3A7385898900295090176
2025-10-20 18:10:28,LIKE,https://www.linkedin.com/feed/update/urn%3Ali%3Aactivity%3A7381599553612951553
2025-10-20 18:01:08,LIKE,https://www.linkedin.com/feed/update/urn%3Ali%3Aactivity%3A7385926070790914048
2025-10-20 18:01:02,LIKE,https://www.linkedin.com/feed/update/urn%3Ali%3AugcPost%3A7382204117739507712
2025-10-20 17:55:28,LIKE,https://www.linkedin.com/feed/update/urn%3Ali%3Aactivity%3A7384921196129185793
2025-10-20 17:55:19,LIKE,https://www.linkedin.com/feed/update/urn%3Ali%3Aactivity%3A7385961005593464832
2025-10-20 17:41:04,LIKE,https://www.linkedin.com/feed/update/urn%3Ali%3AugcPost%3A7385306201183596567
2025-10-20 17:22:59,LIKE,https://www.linkedin.com/feed/update/urn%3Ali%3AugcPost%3A7386027080163147776
2025-10-20 16:38:19,LIKE,https://www.linkedin.com/feed/update/urn%3Ali%3AugcPost%3A7383210046546948096
2025-10-20 16:38:04,LIKE,https://www.linkedin.com/feed/update/urn%3Ali%3Aactivity%3A7385972993878913024
2025-10-20 16:37:33,LIKE,https://www.linkedin.com/feed/update/urn%3Ali%3AugcPost%3A7385938742273990656
2025-10-20 16:34:37,LIKE,https://www.linkedin.com/feed/update/urn%3Ali%3AugcPost%3A7386075604938334209
2025-10-20 12:16:37,LIKE,https://www.linkedin.com/feed/update/urn%3Ali%3AugcPost%3A7385992662778052608
2025-10-20 05:58:03,LIKE,https://www.linkedin.com/feed/update/urn%3Ali%3Aactivity%3A7385851699296608256
2025-10-20 04:47:01,LIKE,https://www.linkedin.com/feed/update/urn%3Ali%3Aactivity%3A7376222710839832576
2025-10-20 04:46:43,LIKE,https://www.linkedin.com/feed/update/urn%3Ali%3AugcPost%3A7385706893786357761
2025-10-20 04:46:26,LIKE,https://www.linkedin.com/feed/update/urn%3Ali%3Aactivity%3A7384090670992396288
2025-10-20 04:46:20,LIKE,https://www.linkedin.com/feed/update/urn%3Ali%3AugcPost%3A7385655790541455360
2025-10-19 16:57:59,LIKE,https://www.linkedin.com/feed/update/urn%3Ali%3AugcPost%3A7385552745618915328
2025-10-19 16:57:34,LIKE,https://www.linkedin.com/feed/update/urn%3Ali%3AugcPost%3A7384801463174307840
2025-10-19 16:57:21,LIKE,https://www.linkedin.com/feed/update/urn%3Ali%3AugcPost%3A7380926079236182017
2025-10-19 16:56:47,LIKE,https://www.linkedin.com/feed/update/urn%3Ali%3Aactivity%3A7380954433741856769
2025-10-19 16:56:21,LIKE,https://www.linkedin.com/feed/update/urn%3Ali%3Aactivity%3A7385638203522809856
2025-10-19 16:53:54,LIKE,https://www.linkedin.com/feed/update/urn%3Ali%3Aactivity%3A7385675727402164225
2025-10-19 16:52:53,LIKE,https://www.linkedin.com/feed/update/urn%3Ali%3Aactivity%3A7385564151458484224
2025-10-19 16:51:42,LIKE,https://www.linkedin.com/feed/update/urn%3Ali%3AugcPost%3A7385709873105203201
2025-10-19 16:35:36,EMPATHY,https://www.linkedin.com/feed/update/urn%3Ali%3AugcPost%3A7385701521990193152
2025-10-19 13:29:36,LIKE,https://www.linkedin.com/feed/update/urn%3Ali%3AugcPost%3A7385626453771505664
2025-10-19 12:47:51,LIKE,https://www.linkedin.com/feed/update/urn%3Ali%3Aactivity%3A7384875777697312768
2025-10-19 12:46:56,LIKE,https://www.linkedin.com/feed/update/urn%3Ali%3AugcPost%3A7385261332679405568
2025-10-19 12:33:40,LIKE,https://www.linkedin.com/feed/update/urn%3Ali%3Aactivity%3A7385645906462674944
2025-10-19 12:32:22,LIKE,https://www.linkedin.com/feed/update/urn%3Ali%3Aactivity%3A7385645912871559168
2025-10-19 08:07:08,LIKE,https://www.linkedin.com/feed/update/urn%3Ali%3Aactivity%3A7381221754699931648
2025-10-19 08:07:01,LIKE,https://www.linkedin.com/feed/update/urn%3Ali%3AugcPost%3A7383199838164869120
2025-10-19 08:06:42,LIKE,https://www.linkedin.com/feed/update/urn%3Ali%3Aactivity%3A7385523751506989056
2025-10-19 05:22:55,LIKE,https://www.linkedin.com/feed/update/urn%3Ali%3AugcPost%3A7383395703701590016?commentUrn=urn%3Ali%3Acomment%3A%28ugcPost%3A7383395703701590016%2C7385440567180148736%29
2025-10-19 03:37:17,LIKE,https://www.linkedin.com/feed/update/urn%3Ali%3AugcPost%3A7385076392415203328
2025-10-19 03:36:26,LIKE,https://www.linkedin.com/feed/update/urn%3Ali%3Aactivity%3A7382071764580724737
2025-10-19 03:36:21,LIKE,https://www.linkedin.com/feed/update/urn%3Ali%3AugcPost%3A7382547793317564416
2025-10-19 03:36:19,LIKE,https://www.linkedin.com/feed/update/urn%3Ali%3AugcPost%3A7385407759602667520
2025-10-19 03:34:00,LIKE,https://www.linkedin.com/feed/update/urn%3Ali%3Aactivity%3A7385459256482963456
2025-10-18 18:45:44,LIKE,https://www.linkedin.com/feed/update/urn%3Ali%3Aactivity%3A7383846199235301376
2025-10-18 18:45:29,LIKE,https://www.linkedin.com/feed/update/urn%3Ali%3Aactivity%3A7385290828501426176
2025-10-18 18:45:22,LIKE,https://www.linkedin.com/feed/update/urn%3Ali%3AugcPost%3A7382406587857932288
2025-10-18 18:45:10,LIKE,https://www.linkedin.com/feed/update/urn%3Ali%3Aactivity%3A7380704175887667200
2025-10-18 18:43:19,LIKE,https://www.linkedin.com/feed/update/urn%3Ali%3AugcPost%3A7382674739162480640
2025-10-18 18:43:08,LIKE,https://www.linkedin.com/feed/update/urn%3Ali%3AgroupPost%3A2066905-7379823818170695680
2025-10-18 18:42:19,LIKE,https://www.linkedin.com/feed/update/urn%3Ali%3AugcPost%3A7385035586652262400
2025-10-18 18:41:51,EMPATHY,https://www.linkedin.com/feed/update/urn%3Ali%3AugcPost%3A7384784910894419968
2025-10-18 18:39:10,LIKE,https://www.linkedin.com/feed/update/urn%3Ali%3AugcPost%3A7385370901040648192
2025-10-18 18:38:54,LIKE,https://www.linkedin.com/feed/update/urn%3Ali%3Aactivity%3A7377668402619781120
2025-10-18 18:38:10,LIKE,https://www.linkedin.com/feed/update/urn%3Ali%3AugcPost%3A7382691518995771392
2025-10-18 18:37:23,LIKE,https://www.linkedin.com/feed/update/urn%3Ali%3AugcPost%3A7384609343779856384
2025-10-18 18:37:04,LIKE,https://www.linkedin.com/feed/update/urn%3Ali%3AugcPost%3A7380919148651945984
2025-10-18 18:34:32,LIKE,https://www.linkedin.com/feed/update/urn%3Ali%3Aactivity%3A7384196383601483776
2025-10-18 16:34:34,LIKE,https://www.linkedin.com/feed/update/urn%3Ali%3AugcPost%3A7376698318506307584
2025-10-18 16:34:16,LIKE,https://www.linkedin.com/feed/update/urn%3Ali%3Aactivity%3A7381698004241633280
2025-10-18 16:34:09,LIKE,https://www.linkedin.com/feed/update/urn%3Ali%3AugcPost%3A7385251851765547008
2025-10-18 16:33:15,LIKE,https://www.linkedin.com/feed/update/urn%3Ali%3Aactivity%3A7384598435628437504
2025-10-18 16:32:44,LIKE,https://www.linkedin.com/feed/update/urn%3Ali%3AugcPost%3A7384674370822225920
2025-10-18 16:32:34,LIKE,https://www.linkedin.com/feed/update/urn%3Ali%3Aactivity%3A7384822704660520960
2025-10-18 16:31:19,LIKE,https://www.linkedin.com/feed/update/urn%3Ali%3Aactivity%3A7384613964904722432
2025-10-18 16:31:05,LIKE,https://www.linkedin.com/feed/update/urn%3Ali%3Aactivity%3A7385283534980300804
2025-10-18 16:30:46,PRAISE,https://www.linkedin.com/feed/update/urn%3Ali%3Aactivity%3A7383556702840778752
2025-10-18 16:30:00,PRAISE,https://www.linkedin.com/feed/update/urn%3Ali%3AugcPost%3A7385250809720102912
2025-10-18 16:29:50,LIKE,https://www.linkedin.com/feed/update/urn%3Ali%3AugcPost%3A7381386891935293442
2025-10-18 16:29:31,PRAISE,https://www.linkedin.com/feed/update/urn%3Ali%3AugcPost%3A7385063969352355840
2025-10-18 16:27:14,EMPATHY,https://www.linkedin.com/feed/update/urn%3Ali%3AugcPost%3A7384940144182874112
2025-10-18 02:06:38,LIKE,https://www.linkedin.com/feed/update/urn%3Ali%3AugcPost%3A7384916665236590592
2025-10-18 02:05:38,LIKE,https://www.linkedin.com/feed/update/urn%3Ali%3Aactivity%3A7384981551140270083
2025-10-18 02:05:04,LIKE,https://www.linkedin.com/feed/update/urn%3Ali%3AugcPost%3A7384735756239540224
2025-10-17 09:59:59,LIKE,https://www.linkedin.com/feed/update/urn%3Ali%3AugcPost%3A7384823313757544448
2025-10-17 09:59:44,LIKE,https://www.linkedin.com/feed/update/urn%3Ali%3Aactivity%3A7384648386446151680
2025-10-17 09:59:33,PRAISE,https://www.linkedin.com/feed/update/urn%3Ali%3AugcPost%3A7384890389725548544
2025-10-16 16:16:44,LIKE,https://www.linkedin.com/feed/update/urn%3Ali%3Aactivity%3A7384328888513937408
2025-10-16 16:16:32,LIKE,https://www.linkedin.com/feed/update/urn%3Ali%3AugcPost%3A7383254548687253505
2025-10-16 16:16:13,LIKE,https://www.linkedin.com/feed/update/urn%3Ali%3AugcPost%3A7382750575035260928
2025-10-16 04:49:23,LIKE,https://www.linkedin.com/feed/update/urn%3Ali%3Aactivity%3A7378036974785425408
2025-10-16 04:48:56,LIKE,https://www.linkedin.com/feed/update/urn%3Ali%3AugcPost%3A7384297764911943680
2025-10-16 04:48:41,LIKE,https://www.linkedin.com/feed/update/urn%3Ali%3Aactivity%3A7382308944603684864
2025-10-16 02:55:09,LIKE,https://www.linkedin.com/feed/update/urn%3Ali%3AugcPost%3A7384274721976020992
2025-10-16 02:54:25,LIKE,https://www.linkedin.com/feed/update/urn%3Ali%3AugcPost%3A7383858850191458304
2025-10-16 02:54:20,LIKE,https://www.linkedin.com/feed/update/urn%3Ali%3AugcPost%3A7382028319665336320
2025-10-16 01:32:23,LIKE,https://www.linkedin.com/feed/update/urn%3Ali%3AugcPost%3A7380595481791553536
2025-10-16 01:31:26,LIKE,https://www.linkedin.com/feed/update/urn%3Ali%3AugcPost%3A7378193298676584448
2025-10-16 01:30:45,LIKE,https://www.linkedin.com/feed/update/urn%3Ali%3AugcPost%3A7377650066758701056
2025-10-16 01:30:32,LIKE,https://www.linkedin.com/feed/update/urn%3Ali%3Aactivity%3A7384320516523970560
2025-10-16 01:30:24,LIKE,https://www.linkedin.com/feed/update/urn%3Ali%3Aactivity%3A7380976250246324224
2025-10-16 00:39:40,LIKE,https://www.linkedin.com/feed/update/urn%3Ali%3AugcPost%3A7335222720328060928
2025-10-16 00:37:25,INTEREST,https://www.linkedin.com/feed/update/urn%3Ali%3Aactivity%3A7377268259601051648
2025-10-16 00:35:19,LIKE,https://www.linkedin.com/feed/update/urn%3Ali%3AugcPost%3A7384289006316040192
2025-10-16 00:34:55,LIKE,https://www.linkedin.com/feed/update/urn%3Ali%3AugcPost%3A7384199611839672321
2025-10-16 00:34:20,LIKE,https://www.linkedin.com/feed/update/urn%3Ali%3Aactivity%3A7384273933514100754
2025-10-15 06:35:29,EMPATHY,https://www.linkedin.com/feed/update/urn%3Ali%3Aactivity%3A7383364141509505024?commentUrn=urn%3Ali%3Acomment%3A%28activity%3A7383364141509505024%2C7384114508748926977%29
2025-10-15 06:33:37,LIKE,https://www.linkedin.com/feed/update/urn%3Ali%3AugcPost%3A7383982114691538945
2025-10-15 06:33:29,LIKE,https://www.linkedin.com/feed/update/urn%3Ali%3AugcPost%3A7383664612585549824
2025-10-15 06:13:25,LIKE,https://www.linkedin.com/feed/update/urn%3Ali%3Aactivity%3A7379543290276323328
2025-10-15 06:12:07,LIKE,https://www.linkedin.com/feed/update/urn%3Ali%3Aactivity%3A7384066590243213312
2025-10-14 22:20:39,LIKE,https://www.linkedin.com/feed/update/urn%3Ali%3AugcPost%3A7383604322946834432
2025-10-14 19:15:07,LIKE,https://www.linkedin.com/feed/update/urn%3Ali%3Aactivity%3A7383852106279153664
2025-10-14 11:41:06,LIKE,https://www.linkedin.com/feed/update/urn%3Ali%3AugcPost%3A7382048211961528321
2025-10-14 11:32:16,LIKE,https://www.linkedin.com/feed/update/urn%3Ali%3AugcPost%3A7383697412088881152
2025-10-14 10:59:58,LIKE,https://www.linkedin.com/feed/update/urn%3Ali%3AugcPost%3A7383531329994362880
2025-10-14 08:50:00,LIKE,https://www.linkedin.com/feed/update/urn%3Ali%3AugcPost%3A7383490039877390337
2025-10-14 08:43:08,LIKE,https://www.linkedin.com/feed/update/urn%3Ali%3AugcPost%3A7381257938163732480
2025-10-14 08:41:27,LIKE,https://www.linkedin.com/feed/update/urn%3Ali%3AugcPost%3A7383750113707515904
2025-10-14 05:34:44,LIKE,https://www.linkedin.com/feed/update/urn%3Ali%3Aactivity%3A7383408391852920832
2025-10-14 05:34:31,LIKE,https://www.linkedin.com/feed/update/urn%3Ali%3Aactivity%3A7379393917554892800
2025-10-14 04:59:42,LIKE,https://www.linkedin.com/feed/update/urn%3Ali%3AugcPost%3A7382350311576965120
2025-10-14 04:59:08,LIKE,https://www.linkedin.com/feed/update/urn%3Ali%3AugcPost%3A7381327774806040576
2025-10-13 19:09:34,LIKE,https://www.linkedin.com/feed/update/urn%3Ali%3Aactivity%3A7381667205748424704
2025-10-13 15:11:48,LIKE,https://www.linkedin.com/feed/update/urn%3Ali%3Aactivity%3A7380934866734981121
2025-10-13 13:53:20,LIKE,https://www.linkedin.com/feed/update/urn%3Ali%3Aactivity%3A7379485041183240192
2025-10-13 13:53:09,LIKE,https://www.linkedin.com/feed/update/urn%3Ali%3AugcPost%3A7382303899711373312
2025-10-13 11:59:04,LIKE,https://www.linkedin.com/feed/update/urn%3Ali%3AugcPost%3A7379484104943292417
2025-10-13 11:09:15,LIKE,https://www.linkedin.com/feed/update/urn%3Ali%3Aactivity%3A7379888016691101698
2025-10-13 11:09:13,LIKE,https://www.linkedin.com/feed/update/urn%3Ali%3AugcPost%3A7382686008150126593
2025-10-13 11:08:50,LIKE,https://www.linkedin.com/feed/update/urn%3Ali%3Aactivity%3A7380367155390955521
2025-10-13 11:08:33,LIKE,https://www.linkedin.com/feed/update/urn%3Ali%3AugcPost%3A7381068834360860672
2025-10-13 11:08:28,LIKE,https://www.linkedin.com/feed/update/urn%3Ali%3Aactivity%3A7382030493250248704
2025-10-13 11:08:04,LIKE,https://www.linkedin.com/feed/update/urn%3Ali%3Aactivity%3A7380210125745233920
2025-10-13 11:07:58,LIKE,https://www.linkedin.com/feed/update/urn%3Ali%3Aactivity%3A7382949660946128896
2025-10-13 11:02:35,LIKE,https://www.linkedin.com/feed/update/urn%3Ali%3Aactivity%3A7381612724872581121
2025-10-13 11:02:13,LIKE,https://www.linkedin.com/feed/update/urn%3Ali%3AugcPost%3A7378069759998865409
2025-10-13 11:01:54,LIKE,https://www.linkedin.com/feed/update/urn%3Ali%3Aactivity%3A7383143064099422208
2025-10-13 11:01:43,LIKE,https://www.linkedin.com/feed/update/urn%3Ali%3Aactivity%3A7380459252341116928
2025-10-13 11:01:31,LIKE,https://www.linkedin.com/feed/update/urn%3Ali%3Aactivity%3A7378671654115303424
2025-10-13 11:01:05,LIKE,https://www.linkedin.com/feed/update/urn%3Ali%3Aactivity%3A7381659639979048960
2025-10-13 10:35:06,LIKE,https://www.linkedin.com/feed/update/urn%3Ali%3AugcPost%3A7383053291175211008
2025-10-13 10:27:52,LIKE,https://www.linkedin.com/feed/update/urn%3Ali%3Aactivity%3A7382384451663650816
2025-10-13 10:27:47,LIKE,https://www.linkedin.com/feed/update/urn%3Ali%3AugcPost%3A7381338854001315840
2025-10-13 10:27:39,LIKE,https://www.linkedin.com/feed/update/urn%3Ali%3Aactivity%3A7382746864405860352
2025-10-13 10:27:36,LIKE,https://www.linkedin.com/feed/update/urn%3Ali%3Aactivity%3A7380502399389650944
2025-10-13 10:23:14,LIKE,https://www.linkedin.com/feed/update/urn%3Ali%3AgroupPost%3A12017374-7382727806100758528
2025-10-13 10:18:04,LIKE,https://www.linkedin.com/feed/update/urn%3Ali%3AugcPost%3A7381687384981291009
2025-10-13 10:17:21,LIKE,https://www.linkedin.com/feed/update/urn%3Ali%3AugcPost%3A7383025448517103616
2025-10-13 10:17:16,LIKE,https://www.linkedin.com/feed/update/urn%3Ali%3Aactivity%3A7382394937629216768
2025-10-13 09:17:56,LIKE,https://www.linkedin.com/feed/update/urn%3Ali%3AugcPost%3A7382021432165249024
2025-10-13 09:17:50,LIKE,https://www.linkedin.com/feed/update/urn%3Ali%3AugcPost%3A7382012688031354880
2025-10-13 09:17:21,LIKE,https://www.linkedin.com/feed/update/urn%3Ali%3AugcPost%3A7382606710911401984
2025-10-13 08:17:51,LIKE,https://www.linkedin.com/feed/update/urn%3Ali%3Aactivity%3A7380781269061832704
2025-10-13 08:17:35,LIKE,https://www.linkedin.com/feed/update/urn%3Ali%3AugcPost%3A7377774674560200704
2025-10-13 07:44:25,LIKE,https://www.linkedin.com/feed/update/urn%3Ali%3AugcPost%3A7379130973965328384
2025-10-13 07:29:11,EMPATHY,https://www.linkedin.com/feed/update/urn%3Ali%3AugcPost%3A7383391916882710529
2025-10-13 07:12:24,LIKE,https://www.linkedin.com/feed/update/urn%3Ali%3AugcPost%3A7378753943830618112
2025-10-13 07:12:10,LIKE,https://www.linkedin.com/feed/update/urn%3Ali%3AugcPost%3A7383213940358443010
2025-10-13 07:11:56,INTEREST,https://www.linkedin.com/feed/update/urn%3Ali%3Aactivity%3A7381199098659532800
2025-10-13 06:14:04,LIKE,https://www.linkedin.com/feed/update/urn%3Ali%3Aactivity%3A7383364141509505024
2025-10-13 04:50:47,LIKE,https://www.linkedin.com/feed/update/urn%3Ali%3Aactivity%3A7382419188189061120
2025-10-13 04:50:27,LIKE,https://www.linkedin.com/feed/update/urn%3Ali%3AugcPost%3A7378375067660996608
2025-10-13 04:50:11,LIKE,https://www.linkedin.com/feed/update/urn%3Ali%3Aactivity%3A7378530393475674112
2025-10-13 04:49:50,LIKE,https://www.linkedin.com/feed/update/urn%3Ali%3AugcPost%3A7380646818033864705
2025-10-13 04:49:37,LIKE,https://www.linkedin.com/feed/update/urn%3Ali%3AugcPost%3A7382929563821125632
2025-10-12 12:25:51,LIKE,https://www.linkedin.com/feed/update/urn%3Ali%3Aactivity%3A7383108600807895040
2025-10-12 07:59:19,LIKE,https://www.linkedin.com/feed/update/urn%3Ali%3Aactivity%3A7381358669642444800
2025-10-03 15:35:15,LIKE,https://www.linkedin.com/feed/update/urn%3Ali%3AugcPost%3A7379125658876067844
2025-10-02 06:56:13,LIKE,https://www.linkedin.com/feed/update/urn%3Ali%3AugcPost%3A7377656112734593024
2025-10-02 06:55:53,LIKE,https://www.linkedin.com/feed/update/urn%3Ali%3AugcPost%3A7378540211581923328
2025-10-02 06:55:28,LIKE,https://www.linkedin.com/feed/update/urn%3Ali%3AugcPost%3A7379013492982468608
2025-10-02 06:55:03,LIKE,https://www.linkedin.com/feed/update/urn%3Ali%3Aactivity%3A7378935948861931520
2025-10-02 06:41:36,LIKE,https://www.linkedin.com/feed/update/urn%3Ali%3AugcPost%3A7378478250286686208
2025-10-02 06:40:03,LIKE,https://www.linkedin.com/feed/update/urn%3Ali%3Aactivity%3A7376223889393205248
2025-09-27 08:02:15,LIKE,https://www.linkedin.com/feed/update/urn%3Ali%3AugcPost%3A7377295416687714304
2025-09-25 13:15:51,LIKE,https://www.linkedin.com/feed/update/urn%3Ali%3AugcPost%3A7373650798112555008
2025-09-25 13:15:01,LIKE,https://www.linkedin.com/feed/update/urn%3Ali%3AugcPost%3A7375953569163714560
2025-09-25 07:45:41,LIKE,https://www.linkedin.com/feed/update/urn%3Ali%3AugcPost%3A7376340181655781376
2025-09-22 10:08:03,LIKE,https://www.linkedin.com/feed/update/urn%3Ali%3AugcPost%3A7373452861403361288
2025-09-22 10:07:46,LIKE,https://www.linkedin.com/feed/update/urn%3Ali%3AugcPost%3A7374881541786841088
2025-09-22 10:07:36,LIKE,https://www.linkedin.com/feed/update/urn%3Ali%3Aactivity%3A7372596117567545344
2025-09-22 10:06:54,LIKE,https://www.linkedin.com/feed/update/urn%3Ali%3AugcPost%3A7373391841628651520
2025-09-22 10:06:11,LIKE,https://www.linkedin.com/feed/update/urn%3Ali%3AugcPost%3A7374324801131417600
2025-09-18 07:43:11,LIKE,https://www.linkedin.com/feed/update/urn%3Ali%3AugcPost%3A7374252107320840192
2025-09-17 02:17:29,LIKE,https://www.linkedin.com/feed/update/urn%3Ali%3AugcPost%3A7373212320115654657
2025-09-17 01:56:59,LIKE,https://www.linkedin.com/feed/update/urn%3Ali%3Aactivity%3A7373687162048888832
2025-09-16 03:10:37,PRAISE,https://www.linkedin.com/feed/update/urn%3Ali%3Aactivity%3A7372305060258643968
2025-09-13 10:39:25,EMPATHY,https://www.linkedin.com/feed/update/urn%3Ali%3AugcPost%3A7371955054263664641?commentUrn=urn%3Ali%3Acomment%3A%28ugcPost%3A7371955054263664641%2C7372567050415702016%29
2025-09-12 21:55:48,LIKE,https://www.linkedin.com/feed/update/urn%3Ali%3Aactivity%3A7371091522664132608
2025-09-12 18:38:43,LIKE,https://www.linkedin.com/feed/update/urn%3Ali%3AugcPost%3A7371535876369088512
2025-09-12 18:38:33,LIKE,https://www.linkedin.com/feed/update/urn%3Ali%3Aactivity%3A7372237646070194176
2025-09-12 18:37:30,LIKE,https://www.linkedin.com/feed/update/urn%3Ali%3Aactivity%3A7371853848405078016
2025-09-12 18:34:08,LIKE,https://www.linkedin.com/feed/update/urn%3Ali%3AugcPost%3A7371953820609851392
2025-09-12 18:34:05,LIKE,https://www.linkedin.com/feed/update/urn%3Ali%3Aactivity%3A7372128638453895168
2025-09-12 18:33:38,LIKE,https://www.linkedin.com/feed/update/urn%3Ali%3AugcPost%3A7372245603264782336
2025-09-12 04:44:32,LIKE,https://www.linkedin.com/feed/update/urn%3Ali%3AugcPost%3A7371955054263664641
2025-09-11 20:54:35,LIKE,https://www.linkedin.com/feed/update/urn%3Ali%3AugcPost%3A7372004684233879572
2025-09-11 20:53:44,LIKE,https://www.linkedin.com/feed/update/urn%3Ali%3AugcPost%3A7371814862605172737
2025-09-11 05:19:35,LIKE,https://www.linkedin.com/feed/update/urn%3Ali%3AugcPost%3A7371633304220897281
2025-09-10 19:26:18,LIKE,https://www.linkedin.com/feed/update/urn%3Ali%3AugcPost%3A7371399867551682560
2025-09-10 19:26:06,LIKE,https://www.linkedin.com/feed/update/urn%3Ali%3AugcPost%3A7371540894371565568
2025-09-10 19:05:17,LIKE,https://www.linkedin.com/feed/update/urn%3Ali%3Aactivity%3A7371150237798674432
2025-09-10 19:05:10,LIKE,https://www.linkedin.com/feed/update/urn%3Ali%3Aactivity%3A7371535106223779841
2025-09-10 19:03:44,LIKE,https://www.linkedin.com/feed/update/urn%3Ali%3AugcPost%3A7371518690070241280
2025-09-10 10:49:58,LIKE,https://www.linkedin.com/feed/update/urn%3Ali%3Aactivity%3A7371431235941818368
2025-09-10 08:53:03,LIKE,https://www.linkedin.com/feed/update/urn%3Ali%3AugcPost%3A7371462537957183488
2025-09-10 08:52:47,LIKE,https://www.linkedin.com/feed/update/urn%3Ali%3AugcPost%3A7371426494457401344
2025-09-10 08:52:28,LIKE,https://www.linkedin.com/feed/update/urn%3Ali%3AugcPost%3A7371051331618422784
2025-09-10 03:48:42,LIKE,https://www.linkedin.com/feed/update/urn%3Ali%3AgroupPost%3A10050014-7371382589573545984
2025-09-10 03:47:51,LIKE,https://www.linkedin.com/feed/update/urn%3Ali%3Aactivity%3A7370714266477367297
2025-09-10 03:46:43,LIKE,https://www.linkedin.com/feed/update/urn%3Ali%3Aactivity%3A7371220740739858432
2025-09-09 19:34:50,LIKE,https://www.linkedin.com/feed/update/urn%3Ali%3AugcPost%3A7371157970627424256
2025-09-09 13:33:19,EMPATHY,https://www.linkedin.com/feed/update/urn%3Ali%3AugcPost%3A7370546906390810624?commentUrn=urn%3Ali%3Acomment%3A%28ugcPost%3A7370546906390810624%2C7371152245758894080%29
2025-09-09 13:33:08,EMPATHY,https://www.linkedin.com/feed/update/urn%3Ali%3Aactivity%3A7371090175340490752
2025-09-09 09:04:46,LIKE,https://www.linkedin.com/feed/update/urn%3Ali%3Aactivity%3A7369075272597327872
2025-09-09 08:00:58,LIKE,https://www.linkedin.com/feed/update/urn%3Ali%3AugcPost%3A7371081250654269440
2025-09-09 05:52:10,LIKE,https://www.linkedin.com/feed/update/urn%3Ali%3Aactivity%3A7370745764710440960
2025-09-09 04:43:45,LIKE,https://www.linkedin.com/feed/update/urn%3Ali%3AugcPost%3A7370894995387760641
2025-09-09 04:42:59,LIKE,https://www.linkedin.com/feed/update/urn%3Ali%3Aactivity%3A7370917015273984000
2025-09-09 04:37:27,EMPATHY,https://www.linkedin.com/feed/update/urn%3Ali%3AugcPost%3A7370546906390810624?commentUrn=urn%3Ali%3Acomment%3A%28ugcPost%3A7370546906390810624%2C7370819887687991296%29
2025-09-09 04:35:05,EMPATHY,https://www.linkedin.com/feed/update/urn%3Ali%3AugcPost%3A7370546906390810624?commentUrn=urn%3Ali%3Acomment%3A%28ugcPost%3A7370546906390810624%2C7370826739926831104%29
2025-09-08 18:57:45,LIKE,https://www.linkedin.com/feed/update/urn%3Ali%3AugcPost%3A7370740805096869888
2025-09-08 18:57:33,LIKE,https://www.linkedin.com/feed/update/urn%3Ali%3Aactivity%3A7369069431785725957
2025-09-08 18:49:49,LIKE,https://www.linkedin.com/feed/update/urn%3Ali%3Aactivity%3A7370427165500362752
2025-09-08 18:49:25,LIKE,https://www.linkedin.com/feed/update/urn%3Ali%3Aactivity%3A7370822800154136576
2025-09-08 18:49:07,LIKE,https://www.linkedin.com/feed/update/urn%3Ali%3AugcPost%3A7370803585854410752
2025-09-08 18:48:57,LIKE,https://www.linkedin.com/feed/update/urn%3Ali%3Aactivity%3A7367855276911202304
2025-09-08 18:48:04,LIKE,https://www.linkedin.com/feed/update/urn%3Ali%3Aactivity%3A7368652466097225729
2025-09-08 18:47:55,LIKE,https://www.linkedin.com/feed/update/urn%3Ali%3AugcPost%3A7370881856663142401
2025-09-08 18:47:35,LIKE,https://www.linkedin.com/feed/update/urn%3Ali%3AugcPost%3A7370822962985476096
2025-09-08 18:46:38,LIKE,https://www.linkedin.com/feed/update/urn%3Ali%3Aactivity%3A7370855168722173952
2025-09-08 18:46:09,LIKE,https://www.linkedin.com/feed/update/urn%3Ali%3Aactivity%3A7370765349157339136
2025-09-08 18:45:59,LIKE,https://www.linkedin.com/feed/update/urn%3Ali%3AugcPost%3A7370839262109528064
2025-09-08 18:44:35,LIKE,https://www.linkedin.com/feed/update/urn%3Ali%3Aactivity%3A7370831493956325376
2025-09-08 18:44:31,LIKE,https://www.linkedin.com/feed/update/urn%3Ali%3Aactivity%3A7370788098101780480
2025-09-08 18:42:29,LIKE,https://www.linkedin.com/feed/update/urn%3Ali%3Aactivity%3A7370810779836690432
2025-09-08 10:44:34,LIKE,https://www.linkedin.com/feed/update/urn%3Ali%3AugcPost%3A7370764303551029251
2025-09-08 10:40:36,LIKE,https://www.linkedin.com/feed/update/urn%3Ali%3AugcPost%3A7370546906390810624?commentUrn=urn%3Ali%3Acomment%3A%28ugcPost%3A7370546906390810624%2C7370737618285883392%29
2025-09-08 08:32:33,EMPATHY,https://www.linkedin.com/feed/update/urn%3Ali%3AugcPost%3A7370546906390810624?commentUrn=urn%3Ali%3Acomment%3A%28ugcPost%3A7370546906390810624%2C7370733020229566464%29
2025-09-08 08:31:54,EMPATHY,https://www.linkedin.com/feed/update/urn%3Ali%3AugcPost%3A7370546906390810624?commentUrn=urn%3Ali%3Acomment%3A%28ugcPost%3A7370546906390810624%2C7370729005521534976%29
2025-09-08 08:31:51,LIKE,https://www.linkedin.com/feed/update/urn%3Ali%3AugcPost%3A7370546906390810624?commentUrn=urn%3Ali%3Acomment%3A%28ugcPost%3A7370546906390810624%2C7370730033352650752%29
2025-09-08 04:42:24,LIKE,https://www.linkedin.com/feed/update/urn%3Ali%3Aactivity%3A7370482998141489152
2025-09-08 04:41:36,LIKE,https://www.linkedin.com/feed/update/urn%3Ali%3AugcPost%3A7370521492998135809
2025-09-08 04:28:33,LIKE,https://www.linkedin.com/feed/update/urn%3Ali%3Aactivity%3A7370048137018814464?commentUrn=urn%3Ali%3Acomment%3A%28activity%3A7370048137018814464%2C7370662834805837824%29
2025-09-08 03:39:53,LIKE,https://www.linkedin.com/feed/update/urn%3Ali%3AugcPost%3A7370442996640571392
2025-09-08 03:39:41,LIKE,https://www.linkedin.com/feed/update/urn%3Ali%3Aactivity%3A7370535236037816320
2025-09-08 02:35:53,LIKE,https://www.linkedin.com/feed/update/urn%3Ali%3Aactivity%3A7370048137018814464
2025-09-08 02:34:41,LIKE,https://www.linkedin.com/feed/update/urn%3Ali%3AugcPost%3A7370496976779571200
2025-09-08 02:34:14,LIKE,https://www.linkedin.com/feed/update/urn%3Ali%3Aactivity%3A7370639356795113472
2025-09-08 02:34:07,LIKE,https://www.linkedin.com/feed/update/urn%3Ali%3AugcPost%3A7365787229257945088
2025-09-07 20:11:46,LIKE,https://www.linkedin.com/feed/update/urn%3Ali%3Aactivity%3A7370469623894536193
2025-09-07 20:11:41,LIKE,https://www.linkedin.com/feed/update/urn%3Ali%3Aactivity%3A7370463105962876928
2025-09-07 20:11:04,LIKE,https://www.linkedin.com/feed/update/urn%3Ali%3AugcPost%3A7370451822190272512
2025-09-07 20:10:55,LIKE,https://www.linkedin.com/feed/update/urn%3Ali%3Aactivity%3A7370506007602470913
2025-09-07 20:09:16,LIKE,https://www.linkedin.com/feed/update/urn%3Ali%3AugcPost%3A7370372666110832641
2025-09-07 20:09:04,LIKE,https://www.linkedin.com/feed/update/urn%3Ali%3Aactivity%3A7370494363220701184
2025-09-07 20:08:44,LIKE,https://www.linkedin.com/feed/update/urn%3Ali%3AugcPost%3A7370426272809922560
2025-09-07 12:49:32,LIKE,https://www.linkedin.com/feed/update/urn%3Ali%3Aactivity%3A7370429826740019200
2025-09-07 12:11:02,LIKE,https://www.linkedin.com/feed/update/urn%3Ali%3AugcPost%3A7367538163889655809
2025-09-07 12:10:56,LIKE,https://www.linkedin.com/feed/update/urn%3Ali%3AugcPost%3A7370343073287122944
2025-09-07 12:10:26,LIKE,https://www.linkedin.com/feed/update/urn%3Ali%3AugcPost%3A7369373260259483648
2025-09-07 12:10:08,LIKE,https://www.linkedin.com/feed/update/urn%3Ali%3Aactivity%3A7366419152942624769
2025-09-07 12:09:20,LIKE,https://www.linkedin.com/feed/update/urn%3Ali%3Aactivity%3A7369397878978461696
2025-09-07 12:09:13,LIKE,https://www.linkedin.com/feed/update/urn%3Ali%3AugcPost%3A7370392979867361280
2025-09-07 12:09:11,LIKE,https://www.linkedin.com/feed/update/urn%3Ali%3AugcPost%3A7365961151228116992
2025-09-07 12:09:02,LIKE,https://www.linkedin.com/feed/update/urn%3Ali%3Aactivity%3A7370399424008753152
2025-09-07 12:08:46,LIKE,https://www.linkedin.com/feed/update/urn%3Ali%3AugcPost%3A7370369579497234432
2025-09-07 12:08:37,LIKE,https://www.linkedin.com/feed/update/urn%3Ali%3Aactivity%3A7368332150338727937
2025-09-07 12:08:24,LIKE,https://www.linkedin.com/feed/update/urn%3Ali%3AugcPost%3A7366387085965971458
2025-09-07 12:08:16,LIKE,https://www.linkedin.com/feed/update/urn%3Ali%3Aactivity%3A7370425638278811648
2025-09-07 09:52:25,LIKE,https://www.linkedin.com/feed/update/urn%3Ali%3AugcPost%3A7370386840295456769
2025-09-07 09:52:17,LIKE,https://www.linkedin.com/feed/update/urn%3Ali%3Aactivity%3A7370345886910095360
2025-09-07 09:51:32,LIKE,https://www.linkedin.com/feed/update/urn%3Ali%3AugcPost%3A7370351811876155393
2025-09-07 08:48:21,LIKE,https://www.linkedin.com/feed/update/urn%3Ali%3AugcPost%3A7370088780457791488
2025-09-07 03:38:56,LIKE,https://www.linkedin.com/feed/update/urn%3Ali%3AugcPost%3A7368986244720037889
2025-09-07 03:38:13,LIKE,https://www.linkedin.com/feed/update/urn%3Ali%3AugcPost%3A7370039378968039424
2025-09-07 03:37:35,LIKE,https://www.linkedin.com/feed/update/urn%3Ali%3AugcPost%3A7363931004513759232
2025-09-07 03:37:05,LIKE,https://www.linkedin.com/feed/update/urn%3Ali%3Aactivity%3A7370000684403838976
2025-09-07 03:36:52,LIKE,https://www.linkedin.com/feed/update/urn%3Ali%3AugcPost%3A7370158898693013504
2025-09-07 03:34:29,LIKE,https://www.linkedin.com/feed/update/urn%3Ali%3AugcPost%3A7370162170006937600
2025-09-07 03:32:43,LIKE,https://www.linkedin.com/feed/update/urn%3Ali%3AugcPost%3A7369756715942133761
2025-09-07 03:32:13,LIKE,https://www.linkedin.com/feed/update/urn%3Ali%3AugcPost%3A7370058583016628224
2025-09-07 01:34:49,LIKE,https://www.linkedin.com/feed/update/urn%3Ali%3Aactivity%3A7369867174309482496
2025-09-06 17:28:09,LIKE,https://www.linkedin.com/feed/update/urn%3Ali%3AugcPost%3A7365808855580127232
2025-09-06 14:57:07,LIKE,https://www.linkedin.com/feed/update/urn%3Ali%3Aactivity%3A7369712426138701826
2025-09-06 14:56:45,LIKE,https://www.linkedin.com/feed/update/urn%3Ali%3AugcPost%3A7361461159251619844
2025-09-06 14:56:35,LIKE,https://www.linkedin.com/feed/update/urn%3Ali%3Aactivity%3A7370033515863805953
2025-09-06 14:56:16,LIKE,https://www.linkedin.com/feed/update/urn%3Ali%3AugcPost%3A7366489545518866435
2025-09-06 14:55:54,LIKE,https://www.linkedin.com/feed/update/urn%3Ali%3AugcPost%3A7368921653147262976
2025-09-06 14:55:49,LIKE,https://www.linkedin.com/feed/update/urn%3Ali%3Aactivity%3A7363961802155532290
2025-09-06 14:55:14,LIKE,https://www.linkedin.com/feed/update/urn%3Ali%3Aactivity%3A7367560235265241088
2025-09-06 14:55:10,LIKE,https://www.linkedin.com/feed/update/urn%3Ali%3Aactivity%3A7370065657586991104
2025-09-06 14:46:37,LIKE,https://www.linkedin.com/feed/update/urn%3Ali%3Aactivity%3A7370063237016461312
2025-09-06 14:46:14,LIKE,https://www.linkedin.com/feed/update/urn%3Ali%3AugcPost%3A7367600445189468160
2025-09-06 14:45:06,LIKE,https://www.linkedin.com/feed/update/urn%3Ali%3Aactivity%3A7369779013634007041
2025-09-06 14:45:00,LIKE,https://www.linkedin.com/feed/update/urn%3Ali%3Aactivity%3A7362076380886384640
2025-09-06 14:44:21,LIKE,https://www.linkedin.com/feed/update/urn%3Ali%3AugcPost%3A7370004131236765696
2025-09-06 14:43:40,EMPATHY,https://www.linkedin.com/feed/update/urn%3Ali%3AugcPost%3A7366071080559480832
2025-09-06 14:43:21,LIKE,https://www.linkedin.com/feed/update/urn%3Ali%3AugcPost%3A7361361247491059713
2025-09-06 14:43:06,LIKE,https://www.linkedin.com/feed/update/urn%3Ali%3Aactivity%3A7368050446839599104
2025-09-06 14:42:43,LIKE,https://www.linkedin.com/feed/update/urn%3Ali%3AugcPost%3A7362092238627069953
2025-09-06 14:34:45,LIKE,https://www.linkedin.com/feed/update/urn%3Ali%3Aactivity%3A7370063293987753984
2025-09-06 14:34:09,LIKE,https://www.linkedin.com/feed/update/urn%3Ali%3AugcPost%3A7370095764187877376
2025-09-06 14:33:17,LIKE,https://www.linkedin.com/feed/update/urn%3Ali%3AugcPost%3A7370028512298278912
2025-09-06 14:31:50,PRAISE,https://www.linkedin.com/feed/update/urn%3Ali%3Aactivity%3A7370087773057425408
2025-09-06 09:18:58,LIKE,https://www.linkedin.com/feed/update/urn%3Ali%3AugcPost%3A7368890866339414016
2025-09-06 09:18:20,LIKE,https://www.linkedin.com/feed/update/urn%3Ali%3AugcPost%3A7369988061423783936
2025-09-06 09:17:14,LIKE,https://www.linkedin.com/feed/update/urn%3Ali%3AugcPost%3A7370018338392989696
2025-09-06 09:13:42,LIKE,https://www.linkedin.com/feed/update/urn%3Ali%3Aactivity%3A7369693564399775747?commentUrn=urn%3Ali%3Acomment%3A%28activity%3A7369693564399775747%2C7370020984982216704%29
2025-09-06 07:02:26,LIKE,https://www.linkedin.com/feed/update/urn%3Ali%3AugcPost%3A7367654996231852032
2025-09-06 07:02:10,INTEREST,https://www.linkedin.com/feed/update/urn%3Ali%3Aactivity%3A7368268566611095553
2025-09-06 06:57:55,LIKE,https://www.linkedin.com/feed/update/urn%3Ali%3AugcPost%3A7369979004033982464
2025-09-06 05:55:54,LIKE,https://www.linkedin.com/feed/update/urn%3Ali%3Aactivity%3A7369693564399775747?commentUrn=urn%3Ali%3Acomment%3A%28activity%3A7369693564399775747%2C7369971337500614656%29
2025-09-06 05:04:27,LIKE,https://www.linkedin.com/feed/update/urn%3Ali%3AugcPost%3A7369810059637346304
2025-09-06 05:03:32,LIKE,https://www.linkedin.com/feed/update/urn%3Ali%3Aactivity%3A7365284236137852928
2025-09-06 05:03:18,LIKE,https://www.linkedin.com/feed/update/urn%3Ali%3AugcPost%3A7364987317851254785
2025-09-06 05:03:10,LIKE,https://www.linkedin.com/feed/update/urn%3Ali%3AugcPost%3A7368218214381641729
2025-09-06 05:02:52,LIKE,https://www.linkedin.com/feed/update/urn%3Ali%3AugcPost%3A7369755204482740224
2025-09-06 05:02:46,LIKE,https://www.linkedin.com/feed/update/urn%3Ali%3Aactivity%3A7369575430791589888
2025-09-06 05:00:53,LIKE,https://www.linkedin.com/feed/update/urn%3Ali%3Aactivity%3A7368689881612521473
2025-09-06 05:00:47,LIKE,https://www.linkedin.com/feed/update/urn%3Ali%3Aactivity%3A7365246198401679360
2025-09-06 05:00:34,LIKE,https://www.linkedin.com/feed/update/urn%3Ali%3AugcPost%3A7368058328578510849
2025-09-06 05:00:01,LIKE,https://www.linkedin.com/feed/update/urn%3Ali%3AugcPost%3A7369782288538132480
2025-09-06 04:59:09,LIKE,https://www.linkedin.com/feed/update/urn%3Ali%3Aactivity%3A7369932063350779904
2025-09-06 04:58:30,LIKE,https://www.linkedin.com/feed/update/urn%3Ali%3AugcPost%3A7356881187665055744
2025-09-06 03:01:45,LIKE,https://www.linkedin.com/feed/update/urn%3Ali%3AugcPost%3A7366595119933779968
2025-09-06 03:00:12,LIKE,https://www.linkedin.com/feed/update/urn%3Ali%3Aactivity%3A7369693564399775747
2025-09-06 02:59:51,LIKE,https://www.linkedin.com/feed/update/urn%3Ali%3Aactivity%3A7368485347858472962
2025-09-06 02:59:35,LIKE,https://www.linkedin.com/feed/update/urn%3Ali%3Aactivity%3A7369769879186497537
2025-09-06 02:59:25,LIKE,https://www.linkedin.com/feed/update/urn%3Ali%3AugcPost%3A7369830180791635970
2025-09-06 02:58:59,LIKE,https://www.linkedin.com/feed/update/urn%3Ali%3AugcPost%3A7369770240848687105
2025-09-06 02:58:26,EMPATHY,https://www.linkedin.com/feed/update/urn%3Ali%3AugcPost%3A7369402526653218842?commentUrn=urn%3Ali%3Acomment%3A%28ugcPost%3A7369402526653218842%2C7369924816575041536%29
2025-09-06 02:58:05,LIKE,https://www.linkedin.com/feed/update/urn%3Ali%3AugcPost%3A7369849234214379520
2025-09-05 16:22:27,INTEREST,https://www.linkedin.com/feed/update/urn%3Ali%3Aactivity%3A7369762050757083137
2025-09-05 15:43:35,LIKE,https://www.linkedin.com/feed/update/urn%3Ali%3AugcPost%3A7369734002884161536
2025-09-05 15:23:14,LIKE,https://www.linkedin.com/feed/update/urn%3Ali%3Aactivity%3A7369006576302493696
2025-09-05 15:21:45,LIKE,https://www.linkedin.com/feed/update/urn%3Ali%3AugcPost%3A7367083585499037698
2025-09-05 15:21:35,LIKE,https://www.linkedin.com/feed/update/urn%3Ali%3AugcPost%3A7369701157172101125
2025-09-05 15:20:55,LIKE,https://www.linkedin.com/feed/update/urn%3Ali%3Aactivity%3A7368671523542380544
2025-09-05 15:18:07,LIKE,https://www.linkedin.com/feed/update/urn%3Ali%3Aactivity%3A7369678139167297538
2025-09-05 15:17:47,LIKE,https://www.linkedin.com/feed/update/urn%3Ali%3AugcPost%3A7365022732062703617
2025-09-05 15:17:29,LIKE,https://www.linkedin.com/feed/update/urn%3Ali%3AugcPost%3A7369460175037952002
2025-09-05 15:17:14,LIKE,https://www.linkedin.com/feed/update/urn%3Ali%3Aactivity%3A7366790805920940033
2025-09-05 15:16:56,LIKE,https://www.linkedin.com/feed/update/urn%3Ali%3AugcPost%3A7367877210701053952
2025-09-05 15:16:43,LIKE,https://www.linkedin.com/feed/update/urn%3Ali%3Aactivity%3A7369089701246398464
2025-09-05 15:16:31,LIKE,https://www.linkedin.com/feed/update/urn%3Ali%3AugcPost%3A7367035748337815552
2025-09-05 15:15:25,LIKE,https://www.linkedin.com/feed/update/urn%3Ali%3Aactivity%3A7368529919968018432
2025-09-05 15:15:18,LIKE,https://www.linkedin.com/feed/update/urn%3Ali%3AugcPost%3A7366402139532726272
2025-09-05 15:15:12,LIKE,https://www.linkedin.com/feed/update/urn%3Ali%3Aactivity%3A7369715979511046144
2025-09-05 15:14:43,LIKE,https://www.linkedin.com/feed/update/urn%3Ali%3Aactivity%3A7369558886229377025
2025-09-05 15:12:23,LIKE,https://www.linkedin.com/feed/update/urn%3Ali%3AugcPost%3A7369686526881849344
2025-09-05 15:11:50,LIKE,https://www.linkedin.com/feed/update/urn%3Ali%3AugcPost%3A7369745543520051201
2025-09-05 15:11:45,LIKE,https://www.linkedin.com/feed/update/urn%3Ali%3AugcPost%3A7366535298282848257
2025-09-05 15:09:38,LIKE,https://www.linkedin.com/feed/update/urn%3Ali%3AugcPost%3A7368248806674472960
2025-09-05 15:09:21,LIKE,https://www.linkedin.com/feed/update/urn%3Ali%3Aactivity%3A7368869515805249539
2025-09-05 15:07:39,LIKE,https://www.linkedin.com/feed/update/urn%3Ali%3AugcPost%3A7368554874432593923
2025-09-05 15:07:21,EMPATHY,https://www.linkedin.com/feed/update/urn%3Ali%3AugcPost%3A7369402526653218842?commentUrn=urn%3Ali%3Acomment%3A%28ugcPost%3A7369402526653218842%2C7369738255866482688%29
2025-09-05 15:05:52,EMPATHY,https://www.linkedin.com/feed/update/urn%3Ali%3AugcPost%3A7369402526653218842?commentUrn=urn%3Ali%3Acomment%3A%28ugcPost%3A7369402526653218842%2C7369744930308534279%29
2025-09-05 15:05:44,EMPATHY,https://www.linkedin.com/feed/update/urn%3Ali%3AugcPost%3A7369633789255319552?commentUrn=urn%3Ali%3Acomment%3A%28ugcPost%3A7369633789255319552%2C7369744338366488578%29
2025-09-05 15:05:10,LIKE,https://www.linkedin.com/feed/update/urn%3Ali%3AugcPost%3A7367087450558488578
2025-09-05 14:33:28,LIKE,https://www.linkedin.com/feed/update/urn%3Ali%3AugcPost%3A7366376885825564672
2025-09-05 14:33:14,LIKE,https://www.linkedin.com/feed/update/urn%3Ali%3AugcPost%3A7360321295290359808
2025-09-05 14:31:46,LIKE,https://www.linkedin.com/feed/update/urn%3Ali%3AugcPost%3A7366821022605508608
2025-09-05 14:31:38,LIKE,https://www.linkedin.com/feed/update/urn%3Ali%3Aactivity%3A7369690173539803137
2025-09-05 14:31:28,LIKE,https://www.linkedin.com/feed/update/urn%3Ali%3Aactivity%3A7366420283727015937
2025-09-05 14:31:11,LIKE,https://www.linkedin.com/feed/update/urn%3Ali%3Aactivity%3A7369700877349052417
2025-09-05 14:28:44,LIKE,https://www.linkedin.com/feed/update/urn%3Ali%3AugcPost%3A7365554425542660098
2025-09-05 14:27:08,LIKE,https://www.linkedin.com/feed/update/urn%3Ali%3AugcPost%3A7369378489868693505
2025-09-05 14:26:53,LIKE,https://www.linkedin.com/feed/update/urn%3Ali%3AugcPost%3A7369714123506368515
2025-09-05 14:26:44,LIKE,https://www.linkedin.com/feed/update/urn%3Ali%3Aactivity%3A7369534992659476480
2025-09-05 14:26:08,LIKE,https://www.linkedin.com/feed/update/urn%3Ali%3AugcPost%3A7369734893360107525
2025-09-05 14:25:58,EMPATHY,https://www.linkedin.com/feed/update/urn%3Ali%3AugcPost%3A7369670108601835525?commentUrn=urn%3Ali%3Acomment%3A%28ugcPost%3A7369670108601835525%2C7369731756092055553%29
2025-09-05 12:57:38,LIKE,https://www.linkedin.com/feed/update/urn%3Ali%3AugcPost%3A7368590392046301186
2025-09-05 12:56:14,LIKE,https://www.linkedin.com/feed/update/urn%3Ali%3AugcPost%3A7369279209472434177
2025-09-05 12:55:23,LIKE,https://www.linkedin.com/feed/update/urn%3Ali%3Aactivity%3A7369629522901544962
2025-09-05 12:53:49,LIKE,https://www.linkedin.com/feed/update/urn%3Ali%3Aactivity%3A7369376544076595200
2025-09-05 12:52:54,LIKE,https://www.linkedin.com/feed/update/urn%3Ali%3AugcPost%3A7369422875734233088
2025-09-05 12:52:41,LIKE,https://www.linkedin.com/feed/update/urn%3Ali%3AugcPost%3A7369700554383552517
2025-09-05 12:52:25,LIKE,https://www.linkedin.com/feed/update/urn%3Ali%3Aactivity%3A7369372423659466753
2025-09-05 12:52:12,LIKE,https://www.linkedin.com/feed/update/urn%3Ali%3Aactivity%3A7369637389264130050
2025-09-05 12:40:12,EMPATHY,https://www.linkedin.com/feed/update/urn%3Ali%3AugcPost%3A7369670108601835525
2025-09-05 12:32:28,LIKE,https://www.linkedin.com/feed/update/urn%3Ali%3Aactivity%3A7369699615706693632
2025-09-05 12:29:40,PRAISE,https://www.linkedin.com/feed/update/urn%3Ali%3AugcPost%3A7369671674645905411
2025-09-05 09:46:53,LIKE,https://www.linkedin.com/feed/update/urn%3Ali%3Aactivity%3A7368229506681176064
2025-09-05 09:45:29,LIKE,https://www.linkedin.com/feed/update/urn%3Ali%3AugcPost%3A7369318645342052352
2025-09-05 09:01:33,EMPATHY,https://www.linkedin.com/feed/update/urn%3Ali%3AugcPost%3A7369402526653218842?commentUrn=urn%3Ali%3Acomment%3A%28ugcPost%3A7369402526653218842%2C7369635296138768385%29
2025-09-05 07:53:42,LIKE,https://www.linkedin.com/feed/update/urn%3Ali%3AugcPost%3A7365980589331505152
2025-09-05 07:53:38,LIKE,https://www.linkedin.com/feed/update/urn%3Ali%3Aactivity%3A7369274693062770689
2025-09-05 07:53:31,LIKE,https://www.linkedin.com/feed/update/urn%3Ali%3AgroupPost%3A10198078-7368587278513856514
2025-09-05 07:53:11,LIKE,https://www.linkedin.com/feed/update/urn%3Ali%3AugcPost%3A7366100485533028354
2025-09-05 07:52:59,LIKE,https://www.linkedin.com/feed/update/urn%3Ali%3AugcPost%3A7369065682090586112
2025-09-05 07:50:28,INTEREST,https://www.linkedin.com/feed/update/urn%3Ali%3Aactivity%3A7369572504400453632
2025-09-05 07:49:41,LIKE,https://www.linkedin.com/feed/update/urn%3Ali%3Aactivity%3A7369272360425721858
2025-09-05 07:49:26,LIKE,https://www.linkedin.com/feed/update/urn%3Ali%3AugcPost%3A7368325875534061569
2025-09-05 07:48:57,LIKE,https://www.linkedin.com/feed/update/urn%3Ali%3AugcPost%3A7369572961973993472
2025-09-05 07:48:14,EMPATHY,https://www.linkedin.com/feed/update/urn%3Ali%3AugcPost%3A7369636553632980993
2025-09-05 07:46:14,LIKE,https://www.linkedin.com/feed/update/urn%3Ali%3AugcPost%3A7358892086265307136
2025-09-05 07:46:06,LIKE,https://www.linkedin.com/feed/update/urn%3Ali%3AugcPost%3A7358892795132043265
2025-09-05 07:45:35,LIKE,https://www.linkedin.com/feed/update/urn%3Ali%3Aactivity%3A7366409507129786368
2025-09-05 07:45:09,LIKE,https://www.linkedin.com/feed/update/urn%3Ali%3Aactivity%3A7366518746812776448
2025-09-05 07:40:07,LIKE,https://www.linkedin.com/feed/update/urn%3Ali%3Aactivity%3A7369353700797992963
2025-09-05 07:39:48,LIKE,https://www.linkedin.com/feed/update/urn%3Ali%3AugcPost%3A7369440375314346007
2025-09-05 07:39:28,LIKE,https://www.linkedin.com/feed/update/urn%3Ali%3Aactivity%3A7367984664768118784
2025-09-05 07:39:24,LIKE,https://www.linkedin.com/feed/update/urn%3Ali%3AugcPost%3A7369593450758877184
2025-09-05 07:38:13,LIKE,https://www.linkedin.com/feed/update/urn%3Ali%3AugcPost%3A7363930587444756480
2025-09-05 07:38:03,LIKE,https://www.linkedin.com/feed/update/urn%3Ali%3AugcPost%3A7365288220789497856
2025-09-05 07:37:57,LIKE,https://www.linkedin.com/feed/update/urn%3Ali%3AugcPost%3A7369625214973890561
2025-09-05 07:37:53,LIKE,https://www.linkedin.com/feed/update/urn%3Ali%3AugcPost%3A7369324016228102146
2025-09-05 07:34:58,EMPATHY,https://www.linkedin.com/feed/update/urn%3Ali%3AugcPost%3A7369633789255319552
2025-09-05 02:58:32,LIKE,https://www.linkedin.com/feed/update/urn%3Ali%3Aactivity%3A7365721292647342080
2025-09-05 02:58:29,LIKE,https://www.linkedin.com/feed/update/urn%3Ali%3AugcPost%3A7365826706621849601
2025-09-05 02:57:43,LIKE,https://www.linkedin.com/feed/update/urn%3Ali%3AugcPost%3A7369422644569456647
2025-09-05 01:06:36,LIKE,https://www.linkedin.com/feed/update/urn%3Ali%3Aactivity%3A7369454483556208644
2025-09-04 20:07:46,LIKE,https://www.linkedin.com/feed/update/urn%3Ali%3Aactivity%3A7369407096586407936
2025-09-04 20:07:19,LIKE,https://www.linkedin.com/feed/update/urn%3Ali%3Aactivity%3A7364987543097921537
2025-09-04 20:06:41,LIKE,https://www.linkedin.com/feed/update/urn%3Ali%3AugcPost%3A7366232113177632768
2025-09-04 20:06:10,LIKE,https://www.linkedin.com/feed/update/urn%3Ali%3AugcPost%3A7367827294926643201
2025-09-04 20:05:31,LIKE,https://www.linkedin.com/feed/update/urn%3Ali%3AugcPost%3A7311637252667777025
2025-09-04 20:05:16,PRAISE,https://www.linkedin.com/feed/update/urn%3Ali%3AugcPost%3A7352216132138815489
2025-09-04 20:05:05,LIKE,https://www.linkedin.com/feed/update/urn%3Ali%3Aactivity%3A7351129295508996096
2025-09-04 19:14:27,LIKE,https://www.linkedin.com/feed/update/urn%3Ali%3Aactivity%3A7368788700731801601
2025-09-04 19:14:06,LIKE,https://www.linkedin.com/feed/update/urn%3Ali%3Aactivity%3A7369218547333382144
2025-09-04 19:13:37,LIKE,https://www.linkedin.com/feed/update/urn%3Ali%3AugcPost%3A7369358187440951299
2025-09-04 19:13:19,LIKE,https://www.linkedin.com/feed/update/urn%3Ali%3AugcPost%3A7368825337880678400
2025-09-04 19:03:30,INTEREST,https://www.linkedin.com/feed/update/urn%3Ali%3Aactivity%3A7368760660513468417?commentUrn=urn%3Ali%3Acomment%3A%28activity%3A7368760660513468417%2C7369444344992333826%29
2025-09-04 19:00:31,LIKE,https://www.linkedin.com/feed/update/urn%3Ali%3Aactivity%3A7368976107058008068
2025-09-04 18:52:34,INTEREST,https://www.linkedin.com/feed/update/urn%3Ali%3Aactivity%3A7369001903805915136
2025-09-04 18:52:24,LIKE,https://www.linkedin.com/feed/update/urn%3Ali%3AugcPost%3A7369249027084742658
2025-09-04 18:52:08,LIKE,https://www.linkedin.com/feed/update/urn%3Ali%3Aactivity%3A7369172006484746241
2025-09-04 18:52:04,LIKE,https://www.linkedin.com/feed/update/urn%3Ali%3AugcPost%3A7368932912836096002
2025-09-04 18:51:57,LIKE,https://www.linkedin.com/feed/update/urn%3Ali%3AugcPost%3A7367203560373018624
2025-09-04 18:51:38,LIKE,https://www.linkedin.com/feed/update/urn%3Ali%3AugcPost%3A7365779606760546304
2025-09-04 18:51:11,LIKE,https://www.linkedin.com/feed/update/urn%3Ali%3Aactivity%3A7368636460624732161
2025-09-04 18:51:03,LIKE,https://www.linkedin.com/feed/update/urn%3Ali%3AugcPost%3A7367613387435831296
2025-09-04 18:50:35,INTEREST,https://www.linkedin.com/feed/update/urn%3Ali%3Aactivity%3A7369426535126102020
2025-09-04 18:46:49,LIKE,https://www.linkedin.com/feed/update/urn%3Ali%3Aactivity%3A7368760660513468417?commentUrn=urn%3Ali%3Acomment%3A%28activity%3A7368760660513468417%2C7369440333002125320%29
2025-09-04 18:11:22,EMPATHY,https://www.linkedin.com/feed/update/urn%3Ali%3AugcPost%3A7369429834055192576
2025-09-04 17:52:07,LIKE,https://www.linkedin.com/feed/update/urn%3Ali%3Aactivity%3A7368760660513468417
2025-09-04 17:51:38,LIKE,https://www.linkedin.com/feed/update/urn%3Ali%3AugcPost%3A7368593830268391425
2025-09-04 17:51:28,LIKE,https://www.linkedin.com/feed/update/urn%3Ali%3Aactivity%3A7369263010038697985
2025-09-04 17:51:25,LIKE,https://www.linkedin.com/feed/update/urn%3Ali%3AugcPost%3A7369390252718743554
2025-09-04 17:51:22,LIKE,https://www.linkedin.com/feed/update/urn%3Ali%3AugcPost%3A7368923906818093058
2025-09-04 17:51:21,LIKE,https://www.linkedin.com/feed/update/urn%3Ali%3Aactivity%3A7368895584365174784
2025-09-04 17:51:17,LIKE,https://www.linkedin.com/feed/update/urn%3Ali%3Aactivity%3A7369170320634646529
2025-09-04 17:50:47,LIKE,https://www.linkedin.com/feed/update/urn%3Ali%3Aactivity%3A7368882165129891842
2025-09-04 17:50:12,LIKE,https://www.linkedin.com/feed/update/urn%3Ali%3AugcPost%3A7368937137666162689
2025-09-04 17:49:19,LIKE,https://www.linkedin.com/feed/update/urn%3Ali%3Aactivity%3A7369338523138547712
2025-09-04 17:48:56,LIKE,https://www.linkedin.com/feed/update/urn%3Ali%3Aactivity%3A7369361249014341633
2025-09-04 17:46:12,LIKE,https://www.linkedin.com/feed/update/urn%3Ali%3AugcPost%3A7365693533107703808
2025-09-04 17:05:29,EMPATHY,https://www.linkedin.com/feed/update/urn%3Ali%3Aactivity%3A7351669661131804672?commentUrn=urn%3Ali%3Acomment%3A%28activity%3A7351669661131804672%2C7361830856258117632%29
2025-09-04 17:03:02,LIKE,https://www.linkedin.com/feed/update/urn%3Ali%3AugcPost%3A7369288109567455235
2025-09-04 14:58:20,LIKE,https://www.linkedin.com/feed/update/urn%3Ali%3AugcPost%3A7369074591341740036
2025-09-04 14:58:06,LIKE,https://www.linkedin.com/feed/update/urn%3Ali%3AugcPost%3A7369031581287493635
2025-09-04 14:56:40,EMPATHY,https://www.linkedin.com/feed/update/urn%3Ali%3AugcPost%3A7367780904078868482?commentUrn=urn%3Ali%3Acomment%3A%28ugcPost%3A7367780904078868482%2C7367840122819530753%29
2025-09-04 14:53:27,EMPATHY,https://www.linkedin.com/feed/update/urn%3Ali%3AugcPost%3A7367780904078868482?commentUrn=urn%3Ali%3Acomment%3A%28ugcPost%3A7367780904078868482%2C7367841072800071682%29
2025-09-04 14:52:42,LIKE,https://www.linkedin.com/feed/update/urn%3Ali%3AugcPost%3A7369055953767391234
2025-09-04 14:52:30,LIKE,https://www.linkedin.com/feed/update/urn%3Ali%3AugcPost%3A7369071570209660932
2025-09-04 14:51:59,LIKE,https://www.linkedin.com/feed/update/urn%3Ali%3Aactivity%3A7369346028514340865
2025-09-04 02:39:25,LIKE,https://www.linkedin.com/feed/update/urn%3Ali%3Aactivity%3A7368975755617222658
2025-09-03 15:47:03,LIKE,https://www.linkedin.com/feed/update/urn%3Ali%3Aactivity%3A7368791518725206016
2025-09-03 07:42:10,LIKE,https://www.linkedin.com/feed/update/urn%3Ali%3Aactivity%3A7368904422497705987
2025-09-03 07:11:41,LIKE,https://www.linkedin.com/feed/update/urn%3Ali%3Aactivity%3A7368344151987240960
2025-09-03 07:11:16,LIKE,https://www.linkedin.com/feed/update/urn%3Ali%3AugcPost%3A7368407963385909248
2025-09-03 07:11:07,LIKE,https://www.linkedin.com/feed/update/urn%3Ali%3AugcPost%3A7365982781157416960
2025-09-03 07:10:37,LIKE,https://www.linkedin.com/feed/update/urn%3Ali%3AugcPost%3A7368674008730398721
2025-09-02 19:48:24,LIKE,https://www.linkedin.com/feed/update/urn%3Ali%3Aactivity%3A7368653194731667456
2025-09-02 19:48:11,LIKE,https://www.linkedin.com/feed/update/urn%3Ali%3AugcPost%3A7368683348442939392
2025-09-02 19:10:00,LIKE,https://www.linkedin.com/feed/update/urn%3Ali%3AugcPost%3A7368621761015218179
2025-09-02 03:51:31,LIKE,https://www.linkedin.com/feed/update/urn%3Ali%3Aactivity%3A7368476825120907264
2025-09-01 14:51:01,LIKE,https://www.linkedin.com/feed/update/urn%3Ali%3AugcPost%3A7368292353733808129
2025-09-01 10:33:56,LIKE,https://www.linkedin.com/feed/update/urn%3Ali%3AugcPost%3A7368174778571964417
2025-09-01 10:33:54,LIKE,https://www.linkedin.com/feed/update/urn%3Ali%3AugcPost%3A7368147089932865536
2025-09-01 10:33:27,LIKE,https://www.linkedin.com/feed/update/urn%3Ali%3AugcPost%3A7368158142494351360
2025-09-01 10:32:07,LIKE,https://www.linkedin.com/feed/update/urn%3Ali%3AugcPost%3A7366132806189494273
2025-09-01 09:49:12,LIKE,https://www.linkedin.com/feed/update/urn%3Ali%3AugcPost%3A7368130079840796676?commentUrn=urn%3Ali%3Acomment%3A%28ugcPost%3A7368130079840796676%2C7368195094383915008%29
2025-09-01 08:14:18,LIKE,https://www.linkedin.com/feed/update/urn%3Ali%3Aactivity%3A7367171691015237632
2025-09-01 08:14:10,LIKE,https://www.linkedin.com/feed/update/urn%3Ali%3Aactivity%3A7366462150111907840
2025-09-01 08:13:58,LIKE,https://www.linkedin.com/feed/update/urn%3Ali%3AugcPost%3A7365993007940034560
2025-09-01 08:09:20,INTEREST,https://www.linkedin.com/feed/update/urn%3Ali%3AugcPost%3A7368130079840796676
2025-09-01 06:01:09,LIKE,https://www.linkedin.com/feed/update/urn%3Ali%3Aactivity%3A7368146442474962944
2025-08-31 19:25:46,LIKE,https://www.linkedin.com/feed/update/urn%3Ali%3Aactivity%3A7365722272310996993
2025-08-31 19:25:25,LIKE,https://www.linkedin.com/feed/update/urn%3Ali%3Aactivity%3A7366204453152047104
2025-08-31 19:25:07,LIKE,https://www.linkedin.com/feed/update/urn%3Ali%3AugcPost%3A7367173906572492800
2025-08-31 19:24:57,LIKE,https://www.linkedin.com/feed/update/urn%3Ali%3AugcPost%3A7367616218695942147
2025-08-31 19:24:22,LIKE,https://www.linkedin.com/feed/update/urn%3Ali%3AugcPost%3A7366731098132799490
2025-08-31 19:23:46,LIKE,https://www.linkedin.com/feed/update/urn%3Ali%3Aactivity%3A7364991338573934593
2025-08-31 19:23:43,LIKE,https://www.linkedin.com/feed/update/urn%3Ali%3AugcPost%3A7366527817834008576
2025-08-31 19:23:15,LIKE,https://www.linkedin.com/feed/update/urn%3Ali%3Aactivity%3A7367981242517962753
2025-08-31 19:22:31,LIKE,https://www.linkedin.com/feed/update/urn%3Ali%3Aactivity%3A7365787544107507712
2025-08-31 19:22:27,LIKE,https://www.linkedin.com/feed/update/urn%3Ali%3AugcPost%3A7367270170794278914
2025-08-31 19:22:07,LIKE,https://www.linkedin.com/feed/update/urn%3Ali%3AugcPost%3A7367262323612205058
2025-08-31 19:21:46,LIKE,https://www.linkedin.com/feed/update/urn%3Ali%3AugcPost%3A7366802322544287750
2025-08-31 19:21:40,LIKE,https://www.linkedin.com/feed/update/urn%3Ali%3Aactivity%3A7366073654297772032
2025-08-31 19:21:12,LIKE,https://www.linkedin.com/feed/update/urn%3Ali%3AugcPost%3A7367682310739030016
2025-08-31 19:21:09,LIKE,https://www.linkedin.com/feed/update/urn%3Ali%3Aactivity%3A7367547619948130304
2025-08-31 19:21:03,LIKE,https://www.linkedin.com/feed/update/urn%3Ali%3Aactivity%3A7367862253045317632
2025-08-31 19:20:28,LIKE,https://www.linkedin.com/feed/update/urn%3Ali%3AugcPost%3A7366363822846111744
2025-08-31 19:20:05,LIKE,https://www.linkedin.com/feed/update/urn%3Ali%3AugcPost%3A7367891647495327744
2025-08-31 19:19:57,EMPATHY,https://www.linkedin.com/feed/update/urn%3Ali%3AugcPost%3A7367981738930647040
2025-08-31 19:19:21,LIKE,https://www.linkedin.com/feed/update/urn%3Ali%3Aactivity%3A7367620932539936769
2025-08-31 12:39:16,LIKE,https://www.linkedin.com/feed/update/urn%3Ali%3Aactivity%3A7367889038080360479
2025-08-31 10:00:30,LIKE,https://www.linkedin.com/feed/update/urn%3Ali%3AugcPost%3A7366775928384847873
2025-08-31 10:00:08,LIKE,https://www.linkedin.com/feed/update/urn%3Ali%3AugcPost%3A7367073014166781953
2025-08-31 09:59:44,LIKE,https://www.linkedin.com/feed/update/urn%3Ali%3Aactivity%3A7367189767232360449
2025-08-31 08:26:25,LIKE,https://www.linkedin.com/feed/update/urn%3Ali%3AugcPost%3A7367814013587443713
2025-08-31 05:50:12,LIKE,https://www.linkedin.com/feed/update/urn%3Ali%3Aactivity%3A7366191244978421760
2025-08-31 05:49:56,LIKE,https://www.linkedin.com/feed/update/urn%3Ali%3AugcPost%3A7366114700188684288
2025-08-31 05:49:38,LIKE,https://www.linkedin.com/feed/update/urn%3Ali%3Aactivity%3A7366726327996977153
2025-08-31 05:34:27,LIKE,https://www.linkedin.com/feed/update/urn%3Ali%3Aactivity%3A7367190548882874369
2025-08-31 04:58:31,LIKE,https://www.linkedin.com/feed/update/urn%3Ali%3AugcPost%3A7367468468838805505
2025-08-31 04:34:55,LIKE,https://www.linkedin.com/feed/update/urn%3Ali%3AugcPost%3A7367188186034311170
2025-08-31 04:34:48,LIKE,https://www.linkedin.com/feed/update/urn%3Ali%3AugcPost%3A7367773218801188865
2025-08-31 04:34:42,LIKE,https://www.linkedin.com/feed/update/urn%3Ali%3AugcPost%3A7367185045129674752
2025-08-31 04:32:34,LIKE,https://www.linkedin.com/feed/update/urn%3Ali%3Aactivity%3A7367512017110224897
2025-08-31 04:32:21,LIKE,https://www.linkedin.com/feed/update/urn%3Ali%3Aactivity%3A7366490224048168960
2025-08-31 04:31:55,LIKE,https://www.linkedin.com/feed/update/urn%3Ali%3Aactivity%3A7366494132422303748
2025-08-31 04:31:52,EMPATHY,https://www.linkedin.com/feed/update/urn%3Ali%3Aactivity%3A7366167726140166144
2025-08-31 04:27:25,LIKE,https://www.linkedin.com/feed/update/urn%3Ali%3AugcPost%3A7367325162083418114
2025-08-31 04:27:20,LIKE,https://www.linkedin.com/feed/update/urn%3Ali%3AugcPost%3A7366562744667435008
2025-08-31 04:27:04,LIKE,https://www.linkedin.com/feed/update/urn%3Ali%3AugcPost%3A7367509750747492352
2025-08-30 15:56:56,LIKE,https://www.linkedin.com/feed/update/urn%3Ali%3AugcPost%3A7366432125488738304
2025-08-30 15:56:45,LIKE,https://www.linkedin.com/feed/update/urn%3Ali%3AugcPost%3A7367193102815600640
2025-08-30 15:56:31,EMPATHY,https://www.linkedin.com/feed/update/urn%3Ali%3AugcPost%3A7367525954426007552
2025-08-30 15:55:41,LIKE,https://www.linkedin.com/feed/update/urn%3Ali%3Aactivity%3A7367385554537103360
2025-08-30 15:55:14,LIKE,https://www.linkedin.com/feed/update/urn%3Ali%3AugcPost%3A7366251442317193217
2025-08-30 15:55:05,LIKE,https://www.linkedin.com/feed/update/urn%3Ali%3Aactivity%3A7367488821162041344
2025-08-30 07:54:56,LIKE,https://www.linkedin.com/feed/update/urn%3Ali%3Aactivity%3A7366443269410426881
2025-08-30 07:54:22,LIKE,https://www.linkedin.com/feed/update/urn%3Ali%3Aactivity%3A7367319280721276928
2025-08-30 07:53:52,LIKE,https://www.linkedin.com/feed/update/urn%3Ali%3AugcPost%3A7367287071876521984
2025-08-30 07:53:46,LIKE,https://www.linkedin.com/feed/update/urn%3Ali%3AugcPost%3A7367276048905928704
2025-08-30 07:49:05,LIKE,https://www.linkedin.com/feed/update/urn%3Ali%3AugcPost%3A7366018993591070720
2025-08-30 07:48:58,LIKE,https://www.linkedin.com/feed/update/urn%3Ali%3AugcPost%3A7367136495297540097
2025-08-30 07:48:51,LIKE,https://www.linkedin.com/feed/update/urn%3Ali%3AugcPost%3A7338573481019592704
2025-08-30 07:48:29,LIKE,https://www.linkedin.com/feed/update/urn%3Ali%3Aactivity%3A7367172467209035776
2025-08-29 03:27:00,LIKE,https://www.linkedin.com/feed/update/urn%3Ali%3Aactivity%3A7366800816617205760
2025-08-29 03:26:07,LIKE,https://www.linkedin.com/feed/update/urn%3Ali%3AugcPost%3A7366688547145179136
2025-08-29 03:25:56,LIKE,https://www.linkedin.com/feed/update/urn%3Ali%3AugcPost%3A7366739380289347584
2025-08-29 03:25:23,LIKE,https://www.linkedin.com/feed/update/urn%3Ali%3Aactivity%3A7366881031569727490
2025-08-28 04:57:38,LIKE,https://www.linkedin.com/feed/update/urn%3Ali%3Aactivity%3A7366518255676469248
2025-08-28 04:56:08,LIKE,https://www.linkedin.com/feed/update/urn%3Ali%3Aactivity%3A7366296262331006977
2025-08-28 04:55:53,LIKE,https://www.linkedin.com/feed/update/urn%3Ali%3AugcPost%3A7364939023204757504
2025-08-27 18:24:12,LIKE,https://www.linkedin.com/feed/update/urn%3Ali%3AugcPost%3A7365962060922327040
2025-08-27 18:23:54,LIKE,https://www.linkedin.com/feed/update/urn%3Ali%3AugcPost%3A7366040063794704384
2025-08-26 05:14:48,LIKE,https://www.linkedin.com/feed/update/urn%3Ali%3AugcPost%3A7364227650531311616
2025-08-26 04:01:21,LIKE,https://www.linkedin.com/feed/update/urn%3Ali%3AugcPost%3A7365767297627537408
2025-08-26 04:01:12,LIKE,https://www.linkedin.com/feed/update/urn%3Ali%3AugcPost%3A7364706000764882944
2025-08-26 04:00:38,LIKE,https://www.linkedin.com/feed/update/urn%3Ali%3AugcPost%3A7365746754719309825
2025-08-26 03:59:48,LIKE,https://www.linkedin.com/feed/update/urn%3Ali%3AugcPost%3A7365592930968875009
2025-08-26 03:59:29,LIKE,https://www.linkedin.com/feed/update/urn%3Ali%3AugcPost%3A7364747607526506499
2025-08-26 03:59:20,LIKE,https://www.linkedin.com/feed/update/urn%3Ali%3AugcPost%3A7365636815304790017
2025-08-26 03:59:00,LIKE,https://www.linkedin.com/feed/update/urn%3Ali%3Aactivity%3A7365834796637306880
2025-08-26 03:58:53,LIKE,https://www.linkedin.com/feed/update/urn%3Ali%3AugcPost%3A7365841374371381248
2025-08-26 03:58:47,LIKE,https://www.linkedin.com/feed/update/urn%3Ali%3AugcPost%3A7365811170928209920
2025-08-26 03:57:39,LIKE,https://www.linkedin.com/feed/update/urn%3Ali%3AugcPost%3A7365765148873027584
2025-08-26 03:57:21,LIKE,https://www.linkedin.com/feed/update/urn%3Ali%3Aactivity%3A7365713188052492288
2025-08-26 03:56:46,LIKE,https://www.linkedin.com/feed/update/urn%3Ali%3Aactivity%3A7365737349399347200
2025-08-25 10:33:30,LIKE,https://www.linkedin.com/feed/update/urn%3Ali%3AugcPost%3A7365486411514347520
2025-08-25 10:33:23,LIKE,https://www.linkedin.com/feed/update/urn%3Ali%3Aactivity%3A7365383244319461376
2025-08-25 10:33:14,LIKE,https://www.linkedin.com/feed/update/urn%3Ali%3AugcPost%3A7365609639268274176
2025-08-25 10:33:10,LIKE,https://www.linkedin.com/feed/update/urn%3Ali%3Aactivity%3A7365004907575156736
2025-08-25 10:32:45,LIKE,https://www.linkedin.com/feed/update/urn%3Ali%3AugcPost%3A7365546736183930880
2025-08-25 10:32:31,LIKE,https://www.linkedin.com/feed/update/urn%3Ali%3AugcPost%3A7365417798891655168
2025-08-24 18:59:15,INTEREST,https://www.linkedin.com/feed/update/urn%3Ali%3AugcPost%3A7365092571875786752?commentUrn=urn%3Ali%3Acomment%3A%28ugcPost%3A7365092571875786752%2C7365456994230591488%29
2025-08-24 18:43:34,LIKE,https://www.linkedin.com/feed/update/urn%3Ali%3AugcPost%3A7365444132107911168
2025-08-24 18:43:01,LIKE,https://www.linkedin.com/feed/update/urn%3Ali%3Aactivity%3A7353723315271725058
2025-08-24 18:42:46,LIKE,https://www.linkedin.com/feed/update/urn%3Ali%3Aactivity%3A7362144807705628674
2025-08-24 18:41:46,LIKE,https://www.linkedin.com/feed/update/urn%3Ali%3AugcPost%3A7365063268006080514
2025-08-24 18:41:40,LIKE,https://www.linkedin.com/feed/update/urn%3Ali%3AugcPost%3A7365426723284275200
2025-08-24 18:40:01,LIKE,https://www.linkedin.com/feed/update/urn%3Ali%3Aactivity%3A7365412577692004352
2025-08-24 15:26:29,INTEREST,https://www.linkedin.com/feed/update/urn%3Ali%3AugcPost%3A7365092571875786752
2025-08-24 15:25:26,LIKE,https://www.linkedin.com/feed/update/urn%3Ali%3AugcPost%3A7363249010595266560
2025-08-24 15:20:37,LIKE,https://www.linkedin.com/feed/update/urn%3Ali%3Aactivity%3A7364551925037498371
2025-08-24 15:20:29,LIKE,https://www.linkedin.com/feed/update/urn%3Ali%3Aactivity%3A7361324395891449856
2025-08-24 15:20:20,LIKE,https://www.linkedin.com/feed/update/urn%3Ali%3AugcPost%3A7365272615667589120
2025-08-24 15:19:20,PRAISE,https://www.linkedin.com/feed/update/urn%3Ali%3AugcPost%3A7363950780292239363
2025-08-24 15:18:58,LIKE,https://www.linkedin.com/feed/update/urn%3Ali%3Aactivity%3A7365380667204894721
2025-08-24 15:18:05,LIKE,https://www.linkedin.com/feed/update/urn%3Ali%3AugcPost%3A7365396986444902401
2025-08-24 15:17:18,PRAISE,https://www.linkedin.com/feed/update/urn%3Ali%3AugcPost%3A7365211529203355648
2025-08-24 15:17:07,LIKE,https://www.linkedin.com/feed/update/urn%3Ali%3AugcPost%3A7365396449167097856
2025-08-24 15:16:59,LIKE,https://www.linkedin.com/feed/update/urn%3Ali%3Aactivity%3A7365352188895739904
2025-08-24 15:15:12,EMPATHY,https://www.linkedin.com/feed/update/urn%3Ali%3AugcPost%3A7357066023738486785?commentUrn=urn%3Ali%3Acomment%3A%28ugcPost%3A7357066023738486785%2C7365321509541777412%29
2025-08-24 05:56:17,EMPATHY,https://www.linkedin.com/feed/update/urn%3Ali%3AugcPost%3A7364903386145574912
2025-08-24 05:53:11,EMPATHY,https://www.linkedin.com/feed/update/urn%3Ali%3AugcPost%3A7357066023738486785?commentUrn=urn%3Ali%3Acomment%3A%28ugcPost%3A7357066023738486785%2C7365178257765265410%29
2025-08-23 18:31:08,LIKE,https://www.linkedin.com/feed/update/urn%3Ali%3AugcPost%3A7365030104277626882
2025-08-23 18:30:18,LIKE,https://www.linkedin.com/feed/update/urn%3Ali%3AugcPost%3A7364725604543250432
2025-08-23 18:29:52,LIKE,https://www.linkedin.com/feed/update/urn%3Ali%3Aactivity%3A7364989791291023360
2025-08-23 18:29:47,LIKE,https://www.linkedin.com/feed/update/urn%3Ali%3Aactivity%3A7363889741852803072
2025-08-23 18:29:38,LIKE,https://www.linkedin.com/feed/update/urn%3Ali%3AugcPost%3A7365015694834307072
2025-08-23 18:27:05,LIKE,https://www.linkedin.com/feed/update/urn%3Ali%3AugcPost%3A7365055768670130176
2025-08-23 17:49:23,LIKE,https://www.linkedin.com/feed/update/urn%3Ali%3Aactivity%3A7362118102228037632
2025-08-23 17:49:12,LIKE,https://www.linkedin.com/feed/update/urn%3Ali%3AugcPost%3A7365016904182231040
2025-08-23 17:48:39,PRAISE,https://www.linkedin.com/feed/update/urn%3Ali%3Aactivity%3A7365070040519344128
2025-08-23 11:30:44,EMPATHY,https://www.linkedin.com/feed/update/urn%3Ali%3AugcPost%3A7358928535727599616?commentUrn=urn%3Ali%3Acomment%3A%28ugcPost%3A7358928535727599616%2C7364943194754646016%29
2025-08-23 08:37:30,PRAISE,https://www.linkedin.com/feed/update/urn%3Ali%3AugcPost%3A7364931638214004737
2025-08-23 07:50:57,LIKE,https://www.linkedin.com/feed/update/urn%3Ali%3Aactivity%3A7364627449751474176
2025-08-23 07:31:06,LIKE,https://www.linkedin.com/feed/update/urn%3Ali%3Aactivity%3A7364362671715995648
2025-08-23 07:30:46,EMPATHY,https://www.linkedin.com/feed/update/urn%3Ali%3AugcPost%3A7364524414958239744
2025-08-23 07:30:00,INTEREST,https://www.linkedin.com/feed/update/urn%3Ali%3Aactivity%3A7364914316778659840
2025-08-23 07:29:26,LIKE,https://www.linkedin.com/feed/update/urn%3Ali%3Aactivity%3A7364162854758879233
2025-08-23 06:17:00,LIKE,https://www.linkedin.com/feed/update/urn%3Ali%3Aactivity%3A7364689706262974464
2025-08-23 06:02:41,LIKE,https://www.linkedin.com/feed/update/urn%3Ali%3AugcPost%3A7364634193340887041
2025-08-23 06:02:32,LIKE,https://www.linkedin.com/feed/update/urn%3Ali%3AugcPost%3A7363992874000023552
2025-08-23 06:02:05,LIKE,https://www.linkedin.com/feed/update/urn%3Ali%3Aactivity%3A7364589808448405504
2025-08-23 06:01:48,LIKE,https://www.linkedin.com/feed/update/urn%3Ali%3AugcPost%3A7360315295124606976
2025-08-23 06:01:42,LIKE,https://www.linkedin.com/feed/update/urn%3Ali%3AugcPost%3A7364875983079792640
2025-08-23 05:58:11,LIKE,https://www.linkedin.com/feed/update/urn%3Ali%3Aactivity%3A7364324066037518336
2025-08-23 05:58:01,LIKE,https://www.linkedin.com/feed/update/urn%3Ali%3AugcPost%3A7364869504939589634
2025-08-23 05:57:55,LIKE,https://www.linkedin.com/feed/update/urn%3Ali%3AugcPost%3A7364863598063513600
2025-08-23 05:56:04,LIKE,https://www.linkedin.com/feed/update/urn%3Ali%3AugcPost%3A7364897613663436801?commentUrn=urn%3Ali%3Acomment%3A%28ugcPost%3A7364897613663436801%2C7364897895843577856%29
2025-08-23 05:53:49,EMPATHY,https://www.linkedin.com/feed/update/urn%3Ali%3AugcPost%3A7364895724615999489
2025-08-23 05:39:43,EMPATHY,https://www.linkedin.com/feed/update/urn%3Ali%3AugcPost%3A7362086553440980992?commentUrn=urn%3Ali%3Acomment%3A%28ugcPost%3A7362086553440980992%2C7363406380264800257%29
2025-08-23 05:39:03,LIKE,https://www.linkedin.com/feed/update/urn%3Ali%3Aactivity%3A7364878990358020096
2025-08-22 18:35:15,LIKE,https://www.linkedin.com/feed/update/urn%3Ali%3Aactivity%3A7363957128589373443
2025-08-22 18:35:05,LIKE,https://www.linkedin.com/feed/update/urn%3Ali%3AugcPost%3A7364576596910911488
2025-08-22 18:34:46,LIKE,https://www.linkedin.com/feed/update/urn%3Ali%3Aactivity%3A7364650938839519233
2025-08-22 18:34:37,LIKE,https://www.linkedin.com/feed/update/urn%3Ali%3AugcPost%3A7364634866602176512
2025-08-22 18:24:49,LIKE,https://www.linkedin.com/feed/update/urn%3Ali%3AugcPost%3A7364644848412393472
2025-08-22 18:24:33,LIKE,https://www.linkedin.com/feed/update/urn%3Ali%3AugcPost%3A7364329974964645889
2025-08-22 12:30:56,LIKE,https://www.linkedin.com/feed/update/urn%3Ali%3Aactivity%3A7364189557036130305
2025-08-22 12:19:48,LIKE,https://www.linkedin.com/feed/update/urn%3Ali%3Aactivity%3A7364625816384606208
2025-08-22 03:09:28,LIKE,https://www.linkedin.com/feed/update/urn%3Ali%3AugcPost%3A7364378091688718338
2025-08-22 03:09:20,LIKE,https://www.linkedin.com/feed/update/urn%3Ali%3AugcPost%3A7364198552530546689
2025-08-22 03:09:14,LIKE,https://www.linkedin.com/feed/update/urn%3Ali%3AugcPost%3A7364017839663403009
2025-08-22 03:08:43,LIKE,https://www.linkedin.com/feed/update/urn%3Ali%3Aactivity%3A7363895979298701313
2025-08-22 03:08:24,LIKE,https://www.linkedin.com/feed/update/urn%3Ali%3AugcPost%3A7364365447724515328
2025-08-22 03:07:47,LIKE,https://www.linkedin.com/feed/update/urn%3Ali%3Aactivity%3A7364254190979698690
2025-08-22 03:07:29,LIKE,https://www.linkedin.com/feed/update/urn%3Ali%3Aactivity%3A7364265073663479809
2025-08-22 03:06:47,LIKE,https://www.linkedin.com/feed/update/urn%3Ali%3AugcPost%3A7364227691664785408
2025-08-22 03:06:36,LIKE,https://www.linkedin.com/feed/update/urn%3Ali%3AugcPost%3A7364121158830477314
2025-08-22 03:05:02,LIKE,https://www.linkedin.com/feed/update/urn%3Ali%3AugcPost%3A7364412522663211008
2025-08-22 03:01:57,LIKE,https://www.linkedin.com/feed/update/urn%3Ali%3Aactivity%3A7364364161780219904
2025-08-22 03:01:46,LIKE,https://www.linkedin.com/feed/update/urn%3Ali%3Aactivity%3A7364264808977707008
2025-08-21 01:40:39,LIKE,https://www.linkedin.com/feed/update/urn%3Ali%3Aactivity%3A7364101004365049856
2025-08-21 01:07:05,INTEREST,https://www.linkedin.com/feed/update/urn%3Ali%3AugcPost%3A7363693990136668160
2025-08-21 00:59:43,LIKE,https://www.linkedin.com/feed/update/urn%3Ali%3AugcPost%3A7363935340748759043
2025-08-21 00:59:27,LIKE,https://www.linkedin.com/feed/update/urn%3Ali%3AugcPost%3A7363508267957862401
2025-08-21 00:59:10,LIKE,https://www.linkedin.com/feed/update/urn%3Ali%3Aactivity%3A7360750365987729408
2025-08-21 00:59:04,LIKE,https://www.linkedin.com/feed/update/urn%3Ali%3AugcPost%3A7363813565041930240
2025-08-21 00:58:42,LIKE,https://www.linkedin.com/feed/update/urn%3Ali%3AugcPost%3A7363853441917448192
2025-08-21 00:57:35,LIKE,https://www.linkedin.com/feed/update/urn%3Ali%3AugcPost%3A7363223402905493505
2025-08-21 00:57:05,LIKE,https://www.linkedin.com/feed/update/urn%3Ali%3AugcPost%3A7363891847439527937
2025-08-21 00:56:31,LIKE,https://www.linkedin.com/feed/update/urn%3Ali%3AugcPost%3A7363902711508955136
2025-08-21 00:54:57,LIKE,https://www.linkedin.com/feed/update/urn%3Ali%3AugcPost%3A7363839900007256064
2025-08-21 00:53:03,INTEREST,https://www.linkedin.com/feed/update/urn%3Ali%3Aactivity%3A7363907961557045249
2025-08-21 00:52:12,LIKE,https://www.linkedin.com/feed/update/urn%3Ali%3AugcPost%3A7363226212564955138
2025-08-21 00:51:51,LIKE,https://www.linkedin.com/feed/update/urn%3Ali%3AugcPost%3A7363979610432126977
2025-08-21 00:51:42,LIKE,https://www.linkedin.com/feed/update/urn%3Ali%3Aactivity%3A7363464825441603586
2025-08-21 00:51:10,LIKE,https://www.linkedin.com/feed/update/urn%3Ali%3AugcPost%3A7363816962457546752
2025-08-20 16:06:59,LIKE,https://www.linkedin.com/feed/update/urn%3Ali%3Aactivity%3A7363526150347702272
2025-08-20 16:06:43,LIKE,https://www.linkedin.com/feed/update/urn%3Ali%3AugcPost%3A7363850155139203073
2025-08-20 02:40:28,LIKE,https://www.linkedin.com/feed/update/urn%3Ali%3AugcPost%3A7363732794360885249
2025-08-19 18:37:34,LIKE,https://www.linkedin.com/feed/update/urn%3Ali%3Aactivity%3A7363250016393510912
2025-08-19 18:37:16,LIKE,https://www.linkedin.com/feed/update/urn%3Ali%3Aactivity%3A7363574654206107650
2025-08-19 18:37:06,LIKE,https://www.linkedin.com/feed/update/urn%3Ali%3AugcPost%3A7363409470120456192
2025-08-19 18:35:30,LIKE,https://www.linkedin.com/feed/update/urn%3Ali%3AugcPost%3A7363203703215996928
2025-08-19 18:34:32,LIKE,https://www.linkedin.com/feed/update/urn%3Ali%3AugcPost%3A7363634528235515904
2025-08-19 17:55:55,LIKE,https://www.linkedin.com/feed/update/urn%3Ali%3Aactivity%3A7308845174070132743
2025-08-19 17:55:10,LIKE,https://www.linkedin.com/feed/update/urn%3Ali%3AugcPost%3A7350897671986982913
2025-08-19 17:54:12,LIKE,https://www.linkedin.com/feed/update/urn%3Ali%3Aactivity%3A7328139217895624706
2025-08-19 17:53:39,LIKE,https://www.linkedin.com/feed/update/urn%3Ali%3Aactivity%3A7363275068488978433
2025-08-19 17:53:02,LIKE,https://www.linkedin.com/feed/update/urn%3Ali%3Aactivity%3A7363496498799546368
2025-08-19 17:52:00,LIKE,https://www.linkedin.com/feed/update/urn%3Ali%3Aactivity%3A7362727817995849729
2025-08-19 17:50:57,LIKE,https://www.linkedin.com/feed/update/urn%3Ali%3Aactivity%3A7363540266026246148
2025-08-19 17:49:45,LIKE,https://www.linkedin.com/feed/update/urn%3Ali%3AugcPost%3A7363240508522991616
2025-08-19 17:49:39,LIKE,https://www.linkedin.com/feed/update/urn%3Ali%3AugcPost%3A7363553196792856576
2025-08-19 17:49:18,LIKE,https://www.linkedin.com/feed/update/urn%3Ali%3AugcPost%3A7363142064470900737
2025-08-19 17:49:07,LIKE,https://www.linkedin.com/feed/update/urn%3Ali%3AugcPost%3A7363612527752011776
2025-08-19 15:42:44,LIKE,https://www.linkedin.com/feed/update/urn%3Ali%3AugcPost%3A7355932325974622210
2025-08-19 15:42:19,LIKE,https://www.linkedin.com/feed/update/urn%3Ali%3AugcPost%3A7363591712792842240
2025-08-19 15:42:11,LIKE,https://www.linkedin.com/feed/update/urn%3Ali%3AugcPost%3A7363504120147640321
2025-08-19 15:41:24,LIKE,https://www.linkedin.com/feed/update/urn%3Ali%3Aactivity%3A7363398585863819266
2025-08-19 15:41:06,LIKE,https://www.linkedin.com/feed/update/urn%3Ali%3Aactivity%3A7363493481480155136
2025-08-19 15:39:35,LIKE,https://www.linkedin.com/feed/update/urn%3Ali%3AugcPost%3A7363581099978973184
2025-08-19 15:39:22,LIKE,https://www.linkedin.com/feed/update/urn%3Ali%3Aactivity%3A7358298124274061312?commentUrn=urn%3Ali%3Acomment%3A%28activity%3A7358298124274061312%2C7363449911327014913%29
2025-08-19 00:40:53,LIKE,https://www.linkedin.com/feed/update/urn%3Ali%3AugcPost%3A7363237190375477252
2025-08-18 16:53:16,LIKE,https://www.linkedin.com/feed/update/urn%3Ali%3AugcPost%3A7363211228640329730
2025-08-18 16:53:09,LIKE,https://www.linkedin.com/feed/update/urn%3Ali%3Aactivity%3A7363189633066704897
2025-08-18 08:20:26,LIKE,https://www.linkedin.com/feed/update/urn%3Ali%3Aactivity%3A7362898021061210113
2025-08-18 06:34:40,LIKE,https://www.linkedin.com/feed/update/urn%3Ali%3AugcPost%3A7362096388639199232
2025-08-18 06:34:29,LIKE,https://www.linkedin.com/feed/update/urn%3Ali%3Aactivity%3A7362872088208031744
2025-08-18 06:30:25,LIKE,https://www.linkedin.com/feed/update/urn%3Ali%3Aactivity%3A7363073672024145921
2025-08-18 06:29:44,LIKE,https://www.linkedin.com/feed/update/urn%3Ali%3Aactivity%3A7362907191403495424
2025-08-18 06:29:30,LIKE,https://www.linkedin.com/feed/update/urn%3Ali%3AugcPost%3A7362907617062502400
2025-08-18 06:29:00,LIKE,https://www.linkedin.com/feed/update/urn%3Ali%3AugcPost%3A7362830842437554176
2025-08-18 02:39:31,PRAISE,https://www.linkedin.com/feed/update/urn%3Ali%3AugcPost%3A7363022073142657024
2025-08-18 01:42:35,LIKE,https://www.linkedin.com/feed/update/urn%3Ali%3AugcPost%3A7362979593026256896
2025-08-18 01:42:24,LIKE,https://www.linkedin.com/feed/update/urn%3Ali%3Aactivity%3A7362101332280840195
2025-08-18 01:42:02,LIKE,https://www.linkedin.com/feed/update/urn%3Ali%3AugcPost%3A7359288044706807808
2025-08-18 01:41:51,LIKE,https://www.linkedin.com/feed/update/urn%3Ali%3Aactivity%3A7362914694501711873
2025-08-18 01:41:28,LIKE,https://www.linkedin.com/feed/update/urn%3Ali%3AugcPost%3A7358533123501969409
2025-08-18 01:41:03,LIKE,https://www.linkedin.com/feed/update/urn%3Ali%3AugcPost%3A7359499840403243009
2025-08-18 01:39:58,LIKE,https://www.linkedin.com/feed/update/urn%3Ali%3Aactivity%3A7362889787311091713
2025-08-18 01:39:44,LIKE,https://www.linkedin.com/feed/update/urn%3Ali%3AugcPost%3A7346885743232905216
2025-08-18 01:39:29,LIKE,https://www.linkedin.com/feed/update/urn%3Ali%3AugcPost%3A7362668835142864896
2025-08-17 17:07:55,LIKE,https://www.linkedin.com/feed/update/urn%3Ali%3AugcPost%3A7362736596678307840?commentUrn=urn%3Ali%3Acomment%3A%28ugcPost%3A7362736596678307840%2C7362880371685777408%29
2025-08-17 15:37:18,LIKE,https://www.linkedin.com/feed/update/urn%3Ali%3Aactivity%3A7362823069163233280
2025-08-17 15:36:49,LIKE,https://www.linkedin.com/feed/update/urn%3Ali%3AugcPost%3A7358250734590570498
2025-08-17 15:36:32,LIKE,https://www.linkedin.com/feed/update/urn%3Ali%3AugcPost%3A7358049967699034113
2025-08-17 15:36:13,LIKE,https://www.linkedin.com/feed/update/urn%3Ali%3AugcPost%3A7362837246623797248
2025-08-17 15:35:48,LIKE,https://www.linkedin.com/feed/update/urn%3Ali%3Aactivity%3A7361630057666101251
2025-08-17 15:35:02,PRAISE,https://www.linkedin.com/feed/update/urn%3Ali%3Aactivity%3A7358750922585333760
2025-08-17 15:34:36,LIKE,https://www.linkedin.com/feed/update/urn%3Ali%3AugcPost%3A7362826669734117376
2025-08-17 15:34:05,LIKE,https://www.linkedin.com/feed/update/urn%3Ali%3Aactivity%3A7362555417610108928
2025-08-17 15:33:32,LIKE,https://www.linkedin.com/feed/update/urn%3Ali%3AugcPost%3A7362864244033257472
2025-08-17 12:46:35,LIKE,https://www.linkedin.com/feed/update/urn%3Ali%3Aactivity%3A7362262802167652353
2025-08-17 12:15:21,LIKE,https://www.linkedin.com/feed/update/urn%3Ali%3AugcPost%3A7361400218493325313
2025-08-17 11:01:11,LIKE,https://www.linkedin.com/feed/update/urn%3Ali%3AugcPost%3A7362537316281708544
2025-08-17 11:00:50,LIKE,https://www.linkedin.com/feed/update/urn%3Ali%3Aactivity%3A7361365912781746176
2025-08-17 10:49:39,LIKE,https://www.linkedin.com/feed/update/urn%3Ali%3AugcPost%3A7362313211141943296
2025-08-17 09:52:16,PRAISE,https://www.linkedin.com/feed/update/urn%3Ali%3AugcPost%3A7360067627362189312
2025-08-17 09:51:44,PRAISE,https://www.linkedin.com/feed/update/urn%3Ali%3AugcPost%3A7362152967996620800
2025-08-17 09:03:04,EMPATHY,https://www.linkedin.com/feed/update/urn%3Ali%3AugcPost%3A7362736596678307840
2025-08-17 09:01:10,LIKE,https://www.linkedin.com/feed/update/urn%3Ali%3AugcPost%3A7360375649036816384
2025-08-17 09:00:41,LIKE,https://www.linkedin.com/feed/update/urn%3Ali%3AugcPost%3A7362660857085911044
2025-08-17 09:00:16,EMPATHY,https://www.linkedin.com/feed/update/urn%3Ali%3AugcPost%3A7360113897229443073
2025-08-17 08:59:53,LIKE,https://www.linkedin.com/feed/update/urn%3Ali%3AugcPost%3A7360679682972803073
2025-08-17 08:59:29,EMPATHY,https://www.linkedin.com/feed/update/urn%3Ali%3Aactivity%3A7362511745417895936
2025-08-17 08:58:59,LIKE,https://www.linkedin.com/feed/update/urn%3Ali%3Aactivity%3A7362381368107913216
2025-08-17 08:58:51,INTEREST,https://www.linkedin.com/feed/update/urn%3Ali%3Aactivity%3A7362451481091813376
2025-08-17 08:50:44,LIKE,https://www.linkedin.com/feed/update/urn%3Ali%3AugcPost%3A7362460612892774402
2025-08-17 08:50:36,LIKE,https://www.linkedin.com/feed/update/urn%3Ali%3AugcPost%3A7362743263394508800
2025-08-17 08:50:21,LIKE,https://www.linkedin.com/feed/update/urn%3Ali%3AugcPost%3A7362460038893907968
2025-08-17 08:50:12,LIKE,https://www.linkedin.com/feed/update/urn%3Ali%3Aactivity%3A7362754094911942656
2025-08-17 07:41:17,EMPATHY,https://www.linkedin.com/feed/update/urn%3Ali%3Aactivity%3A7358479735930167297
2025-08-17 06:38:37,LIKE,https://www.linkedin.com/feed/update/urn%3Ali%3Aactivity%3A7362304957288468481
2025-08-17 06:38:12,EMPATHY,https://www.linkedin.com/feed/update/urn%3Ali%3AugcPost%3A7362595198217936898
2025-08-17 06:37:44,LIKE,https://www.linkedin.com/feed/update/urn%3Ali%3AugcPost%3A7362508671244754944
2025-08-17 06:37:30,LIKE,https://www.linkedin.com/feed/update/urn%3Ali%3AugcPost%3A7362471463792095232
2025-08-17 06:37:08,PRAISE,https://www.linkedin.com/feed/update/urn%3Ali%3AugcPost%3A7362456312560988160
2025-08-17 06:36:53,LIKE,https://www.linkedin.com/feed/update/urn%3Ali%3AugcPost%3A7362455137946157057
2025-08-17 06:36:21,LIKE,https://www.linkedin.com/feed/update/urn%3Ali%3Aactivity%3A7362540372528381953
2025-08-16 07:40:41,LIKE,https://www.linkedin.com/feed/update/urn%3Ali%3AugcPost%3A7361407329029832704
2025-08-16 07:40:22,LIKE,https://www.linkedin.com/feed/update/urn%3Ali%3AugcPost%3A7359555463400636416
2025-08-16 07:35:45,EMPATHY,https://www.linkedin.com/feed/update/urn%3Ali%3AugcPost%3A7357066023738486785?commentUrn=urn%3Ali%3Acomment%3A%28ugcPost%3A7357066023738486785%2C7362374530817814528%29
2025-08-15 19:42:07,LIKE,https://www.linkedin.com/feed/update/urn%3Ali%3Aactivity%3A7361086980371197952
2025-08-15 19:07:31,EMPATHY,https://www.linkedin.com/feed/update/urn%3Ali%3AugcPost%3A7362086553440980992?commentUrn=urn%3Ali%3Acomment%3A%28ugcPost%3A7362086553440980992%2C7362138417620508675%29
2025-08-15 14:53:21,EMPATHY,https://www.linkedin.com/feed/update/urn%3Ali%3AugcPost%3A7362086553440980992?commentUrn=urn%3Ali%3Acomment%3A%28ugcPost%3A7362086553440980992%2C7362133554555731969%29
2025-08-15 14:53:03,LIKE,https://www.linkedin.com/feed/update/urn%3Ali%3Aactivity%3A7361365934264987649
2025-08-15 14:52:38,EMPATHY,https://www.linkedin.com/feed/update/urn%3Ali%3AugcPost%3A7362133711213023232
2025-08-15 14:51:32,LIKE,https://www.linkedin.com/feed/update/urn%3Ali%3AugcPost%3A7362131064716214272
2025-08-15 14:50:32,EMPATHY,https://www.linkedin.com/feed/update/urn%3Ali%3AugcPost%3A7362086553440980992?commentUrn=urn%3Ali%3Acomment%3A%28ugcPost%3A7362086553440980992%2C7362132762536939520%29
2025-08-15 13:28:36,EMPATHY,https://www.linkedin.com/feed/update/urn%3Ali%3AugcPost%3A7362112742457020416
2025-08-15 13:27:27,LIKE,https://www.linkedin.com/feed/update/urn%3Ali%3AugcPost%3A7361377031202205696
2025-08-15 13:26:57,LIKE,https://www.linkedin.com/feed/update/urn%3Ali%3AugcPost%3A7361784055379410944
2025-08-15 13:24:33,EMPATHY,https://www.linkedin.com/feed/update/urn%3Ali%3AugcPost%3A7362086553440980992?commentUrn=urn%3Ali%3Acomment%3A%28ugcPost%3A7362086553440980992%2C7362111445586583553%29
2025-08-15 13:16:43,EMPATHY,https://www.linkedin.com/feed/update/urn%3Ali%3AugcPost%3A7362086553440980992?commentUrn=urn%3Ali%3Acomment%3A%28ugcPost%3A7362086553440980992%2C7362088498452971520%29
2025-08-15 12:28:09,LIKE,https://www.linkedin.com/feed/update/urn%3Ali%3AugcPost%3A7293558658204901376
2025-08-15 11:42:52,LIKE,https://www.linkedin.com/feed/update/urn%3Ali%3Aactivity%3A7361678966513913856
2025-08-15 08:07:39,LIKE,https://www.linkedin.com/feed/update/urn%3Ali%3AugcPost%3A7357443595273953280
2025-08-15 08:07:29,LIKE,https://www.linkedin.com/feed/update/urn%3Ali%3AugcPost%3A7361794955121426432
2025-08-15 08:07:23,LIKE,https://www.linkedin.com/feed/update/urn%3Ali%3Aactivity%3A7361988283582566401
2025-08-15 08:07:09,LIKE,https://www.linkedin.com/feed/update/urn%3Ali%3AugcPost%3A7361511790507155456
2025-08-15 08:06:20,LIKE,https://www.linkedin.com/feed/update/urn%3Ali%3Aactivity%3A7361985003355869185
2025-08-15 08:06:07,PRAISE,https://www.linkedin.com/feed/update/urn%3Ali%3AugcPost%3A7361775966592954369
2025-08-15 08:05:46,LIKE,https://www.linkedin.com/feed/update/urn%3Ali%3AugcPost%3A7361452377373085697
2025-08-15 08:05:13,LIKE,https://www.linkedin.com/feed/update/urn%3Ali%3AugcPost%3A7361635334213779456
2025-08-15 08:04:53,LIKE,https://www.linkedin.com/feed/update/urn%3Ali%3AugcPost%3A7361374011580198913
2025-08-15 08:03:50,LIKE,https://www.linkedin.com/feed/update/urn%3Ali%3AugcPost%3A7362027217888989185
2025-08-15 08:03:39,LIKE,https://www.linkedin.com/feed/update/urn%3Ali%3Aactivity%3A7361857362632089602
2025-08-15 08:03:27,LIKE,https://www.linkedin.com/feed/update/urn%3Ali%3AugcPost%3A7361397040058130434
2025-08-15 06:23:07,LIKE,https://www.linkedin.com/feed/update/urn%3Ali%3AugcPost%3A7361370888870514692
2025-08-15 06:23:03,LIKE,https://www.linkedin.com/feed/update/urn%3Ali%3AugcPost%3A7361476176634130432
2025-08-15 06:22:55,LIKE,https://www.linkedin.com/feed/update/urn%3Ali%3AugcPost%3A7361797628105236480
2025-08-15 06:21:38,LIKE,https://www.linkedin.com/feed/update/urn%3Ali%3AugcPost%3A7361986333977841664
2025-08-15 04:58:35,EMPATHY,https://www.linkedin.com/feed/update/urn%3Ali%3AugcPost%3A7360625303720783872?commentUrn=urn%3Ali%3Acomment%3A%28ugcPost%3A7360625303720783872%2C7361776734846734339%29
2025-08-14 13:21:20,INTEREST,https://www.linkedin.com/feed/update/urn%3Ali%3Aactivity%3A7360943174749495296?commentUrn=urn%3Ali%3Acomment%3A%28activity%3A7360943174749495296%2C7361653225793413122%29
2025-08-14 13:21:12,INTEREST,https://www.linkedin.com/feed/update/urn%3Ali%3Aactivity%3A7360943174749495296?commentUrn=urn%3Ali%3Acomment%3A%28activity%3A7360943174749495296%2C7361646136442396672%29
2025-08-14 13:17:19,INTEREST,https://www.linkedin.com/feed/update/urn%3Ali%3Aactivity%3A7361727210233217024
2025-08-13 11:37:33,LIKE,https://www.linkedin.com/feed/update/urn%3Ali%3AugcPost%3A7361357392350990337
2025-08-13 11:36:57,LIKE,https://www.linkedin.com/feed/update/urn%3Ali%3Aactivity%3A7361290488382935041?commentUrn=urn%3Ali%3Acomment%3A%28activity%3A7361290488382935041%2C7361357068588470276%29
2025-08-13 08:37:09,LIKE,https://www.linkedin.com/feed/update/urn%3Ali%3Aactivity%3A7360761030047657984
2025-08-13 08:36:31,LIKE,https://www.linkedin.com/feed/update/urn%3Ali%3AugcPost%3A7360243922276700160
2025-08-13 08:36:09,LIKE,https://www.linkedin.com/feed/update/urn%3Ali%3AugcPost%3A7360966868909674499
2025-08-13 08:34:07,EMPATHY,https://www.linkedin.com/feed/update/urn%3Ali%3AugcPost%3A7360625303720783872
2025-08-13 08:33:38,INTEREST,https://www.linkedin.com/feed/update/urn%3Ali%3AugcPost%3A7360558559815778305
2025-08-13 08:32:13,INTEREST,https://www.linkedin.com/feed/update/urn%3Ali%3AugcPost%3A7361090020050407425
2025-08-13 08:31:19,LIKE,https://www.linkedin.com/feed/update/urn%3Ali%3AugcPost%3A7360971463048290304
2025-08-13 08:31:18,LIKE,https://www.linkedin.com/feed/update/urn%3Ali%3Aactivity%3A7361297195268022272
2025-08-13 08:28:21,INTEREST,https://www.linkedin.com/feed/update/urn%3Ali%3Aactivity%3A7358298124274061312
2025-08-13 08:25:30,LIKE,https://www.linkedin.com/feed/update/urn%3Ali%3Aactivity%3A7361103139338420225
2025-08-13 08:25:04,LIKE,https://www.linkedin.com/feed/update/urn%3Ali%3Aactivity%3A7361290438747561986
2025-08-13 08:21:57,INTEREST,https://www.linkedin.com/feed/update/urn%3Ali%3Aactivity%3A7361290488382935041
2025-08-13 08:20:57,LIKE,https://www.linkedin.com/feed/update/urn%3Ali%3AugcPost%3A7361235685166538752
2025-08-13 08:20:37,LIKE,https://www.linkedin.com/feed/update/urn%3Ali%3AugcPost%3A7361113752638836736
2025-08-13 08:19:23,INTEREST,https://www.linkedin.com/feed/update/urn%3Ali%3Aactivity%3A7360951302975029248
2025-08-13 08:18:27,LIKE,https://www.linkedin.com/feed/update/urn%3Ali%3AgroupPost%3A14589630-7361286697273212929
2025-08-13 08:17:20,INTEREST,https://www.linkedin.com/feed/update/urn%3Ali%3Aactivity%3A7360943174749495296?commentUrn=urn%3Ali%3Acomment%3A%28activity%3A7360943174749495296%2C7361143616347537410%29
2025-08-13 06:12:39,LIKE,https://www.linkedin.com/feed/update/urn%3Ali%3AugcPost%3A7361136726163025921
2025-08-13 06:12:31,LIKE,https://www.linkedin.com/feed/update/urn%3Ali%3AugcPost%3A7361112410776068098
2025-08-13 06:05:55,PRAISE,https://www.linkedin.com/feed/update/urn%3Ali%3Aactivity%3A7361034765652692993
2025-08-13 06:05:18,EMPATHY,https://www.linkedin.com/feed/update/urn%3Ali%3AugcPost%3A7361052878691557376
2025-08-12 13:59:57,EMPATHY,https://www.linkedin.com/feed/update/urn%3Ali%3AugcPost%3A7361026097301348354
2025-08-12 13:44:21,INTEREST,https://www.linkedin.com/feed/update/urn%3Ali%3Aactivity%3A7360943174749495296
2025-08-12 12:32:20,LIKE,https://www.linkedin.com/feed/update/urn%3Ali%3AugcPost%3A7257311064453701632
2025-08-12 12:31:34,LIKE,https://www.linkedin.com/feed/update/urn%3Ali%3Aactivity%3A7342837267276644353
2025-08-12 12:31:13,LIKE,https://www.linkedin.com/feed/update/urn%3Ali%3Aactivity%3A7360959085837537281
2025-08-12 12:30:29,LIKE,https://www.linkedin.com/feed/update/urn%3Ali%3AugcPost%3A7360299646188969985
2025-08-12 12:30:23,LIKE,https://www.linkedin.com/feed/update/urn%3Ali%3Aactivity%3A7361002393444020224
2025-08-12 03:38:37,LIKE,https://www.linkedin.com/feed/update/urn%3Ali%3AugcPost%3A7360701306073706497
2025-08-12 03:37:48,LIKE,https://www.linkedin.com/feed/update/urn%3Ali%3AugcPost%3A7359883100543176704
2025-08-12 03:37:37,LIKE,https://www.linkedin.com/feed/update/urn%3Ali%3AugcPost%3A7360451363182465025
2025-08-12 03:36:55,LIKE,https://www.linkedin.com/feed/update/urn%3Ali%3Aactivity%3A7360674544916819968
2025-08-12 03:36:51,LIKE,https://www.linkedin.com/feed/update/urn%3Ali%3Aactivity%3A7360641183968112640
2025-08-12 03:36:41,LIKE,https://www.linkedin.com/feed/update/urn%3Ali%3AugcPost%3A7360459420918599680
2025-08-12 03:35:52,LIKE,https://www.linkedin.com/feed/update/urn%3Ali%3AugcPost%3A7360316329045712897
2025-08-12 03:35:42,LIKE,https://www.linkedin.com/feed/update/urn%3Ali%3AugcPost%3A7360299202578403329
2025-08-12 03:35:06,LIKE,https://www.linkedin.com/feed/update/urn%3Ali%3AugcPost%3A7360258390507368448
2025-08-11 17:09:16,LIKE,https://www.linkedin.com/feed/update/urn%3Ali%3AugcPost%3A7360691926758572032
2025-08-11 10:14:38,LIKE,https://www.linkedin.com/feed/update/urn%3Ali%3Aactivity%3A7360565661145653249
2025-08-10 09:08:31,LIKE,https://www.linkedin.com/feed/update/urn%3Ali%3Aactivity%3A7359840911570137088?commentUrn=urn%3Ali%3Acomment%3A%28activity%3A7359840911570137088%2C7360233445702135809%29
2025-08-10 08:54:16,LIKE,https://www.linkedin.com/feed/update/urn%3Ali%3Aactivity%3A7359840911570137088?commentUrn=urn%3Ali%3Acomment%3A%28activity%3A7359840911570137088%2C7360228789278179328%29
2025-08-10 04:42:02,EMPATHY,https://www.linkedin.com/feed/update/urn%3Ali%3Aactivity%3A7359923546917171201
2025-08-10 04:41:45,LIKE,https://www.linkedin.com/feed/update/urn%3Ali%3Aactivity%3A7359478518713315328
2025-08-10 04:41:40,LIKE,https://www.linkedin.com/feed/update/urn%3Ali%3AugcPost%3A7359918752412418048
2025-08-10 04:41:33,LIKE,https://www.linkedin.com/feed/update/urn%3Ali%3AugcPost%3A7359567756012236800
2025-08-10 04:41:09,LIKE,https://www.linkedin.com/feed/update/urn%3Ali%3AugcPost%3A7359337531693289472
2025-08-10 04:40:46,LIKE,https://www.linkedin.com/feed/update/urn%3Ali%3Aactivity%3A7359840891781423104
2025-08-10 04:40:28,LIKE,https://www.linkedin.com/feed/update/urn%3Ali%3Aactivity%3A7359982524615315456
2025-08-10 04:40:15,LIKE,https://www.linkedin.com/feed/update/urn%3Ali%3AugcPost%3A7359951833781477377
2025-08-10 04:39:51,LIKE,https://www.linkedin.com/feed/update/urn%3Ali%3AugcPost%3A7360002296094601217
2025-08-10 04:39:38,LIKE,https://www.linkedin.com/feed/update/urn%3Ali%3Aactivity%3A7360150405369999361
2025-08-10 04:38:12,LIKE,https://www.linkedin.com/feed/update/urn%3Ali%3AugcPost%3A7359934218270883840
2025-08-10 04:31:15,LIKE,https://www.linkedin.com/feed/update/urn%3Ali%3Aactivity%3A7359840911570137088
2025-08-10 04:17:46,EMPATHY,https://www.linkedin.com/feed/update/urn%3Ali%3AugcPost%3A7349109854688468992?commentUrn=urn%3Ali%3Acomment%3A%28ugcPost%3A7349109854688468992%2C7360139078794690560%29
2025-08-09 05:30:48,LIKE,https://www.linkedin.com/feed/update/urn%3Ali%3AugcPost%3A7359760598911369218
2025-08-09 05:30:24,EMPATHY,https://www.linkedin.com/feed/update/urn%3Ali%3AugcPost%3A7358928535727599616?commentUrn=urn%3Ali%3Acomment%3A%28ugcPost%3A7358928535727599616%2C7359813247367045120%29
2025-08-09 04:40:10,LIKE,https://www.linkedin.com/feed/update/urn%3Ali%3AugcPost%3A7358834120652713984
2025-08-09 04:07:01,LIKE,https://www.linkedin.com/feed/update/urn%3Ali%3Aactivity%3A7359528283924758528
2025-08-09 04:06:30,LIKE,https://www.linkedin.com/feed/update/urn%3Ali%3AugcPost%3A7354739187457159168
2025-08-09 04:05:41,LIKE,https://www.linkedin.com/feed/update/urn%3Ali%3AugcPost%3A7359350732661145601
2025-08-09 04:04:09,LIKE,https://www.linkedin.com/feed/update/urn%3Ali%3AgroupPost%3A10198078-7359655749448298513
2025-08-09 02:52:01,LIKE,https://www.linkedin.com/feed/update/urn%3Ali%3AugcPost%3A7359630328581246976
2025-08-08 16:10:27,LIKE,https://www.linkedin.com/feed/update/urn%3Ali%3AugcPost%3A7358932482215301120
2025-08-08 10:55:46,LIKE,https://www.linkedin.com/feed/update/urn%3Ali%3AugcPost%3A7358418045968551937
2025-08-08 10:10:26,LIKE,https://www.linkedin.com/feed/update/urn%3Ali%3Aactivity%3A7357133532613230592
2025-08-08 10:10:19,LIKE,https://www.linkedin.com/feed/update/urn%3Ali%3AugcPost%3A7359282642816552961
2025-08-08 10:09:40,LIKE,https://www.linkedin.com/feed/update/urn%3Ali%3Aactivity%3A7359423572366274561
2025-08-08 10:09:19,LIKE,https://www.linkedin.com/feed/update/urn%3Ali%3Aactivity%3A7354632337042673666
2025-08-08 10:09:13,LIKE,https://www.linkedin.com/feed/update/urn%3Ali%3Aactivity%3A7359392364299239424
2025-08-08 10:08:38,LIKE,https://www.linkedin.com/feed/update/urn%3Ali%3AugcPost%3A7359522320639537153
2025-08-08 07:44:34,EMPATHY,https://www.linkedin.com/feed/update/urn%3Ali%3AugcPost%3A7358928535727599616?commentUrn=urn%3Ali%3Acomment%3A%28ugcPost%3A7358928535727599616%2C7359488473487065089%29
2025-08-08 04:50:25,ENTERTAINMENT,https://www.linkedin.com/feed/update/urn%3Ali%3Aactivity%3A7358874496230907904
2025-08-08 04:45:39,INTEREST,https://www.linkedin.com/feed/update/urn%3Ali%3AugcPost%3A7358166343101132801
2025-08-08 04:45:09,LIKE,https://www.linkedin.com/feed/update/urn%3Ali%3AugcPost%3A7356943012628783104
2025-08-08 04:44:54,LIKE,https://www.linkedin.com/feed/update/urn%3Ali%3AugcPost%3A7356014836943654914
2025-08-08 04:43:04,LIKE,https://www.linkedin.com/feed/update/urn%3Ali%3AugcPost%3A7359359692206190592
2025-08-07 18:42:26,LIKE,https://www.linkedin.com/feed/update/urn%3Ali%3AugcPost%3A7359204939572654080
2025-08-07 18:42:14,LIKE,https://www.linkedin.com/feed/update/urn%3Ali%3AugcPost%3A7358723982864379904
2025-08-07 18:41:58,LIKE,https://www.linkedin.com/feed/update/urn%3Ali%3Aactivity%3A7359285959722496000
2025-08-07 17:21:08,INTEREST,https://www.linkedin.com/feed/update/urn%3Ali%3AugcPost%3A7358864315132559360
2025-08-07 17:20:21,LIKE,https://www.linkedin.com/feed/update/urn%3Ali%3AugcPost%3A7359162296159322112
2025-08-07 16:35:08,LIKE,https://www.linkedin.com/feed/update/urn%3Ali%3AugcPost%3A7359085945700122624
2025-08-07 16:33:48,LIKE,https://www.linkedin.com/feed/update/urn%3Ali%3Aactivity%3A7359254072572399617
2025-08-07 16:32:03,PRAISE,https://www.linkedin.com/feed/update/urn%3Ali%3AugcPost%3A7359250003359371264
2025-08-07 14:02:11,LIKE,https://www.linkedin.com/feed/update/urn%3Ali%3Aactivity%3A7359191586280214530
2025-08-07 08:35:45,EMPATHY,https://www.linkedin.com/feed/update/urn%3Ali%3AugcPost%3A7358928535727599616?commentUrn=urn%3Ali%3Acomment%3A%28ugcPost%3A7358928535727599616%2C7359134076047384576%29
2025-08-07 07:27:12,LIKE,https://www.linkedin.com/feed/update/urn%3Ali%3AugcPost%3A7331240079555706880
2025-08-07 06:42:01,EMPATHY,https://www.linkedin.com/feed/update/urn%3Ali%3AugcPost%3A7358928535727599616?commentUrn=urn%3Ali%3Acomment%3A%28ugcPost%3A7358928535727599616%2C7359035851319767040%29
2025-08-07 06:42:01,EMPATHY,https://www.linkedin.com/feed/update/urn%3Ali%3AugcPost%3A7358928535727599616?commentUrn=urn%3Ali%3Acomment%3A%28ugcPost%3A7358928535727599616%2C7359021470624178176%29
2025-08-06 19:13:39,LIKE,https://www.linkedin.com/feed/update/urn%3Ali%3Aactivity%3A7358460275190026240
2025-08-06 19:13:09,LIKE,https://www.linkedin.com/feed/update/urn%3Ali%3AugcPost%3A7358393224148729856
2025-08-06 19:12:42,LIKE,https://www.linkedin.com/feed/update/urn%3Ali%3AugcPost%3A7358515013424238593
2025-08-06 19:12:17,LIKE,https://www.linkedin.com/feed/update/urn%3Ali%3AugcPost%3A7358458342651912195
2025-08-06 19:08:37,LIKE,https://www.linkedin.com/feed/update/urn%3Ali%3AugcPost%3A7358587133340672000
2025-08-06 16:49:30,PRAISE,https://www.linkedin.com/feed/update/urn%3Ali%3AugcPost%3A7358840962925707264
2025-08-06 16:48:38,LIKE,https://www.linkedin.com/feed/update/urn%3Ali%3AugcPost%3A7358865194258718722
2025-08-05 04:26:40,EMPATHY,https://www.linkedin.com/feed/update/urn%3Ali%3AugcPost%3A7358199969964548097?commentUrn=urn%3Ali%3Acomment%3A%28ugcPost%3A7358199969964548097%2C7358352332641787904%29
2025-08-04 19:36:26,APPRECIATION,https://www.linkedin.com/feed/update/urn%3Ali%3AugcPost%3A7358216361925378050
2025-08-04 19:36:14,LIKE,https://www.linkedin.com/feed/update/urn%3Ali%3Aactivity%3A7358120797581832193
2025-08-04 18:39:39,LIKE,https://www.linkedin.com/feed/update/urn%3Ali%3AugcPost%3A7357452080057368577
2025-08-04 18:38:22,LIKE,https://www.linkedin.com/feed/update/urn%3Ali%3AugcPost%3A7358019797609050115
2025-08-04 18:38:15,LIKE,https://www.linkedin.com/feed/update/urn%3Ali%3Aactivity%3A7358156570033078273
2025-08-04 18:37:45,INTEREST,https://www.linkedin.com/feed/update/urn%3Ali%3AugcPost%3A7358197823206506497
2025-08-04 18:37:30,LIKE,https://www.linkedin.com/feed/update/urn%3Ali%3AugcPost%3A7358038211916455936
2025-08-04 18:12:33,LIKE,https://www.linkedin.com/feed/update/urn%3Ali%3AugcPost%3A7357392750108962818
2025-08-04 18:11:58,LIKE,https://www.linkedin.com/feed/update/urn%3Ali%3AugcPost%3A7358032038634967040
2025-08-04 17:24:20,EMPATHY,https://www.linkedin.com/feed/update/urn%3Ali%3AugcPost%3A7357066023738486785?commentUrn=urn%3Ali%3Acomment%3A%28ugcPost%3A7357066023738486785%2C7358039889742893057%29
2025-08-04 06:55:16,EMPATHY,https://www.linkedin.com/feed/update/urn%3Ali%3AugcPost%3A7357066023738486785?commentUrn=urn%3Ali%3Acomment%3A%28ugcPost%3A7357066023738486785%2C7357980106587361284%29
2025-08-04 04:42:05,LIKE,https://www.linkedin.com/feed/update/urn%3Ali%3AugcPost%3A7357945926092550146
2025-08-04 04:41:51,LIKE,https://www.linkedin.com/feed/update/urn%3Ali%3AugcPost%3A7357875812559175680
2025-08-03 19:05:32,LIKE,https://www.linkedin.com/feed/update/urn%3Ali%3AugcPost%3A7357607217484746753
2025-08-03 19:04:55,LIKE,https://www.linkedin.com/feed/update/urn%3Ali%3AugcPost%3A7356170472327200769
2025-08-03 19:04:41,LIKE,https://www.linkedin.com/feed/update/urn%3Ali%3AugcPost%3A7357113612160720896
2025-08-03 19:04:08,LIKE,https://www.linkedin.com/feed/update/urn%3Ali%3Aactivity%3A7357387264756244480
2025-08-03 19:02:39,LIKE,https://www.linkedin.com/feed/update/urn%3Ali%3AugcPost%3A7355995811618410497
2025-08-03 19:01:58,LIKE,https://www.linkedin.com/feed/update/urn%3Ali%3Aactivity%3A7357833694532829185
2025-08-03 15:05:22,LIKE,https://www.linkedin.com/feed/update/urn%3Ali%3AugcPost%3A7357742632451649537
2025-08-03 15:03:51,LIKE,https://www.linkedin.com/feed/update/urn%3Ali%3AugcPost%3A7357776984925491200
2025-08-03 15:03:19,LIKE,https://www.linkedin.com/feed/update/urn%3Ali%3Aactivity%3A7357304167079583744
2025-08-03 14:57:54,LIKE,https://www.linkedin.com/feed/update/urn%3Ali%3AugcPost%3A7354225123576492033
2025-08-03 14:56:49,EMPATHY,https://www.linkedin.com/feed/update/urn%3Ali%3AugcPost%3A7357066023738486785?commentUrn=urn%3Ali%3Acomment%3A%28ugcPost%3A7357066023738486785%2C7357742205169512449%29
2025-08-03 09:24:18,PRAISE,https://www.linkedin.com/feed/update/urn%3Ali%3AugcPost%3A7356357407289069568
2025-08-02 19:25:53,LIKE,https://www.linkedin.com/feed/update/urn%3Ali%3Aactivity%3A7357376303001485312
2025-08-02 19:25:09,LIKE,https://www.linkedin.com/feed/update/urn%3Ali%3Aactivity%3A7357406866458505217
2025-08-02 19:12:08,EMPATHY,https://www.linkedin.com/feed/update/urn%3Ali%3AugcPost%3A7357066023738486785?commentUrn=urn%3Ali%3Acomment%3A%28ugcPost%3A7357066023738486785%2C7357455640581066752%29
2025-08-02 13:59:21,EMPATHY,https://www.linkedin.com/feed/update/urn%3Ali%3AugcPost%3A7357066023738486785?commentUrn=urn%3Ali%3Acomment%3A%28ugcPost%3A7357066023738486785%2C7357403701348610049%29
2025-08-02 11:01:35,PRAISE,https://www.linkedin.com/feed/update/urn%3Ali%3AugcPost%3A7357293157396459520
2025-08-02 11:00:38,EMPATHY,https://www.linkedin.com/feed/update/urn%3Ali%3AugcPost%3A7357066023738486785?commentUrn=urn%3Ali%3Acomment%3A%28ugcPost%3A7357066023738486785%2C7357355857690443776%29
2025-08-02 01:55:34,LIKE,https://www.linkedin.com/feed/update/urn%3Ali%3AugcPost%3A7356584238546149376
2025-08-02 01:07:17,EMPATHY,https://www.linkedin.com/feed/update/urn%3Ali%3AugcPost%3A7357066023738486785?commentUrn=urn%3Ali%3Acomment%3A%28ugcPost%3A7357066023738486785%2C7357110234156322816%29
2025-08-02 01:06:45,LIKE,https://www.linkedin.com/feed/update/urn%3Ali%3AugcPost%3A7355592038836232193
2025-08-01 18:27:31,EMPATHY,https://www.linkedin.com/feed/update/urn%3Ali%3AugcPost%3A7357066023738486785?commentUrn=urn%3Ali%3Acomment%3A%28ugcPost%3A7357066023738486785%2C7357103967228583936%29
2025-08-01 15:25:53,EMPATHY,https://www.linkedin.com/feed/update/urn%3Ali%3AugcPost%3A7357066023738486785?commentUrn=urn%3Ali%3Acomment%3A%28ugcPost%3A7357066023738486785%2C7357068838682701825%29
2025-08-01 15:24:05,LIKE,https://www.linkedin.com/feed/update/urn%3Ali%3Aactivity%3A7350615214007934977
2025-08-01 15:23:48,LIKE,https://www.linkedin.com/feed/update/urn%3Ali%3AugcPost%3A7357051271775756288
2025-08-01 15:23:01,LIKE,https://www.linkedin.com/feed/update/urn%3Ali%3AugcPost%3A7357018108697432064
2025-08-01 15:22:27,EMPATHY,https://www.linkedin.com/feed/update/urn%3Ali%3AugcPost%3A7357066023738486785?commentUrn=urn%3Ali%3Acomment%3A%28ugcPost%3A7357066023738486785%2C7357067653259149312%29
2025-08-01 15:22:24,EMPATHY,https://www.linkedin.com/feed/update/urn%3Ali%3AugcPost%3A7357066023738486785?commentUrn=urn%3Ali%3Acomment%3A%28ugcPost%3A7357066023738486785%2C7357067774327734272%29
2025-08-01 15:18:30,EMPATHY,https://www.linkedin.com/feed/update/urn%3Ali%3AugcPost%3A7357066023738486785?commentUrn=urn%3Ali%3Acomment%3A%28ugcPost%3A7357066023738486785%2C7357066669195710466%29
2025-08-01 15:06:13,LIKE,https://www.linkedin.com/feed/update/urn%3Ali%3AugcPost%3A7357049834605875200
2025-08-01 13:38:30,LIKE,https://www.linkedin.com/feed/update/urn%3Ali%3Aactivity%3A7356941812164419585
2025-08-01 13:31:28,LIKE,https://www.linkedin.com/feed/update/urn%3Ali%3AugcPost%3A7357026785026326528
2025-08-01 13:17:10,LIKE,https://www.linkedin.com/feed/update/urn%3Ali%3AugcPost%3A7357028024778702849
2025-08-01 13:16:52,LIKE,https://www.linkedin.com/feed/update/urn%3Ali%3Aactivity%3A7356960003414507520
2025-08-01 13:16:41,LIKE,https://www.linkedin.com/feed/update/urn%3Ali%3Aactivity%3A7357016703404314624
2025-08-01 13:15:59,LIKE,https://www.linkedin.com/feed/update/urn%3Ali%3AugcPost%3A7357030465049972736
2025-08-01 00:05:30,LIKE,https://www.linkedin.com/feed/update/urn%3Ali%3AugcPost%3A7356594984835342336
2025-08-01 00:04:48,LIKE,https://www.linkedin.com/feed/update/urn%3Ali%3AugcPost%3A7356783316009705472
2025-08-01 00:04:19,LIKE,https://www.linkedin.com/feed/update/urn%3Ali%3Aactivity%3A7356742533974016000
2025-08-01 00:04:08,LIKE,https://www.linkedin.com/feed/update/urn%3Ali%3AugcPost%3A7356805524643880960
2025-07-31 14:54:59,LIKE,https://www.linkedin.com/feed/update/urn%3Ali%3AugcPost%3A7356498879380426752
2025-07-31 13:51:04,LIKE,https://www.linkedin.com/feed/update/urn%3Ali%3AugcPost%3A7356671305649147905
2025-07-31 13:50:30,LIKE,https://www.linkedin.com/feed/update/urn%3Ali%3Aactivity%3A7356588746370101248
2025-07-31 06:15:33,LIKE,https://www.linkedin.com/feed/update/urn%3Ali%3Aactivity%3A7356553638502150144
2025-07-31 06:13:47,LIKE,https://www.linkedin.com/feed/update/urn%3Ali%3Aactivity%3A7356292541052264450
2025-07-31 06:13:12,LIKE,https://www.linkedin.com/feed/update/urn%3Ali%3Aactivity%3A7356390636415025153
2025-07-31 06:12:32,INTEREST,https://www.linkedin.com/feed/update/urn%3Ali%3AugcPost%3A7356500193791434752
2025-07-30 02:56:32,LIKE,https://www.linkedin.com/feed/update/urn%3Ali%3Aactivity%3A7355416718774587393
2025-07-30 02:52:21,LIKE,https://www.linkedin.com/feed/update/urn%3Ali%3Aactivity%3A7355140028492124161
2025-07-30 02:51:26,LIKE,https://www.linkedin.com/feed/update/urn%3Ali%3Aactivity%3A7355327960066785280
2025-07-29 19:50:10,LIKE,https://www.linkedin.com/feed/update/urn%3Ali%3AugcPost%3A7354928713739718658
2025-07-29 19:49:42,LIKE,https://www.linkedin.com/feed/update/urn%3Ali%3AugcPost%3A7355182369214980096
2025-07-29 19:49:34,LIKE,https://www.linkedin.com/feed/update/urn%3Ali%3Aactivity%3A7355488277614784512
2025-07-29 19:49:15,LIKE,https://www.linkedin.com/feed/update/urn%3Ali%3AugcPost%3A7355783374470369280
2025-07-29 19:49:03,LIKE,https://www.linkedin.com/feed/update/urn%3Ali%3Aactivity%3A7355854670415765504
2025-07-29 19:48:09,LIKE,https://www.linkedin.com/feed/update/urn%3Ali%3AugcPost%3A7354169898094288897
2025-07-29 19:48:04,LIKE,https://www.linkedin.com/feed/update/urn%3Ali%3AugcPost%3A7354459879534718977
2025-07-29 19:47:19,LIKE,https://www.linkedin.com/feed/update/urn%3Ali%3AugcPost%3A7356024466813943808
2025-07-29 19:46:31,LIKE,https://www.linkedin.com/feed/update/urn%3Ali%3AugcPost%3A7356033333899730944
2025-07-29 19:46:06,LIKE,https://www.linkedin.com/feed/update/urn%3Ali%3AugcPost%3A7355783655182491648
2025-07-29 17:20:44,LIKE,https://www.linkedin.com/feed/update/urn%3Ali%3AugcPost%3A7355780585681797120
2025-07-29 17:20:39,LIKE,https://www.linkedin.com/feed/update/urn%3Ali%3AugcPost%3A7355568267039567872
2025-07-29 16:31:49,LIKE,https://www.linkedin.com/feed/update/urn%3Ali%3AugcPost%3A7355250130645639169
2025-07-29 16:31:32,LIKE,https://www.linkedin.com/feed/update/urn%3Ali%3Aactivity%3A7355930135318986753
2025-07-29 16:30:11,LIKE,https://www.linkedin.com/feed/update/urn%3Ali%3Aactivity%3A7355830069325410318
2025-07-29 16:29:44,LIKE,https://www.linkedin.com/feed/update/urn%3Ali%3AugcPost%3A7355929908637773826
2025-07-29 16:28:59,LIKE,https://www.linkedin.com/feed/update/urn%3Ali%3AugcPost%3A7355815466239471616
2025-07-29 03:51:29,LIKE,https://www.linkedin.com/feed/update/urn%3Ali%3AugcPost%3A7355791710314000384
2025-07-28 18:09:07,LIKE,https://www.linkedin.com/feed/update/urn%3Ali%3AugcPost%3A7355552621727797250
2025-07-28 18:08:10,LIKE,https://www.linkedin.com/feed/update/urn%3Ali%3AugcPost%3A7355444810419175424
2025-07-28 18:08:01,LIKE,https://www.linkedin.com/feed/update/urn%3Ali%3AugcPost%3A7355654995377029120
2025-07-28 17:12:16,LIKE,https://www.linkedin.com/feed/update/urn%3Ali%3Aactivity%3A7355455221789044736
2025-07-28 17:11:38,LIKE,https://www.linkedin.com/feed/update/urn%3Ali%3Aactivity%3A7355567767233716224
2025-07-28 17:10:15,LIKE,https://www.linkedin.com/feed/update/urn%3Ali%3AugcPost%3A7343262725889806336
2025-07-28 17:09:30,LIKE,https://www.linkedin.com/feed/update/urn%3Ali%3AugcPost%3A7355454920034017280
2025-07-28 17:08:32,EMPATHY,https://www.linkedin.com/feed/update/urn%3Ali%3AugcPost%3A7346564945674649600?commentUrn=urn%3Ali%3Acomment%3A%28ugcPost%3A7346564945674649600%2C7355556924970414081%29
2025-07-28 14:25:36,LIKE,https://www.linkedin.com/feed/update/urn%3Ali%3AugcPost%3A7346564945674649600
2025-07-27 17:19:20,LIKE,https://www.linkedin.com/feed/update/urn%3Ali%3AugcPost%3A7355285363378040833
2025-07-27 06:10:25,LIKE,https://www.linkedin.com/feed/update/urn%3Ali%3Aactivity%3A7354982454526464001
2025-07-26 18:24:07,LIKE,https://www.linkedin.com/feed/update/urn%3Ali%3AugcPost%3A7354854343780589570
2025-07-26 18:24:00,LIKE,https://www.linkedin.com/feed/update/urn%3Ali%3AugcPost%3A7354817593393778688
2025-07-26 17:10:19,LIKE,https://www.linkedin.com/feed/update/urn%3Ali%3Aactivity%3A7354874104010665986
2025-07-26 17:10:01,LIKE,https://www.linkedin.com/feed/update/urn%3Ali%3AugcPost%3A7354806696910770176
2025-07-26 17:09:59,LIKE,https://www.linkedin.com/feed/update/urn%3Ali%3AugcPost%3A7354816640548552704
2025-07-26 13:58:14,LIKE,https://www.linkedin.com/feed/update/urn%3Ali%3AugcPost%3A7354483548650680320?commentUrn=urn%3Ali%3Acomment%3A%28ugcPost%3A7354483548650680320%2C7354702712808091648%29
2025-07-26 12:48:19,LIKE,https://www.linkedin.com/feed/update/urn%3Ali%3Aactivity%3A7354492935788195841
2025-07-26 12:47:31,LIKE,https://www.linkedin.com/feed/update/urn%3Ali%3AugcPost%3A7354818331314442241
2025-07-26 12:46:38,LIKE,https://www.linkedin.com/feed/update/urn%3Ali%3AugcPost%3A7354811134417268738
2025-07-26 12:45:33,LIKE,https://www.linkedin.com/feed/update/urn%3Ali%3AugcPost%3A7354468119324635136
2025-07-26 12:45:19,LIKE,https://www.linkedin.com/feed/update/urn%3Ali%3Aactivity%3A7354256323665965056
2025-07-26 12:45:00,LIKE,https://www.linkedin.com/feed/update/urn%3Ali%3AugcPost%3A7354820098286632960
2025-07-26 12:43:58,LIKE,https://www.linkedin.com/feed/update/urn%3Ali%3Aactivity%3A7354842953179103233
2025-07-26 12:43:09,PRAISE,https://www.linkedin.com/feed/update/urn%3Ali%3AugcPost%3A7354809284628533248
2025-07-25 17:35:45,LIKE,https://www.linkedin.com/feed/update/urn%3Ali%3AugcPost%3A7354491621901557760
2025-07-25 14:50:23,LIKE,https://www.linkedin.com/feed/update/urn%3Ali%3AugcPost%3A7354441858271375360
2025-07-25 14:49:48,LIKE,https://www.linkedin.com/feed/update/urn%3Ali%3AugcPost%3A7354464177832316929
2025-07-25 03:44:27,LIKE,https://www.linkedin.com/feed/update/urn%3Ali%3Aactivity%3A7354118199187054592
2025-07-25 03:41:35,LIKE,https://www.linkedin.com/feed/update/urn%3Ali%3Aactivity%3A7353769947094806528
2025-07-25 03:40:48,LIKE,https://www.linkedin.com/feed/update/urn%3Ali%3AugcPost%3A7353435773678796802
2025-07-25 03:35:35,LIKE,https://www.linkedin.com/feed/update/urn%3Ali%3AugcPost%3A7353667767192940545
2025-07-25 03:34:34,LIKE,https://www.linkedin.com/feed/update/urn%3Ali%3AugcPost%3A7352330223272546306
2025-07-25 03:32:51,LIKE,https://www.linkedin.com/feed/update/urn%3Ali%3AugcPost%3A7352038857334251520
2025-07-25 03:32:14,LIKE,https://www.linkedin.com/feed/update/urn%3Ali%3Aactivity%3A7354352213550391296
2025-07-25 03:30:53,LIKE,https://www.linkedin.com/feed/update/urn%3Ali%3AugcPost%3A7353739160270069776
2025-07-24 19:26:39,LIKE,https://www.linkedin.com/feed/update/urn%3Ali%3Aactivity%3A7354210999148625921
2025-07-24 19:11:08,LIKE,https://www.linkedin.com/feed/update/urn%3Ali%3AugcPost%3A7354170659633082368
2025-07-24 19:11:01,LIKE,https://www.linkedin.com/feed/update/urn%3Ali%3AugcPost%3A7353995530697347073
2025-07-24 19:10:54,LIKE,https://www.linkedin.com/feed/update/urn%3Ali%3AugcPost%3A7354032762107973632
2025-07-24 19:10:38,LIKE,https://www.linkedin.com/feed/update/urn%3Ali%3AugcPost%3A7354035159471415297
2025-07-24 19:10:17,LIKE,https://www.linkedin.com/feed/update/urn%3Ali%3Aactivity%3A7354117076174757889
2025-07-24 19:10:00,LIKE,https://www.linkedin.com/feed/update/urn%3Ali%3Aactivity%3A7354113357357961216
2025-07-24 03:09:11,LIKE,https://www.linkedin.com/feed/update/urn%3Ali%3AugcPost%3A7353703897091219456
2025-07-24 03:06:09,LIKE,https://www.linkedin.com/feed/update/urn%3Ali%3Aactivity%3A7350020498166046721
2025-07-24 03:04:25,LIKE,https://www.linkedin.com/feed/update/urn%3Ali%3AugcPost%3A7353348299715760128
2025-07-24 03:03:30,LIKE,https://www.linkedin.com/feed/update/urn%3Ali%3Aactivity%3A7352644152871792641
2025-07-24 03:01:59,LIKE,https://www.linkedin.com/feed/update/urn%3Ali%3AugcPost%3A7353847132992192512
2025-07-24 03:01:37,LIKE,https://www.linkedin.com/feed/update/urn%3Ali%3AugcPost%3A7353327919168942081
2025-07-23 20:28:16,LIKE,https://www.linkedin.com/feed/update/urn%3Ali%3AugcPost%3A7353781793520504832
2025-07-23 19:21:40,LIKE,https://www.linkedin.com/feed/update/urn%3Ali%3Aactivity%3A7353823147315351552
2025-07-23 18:52:12,LIKE,https://www.linkedin.com/feed/update/urn%3Ali%3AugcPost%3A7353840704177016833
2025-07-23 18:51:56,EMPATHY,https://www.linkedin.com/feed/update/urn%3Ali%3AugcPost%3A7353502315741392896?commentUrn=urn%3Ali%3Acomment%3A%28ugcPost%3A7353502315741392896%2C7353854530918232065%29
2025-07-23 17:11:58,LIKE,https://www.linkedin.com/feed/update/urn%3Ali%3AugcPost%3A7353671871835398144
2025-07-23 15:07:12,LIKE,https://www.linkedin.com/feed/update/urn%3Ali%3AugcPost%3A7353588140852367360
2025-07-23 15:06:28,LIKE,https://www.linkedin.com/feed/update/urn%3Ali%3Aactivity%3A7353789833594523649
2025-07-23 14:20:03,LIKE,https://www.linkedin.com/feed/update/urn%3Ali%3AugcPost%3A7353702552862941184
2025-07-23 14:19:44,LIKE,https://www.linkedin.com/feed/update/urn%3Ali%3Aactivity%3A7353762166778335232
2025-07-23 14:19:11,LIKE,https://www.linkedin.com/feed/update/urn%3Ali%3AugcPost%3A7353625018653646849
2025-07-23 14:16:21,LIKE,https://www.linkedin.com/feed/update/urn%3Ali%3Aactivity%3A7353754423094865923
2025-07-23 14:15:46,LIKE,https://www.linkedin.com/feed/update/urn%3Ali%3Aactivity%3A7353781243597000704
2025-07-23 14:13:55,LIKE,https://www.linkedin.com/feed/update/urn%3Ali%3Aactivity%3A6861578634940026880
2025-07-23 14:13:19,LIKE,https://www.linkedin.com/feed/update/urn%3Ali%3AugcPost%3A7344458979017674752
2025-07-23 14:09:46,LIKE,https://www.linkedin.com/feed/update/urn%3Ali%3AugcPost%3A7353502315741392896?commentUrn=urn%3Ali%3Acomment%3A%28ugcPost%3A7353502315741392896%2C7353581015119941634%29
2025-07-23 14:09:29,EMPATHY,https://www.linkedin.com/feed/update/urn%3Ali%3AugcPost%3A7353502315741392896?commentUrn=urn%3Ali%3Acomment%3A%28ugcPost%3A7353502315741392896%2C7353581768186150912%29
2025-07-22 17:56:11,LIKE,https://www.linkedin.com/feed/update/urn%3Ali%3AugcPost%3A7350557580139606018
2025-07-22 17:56:00,LIKE,https://www.linkedin.com/feed/update/urn%3Ali%3AugcPost%3A7353437019005501444
2025-07-22 17:08:18,LIKE,https://www.linkedin.com/feed/update/urn%3Ali%3AugcPost%3A7352923102730665984
2025-07-22 17:07:16,PRAISE,https://www.linkedin.com/feed/update/urn%3Ali%3AugcPost%3A7353348105645232130
2025-07-22 16:47:22,LIKE,https://www.linkedin.com/feed/update/urn%3Ali%3AugcPost%3A7353371760177672192
2025-07-22 16:47:14,LIKE,https://www.linkedin.com/feed/update/urn%3Ali%3Aactivity%3A7353268299264081920
2025-07-22 16:46:51,LIKE,https://www.linkedin.com/feed/update/urn%3Ali%3AugcPost%3A7353380397583360001
2025-07-22 16:46:31,LIKE,https://www.linkedin.com/feed/update/urn%3Ali%3AugcPost%3A7353362447526735872
2025-07-22 16:45:38,LIKE,https://www.linkedin.com/feed/update/urn%3Ali%3AugcPost%3A7353448549633732610
2025-07-22 16:45:19,LIKE,https://www.linkedin.com/feed/update/urn%3Ali%3AugcPost%3A7353399062441701376
2025-07-22 08:18:52,LIKE,https://www.linkedin.com/feed/update/urn%3Ali%3AugcPost%3A7353169543797587968
2025-07-22 01:34:00,LIKE,https://www.linkedin.com/feed/update/urn%3Ali%3AugcPost%3A7353208049928495104
2025-07-22 01:32:09,LIKE,https://www.linkedin.com/feed/update/urn%3Ali%3AugcPost%3A7353147620984328192
2025-07-22 01:31:43,LIKE,https://www.linkedin.com/feed/update/urn%3Ali%3AugcPost%3A7353039046333317120
2025-07-21 17:21:02,LIKE,https://www.linkedin.com/feed/update/urn%3Ali%3Aactivity%3A7352470830154485761
2025-07-21 17:20:16,LIKE,https://www.linkedin.com/feed/update/urn%3Ali%3AugcPost%3A7353081165727059968
2025-07-21 17:20:08,LIKE,https://www.linkedin.com/feed/update/urn%3Ali%3AugcPost%3A7352713613561741312
2025-07-21 16:39:13,LIKE,https://www.linkedin.com/feed/update/urn%3Ali%3Aactivity%3A7351892151670108160
2025-07-21 16:37:48,LIKE,https://www.linkedin.com/feed/update/urn%3Ali%3AugcPost%3A7349768812730179584
2025-07-21 16:36:18,LIKE,https://www.linkedin.com/feed/update/urn%3Ali%3AugcPost%3A7349866783371141121
2025-07-21 16:35:13,LIKE,https://www.linkedin.com/feed/update/urn%3Ali%3Aactivity%3A7349138985354448898
2025-07-21 16:33:54,LIKE,https://www.linkedin.com/feed/update/urn%3Ali%3Aactivity%3A7349744916861759488
2025-07-21 16:15:40,LIKE,https://www.linkedin.com/feed/update/urn%3Ali%3AugcPost%3A7352721302836719616
2025-07-21 16:12:46,LIKE,https://www.linkedin.com/feed/update/urn%3Ali%3Aactivity%3A7352904488610918401
2025-07-21 16:12:32,LIKE,https://www.linkedin.com/feed/update/urn%3Ali%3AugcPost%3A7352510348731568129
2025-07-21 16:12:04,LIKE,https://www.linkedin.com/feed/update/urn%3Ali%3AugcPost%3A7353089327414886400
2025-07-21 16:10:50,LIKE,https://www.linkedin.com/feed/update/urn%3Ali%3AugcPost%3A7350050960867512320
2025-07-21 16:10:40,PRAISE,https://www.linkedin.com/feed/update/urn%3Ali%3AugcPost%3A7353001600786784258
2025-07-21 16:09:44,EMPATHY,https://www.linkedin.com/feed/update/urn%3Ali%3AugcPost%3A7352782879556292609
2025-07-21 16:07:14,LIKE,https://www.linkedin.com/feed/update/urn%3Ali%3Aactivity%3A7353055396044914688
2025-07-21 14:27:44,LIKE,https://www.linkedin.com/feed/update/urn%3Ali%3AugcPost%3A7353048086866251778
2025-07-21 14:27:33,LIKE,https://www.linkedin.com/feed/update/urn%3Ali%3Aactivity%3A7353038457616633856
2025-07-21 14:27:23,LIKE,https://www.linkedin.com/feed/update/urn%3Ali%3Aactivity%3A7353053816805548032
2025-07-21 14:23:04,EMPATHY,https://www.linkedin.com/feed/update/urn%3Ali%3AugcPost%3A7350941635913900039?commentUrn=urn%3Ali%3Acomment%3A%28ugcPost%3A7350941635913900039%2C7353055371491528704%29
2025-07-21 03:07:18,LIKE,https://www.linkedin.com/feed/update/urn%3Ali%3AugcPost%3A7352463067353370624
2025-07-20 19:22:13,LIKE,https://www.linkedin.com/feed/update/urn%3Ali%3Aactivity%3A7352243686748950528
2025-07-20 19:17:17,EMPATHY,https://www.linkedin.com/feed/update/urn%3Ali%3AugcPost%3A7350941635913900039?commentUrn=urn%3Ali%3Acomment%3A%28ugcPost%3A7350941635913900039%2C7352764876638875651%29
2025-07-20 19:11:22,EMPATHY,https://www.linkedin.com/feed/update/urn%3Ali%3AugcPost%3A7352765475107336194
2025-07-20 15:21:30,LIKE,https://www.linkedin.com/feed/update/urn%3Ali%3AugcPost%3A7352536589647982592
2025-07-20 15:20:33,LIKE,https://www.linkedin.com/feed/update/urn%3Ali%3AugcPost%3A7352705134440689665
2025-07-20 03:52:16,LIKE,https://www.linkedin.com/feed/update/urn%3Ali%3AugcPost%3A7350816167235600384
2025-07-20 03:50:55,LIKE,https://www.linkedin.com/feed/update/urn%3Ali%3AugcPost%3A7351158890283085824
2025-07-20 03:50:37,LIKE,https://www.linkedin.com/feed/update/urn%3Ali%3AugcPost%3A7347672057834266624
2025-07-20 03:48:09,LIKE,https://www.linkedin.com/feed/update/urn%3Ali%3AugcPost%3A7352198374638473216
2025-07-20 03:47:52,LIKE,https://www.linkedin.com/feed/update/urn%3Ali%3Aactivity%3A7350566055313907714
2025-07-19 20:41:04,LIKE,https://www.linkedin.com/feed/update/urn%3Ali%3AugcPost%3A7350936529080401921
2025-07-19 20:39:46,LIKE,https://www.linkedin.com/feed/update/urn%3Ali%3AugcPost%3A7351966260026372096?commentUrn=urn%3Ali%3Acomment%3A%28ugcPost%3A7351966260026372096%2C7351984702443900930%29
2025-07-19 20:39:09,LIKE,https://www.linkedin.com/feed/update/urn%3Ali%3AugcPost%3A7351966260026372096
2025-07-19 20:38:25,LIKE,https://www.linkedin.com/feed/update/urn%3Ali%3AugcPost%3A7352221250057850880
2025-07-19 20:35:36,LIKE,https://www.linkedin.com/feed/update/urn%3Ali%3AugcPost%3A7348653742679842818
2025-07-19 20:34:54,LIKE,https://www.linkedin.com/feed/update/urn%3Ali%3AugcPost%3A7351943946605887488
2025-07-19 20:33:38,LIKE,https://www.linkedin.com/feed/update/urn%3Ali%3Aactivity%3A7351923721365798912
2025-07-19 20:33:17,LIKE,https://www.linkedin.com/feed/update/urn%3Ali%3Aactivity%3A7352336425272426497
2025-07-19 20:32:00,LIKE,https://www.linkedin.com/feed/update/urn%3Ali%3AugcPost%3A7352380957703745537
2025-07-19 20:30:17,LIKE,https://www.linkedin.com/feed/update/urn%3Ali%3AugcPost%3A7351848658062970880
2025-07-19 20:30:09,LIKE,https://www.linkedin.com/feed/update/urn%3Ali%3AugcPost%3A7351948234459639808
2025-07-19 20:29:26,LIKE,https://www.linkedin.com/feed/update/urn%3Ali%3Aactivity%3A7351993588685185026
2025-07-19 20:28:58,LIKE,https://www.linkedin.com/feed/update/urn%3Ali%3Aactivity%3A7351943923717525508
2025-07-19 19:39:24,LIKE,https://www.linkedin.com/feed/update/urn%3Ali%3Aactivity%3A7352032295484076037
2025-07-19 19:38:50,LIKE,https://www.linkedin.com/feed/update/urn%3Ali%3AugcPost%3A7351519574099476480
2025-07-19 19:37:47,LIKE,https://www.linkedin.com/feed/update/urn%3Ali%3AugcPost%3A7352372560434503680
2025-07-19 19:37:18,LIKE,https://www.linkedin.com/feed/update/urn%3Ali%3AugcPost%3A7352391959690321920
2025-07-19 17:02:36,LIKE,https://www.linkedin.com/feed/update/urn%3Ali%3AugcPost%3A7350970913158246400
2025-07-19 17:02:25,LIKE,https://www.linkedin.com/feed/update/urn%3Ali%3AugcPost%3A7350133196543397888
2025-07-19 17:02:06,LIKE,https://www.linkedin.com/feed/update/urn%3Ali%3AugcPost%3A7351866138978414592
2025-07-19 17:01:50,LIKE,https://www.linkedin.com/feed/update/urn%3Ali%3Aactivity%3A7352299688814956544
2025-07-19 17:00:35,LIKE,https://www.linkedin.com/feed/update/urn%3Ali%3AugcPost%3A7351891590975541248
2025-07-19 15:33:02,LIKE,https://www.linkedin.com/feed/update/urn%3Ali%3AugcPost%3A7351886284371427328
2025-07-19 15:32:43,LIKE,https://www.linkedin.com/feed/update/urn%3Ali%3AugcPost%3A7351988753466314752
2025-07-19 15:32:26,LIKE,https://www.linkedin.com/feed/update/urn%3Ali%3Aactivity%3A7351118511844360194
2025-07-19 15:30:34,LIKE,https://www.linkedin.com/feed/update/urn%3Ali%3AugcPost%3A7352344959372460032
2025-07-19 15:27:43,LIKE,https://www.linkedin.com/feed/update/urn%3Ali%3AugcPost%3A7352305692101283840
2025-07-19 15:26:40,LIKE,https://www.linkedin.com/feed/update/urn%3Ali%3AugcPost%3A7352345143229763586
2025-07-19 12:39:40,LIKE,https://www.linkedin.com/feed/update/urn%3Ali%3Aactivity%3A7352306249507504128
2025-07-19 10:19:20,LIKE,https://www.linkedin.com/feed/update/urn%3Ali%3AugcPost%3A7352179526438735872
2025-07-19 10:19:01,LIKE,https://www.linkedin.com/feed/update/urn%3Ali%3AugcPost%3A7350210468017274880
2025-07-19 10:18:37,LIKE,https://www.linkedin.com/feed/update/urn%3Ali%3AugcPost%3A7351962764245905408
2025-07-19 10:18:24,LIKE,https://www.linkedin.com/feed/update/urn%3Ali%3Aactivity%3A7352005147876560896
2025-07-19 10:16:50,LIKE,https://www.linkedin.com/feed/update/urn%3Ali%3AugcPost%3A7352022574622523393
2025-07-19 10:16:02,LIKE,https://www.linkedin.com/feed/update/urn%3Ali%3Aactivity%3A7351804337754435585
2025-07-19 10:15:46,LIKE,https://www.linkedin.com/feed/update/urn%3Ali%3AugcPost%3A7352180901033766914
2025-07-19 05:54:23,PRAISE,https://www.linkedin.com/feed/update/urn%3Ali%3AugcPost%3A7352211475710562305
2025-07-19 05:02:21,LIKE,https://www.linkedin.com/feed/update/urn%3Ali%3Aactivity%3A7351691710323691520
2025-07-19 05:02:05,LIKE,https://www.linkedin.com/feed/update/urn%3Ali%3AugcPost%3A7352182384752037888
2025-07-18 14:53:53,EMPATHY,https://www.linkedin.com/feed/update/urn%3Ali%3Aactivity%3A7351978954913660934?commentUrn=urn%3Ali%3Acomment%3A%28activity%3A7351978954913660934%2C7351984662782562306%29
2025-07-17 20:59:31,LIKE,https://www.linkedin.com/feed/update/urn%3Ali%3Aactivity%3A7351590504268013571
2025-07-17 20:57:10,LIKE,https://www.linkedin.com/feed/update/urn%3Ali%3Aactivity%3A7351669661131804672
2025-07-17 20:55:57,LIKE,https://www.linkedin.com/feed/update/urn%3Ali%3AugcPost%3A7351657501093789700
2025-07-17 20:55:17,LIKE,https://www.linkedin.com/feed/update/urn%3Ali%3AugcPost%3A7351683107529379841
2025-07-17 17:30:56,LIKE,https://www.linkedin.com/feed/update/urn%3Ali%3AugcPost%3A7351604763920109569
2025-07-17 17:09:51,LIKE,https://www.linkedin.com/feed/update/urn%3Ali%3Aactivity%3A7351452441554345984
2025-07-17 17:09:08,LIKE,https://www.linkedin.com/feed/update/urn%3Ali%3AugcPost%3A7351516095146508289
2025-07-17 17:06:04,LIKE,https://www.linkedin.com/feed/update/urn%3Ali%3AugcPost%3A7351551884991557632
2025-07-17 17:05:36,LIKE,https://www.linkedin.com/feed/update/urn%3Ali%3AugcPost%3A7351527092011835392
2025-07-17 17:05:26,LIKE,https://www.linkedin.com/feed/update/urn%3Ali%3AugcPost%3A7351282796717379584
2025-07-17 17:03:38,EMPATHY,https://www.linkedin.com/feed/update/urn%3Ali%3AugcPost%3A7351623617933156354
2025-07-17 12:10:09,LIKE,https://www.linkedin.com/feed/update/urn%3Ali%3AugcPost%3A7351581621231251459
2025-07-17 03:39:30,LIKE,https://www.linkedin.com/feed/update/urn%3Ali%3AugcPost%3A7351258293698244608
2025-07-16 17:14:15,LIKE,https://www.linkedin.com/feed/update/urn%3Ali%3AugcPost%3A7351218204951633920
2025-07-16 17:12:25,LIKE,https://www.linkedin.com/feed/update/urn%3Ali%3Aactivity%3A7351175953265348608
2025-07-16 17:11:46,PRAISE,https://www.linkedin.com/feed/update/urn%3Ali%3Aactivity%3A7351166206059450371
2025-07-16 17:10:26,LIKE,https://www.linkedin.com/feed/update/urn%3Ali%3AugcPost%3A7351296565283643393
2025-07-16 16:51:21,LIKE,https://www.linkedin.com/feed/update/urn%3Ali%3AugcPost%3A7351289163750567936
2025-07-16 13:25:03,LIKE,https://www.linkedin.com/feed/update/urn%3Ali%3AugcPost%3A7350974266571415553
2025-07-16 13:23:41,LIKE,https://www.linkedin.com/feed/update/urn%3Ali%3AugcPost%3A7350962791274459137
2025-07-16 13:22:51,LIKE,https://www.linkedin.com/feed/update/urn%3Ali%3AugcPost%3A7350966131718832151
2025-07-16 12:15:40,LIKE,https://www.linkedin.com/feed/update/urn%3Ali%3AugcPost%3A7350441483126083584
2025-07-16 12:15:22,LIKE,https://www.linkedin.com/feed/update/urn%3Ali%3Aactivity%3A7351214786124128257
2025-07-16 12:14:33,LIKE,https://www.linkedin.com/feed/update/urn%3Ali%3AugcPost%3A7351145536407678977
2025-07-16 04:59:48,LIKE,https://www.linkedin.com/feed/update/urn%3Ali%3Aactivity%3A7351009412687282177
2025-07-15 18:27:40,EMPATHY,https://www.linkedin.com/feed/update/urn%3Ali%3AugcPost%3A7350951263095713792
2025-07-15 18:27:16,EMPATHY,https://www.linkedin.com/feed/update/urn%3Ali%3AugcPost%3A7350941635913900039?commentUrn=urn%3Ali%3Acomment%3A%28ugcPost%3A7350941635913900039%2C7350945501510348802%29
2025-07-15 17:53:49,LIKE,https://www.linkedin.com/feed/update/urn%3Ali%3Aactivity%3A7350527817354203139
2025-07-15 17:53:27,LIKE,https://www.linkedin.com/feed/update/urn%3Ali%3Aactivity%3A7350877931553898496
2025-07-15 17:51:49,LIKE,https://www.linkedin.com/feed/update/urn%3Ali%3AugcPost%3A7349983546003836929
2025-07-15 17:47:18,EMPATHY,https://www.linkedin.com/feed/update/urn%3Ali%3AugcPost%3A7350941635913900039?commentUrn=urn%3Ali%3Acomment%3A%28ugcPost%3A7350941635913900039%2C7350943955456274434%29
2025-07-15 17:39:15,LIKE,https://www.linkedin.com/feed/update/urn%3Ali%3AugcPost%3A7350916546774323202
2025-07-15 17:37:57,LIKE,https://www.linkedin.com/feed/update/urn%3Ali%3AugcPost%3A7350918004370505728
2025-07-15 16:43:32,LIKE,https://www.linkedin.com/feed/update/urn%3Ali%3AugcPost%3A7350882366304772096
2025-07-15 16:42:44,LIKE,https://www.linkedin.com/feed/update/urn%3Ali%3Aactivity%3A7350554140680318979
2025-07-15 09:39:55,LIKE,https://www.linkedin.com/feed/update/urn%3Ali%3AugcPost%3A7350812697153687552
2025-07-15 09:38:35,LIKE,https://www.linkedin.com/feed/update/urn%3Ali%3AugcPost%3A7350769858214576128
2025-07-15 05:14:06,LIKE,https://www.linkedin.com/feed/update/urn%3Ali%3AugcPost%3A7350729775004471299
2025-07-14 18:19:19,LIKE,https://www.linkedin.com/feed/update/urn%3Ali%3AugcPost%3A7350514964937265152
2025-07-14 16:07:19,LIKE,https://www.linkedin.com/feed/update/urn%3Ali%3AugcPost%3A7350539809968295939
2025-07-14 12:05:22,LIKE,https://www.linkedin.com/feed/update/urn%3Ali%3Aactivity%3A7350494312272404481
2025-07-14 10:27:21,LIKE,https://www.linkedin.com/feed/update/urn%3Ali%3AugcPost%3A7349562311566655489
2025-07-14 10:26:59,LIKE,https://www.linkedin.com/feed/update/urn%3Ali%3AugcPost%3A7348223678515503104
2025-07-14 10:26:08,LIKE,https://www.linkedin.com/feed/update/urn%3Ali%3AugcPost%3A7350357390631874560
2025-07-14 10:25:32,LIKE,https://www.linkedin.com/feed/update/urn%3Ali%3AugcPost%3A7350398304716763137
2025-07-14 10:25:02,LIKE,https://www.linkedin.com/feed/update/urn%3Ali%3AugcPost%3A7350448881559629824
2025-07-14 10:24:10,LIKE,https://www.linkedin.com/feed/update/urn%3Ali%3AugcPost%3A7350216829811703808
2025-07-14 06:49:26,LIKE,https://www.linkedin.com/feed/update/urn%3Ali%3Aactivity%3A7350388579908354049
2025-07-14 06:48:55,LIKE,https://www.linkedin.com/feed/update/urn%3Ali%3AugcPost%3A7350233444322291712
2025-07-14 06:44:17,LIKE,https://www.linkedin.com/feed/update/urn%3Ali%3AugcPost%3A7350296602290372608
2025-07-14 06:39:02,LIKE,https://www.linkedin.com/feed/update/urn%3Ali%3Aactivity%3A7350398599274319872
2025-07-14 06:37:15,EMPATHY,https://www.linkedin.com/feed/update/urn%3Ali%3Aactivity%3A7350131895004725250?commentUrn=urn%3Ali%3Acomment%3A%28activity%3A7350131895004725250%2C7350410468269723648%29
2025-07-14 06:05:59,LIKE,https://www.linkedin.com/feed/update/urn%3Ali%3Aactivity%3A7350388614796574720
2025-07-13 18:23:57,LIKE,https://www.linkedin.com/feed/update/urn%3Ali%3AugcPost%3A7350036904228077569
2025-07-13 18:23:46,LIKE,https://www.linkedin.com/feed/update/urn%3Ali%3Aactivity%3A7346158138124828673
2025-07-13 18:23:22,LIKE,https://www.linkedin.com/feed/update/urn%3Ali%3AugcPost%3A7350176059058712577
2025-07-13 14:27:35,LIKE,https://www.linkedin.com/feed/update/urn%3Ali%3Aactivity%3A7343960350087622657
2025-07-13 14:27:17,LIKE,https://www.linkedin.com/feed/update/urn%3Ali%3Aactivity%3A7349052760517992448
2025-07-13 14:24:33,LIKE,https://www.linkedin.com/feed/update/urn%3Ali%3AugcPost%3A7350163456831995905
2025-07-13 13:58:47,LIKE,https://www.linkedin.com/feed/update/urn%3Ali%3AugcPost%3A7350130533131034624
2025-07-13 13:47:24,LIKE,https://www.linkedin.com/feed/update/urn%3Ali%3AugcPost%3A7350051531607478272
2025-07-13 13:37:33,LIKE,https://www.linkedin.com/feed/update/urn%3Ali%3Aactivity%3A7350005315771207680
2025-07-13 13:37:17,LIKE,https://www.linkedin.com/feed/update/urn%3Ali%3AugcPost%3A7346380288362483712
2025-07-13 13:36:47,LIKE,https://www.linkedin.com/feed/update/urn%3Ali%3AugcPost%3A7350031291691520000
2025-07-13 13:36:32,LIKE,https://www.linkedin.com/feed/update/urn%3Ali%3AugcPost%3A7348622598919892992
2025-07-13 13:36:25,LIKE,https://www.linkedin.com/feed/update/urn%3Ali%3Aactivity%3A7349745695551115264
2025-07-13 13:36:22,LIKE,https://www.linkedin.com/feed/update/urn%3Ali%3AugcPost%3A7345665669054533633
2025-07-13 13:36:18,LIKE,https://www.linkedin.com/feed/update/urn%3Ali%3Aactivity%3A7350032543347363840
2025-07-13 13:35:46,LIKE,https://www.linkedin.com/feed/update/urn%3Ali%3AugcPost%3A7349862590107344896
2025-07-13 13:35:20,LIKE,https://www.linkedin.com/feed/update/urn%3Ali%3AugcPost%3A7350093128327995392
2025-07-13 13:34:40,LIKE,https://www.linkedin.com/feed/update/urn%3Ali%3AugcPost%3A7350119070261817344
2025-07-13 13:34:28,LIKE,https://www.linkedin.com/feed/update/urn%3Ali%3Aactivity%3A7350082493540122624
2025-07-13 13:34:21,LIKE,https://www.linkedin.com/feed/update/urn%3Ali%3AugcPost%3A7350101440054362112
2025-07-13 13:33:52,LIKE,https://www.linkedin.com/feed/update/urn%3Ali%3AugcPost%3A7350104681592893440
2025-07-13 13:33:28,LIKE,https://www.linkedin.com/feed/update/urn%3Ali%3AugcPost%3A7349782901971976192
2025-07-13 13:32:55,LIKE,https://www.linkedin.com/feed/update/urn%3Ali%3Aactivity%3A7350131896963555328
2025-07-13 05:24:24,LIKE,https://www.linkedin.com/feed/update/urn%3Ali%3AugcPost%3A7349282212611047424
2025-07-13 05:19:12,LIKE,https://www.linkedin.com/feed/update/urn%3Ali%3AugcPost%3A7346964610354171905
2025-07-13 05:18:11,LIKE,https://www.linkedin.com/feed/update/urn%3Ali%3AugcPost%3A7293724542256959490
2025-07-13 05:17:47,LIKE,https://www.linkedin.com/feed/update/urn%3Ali%3Aactivity%3A7323072576144973825
2025-07-13 02:50:08,LIKE,https://www.linkedin.com/feed/update/urn%3Ali%3Aactivity%3A7348533684607639552
2025-07-13 02:49:19,LIKE,https://www.linkedin.com/feed/update/urn%3Ali%3Aactivity%3A7349760771809058816
2025-07-13 02:49:09,LIKE,https://www.linkedin.com/feed/update/urn%3Ali%3AugcPost%3A7346676024643919872
2025-07-13 02:44:22,LIKE,https://www.linkedin.com/feed/update/urn%3Ali%3AugcPost%3A7349419262609944576
2025-07-13 02:44:05,LIKE,https://www.linkedin.com/feed/update/urn%3Ali%3AugcPost%3A7349761565685886976
2025-07-13 02:43:15,LIKE,https://www.linkedin.com/feed/update/urn%3Ali%3AugcPost%3A7349352977469452297
2025-07-13 02:42:10,LIKE,https://www.linkedin.com/feed/update/urn%3Ali%3AugcPost%3A7348693523652616192
2025-07-12 20:12:26,LIKE,https://www.linkedin.com/feed/update/urn%3Ali%3Aactivity%3A7349765999388213248
2025-07-12 20:11:59,LIKE,https://www.linkedin.com/feed/update/urn%3Ali%3AugcPost%3A7349794981986906114
2025-07-12 19:47:10,LIKE,https://www.linkedin.com/feed/update/urn%3Ali%3AugcPost%3A7349795314175770624
2025-07-12 19:39:11,EMPATHY,https://www.linkedin.com/feed/update/urn%3Ali%3Aactivity%3A7342570206763864064?commentUrn=urn%3Ali%3Acomment%3A%28activity%3A7342570206763864064%2C7349853648866213888%29
2025-07-12 19:38:20,EMPATHY,https://www.linkedin.com/feed/update/urn%3Ali%3AugcPost%3A7347663423574315009?commentUrn=urn%3Ali%3Acomment%3A%28ugcPost%3A7347663423574315009%2C7349868528474148864%29
2025-07-12 14:57:32,LIKE,https://www.linkedin.com/feed/update/urn%3Ali%3AugcPost%3A7348938065454735362
2025-07-12 14:57:05,LIKE,https://www.linkedin.com/feed/update/urn%3Ali%3Aactivity%3A7349044279316484099
2025-07-12 14:56:12,LIKE,https://www.linkedin.com/feed/update/urn%3Ali%3AugcPost%3A7349764345578356754
2025-07-12 14:55:44,LIKE,https://www.linkedin.com/feed/update/urn%3Ali%3AugcPost%3A7349770117821456384
2025-07-12 12:18:58,LIKE,https://www.linkedin.com/feed/update/urn%3Ali%3Aactivity%3A7349769515724955648
2025-07-12 11:59:42,LIKE,https://www.linkedin.com/feed/update/urn%3Ali%3AugcPost%3A7349663288965672960
2025-07-12 11:59:18,LIKE,https://www.linkedin.com/feed/update/urn%3Ali%3AugcPost%3A7344977533114732545
2025-07-12 11:56:32,LIKE,https://www.linkedin.com/feed/update/urn%3Ali%3Aactivity%3A7347942491087609857
2025-07-12 11:55:28,LIKE,https://www.linkedin.com/feed/update/urn%3Ali%3AugcPost%3A7349745455829815296
2025-07-12 09:01:54,LIKE,https://www.linkedin.com/feed/update/urn%3Ali%3AugcPost%3A7349708818991185920
2025-07-12 09:01:31,LIKE,https://www.linkedin.com/feed/update/urn%3Ali%3Aactivity%3A7348683374573613056
2025-07-12 09:00:48,LIKE,https://www.linkedin.com/feed/update/urn%3Ali%3AugcPost%3A7345405896094547968
2025-07-12 09:00:14,LIKE,https://www.linkedin.com/feed/update/urn%3Ali%3AugcPost%3A7346875430919901186
2025-07-12 08:54:22,LIKE,https://www.linkedin.com/feed/update/urn%3Ali%3AugcPost%3A7349691363099136001
2025-07-12 08:23:37,LIKE,https://www.linkedin.com/feed/update/urn%3Ali%3AugcPost%3A7349695902774673408
2025-07-12 06:39:21,EMPATHY,https://www.linkedin.com/feed/update/urn%3Ali%3AugcPost%3A7341159917526884352?commentUrn=urn%3Ali%3Acomment%3A%28ugcPost%3A7341159917526884352%2C7342602494738427905%29
2025-07-12 06:39:16,EMPATHY,https://www.linkedin.com/feed/update/urn%3Ali%3AugcPost%3A7341159917526884352?commentUrn=urn%3Ali%3Acomment%3A%28ugcPost%3A7341159917526884352%2C7349687477407731713%29
2025-07-12 06:26:43,LIKE,https://www.linkedin.com/feed/update/urn%3Ali%3Aactivity%3A7349598236283727874
2025-07-12 05:45:23,LIKE,https://www.linkedin.com/feed/update/urn%3Ali%3AugcPost%3A7349650103332134912
2025-07-12 05:44:58,LIKE,https://www.linkedin.com/feed/update/urn%3Ali%3Aactivity%3A7346870226744946688
2025-07-12 05:43:56,LIKE,https://www.linkedin.com/feed/update/urn%3Ali%3AugcPost%3A7349353423718268928
2025-07-12 05:42:45,LIKE,https://www.linkedin.com/feed/update/urn%3Ali%3Aactivity%3A7346523132272279552
2025-07-12 05:42:16,LIKE,https://www.linkedin.com/feed/update/urn%3Ali%3AugcPost%3A7345716713788735489
2025-07-12 05:41:48,LIKE,https://www.linkedin.com/feed/update/urn%3Ali%3AugcPost%3A7349562336979943425
2025-07-12 05:41:38,LIKE,https://www.linkedin.com/feed/update/urn%3Ali%3AugcPost%3A7349412506701905923
2025-07-12 05:20:04,LIKE,https://www.linkedin.com/feed/update/urn%3Ali%3AugcPost%3A7349461382699847680
2025-07-12 05:19:19,LIKE,https://www.linkedin.com/feed/update/urn%3Ali%3AugcPost%3A7349566867004346368
2025-07-11 15:37:31,LIKE,https://www.linkedin.com/feed/update/urn%3Ali%3Aactivity%3A7348983092851683328
2025-07-11 15:36:25,LIKE,https://www.linkedin.com/feed/update/urn%3Ali%3AugcPost%3A7349344477662035968
2025-07-11 15:35:31,LIKE,https://www.linkedin.com/feed/update/urn%3Ali%3Aactivity%3A7349006932008939521
2025-07-11 15:34:52,LIKE,https://www.linkedin.com/feed/update/urn%3Ali%3AugcPost%3A7348730374774059011
2025-07-11 15:32:54,LIKE,https://www.linkedin.com/feed/update/urn%3Ali%3AugcPost%3A7348931896380149760
2025-07-11 15:32:31,LIKE,https://www.linkedin.com/feed/update/urn%3Ali%3Aactivity%3A7346039402239836160
2025-07-11 15:32:22,LIKE,https://www.linkedin.com/feed/update/urn%3Ali%3AugcPost%3A7349444353901158401
2025-07-11 15:31:00,LIKE,https://www.linkedin.com/feed/update/urn%3Ali%3Aactivity%3A7349452470772781056
2025-07-11 15:30:37,LIKE,https://www.linkedin.com/feed/update/urn%3Ali%3AugcPost%3A7349445764021960705
2025-07-11 15:30:19,LIKE,https://www.linkedin.com/feed/update/urn%3Ali%3Aactivity%3A7349445930770653184
2025-07-11 15:29:53,LIKE,https://www.linkedin.com/feed/update/urn%3Ali%3AugcPost%3A7349445040559050754
2025-07-11 14:29:52,LIKE,https://www.linkedin.com/feed/update/urn%3Ali%3Aactivity%3A7349407554289967105
2025-07-11 14:28:06,LIKE,https://www.linkedin.com/feed/update/urn%3Ali%3AugcPost%3A7292575075692654592
2025-07-11 14:28:05,LIKE,https://www.linkedin.com/feed/update/urn%3Ali%3AugcPost%3A7300136698582077440
2025-07-11 14:27:50,LIKE,https://www.linkedin.com/feed/update/urn%3Ali%3AugcPost%3A7300164823428775937
2025-07-11 13:56:01,LIKE,https://www.linkedin.com/feed/update/urn%3Ali%3AugcPost%3A7349327427627552769
2025-07-11 13:55:40,LIKE,https://www.linkedin.com/feed/update/urn%3Ali%3Aactivity%3A7349389029068460032
2025-07-11 13:52:51,LIKE,https://www.linkedin.com/feed/update/urn%3Ali%3AugcPost%3A7348357932423520256
2025-07-11 13:52:21,LIKE,https://www.linkedin.com/feed/update/urn%3Ali%3AugcPost%3A7349332942873051137
2025-07-11 13:51:53,LIKE,https://www.linkedin.com/feed/update/urn%3Ali%3AugcPost%3A7348606530214121473
2025-07-11 13:30:23,LIKE,https://www.linkedin.com/feed/update/urn%3Ali%3Aactivity%3A7324710869261570048
2025-07-11 13:28:25,EMPATHY,https://www.linkedin.com/feed/update/urn%3Ali%3AugcPost%3A7349109854688468992?commentUrn=urn%3Ali%3Acomment%3A%28ugcPost%3A7349109854688468992%2C7349429185443999744%29
2025-07-11 13:20:59,LIKE,https://www.linkedin.com/feed/update/urn%3Ali%3AugcPost%3A7349354126364831745
2025-07-11 13:20:05,LIKE,https://www.linkedin.com/feed/update/urn%3Ali%3AugcPost%3A7349265585496649730
2025-07-11 13:19:39,LIKE,https://www.linkedin.com/feed/update/urn%3Ali%3Aactivity%3A7346420319277981696
2025-07-11 13:17:18,EMPATHY,https://www.linkedin.com/feed/update/urn%3Ali%3AugcPost%3A7349424004258004993
2025-07-11 13:16:45,LIKE,https://www.linkedin.com/feed/update/urn%3Ali%3Aactivity%3A7349407142237376515
2025-07-11 13:16:04,LIKE,https://www.linkedin.com/feed/update/urn%3Ali%3AugcPost%3A7349379246533808128
2025-07-11 13:15:53,LIKE,https://www.linkedin.com/feed/update/urn%3Ali%3AugcPost%3A7349403967975583744
2025-07-11 13:05:04,LIKE,https://www.linkedin.com/feed/update/urn%3Ali%3AugcPost%3A7349109854688468992?commentUrn=urn%3Ali%3Acomment%3A%28ugcPost%3A7349109854688468992%2C7349393138223882241%29
2025-07-11 12:55:58,LIKE,https://www.linkedin.com/feed/update/urn%3Ali%3AugcPost%3A7349190219977351169
2025-07-11 11:50:44,LIKE,https://www.linkedin.com/feed/update/urn%3Ali%3Aactivity%3A7348140492338909184
2025-07-11 11:44:20,LIKE,https://www.linkedin.com/feed/update/urn%3Ali%3AugcPost%3A7338415224728809472
2025-07-11 11:44:04,LIKE,https://www.linkedin.com/feed/update/urn%3Ali%3AugcPost%3A7349351617697067008
2025-07-11 11:43:45,LIKE,https://www.linkedin.com/feed/update/urn%3Ali%3Aactivity%3A7346198470455631875
2025-07-11 11:43:35,LIKE,https://www.linkedin.com/feed/update/urn%3Ali%3Aactivity%3A7349371243352985600
2025-07-11 11:42:05,LIKE,https://www.linkedin.com/feed/update/urn%3Ali%3AugcPost%3A7349396438902071297
2025-07-11 11:41:48,LIKE,https://www.linkedin.com/feed/update/urn%3Ali%3Aactivity%3A7349393902614827011
2025-07-11 11:41:24,LIKE,https://www.linkedin.com/feed/update/urn%3Ali%3Aactivity%3A7349393745445822466
2025-07-11 11:40:58,LIKE,https://www.linkedin.com/feed/update/urn%3Ali%3AugcPost%3A7349397304233062400
2025-07-11 11:40:50,LIKE,https://www.linkedin.com/feed/update/urn%3Ali%3AugcPost%3A7349394028058112001
2025-07-11 11:40:40,LIKE,https://www.linkedin.com/feed/update/urn%3Ali%3Aactivity%3A7349392262243508224
2025-07-11 11:39:34,LIKE,https://www.linkedin.com/feed/update/urn%3Ali%3AugcPost%3A7349385659284938752
2025-07-11 11:39:30,EMPATHY,https://www.linkedin.com/feed/update/urn%3Ali%3AugcPost%3A7349109854688468992?commentUrn=urn%3Ali%3Acomment%3A%28ugcPost%3A7349109854688468992%2C7349395538359836672%29
2025-07-11 09:03:56,LIKE,https://www.linkedin.com/feed/update/urn%3Ali%3AugcPost%3A7349289233703985154
2025-07-11 09:03:39,LIKE,https://www.linkedin.com/feed/update/urn%3Ali%3AugcPost%3A7349191900773396484
2025-07-11 09:02:50,LIKE,https://www.linkedin.com/feed/update/urn%3Ali%3AugcPost%3A7349181968036560896
2025-07-11 09:02:14,LIKE,https://www.linkedin.com/feed/update/urn%3Ali%3Aactivity%3A7349357901167153152
2025-07-11 08:58:14,EMPATHY,https://www.linkedin.com/feed/update/urn%3Ali%3AugcPost%3A7349109854688468992?commentUrn=urn%3Ali%3Acomment%3A%28ugcPost%3A7349109854688468992%2C7349354783767412737%29
2025-07-11 02:54:07,LIKE,https://www.linkedin.com/feed/update/urn%3Ali%3AugcPost%3A7349242319671300096
2025-07-11 02:12:57,LIKE,https://www.linkedin.com/feed/update/urn%3Ali%3Aactivity%3A7348637379265449985
2025-07-11 02:12:49,LIKE,https://www.linkedin.com/feed/update/urn%3Ali%3AugcPost%3A7348517537384398848
2025-07-11 02:12:34,LIKE,https://www.linkedin.com/feed/update/urn%3Ali%3AugcPost%3A7349126944476532736
2025-07-11 02:12:30,LIKE,https://www.linkedin.com/feed/update/urn%3Ali%3Aactivity%3A7348564631700828160
2025-07-11 02:12:18,LIKE,https://www.linkedin.com/feed/update/urn%3Ali%3AugcPost%3A7348951977839489026
2025-07-11 02:10:49,LIKE,https://www.linkedin.com/feed/update/urn%3Ali%3Aactivity%3A7349049806977208322
2025-07-11 02:10:20,LIKE,https://www.linkedin.com/feed/update/urn%3Ali%3AugcPost%3A7348782112138801152
2025-07-11 02:10:05,LIKE,https://www.linkedin.com/feed/update/urn%3Ali%3AugcPost%3A7349077348480073728
2025-07-11 02:09:34,LIKE,https://www.linkedin.com/feed/update/urn%3Ali%3Aactivity%3A7346536828042100737
2025-07-11 02:09:27,LIKE,https://www.linkedin.com/feed/update/urn%3Ali%3Aactivity%3A7349166130311155712
2025-07-11 00:51:24,EMPATHY,https://www.linkedin.com/feed/update/urn%3Ali%3AugcPost%3A7349109854688468992?commentUrn=urn%3Ali%3Acomment%3A%28ugcPost%3A7349109854688468992%2C7349226424760770560%29
2025-07-11 00:51:07,LIKE,https://www.linkedin.com/feed/update/urn%3Ali%3AugcPost%3A7349227689863467008
2025-07-10 19:35:27,LIKE,https://www.linkedin.com/feed/update/urn%3Ali%3AugcPost%3A7349109854688468992?commentUrn=urn%3Ali%3Acomment%3A%28ugcPost%3A7349109854688468992%2C7349157880379449344%29
2025-07-10 19:21:37,LIKE,https://www.linkedin.com/feed/update/urn%3Ali%3AugcPost%3A7345901503255109632
2025-07-10 19:13:50,LIKE,https://www.linkedin.com/feed/update/urn%3Ali%3AugcPost%3A7348395397301645312
2025-07-10 19:13:40,LIKE,https://www.linkedin.com/feed/update/urn%3Ali%3AugcPost%3A7349042980667760640
2025-07-10 19:13:34,LIKE,https://www.linkedin.com/feed/update/urn%3Ali%3Aactivity%3A7349112417840160769
2025-07-10 19:12:11,LIKE,https://www.linkedin.com/feed/update/urn%3Ali%3Aactivity%3A7349095457555427330
2025-07-10 19:11:45,LIKE,https://www.linkedin.com/feed/update/urn%3Ali%3AugcPost%3A7349099647941906432
2025-07-10 19:11:39,LIKE,https://www.linkedin.com/feed/update/urn%3Ali%3AugcPost%3A7348837230997618689
2025-07-10 19:09:42,LIKE,https://www.linkedin.com/feed/update/urn%3Ali%3AugcPost%3A7348706060553093120
2025-07-10 19:09:36,LIKE,https://www.linkedin.com/feed/update/urn%3Ali%3AugcPost%3A7346574327225425920
2025-07-10 19:08:30,LIKE,https://www.linkedin.com/feed/update/urn%3Ali%3Aactivity%3A7343174259713765377
2025-07-10 19:05:55,EMPATHY,https://www.linkedin.com/feed/update/urn%3Ali%3AugcPost%3A7349109854688468992?commentUrn=urn%3Ali%3Acomment%3A%28ugcPost%3A7349109854688468992%2C7349144815076298753%29
2025-07-10 19:04:16,PRAISE,https://www.linkedin.com/feed/update/urn%3Ali%3AugcPost%3A7349147750854250496
2025-07-10 18:12:16,LIKE,https://www.linkedin.com/feed/update/urn%3Ali%3AugcPost%3A7349128754729758720
2025-07-10 18:09:58,EMPATHY,https://www.linkedin.com/feed/update/urn%3Ali%3AugcPost%3A7349109854688468992?commentUrn=urn%3Ali%3Acomment%3A%28ugcPost%3A7349109854688468992%2C7349135069740986368%29
2025-07-10 16:51:30,EMPATHY,https://www.linkedin.com/feed/update/urn%3Ali%3AugcPost%3A7349109854688468992?commentUrn=urn%3Ali%3Acomment%3A%28ugcPost%3A7349109854688468992%2C7349115078895427584%29
2025-07-10 16:37:27,LIKE,https://www.linkedin.com/feed/update/urn%3Ali%3AugcPost%3A7349092577398202373
2025-07-10 16:33:51,LIKE,https://www.linkedin.com/feed/update/urn%3Ali%3AugcPost%3A7335042670865588225
2025-07-10 16:33:34,LIKE,https://www.linkedin.com/feed/update/urn%3Ali%3AugcPost%3A7223185015222755328
2025-07-10 16:14:14,LIKE,https://www.linkedin.com/feed/update/urn%3Ali%3AugcPost%3A7349086108829315073
2025-07-10 14:44:33,LIKE,https://www.linkedin.com/feed/update/urn%3Ali%3AugcPost%3A7348918145920729089
2025-07-10 14:44:21,LIKE,https://www.linkedin.com/feed/update/urn%3Ali%3Aactivity%3A7348644599055175680
2025-07-10 14:44:08,LIKE,https://www.linkedin.com/feed/update/urn%3Ali%3AugcPost%3A7348851796057931776
2025-07-10 14:43:27,LIKE,https://www.linkedin.com/feed/update/urn%3Ali%3AugcPost%3A7349076064976961536
2025-07-10 14:42:45,LIKE,https://www.linkedin.com/feed/update/urn%3Ali%3Aactivity%3A7348890871968235520
2025-07-10 14:41:15,LIKE,https://www.linkedin.com/feed/update/urn%3Ali%3Aactivity%3A7349040480862560256
2025-07-10 13:08:38,LIKE,https://www.linkedin.com/feed/update/urn%3Ali%3AugcPost%3A7348744780224368641
2025-07-10 13:08:27,LIKE,https://www.linkedin.com/feed/update/urn%3Ali%3AugcPost%3A7348887659592773633
2025-07-10 12:22:14,EMPATHY,https://www.linkedin.com/feed/update/urn%3Ali%3AugcPost%3A7346564945674649600?commentUrn=urn%3Ali%3Acomment%3A%28ugcPost%3A7346564945674649600%2C7348956944491044865%29
2025-07-09 19:22:49,LIKE,https://www.linkedin.com/feed/update/urn%3Ali%3AugcPost%3A7348700628405080065
2025-07-09 19:22:30,LIKE,https://www.linkedin.com/feed/update/urn%3Ali%3Aactivity%3A7348732905017294849
2025-07-09 19:21:19,EMPATHY,https://www.linkedin.com/feed/update/urn%3Ali%3AugcPost%3A7348790110286434304
2025-07-09 19:00:14,LIKE,https://www.linkedin.com/feed/update/urn%3Ali%3Aactivity%3A7348750270840913920
2025-07-09 18:59:59,LIKE,https://www.linkedin.com/feed/update/urn%3Ali%3AugcPost%3A7348682449909895169
2025-07-09 18:59:38,LIKE,https://www.linkedin.com/feed/update/urn%3Ali%3AugcPost%3A7348339094176845824
2025-07-09 18:59:13,LIKE,https://www.linkedin.com/feed/update/urn%3Ali%3AugcPost%3A7348735730090758144
2025-07-09 18:58:45,LIKE,https://www.linkedin.com/feed/update/urn%3Ali%3AugcPost%3A7348747695391436800
2025-07-09 18:58:13,LIKE,https://www.linkedin.com/feed/update/urn%3Ali%3Aactivity%3A7348757347709734913
2025-07-09 18:57:38,LIKE,https://www.linkedin.com/feed/update/urn%3Ali%3AugcPost%3A7348664385520705536
2025-07-09 18:57:23,LIKE,https://www.linkedin.com/feed/update/urn%3Ali%3AugcPost%3A7348783260669202433
2025-07-09 18:57:05,LIKE,https://www.linkedin.com/feed/update/urn%3Ali%3AugcPost%3A7348758950755909633
2025-07-09 18:54:22,LIKE,https://www.linkedin.com/feed/update/urn%3Ali%3AugcPost%3A7348741674413539329
2025-07-09 14:47:16,LIKE,https://www.linkedin.com/feed/update/urn%3Ali%3AugcPost%3A7348713525034319872
2025-07-09 13:11:38,LIKE,https://www.linkedin.com/feed/update/urn%3Ali%3AugcPost%3A7348605691856592896
2025-07-09 12:47:41,LIKE,https://www.linkedin.com/feed/update/urn%3Ali%3AugcPost%3A7347663423574315009
2025-07-09 12:43:04,LIKE,https://www.linkedin.com/feed/update/urn%3Ali%3AugcPost%3A7348383620186697730
2025-07-09 12:42:40,LIKE,https://www.linkedin.com/feed/update/urn%3Ali%3AugcPost%3A7348659593876566017
2025-07-09 12:41:44,LIKE,https://www.linkedin.com/feed/update/urn%3Ali%3Aactivity%3A7348689908313550848
2025-07-09 12:24:50,LIKE,https://www.linkedin.com/feed/update/urn%3Ali%3AugcPost%3A7348601310335635457
2025-07-09 12:24:18,LIKE,https://www.linkedin.com/feed/update/urn%3Ali%3Aactivity%3A7348548307897548800
2025-07-09 12:24:09,LIKE,https://www.linkedin.com/feed/update/urn%3Ali%3AugcPost%3A7348469125330997249
2025-07-09 12:24:05,LIKE,https://www.linkedin.com/feed/update/urn%3Ali%3Aactivity%3A7348606929440542720
2025-07-09 12:23:43,LIKE,https://www.linkedin.com/feed/update/urn%3Ali%3Aactivity%3A7348682415571124224
2025-07-09 12:21:30,LIKE,https://www.linkedin.com/feed/update/urn%3Ali%3AugcPost%3A7348440815720964096
2025-07-09 12:20:24,LIKE,https://www.linkedin.com/feed/update/urn%3Ali%3AugcPost%3A7348583969434632193
2025-07-09 12:19:51,LIKE,https://www.linkedin.com/feed/update/urn%3Ali%3AugcPost%3A7348622050615345152
2025-07-09 12:19:25,LIKE,https://www.linkedin.com/feed/update/urn%3Ali%3Aactivity%3A7348683737221464064
2025-07-09 12:10:25,LIKE,https://www.linkedin.com/feed/update/urn%3Ali%3AugcPost%3A7348592646728151040
2025-07-08 18:11:01,LIKE,https://www.linkedin.com/feed/update/urn%3Ali%3AugcPost%3A7347327200385196036
2025-07-08 18:11:00,LIKE,https://www.linkedin.com/feed/update/urn%3Ali%3AugcPost%3A7342504960028262402
2025-07-08 18:10:56,LIKE,https://www.linkedin.com/feed/update/urn%3Ali%3AugcPost%3A7342499959885217792
2025-07-08 15:24:25,LIKE,https://www.linkedin.com/feed/update/urn%3Ali%3Aactivity%3A7345109324697956352
2025-07-08 15:24:14,LIKE,https://www.linkedin.com/feed/update/urn%3Ali%3Aactivity%3A7347917888915165184
2025-07-08 15:24:04,LIKE,https://www.linkedin.com/feed/update/urn%3Ali%3AugcPost%3A7348252601135583238
2025-07-08 15:21:05,LIKE,https://www.linkedin.com/feed/update/urn%3Ali%3AugcPost%3A7348262996697055233
2025-07-08 15:20:48,LIKE,https://www.linkedin.com/feed/update/urn%3Ali%3Aactivity%3A7348338580336930816
2025-07-08 15:19:59,LIKE,https://www.linkedin.com/feed/update/urn%3Ali%3AugcPost%3A7348244934744756224
2025-07-08 15:19:09,LIKE,https://www.linkedin.com/feed/update/urn%3Ali%3AugcPost%3A7348151872827912192
2025-07-08 15:18:55,LIKE,https://www.linkedin.com/feed/update/urn%3Ali%3Aactivity%3A7347990758739652624
2025-07-08 11:55:27,LIKE,https://www.linkedin.com/feed/update/urn%3Ali%3AugcPost%3A7348224629469061120
2025-07-08 11:55:15,LIKE,https://www.linkedin.com/feed/update/urn%3Ali%3Aactivity%3A7345345379619553280
2025-07-08 11:55:00,LIKE,https://www.linkedin.com/feed/update/urn%3Ali%3AugcPost%3A7348185573011951616
2025-07-08 02:29:52,LIKE,https://www.linkedin.com/feed/update/urn%3Ali%3Aactivity%3A7348011202070892546
2025-07-08 02:28:54,LIKE,https://www.linkedin.com/feed/update/urn%3Ali%3Aactivity%3A7345703976949927937
2025-07-08 02:27:36,LIKE,https://www.linkedin.com/feed/update/urn%3Ali%3AugcPost%3A7347907376554852352
2025-07-08 02:27:01,LIKE,https://www.linkedin.com/feed/update/urn%3Ali%3Aactivity%3A7347964548219289600
2025-07-08 02:26:05,LIKE,https://www.linkedin.com/feed/update/urn%3Ali%3AugcPost%3A7347870356788985856
2025-07-08 02:25:43,LIKE,https://www.linkedin.com/feed/update/urn%3Ali%3Aactivity%3A7348168576341577728
2025-07-07 20:03:41,LIKE,https://www.linkedin.com/feed/update/urn%3Ali%3Aactivity%3A7347882162240598019
2025-07-07 20:03:21,LIKE,https://www.linkedin.com/feed/update/urn%3Ali%3AugcPost%3A7347985341804400640
2025-07-07 20:02:50,LIKE,https://www.linkedin.com/feed/update/urn%3Ali%3AugcPost%3A7348021951912693760
2025-07-07 20:02:04,LIKE,https://www.linkedin.com/feed/update/urn%3Ali%3AugcPost%3A7348065530789933056
2025-07-07 17:00:34,LIKE,https://www.linkedin.com/feed/update/urn%3Ali%3Aactivity%3A7348009765186265088
2025-07-07 12:22:37,LIKE,https://www.linkedin.com/feed/update/urn%3Ali%3AugcPost%3A7347958047291445248
2025-07-07 05:37:19,LIKE,https://www.linkedin.com/feed/update/urn%3Ali%3Aactivity%3A7337789761614487552
2025-07-07 05:36:43,LIKE,https://www.linkedin.com/feed/update/urn%3Ali%3AugcPost%3A7341805316822458368
2025-07-07 04:16:18,LIKE,https://www.linkedin.com/feed/update/urn%3Ali%3AugcPost%3A7347701217768206337
2025-07-07 04:15:57,LIKE,https://www.linkedin.com/feed/update/urn%3Ali%3AugcPost%3A7343287415098216450
2025-07-07 04:15:11,LIKE,https://www.linkedin.com/feed/update/urn%3Ali%3Aactivity%3A7347709482430328833
2025-07-07 04:14:23,LIKE,https://www.linkedin.com/feed/update/urn%3Ali%3AugcPost%3A7347830673417613312
2025-07-07 03:29:22,LIKE,https://www.linkedin.com/feed/update/urn%3Ali%3Aactivity%3A7305506957681954816
2025-07-07 03:28:00,LIKE,https://www.linkedin.com/feed/update/urn%3Ali%3AugcPost%3A7339524370937085953
2025-07-06 19:51:00,LIKE,https://www.linkedin.com/feed/update/urn%3Ali%3Aactivity%3A7345812653300178948
2025-07-06 19:50:50,LIKE,https://www.linkedin.com/feed/update/urn%3Ali%3AugcPost%3A7346881897379106817
2025-07-06 19:49:08,LIKE,https://www.linkedin.com/feed/update/urn%3Ali%3AugcPost%3A7347545778753572864
2025-07-06 19:47:22,LIKE,https://www.linkedin.com/feed/update/urn%3Ali%3AugcPost%3A7347710119352168449
2025-07-06 19:33:54,LIKE,https://www.linkedin.com/feed/update/urn%3Ali%3Aactivity%3A7346531797385506816
2025-07-06 19:33:17,LIKE,https://www.linkedin.com/feed/update/urn%3Ali%3AugcPost%3A7345412008063733760
2025-07-06 18:23:54,LIKE,https://www.linkedin.com/feed/update/urn%3Ali%3AugcPost%3A7347682266849918977
2025-07-06 18:22:56,LIKE,https://www.linkedin.com/feed/update/urn%3Ali%3AugcPost%3A7347647977072521216
2025-07-06 16:59:32,LIKE,https://www.linkedin.com/feed/update/urn%3Ali%3AugcPost%3A7347602044586713091
2025-07-06 16:59:03,LIKE,https://www.linkedin.com/feed/update/urn%3Ali%3Aactivity%3A7347600420103446528
2025-07-06 16:52:50,LIKE,https://www.linkedin.com/feed/update/urn%3Ali%3AugcPost%3A7347665008996020224
2025-07-06 16:52:42,LIKE,https://www.linkedin.com/feed/update/urn%3Ali%3Aactivity%3A7347667675772305408
2025-07-06 16:40:10,LIKE,https://www.linkedin.com/feed/update/urn%3Ali%3AugcPost%3A7347577586564177920
2025-07-06 16:39:34,LIKE,https://www.linkedin.com/feed/update/urn%3Ali%3AugcPost%3A7347580186625818624
2025-07-06 16:22:31,LIKE,https://www.linkedin.com/feed/update/urn%3Ali%3AugcPost%3A7347632496118808576
2025-07-06 16:21:57,LIKE,https://www.linkedin.com/feed/update/urn%3Ali%3Aactivity%3A7347607698818940929
2025-07-06 16:21:51,LIKE,https://www.linkedin.com/feed/update/urn%3Ali%3Aactivity%3A7347637106116055040
2025-07-06 11:31:38,LIKE,https://www.linkedin.com/feed/update/urn%3Ali%3Aactivity%3A7347585240774668289
2025-07-06 10:54:55,LIKE,https://www.linkedin.com/feed/update/urn%3Ali%3AugcPost%3A7347572678590939138
2025-07-06 10:54:34,LIKE,https://www.linkedin.com/feed/update/urn%3Ali%3Aactivity%3A7343676308758884353
2025-07-06 09:25:51,LIKE,https://www.linkedin.com/feed/update/urn%3Ali%3Aactivity%3A7347546863107022848
2025-07-06 00:34:52,LIKE,https://www.linkedin.com/feed/update/urn%3Ali%3AugcPost%3A7347244341553217536
2025-07-06 00:34:12,LIKE,https://www.linkedin.com/feed/update/urn%3Ali%3Aactivity%3A7347185110703644672
2025-07-06 00:33:39,LIKE,https://www.linkedin.com/feed/update/urn%3Ali%3Aactivity%3A7343349313336463362
2025-07-06 00:33:10,LIKE,https://www.linkedin.com/feed/update/urn%3Ali%3Aactivity%3A7347295610804264960
2025-07-06 00:32:45,LIKE,https://www.linkedin.com/feed/update/urn%3Ali%3AugcPost%3A7347275304601587712
2025-07-06 00:32:30,LIKE,https://www.linkedin.com/feed/update/urn%3Ali%3AugcPost%3A7347368183718211584
2025-07-05 19:50:58,LIKE,https://www.linkedin.com/feed/update/urn%3Ali%3AugcPost%3A7347338954976780288
2025-07-05 19:50:50,LIKE,https://www.linkedin.com/feed/update/urn%3Ali%3AugcPost%3A7347348716816637954
2025-07-05 19:50:41,LIKE,https://www.linkedin.com/feed/update/urn%3Ali%3AugcPost%3A7347339488794185729
2025-07-05 11:42:19,LIKE,https://www.linkedin.com/feed/update/urn%3Ali%3Aactivity%3A7345394433963573248
2025-07-05 11:03:15,LIKE,https://www.linkedin.com/feed/update/urn%3Ali%3AugcPost%3A7347036290380414977
2025-07-05 07:40:43,LIKE,https://www.linkedin.com/feed/update/urn%3Ali%3Aactivity%3A7342121845720010752
2025-07-05 06:59:48,LIKE,https://www.linkedin.com/feed/update/urn%3Ali%3AugcPost%3A7345759123617050625
2025-07-05 06:59:44,LIKE,https://www.linkedin.com/feed/update/urn%3Ali%3Aactivity%3A7347154857054695424
2025-07-05 06:44:04,LIKE,https://www.linkedin.com/feed/update/urn%3Ali%3AugcPost%3A7347147442015899648
2025-07-05 06:05:08,LIKE,https://www.linkedin.com/feed/update/urn%3Ali%3Aactivity%3A7347046199876603904
2025-07-05 06:04:57,LIKE,https://www.linkedin.com/feed/update/urn%3Ali%3AugcPost%3A7347114131927330816
2025-07-05 06:04:42,LIKE,https://www.linkedin.com/feed/update/urn%3Ali%3AugcPost%3A7346921954886463488
2025-07-05 06:04:07,LIKE,https://www.linkedin.com/feed/update/urn%3Ali%3AugcPost%3A7347141914451693571
2025-07-05 06:03:32,LIKE,https://www.linkedin.com/feed/update/urn%3Ali%3Aactivity%3A7347134934894956544
2025-07-05 05:17:08,LIKE,https://www.linkedin.com/feed/update/urn%3Ali%3Aactivity%3A7346163500815200256
2025-07-04 20:56:50,LIKE,https://www.linkedin.com/feed/update/urn%3Ali%3AugcPost%3A7345880124283621379
2025-07-04 20:56:38,LIKE,https://www.linkedin.com/feed/update/urn%3Ali%3AugcPost%3A7346602109141774338
2025-07-04 20:56:04,LIKE,https://www.linkedin.com/feed/update/urn%3Ali%3AugcPost%3A7346989464608477185
2025-07-04 20:56:02,LIKE,https://www.linkedin.com/feed/update/urn%3Ali%3AugcPost%3A7346975546565697539
2025-07-04 20:55:54,LIKE,https://www.linkedin.com/feed/update/urn%3Ali%3Aactivity%3A7346794941446062080
2025-07-04 20:54:32,LIKE,https://www.linkedin.com/feed/update/urn%3Ali%3AugcPost%3A7346866961751965696
2025-07-04 20:53:38,LIKE,https://www.linkedin.com/feed/update/urn%3Ali%3Aactivity%3A7346918508904988674
2025-07-04 20:53:13,LIKE,https://www.linkedin.com/feed/update/urn%3Ali%3AugcPost%3A7346917155378012160
2025-07-04 15:37:19,LIKE,https://www.linkedin.com/feed/update/urn%3Ali%3AugcPost%3A7346833646533718016
2025-07-04 15:03:11,EMPATHY,https://www.linkedin.com/feed/update/urn%3Ali%3AugcPost%3A7346564945674649600?commentUrn=urn%3Ali%3Acomment%3A%28ugcPost%3A7346564945674649600%2C7346687985662251010%29
2025-07-04 15:03:09,EMPATHY,https://www.linkedin.com/feed/update/urn%3Ali%3AugcPost%3A7346564945674649600?commentUrn=urn%3Ali%3Acomment%3A%28ugcPost%3A7346564945674649600%2C7346788706155970560%29
2025-07-04 14:59:20,LIKE,https://www.linkedin.com/feed/update/urn%3Ali%3Aactivity%3A7346904647007186945
2025-07-04 13:26:50,LIKE,https://www.linkedin.com/feed/update/urn%3Ali%3Aactivity%3A7344948642996232193
2025-07-04 10:57:08,LIKE,https://www.linkedin.com/feed/update/urn%3Ali%3Aactivity%3A7346152431149318146
2025-07-04 10:56:54,LIKE,https://www.linkedin.com/feed/update/urn%3Ali%3AugcPost%3A7346609124446564353
2025-07-04 10:56:27,LIKE,https://www.linkedin.com/feed/update/urn%3Ali%3AugcPost%3A7346769742923206657
2025-07-04 10:56:01,LIKE,https://www.linkedin.com/feed/update/urn%3Ali%3AugcPost%3A7346723505314385920
2025-07-04 08:56:30,LIKE,https://www.linkedin.com/feed/update/urn%3Ali%3Aactivity%3A7346545782910586880
2025-07-04 08:55:34,LIKE,https://www.linkedin.com/feed/update/urn%3Ali%3AugcPost%3A7346752125504299011
2025-07-04 08:53:33,LIKE,https://www.linkedin.com/feed/update/urn%3Ali%3AugcPost%3A7346582724066910208
2025-07-03 21:11:16,EMPATHY,https://www.linkedin.com/feed/update/urn%3Ali%3AugcPost%3A7346564977698222080?commentUrn=urn%3Ali%3Acomment%3A%28ugcPost%3A7346564977698222080%2C7346574426374561792%29
2025-07-03 21:11:08,LIKE,https://www.linkedin.com/feed/update/urn%3Ali%3AugcPost%3A7346198661736878080?commentUrn=urn%3Ali%3Acomment%3A%28ugcPost%3A7346198661736878080%2C7346575625941368832%29
2025-07-03 21:09:07,LIKE,https://www.linkedin.com/feed/update/urn%3Ali%3AugcPost%3A7346580450301067264
2025-07-03 16:26:03,LIKE,https://www.linkedin.com/feed/update/urn%3Ali%3Aactivity%3A7345452679180996608
2025-07-03 16:25:00,LIKE,https://www.linkedin.com/feed/update/urn%3Ali%3AugcPost%3A7346198661736878080
2025-07-03 16:21:31,LIKE,https://www.linkedin.com/feed/update/urn%3Ali%3Aactivity%3A7346538783552503808
2025-07-03 15:59:26,LIKE,https://www.linkedin.com/feed/update/urn%3Ali%3AugcPost%3A7346564977698222080
2025-07-03 15:49:25,EMPATHY,https://www.linkedin.com/feed/update/urn%3Ali%3AugcPost%3A7346564945674649600?commentUrn=urn%3Ali%3Acomment%3A%28ugcPost%3A7346564945674649600%2C7346565254769778690%29
2025-07-03 15:47:26,LIKE,https://www.linkedin.com/feed/update/urn%3Ali%3Aactivity%3A7345832569759780865
2025-07-03 15:46:22,LIKE,https://www.linkedin.com/feed/update/urn%3Ali%3AugcPost%3A7346197593875468288
2025-07-03 15:46:15,LIKE,https://www.linkedin.com/feed/update/urn%3Ali%3Aactivity%3A7346364566051647488
2025-07-03 12:13:08,LIKE,https://www.linkedin.com/feed/update/urn%3Ali%3Aactivity%3A7346494724498739200
2025-07-03 12:12:54,LIKE,https://www.linkedin.com/feed/update/urn%3Ali%3AugcPost%3A7346296126653841409
2025-07-03 12:12:49,LIKE,https://www.linkedin.com/feed/update/urn%3Ali%3AugcPost%3A7346390677867417600
2025-07-03 12:12:15,LIKE,https://www.linkedin.com/feed/update/urn%3Ali%3Aactivity%3A7346487348546760705
2025-07-03 12:12:00,LIKE,https://www.linkedin.com/feed/update/urn%3Ali%3AugcPost%3A7346507906822893568
2025-07-03 10:07:34,LIKE,https://www.linkedin.com/feed/update/urn%3Ali%3AugcPost%3A7346286511857799168
2025-07-03 10:02:47,LIKE,https://www.linkedin.com/feed/update/urn%3Ali%3Aactivity%3A7346145492671574017
2025-07-03 10:01:32,LIKE,https://www.linkedin.com/feed/update/urn%3Ali%3AugcPost%3A7346308284619849728
2025-07-03 10:01:12,LIKE,https://www.linkedin.com/feed/update/urn%3Ali%3Aactivity%3A7346476606602792962
2025-07-03 06:13:00,LIKE,https://www.linkedin.com/feed/update/urn%3Ali%3AugcPost%3A7345773610424295424
2025-07-02 17:09:39,LIKE,https://www.linkedin.com/feed/update/urn%3Ali%3Aactivity%3A7346074252237803521
2025-07-01 18:15:25,LIKE,https://www.linkedin.com/feed/update/urn%3Ali%3AugcPost%3A7345819273019232257
2025-07-01 18:15:21,LIKE,https://www.linkedin.com/feed/update/urn%3Ali%3AugcPost%3A7345815385545306115
2025-07-01 18:14:55,LIKE,https://www.linkedin.com/feed/update/urn%3Ali%3AugcPost%3A7345837667286245376
2025-07-01 18:14:35,LIKE,https://www.linkedin.com/feed/update/urn%3Ali%3AugcPost%3A7345875066754146305
2025-07-01 13:01:08,LIKE,https://www.linkedin.com/feed/update/urn%3Ali%3AugcPost%3A7345672111719342080
2025-07-01 13:00:01,LIKE,https://www.linkedin.com/feed/update/urn%3Ali%3Aactivity%3A7345787529079492608
2025-07-01 12:59:33,LIKE,https://www.linkedin.com/feed/update/urn%3Ali%3Aactivity%3A7345790786979950593
2025-07-01 12:58:51,LIKE,https://www.linkedin.com/feed/update/urn%3Ali%3AugcPost%3A7345596642777001984
2025-07-01 12:58:09,LIKE,https://www.linkedin.com/feed/update/urn%3Ali%3Aactivity%3A7345783541722484739
2025-07-01 12:56:50,LIKE,https://www.linkedin.com/feed/update/urn%3Ali%3AugcPost%3A7344779848923435008
2025-06-30 19:32:30,LIKE,https://www.linkedin.com/feed/update/urn%3Ali%3AugcPost%3A7345376074509266944
2025-06-30 19:32:28,LIKE,https://www.linkedin.com/feed/update/urn%3Ali%3AugcPost%3A7345364346580942848
2025-06-30 19:32:23,LIKE,https://www.linkedin.com/feed/update/urn%3Ali%3AugcPost%3A7345121781373988864
2025-06-30 19:31:50,LIKE,https://www.linkedin.com/feed/update/urn%3Ali%3AugcPost%3A7344832054431313921
2025-06-30 19:31:34,LIKE,https://www.linkedin.com/feed/update/urn%3Ali%3Aactivity%3A7345484414862209026
2025-06-30 19:31:04,LIKE,https://www.linkedin.com/feed/update/urn%3Ali%3AugcPost%3A7345485103466221568
2025-06-30 19:03:21,LIKE,https://www.linkedin.com/feed/update/urn%3Ali%3Aactivity%3A7345497544384290816
2025-06-30 18:47:39,LIKE,https://www.linkedin.com/feed/update/urn%3Ali%3Aactivity%3A7345391999652368384
2025-06-30 18:47:29,LIKE,https://www.linkedin.com/feed/update/urn%3Ali%3Aactivity%3A7345489812323196929
2025-06-30 17:17:28,LIKE,https://www.linkedin.com/feed/update/urn%3Ali%3Aactivity%3A7345499969467965440
2025-06-30 14:36:41,LIKE,https://www.linkedin.com/feed/update/urn%3Ali%3AugcPost%3A7345452155329236995
2025-06-30 13:10:31,LIKE,https://www.linkedin.com/feed/update/urn%3Ali%3AugcPost%3A7345120607623135233
2025-06-30 13:07:22,LIKE,https://www.linkedin.com/feed/update/urn%3Ali%3AugcPost%3A7345357154033295362
2025-06-30 12:57:05,LIKE,https://www.linkedin.com/feed/update/urn%3Ali%3Aactivity%3A7345419687243018241
2025-06-30 12:56:34,LIKE,https://www.linkedin.com/feed/update/urn%3Ali%3AugcPost%3A7344997338681155584
2025-06-30 12:56:21,LIKE,https://www.linkedin.com/feed/update/urn%3Ali%3AugcPost%3A7345072822311972865
2025-06-30 12:55:23,LIKE,https://www.linkedin.com/feed/update/urn%3Ali%3AugcPost%3A7330975906619973633
2025-06-29 15:37:04,LIKE,https://www.linkedin.com/feed/update/urn%3Ali%3AugcPost%3A7345082219897438208
2025-06-29 15:36:37,LIKE,https://www.linkedin.com/feed/update/urn%3Ali%3Aactivity%3A7344999052972867584
2025-06-29 11:51:31,LIKE,https://www.linkedin.com/feed/update/urn%3Ali%3AugcPost%3A7343363673031131137
2025-06-29 09:42:35,LIKE,https://www.linkedin.com/feed/update/urn%3Ali%3AugcPost%3A7344997361498116096
2025-06-29 07:21:01,LIKE,https://www.linkedin.com/feed/update/urn%3Ali%3AugcPost%3A7344940017313529857
2025-06-29 04:04:42,LIKE,https://www.linkedin.com/feed/update/urn%3Ali%3AugcPost%3A7344936164480454657
2025-06-29 03:51:35,LIKE,https://www.linkedin.com/feed/update/urn%3Ali%3Aactivity%3A7344830558205542401
2025-06-28 18:56:01,LIKE,https://www.linkedin.com/feed/update/urn%3Ali%3AugcPost%3A7344371373227536384
2025-06-28 18:55:38,LIKE,https://www.linkedin.com/feed/update/urn%3Ali%3Aactivity%3A7344695388718735361
2025-06-28 18:55:25,LIKE,https://www.linkedin.com/feed/update/urn%3Ali%3AugcPost%3A7344717328825081856
2025-06-28 18:54:56,EMPATHY,https://www.linkedin.com/feed/update/urn%3Ali%3Aactivity%3A7344078458701959168?commentUrn=urn%3Ali%3Acomment%3A%28activity%3A7344078458701959168%2C7344798894922321920%29
2025-06-28 18:32:34,LIKE,https://www.linkedin.com/feed/update/urn%3Ali%3AugcPost%3A7344620921044791296
2025-06-28 18:32:20,LIKE,https://www.linkedin.com/feed/update/urn%3Ali%3AugcPost%3A7344721414530220033
2025-06-28 18:31:44,LIKE,https://www.linkedin.com/feed/update/urn%3Ali%3AugcPost%3A7344784091336036352
2025-06-28 18:31:04,LIKE,https://www.linkedin.com/feed/update/urn%3Ali%3AugcPost%3A7344787805245476864
2025-06-28 18:30:46,EMPATHY,https://www.linkedin.com/feed/update/urn%3Ali%3AugcPost%3A7344779848923435008?commentUrn=urn%3Ali%3Acomment%3A%28ugcPost%3A7344779848923435008%2C7344790468771106816%29
2025-06-28 18:20:47,EMPATHY,https://www.linkedin.com/feed/update/urn%3Ali%3AugcPost%3A7344779848923435008?commentUrn=urn%3Ali%3Acomment%3A%28ugcPost%3A7344779848923435008%2C7344784245527097344%29
2025-06-28 13:32:17,LIKE,https://www.linkedin.com/feed/update/urn%3Ali%3AugcPost%3A7344025811189977088
2025-06-28 13:31:31,LIKE,https://www.linkedin.com/feed/update/urn%3Ali%3AugcPost%3A7344421455570395137
2025-06-28 13:31:09,LIKE,https://www.linkedin.com/feed/update/urn%3Ali%3Aactivity%3A7344698102794072064
2025-06-28 13:29:18,LIKE,https://www.linkedin.com/feed/update/urn%3Ali%3Aactivity%3A7344696088618016769
2025-06-28 10:04:56,LIKE,https://www.linkedin.com/feed/update/urn%3Ali%3Aactivity%3A7344328609299378178
2025-06-28 10:03:46,LIKE,https://www.linkedin.com/feed/update/urn%3Ali%3AugcPost%3A7343889895502884865
2025-06-28 09:54:19,LIKE,https://www.linkedin.com/feed/update/urn%3Ali%3Aactivity%3A7344656848773378048
2025-06-28 06:30:27,LIKE,https://www.linkedin.com/feed/update/urn%3Ali%3AugcPost%3A7344582693868736513
2025-06-28 06:17:47,LIKE,https://www.linkedin.com/feed/update/urn%3Ali%3AugcPost%3A7344450155598794753
2025-06-28 06:16:58,LIKE,https://www.linkedin.com/feed/update/urn%3Ali%3AugcPost%3A7343992063866081280
2025-06-28 06:16:26,LIKE,https://www.linkedin.com/feed/update/urn%3Ali%3AugcPost%3A7343972259184705536
2025-06-28 06:16:02,LIKE,https://www.linkedin.com/feed/update/urn%3Ali%3Aactivity%3A7343988092753620993
2025-06-28 06:14:24,LIKE,https://www.linkedin.com/feed/update/urn%3Ali%3Aactivity%3A7344368906221891584
2025-06-28 06:14:02,LIKE,https://www.linkedin.com/feed/update/urn%3Ali%3AugcPost%3A7344390450734100480
2025-06-28 05:59:25,LIKE,https://www.linkedin.com/feed/update/urn%3Ali%3AugcPost%3A7332682751457861632
2025-06-28 05:52:13,LIKE,https://www.linkedin.com/feed/update/urn%3Ali%3AugcPost%3A7341159917526884352?commentUrn=urn%3Ali%3Acomment%3A%28ugcPost%3A7341159917526884352%2C7344580916117164033%29
2025-06-27 19:14:58,LIKE,https://www.linkedin.com/feed/update/urn%3Ali%3Aactivity%3A7333127711432814592
2025-06-27 19:14:56,LIKE,https://www.linkedin.com/feed/update/urn%3Ali%3AugcPost%3A7303758216335699968
2025-06-27 18:52:02,LIKE,https://www.linkedin.com/feed/update/urn%3Ali%3AugcPost%3A7341750752266149888
2025-06-27 18:19:39,LIKE,https://www.linkedin.com/feed/update/urn%3Ali%3AugcPost%3A7344217405553876992
2025-06-27 18:19:21,LIKE,https://www.linkedin.com/feed/update/urn%3Ali%3Aactivity%3A7344402098609954818
2025-06-27 18:19:03,LIKE,https://www.linkedin.com/feed/update/urn%3Ali%3Aactivity%3A7344402477439471618
2025-06-27 18:18:35,LIKE,https://www.linkedin.com/feed/update/urn%3Ali%3AugcPost%3A7344400278491734017
2025-06-27 18:16:28,LIKE,https://www.linkedin.com/feed/update/urn%3Ali%3AugcPost%3A7344385770624872448
2025-06-27 17:43:08,LIKE,https://www.linkedin.com/feed/update/urn%3Ali%3AugcPost%3A7344404957808242688
2025-06-27 15:46:28,LIKE,https://www.linkedin.com/feed/update/urn%3Ali%3AugcPost%3A7343918246946820097
2025-06-27 12:58:54,LIKE,https://www.linkedin.com/feed/update/urn%3Ali%3Aactivity%3A7344245223704727554
2025-06-27 12:57:48,LIKE,https://www.linkedin.com/feed/update/urn%3Ali%3AugcPost%3A7344251334029680641
2025-06-27 12:57:21,LIKE,https://www.linkedin.com/feed/update/urn%3Ali%3AugcPost%3A7344307658490884096
2025-06-27 12:56:59,LIKE,https://www.linkedin.com/feed/update/urn%3Ali%3AugcPost%3A7344217073478225921
2025-06-27 12:54:23,LIKE,https://www.linkedin.com/feed/update/urn%3Ali%3AugcPost%3A7338209062213345281
2025-06-27 12:25:06,LIKE,https://www.linkedin.com/feed/update/urn%3Ali%3AugcPost%3A7344303797654970369
2025-06-27 12:23:39,LIKE,https://www.linkedin.com/feed/update/urn%3Ali%3AugcPost%3A7344304689078751233
2025-06-27 12:23:18,LIKE,https://www.linkedin.com/feed/update/urn%3Ali%3Aactivity%3A7344334405512876033
2025-06-27 12:21:52,LIKE,https://www.linkedin.com/feed/update/urn%3Ali%3Aactivity%3A7344333693701775361
2025-06-27 12:10:20,EMPATHY,https://www.linkedin.com/feed/update/urn%3Ali%3AugcPost%3A7343974297801056256?commentUrn=urn%3Ali%3Acomment%3A%28ugcPost%3A7343974297801056256%2C7344321382761033729%29
2025-06-27 09:08:02,LIKE,https://www.linkedin.com/feed/update/urn%3Ali%3AugcPost%3A7344021505288159233
2025-06-26 21:53:38,LIKE,https://www.linkedin.com/feed/update/urn%3Ali%3AugcPost%3A7343977412780601345
2025-06-26 21:49:41,LIKE,https://www.linkedin.com/feed/update/urn%3Ali%3AugcPost%3A7344020823290093568
2025-06-26 21:49:23,LIKE,https://www.linkedin.com/feed/update/urn%3Ali%3AugcPost%3A7343996127161061377
2025-06-26 21:47:56,LIKE,https://www.linkedin.com/feed/update/urn%3Ali%3Aactivity%3A7344044732819329025
2025-06-26 21:46:22,PRAISE,https://www.linkedin.com/feed/update/urn%3Ali%3Aactivity%3A7344078458701959168
2025-06-26 21:45:25,LIKE,https://www.linkedin.com/feed/update/urn%3Ali%3Aactivity%3A7344090417572814848
2025-06-26 21:45:18,LIKE,https://www.linkedin.com/feed/update/urn%3Ali%3AugcPost%3A7343806065962037249
2025-06-26 21:44:57,LIKE,https://www.linkedin.com/feed/update/urn%3Ali%3AugcPost%3A7344039520675205121
2025-06-26 19:51:59,LIKE,https://www.linkedin.com/feed/update/urn%3Ali%3AugcPost%3A7344087381081276418
2025-06-26 16:46:04,LIKE,https://www.linkedin.com/feed/update/urn%3Ali%3AugcPost%3A7342518137931649024
2025-06-26 16:10:17,LIKE,https://www.linkedin.com/feed/update/urn%3Ali%3AugcPost%3A7343999732874170368?commentUrn=urn%3Ali%3Acomment%3A%28ugcPost%3A7343999732874170368%2C7344032935223705601%29
2025-06-26 15:47:37,LIKE,https://www.linkedin.com/feed/update/urn%3Ali%3Aactivity%3A7343957609453879296
2025-06-26 15:47:27,LIKE,https://www.linkedin.com/feed/update/urn%3Ali%3AugcPost%3A7343669530453295104
2025-06-26 15:46:49,LIKE,https://www.linkedin.com/feed/update/urn%3Ali%3Aactivity%3A7343497076544008192
2025-06-26 15:27:33,LIKE,https://www.linkedin.com/feed/update/urn%3Ali%3AugcPost%3A7344007508740505600
2025-06-26 14:58:54,LIKE,https://www.linkedin.com/feed/update/urn%3Ali%3Aactivity%3A7338419288690651136
2025-06-26 14:50:04,LIKE,https://www.linkedin.com/feed/update/urn%3Ali%3AugcPost%3A7343999732874170368
2025-06-26 14:49:39,LIKE,https://www.linkedin.com/feed/update/urn%3Ali%3Aactivity%3A7343950509281550338
2025-06-26 14:03:54,LIKE,https://www.linkedin.com/feed/update/urn%3Ali%3AugcPost%3A7343974297801056256
2025-06-26 14:02:17,LIKE,https://www.linkedin.com/feed/update/urn%3Ali%3Aactivity%3A7343994054214307840
2025-06-26 14:02:01,LIKE,https://www.linkedin.com/feed/update/urn%3Ali%3AugcPost%3A7343291922569965568
2025-06-26 12:59:43,LIKE,https://www.linkedin.com/feed/update/urn%3Ali%3AugcPost%3A7343954180518158337
2025-06-26 12:48:54,LIKE,https://www.linkedin.com/feed/update/urn%3Ali%3Aactivity%3A7343872638512979969
2025-06-26 12:48:53,LIKE,https://www.linkedin.com/feed/update/urn%3Ali%3Aactivity%3A7342573843397439488
2025-06-26 12:47:55,EMPATHY,https://www.linkedin.com/feed/update/urn%3Ali%3AugcPost%3A7343703412284264448?commentUrn=urn%3Ali%3Acomment%3A%28ugcPost%3A7343703412284264448%2C7343979020176293889%29
2025-06-26 10:38:26,LIKE,https://www.linkedin.com/feed/update/urn%3Ali%3AugcPost%3A7343626280040333312
2025-06-26 10:36:57,LIKE,https://www.linkedin.com/feed/update/urn%3Ali%3Aactivity%3A7343679138391576576
2025-06-26 10:35:27,LIKE,https://www.linkedin.com/feed/update/urn%3Ali%3AugcPost%3A7343913725470334977
2025-06-26 10:35:19,LIKE,https://www.linkedin.com/feed/update/urn%3Ali%3AugcPost%3A7343920757267193856
2025-06-26 07:59:46,LIKE,https://www.linkedin.com/feed/update/urn%3Ali%3Aactivity%3A7343908657429983233
2025-06-26 07:59:09,LIKE,https://www.linkedin.com/feed/update/urn%3Ali%3AugcPost%3A7343867590387150848
2025-06-26 04:03:19,LIKE,https://www.linkedin.com/feed/update/urn%3Ali%3AugcPost%3A7340971176166420481
2025-06-26 04:00:20,LIKE,https://www.linkedin.com/feed/update/urn%3Ali%3AugcPost%3A7343231776137306113
2025-06-26 03:55:57,LIKE,https://www.linkedin.com/feed/update/urn%3Ali%3AugcPost%3A7343292414473773056
2025-06-26 03:55:38,LIKE,https://www.linkedin.com/feed/update/urn%3Ali%3AugcPost%3A7343731849715695617
2025-06-26 03:55:18,LIKE,https://www.linkedin.com/feed/update/urn%3Ali%3Aactivity%3A7343751721485037569
2025-06-26 03:54:06,LIKE,https://www.linkedin.com/feed/update/urn%3Ali%3AugcPost%3A7343258256565260288
2025-06-26 03:53:40,LIKE,https://www.linkedin.com/feed/update/urn%3Ali%3Aactivity%3A7343123407485485056
2025-06-26 03:53:05,LIKE,https://www.linkedin.com/feed/update/urn%3Ali%3AugcPost%3A7342895190870757377
2025-06-26 03:52:41,LIKE,https://www.linkedin.com/feed/update/urn%3Ali%3Aactivity%3A7339599720358498305
2025-06-26 03:51:29,LIKE,https://www.linkedin.com/feed/update/urn%3Ali%3AugcPost%3A7343719939729416192
2025-06-26 03:48:08,LIKE,https://www.linkedin.com/feed/update/urn%3Ali%3AugcPost%3A7343703412284264448?commentUrn=urn%3Ali%3Acomment%3A%28ugcPost%3A7343703412284264448%2C7343825450588151810%29
2025-06-25 20:33:15,LIKE,https://www.linkedin.com/feed/update/urn%3Ali%3AugcPost%3A7343598273586180096
2025-06-25 19:21:09,LIKE,https://www.linkedin.com/feed/update/urn%3Ali%3AugcPost%3A7343712910604398594
2025-06-25 19:20:18,LIKE,https://www.linkedin.com/feed/update/urn%3Ali%3AugcPost%3A7343581867289296897
2025-06-25 19:14:20,LIKE,https://www.linkedin.com/feed/update/urn%3Ali%3AugcPost%3A7343629170146496512
2025-06-25 19:14:00,LIKE,https://www.linkedin.com/feed/update/urn%3Ali%3AugcPost%3A7343653800789929987
2025-06-25 18:47:04,LIKE,https://www.linkedin.com/feed/update/urn%3Ali%3AugcPost%3A7343703412284264448
2025-06-25 18:16:51,LIKE,https://www.linkedin.com/feed/update/urn%3Ali%3AugcPost%3A7343400360117481472
2025-06-25 14:30:34,LIKE,https://www.linkedin.com/feed/update/urn%3Ali%3AugcPost%3A7343396395548110848
2025-06-25 14:30:29,LIKE,https://www.linkedin.com/feed/update/urn%3Ali%3AugcPost%3A7342867098135576576
2025-06-25 14:30:10,LIKE,https://www.linkedin.com/feed/update/urn%3Ali%3AugcPost%3A7343618798014402560
2025-06-25 14:29:50,LIKE,https://www.linkedin.com/feed/update/urn%3Ali%3AugcPost%3A7343616317859459072
2025-06-25 14:28:30,LIKE,https://www.linkedin.com/feed/update/urn%3Ali%3AugcPost%3A7343048925588660224
2025-06-25 13:31:37,LIKE,https://www.linkedin.com/feed/update/urn%3Ali%3Aactivity%3A7343608915185623041
2025-06-25 13:29:07,LIKE,https://www.linkedin.com/feed/update/urn%3Ali%3AugcPost%3A7343225761933291520
2025-06-25 08:49:02,LIKE,https://www.linkedin.com/feed/update/urn%3Ali%3Aactivity%3A7343558311444631552
2025-06-25 04:37:17,LIKE,https://www.linkedin.com/feed/update/urn%3Ali%3AugcPost%3A7343398513554178048
2025-06-24 18:23:05,EMPATHY,https://www.linkedin.com/feed/update/urn%3Ali%3Aactivity%3A7343314466853240833
2025-06-24 14:53:03,LIKE,https://www.linkedin.com/feed/update/urn%3Ali%3Aactivity%3A7342909793377972225
2025-06-24 13:32:13,LIKE,https://www.linkedin.com/feed/update/urn%3Ali%3AugcPost%3A7338198051561357322
2025-06-24 13:24:24,LIKE,https://www.linkedin.com/feed/update/urn%3Ali%3AugcPost%3A7342938736034213889
2025-06-24 13:24:12,LIKE,https://www.linkedin.com/feed/update/urn%3Ali%3AugcPost%3A7343235995699458048
2025-06-24 13:24:04,LIKE,https://www.linkedin.com/feed/update/urn%3Ali%3Aactivity%3A7343138672264839170
2025-06-24 13:19:57,LIKE,https://www.linkedin.com/feed/update/urn%3Ali%3AugcPost%3A7340941911421026304
2025-06-24 13:18:58,LIKE,https://www.linkedin.com/feed/update/urn%3Ali%3Aactivity%3A7343246553832128512
2025-06-24 13:18:32,LIKE,https://www.linkedin.com/feed/update/urn%3Ali%3Aactivity%3A7343183934404345856
2025-06-24 13:14:15,LIKE,https://www.linkedin.com/feed/update/urn%3Ali%3AugcPost%3A7343052910815055872
2025-06-24 13:14:02,LIKE,https://www.linkedin.com/feed/update/urn%3Ali%3Aactivity%3A7343170678075846657
2025-06-24 13:13:58,LIKE,https://www.linkedin.com/feed/update/urn%3Ali%3Aactivity%3A7343191314219311104
2025-06-24 13:13:45,LIKE,https://www.linkedin.com/feed/update/urn%3Ali%3AugcPost%3A7342961767418875905
2025-06-24 13:13:42,LIKE,https://www.linkedin.com/feed/update/urn%3Ali%3AugcPost%3A7342999240886947840
2025-06-24 13:13:35,LIKE,https://www.linkedin.com/feed/update/urn%3Ali%3Aactivity%3A7343202801700753409
2025-06-24 13:13:31,LIKE,https://www.linkedin.com/feed/update/urn%3Ali%3AugcPost%3A7343116702500474882
2025-06-24 13:13:03,LIKE,https://www.linkedin.com/feed/update/urn%3Ali%3Aactivity%3A7342906837157015552
2025-06-24 12:09:58,LIKE,https://www.linkedin.com/feed/update/urn%3Ali%3Aactivity%3A7343215659817799680
2025-06-23 20:30:32,LIKE,https://www.linkedin.com/feed/update/urn%3Ali%3AugcPost%3A7340241035593162754
2025-06-23 20:30:13,LIKE,https://www.linkedin.com/feed/update/urn%3Ali%3AugcPost%3A7342888455737065473
2025-06-23 20:21:11,LIKE,https://www.linkedin.com/feed/update/urn%3Ali%3AugcPost%3A7342457921466732544
2025-06-23 20:20:58,LIKE,https://www.linkedin.com/feed/update/urn%3Ali%3Aactivity%3A7342618450969751553
2025-06-23 17:23:04,LIKE,https://www.linkedin.com/feed/update/urn%3Ali%3Aactivity%3A7342886795707039745
2025-06-23 17:22:23,LIKE,https://www.linkedin.com/feed/update/urn%3Ali%3Aactivity%3A7342950661736570881
2025-06-23 17:22:21,LIKE,https://www.linkedin.com/feed/update/urn%3Ali%3AugcPost%3A7342935467534807041
2025-06-23 16:02:46,LIKE,https://www.linkedin.com/feed/update/urn%3Ali%3Aactivity%3A7342884131518750723
2025-06-23 15:34:27,LIKE,https://www.linkedin.com/feed/update/urn%3Ali%3AugcPost%3A7342901720252895236
2025-06-23 11:52:47,LIKE,https://www.linkedin.com/feed/update/urn%3Ali%3AugcPost%3A7342869300849930241
2025-06-23 06:23:24,LIKE,https://www.linkedin.com/feed/update/urn%3Ali%3AugcPost%3A7340005334029086720
2025-06-23 05:09:24,LIKE,https://www.linkedin.com/feed/update/urn%3Ali%3AugcPost%3A7342769493422559233
2025-06-22 20:17:41,LIKE,https://www.linkedin.com/feed/update/urn%3Ali%3AugcPost%3A7337975330902630403
2025-06-22 18:47:13,LIKE,https://www.linkedin.com/feed/update/urn%3Ali%3Aactivity%3A7342523298552954880
2025-06-22 18:12:26,LIKE,https://www.linkedin.com/feed/update/urn%3Ali%3AugcPost%3A7342601908597010432
2025-06-22 18:11:22,LIKE,https://www.linkedin.com/feed/update/urn%3Ali%3AugcPost%3A7342586711727591424
2025-06-22 18:09:57,LIKE,https://www.linkedin.com/feed/update/urn%3Ali%3AugcPost%3A7342598169224015872
2025-06-22 16:35:15,EMPATHY,https://www.linkedin.com/feed/update/urn%3Ali%3Aactivity%3A7342570206763864064?commentUrn=urn%3Ali%3Acomment%3A%28activity%3A7342570206763864064%2C7342587111000199168%29
2025-06-22 16:20:51,LIKE,https://www.linkedin.com/feed/update/urn%3Ali%3Aactivity%3A7340342723134017536
2025-06-22 14:50:42,LIKE,https://www.linkedin.com/feed/update/urn%3Ali%3Aactivity%3A7342497896279306242
2025-06-22 14:12:11,LIKE,https://www.linkedin.com/feed/update/urn%3Ali%3Aactivity%3A7342521768143732736
2025-06-22 14:10:54,LIKE,https://www.linkedin.com/feed/update/urn%3Ali%3AugcPost%3A7342517349855436801
2025-06-22 14:10:35,LIKE,https://www.linkedin.com/feed/update/urn%3Ali%3AugcPost%3A7342516824690855937
2025-06-22 07:58:14,LIKE,https://www.linkedin.com/feed/update/urn%3Ali%3Aactivity%3A7342456409906737185
2025-06-22 07:57:36,LIKE,https://www.linkedin.com/feed/update/urn%3Ali%3AugcPost%3A7338444647855230978
2025-06-22 07:51:48,LIKE,https://www.linkedin.com/feed/update/urn%3Ali%3Aactivity%3A7342409880391118850
2025-06-22 02:45:00,LIKE,https://www.linkedin.com/feed/update/urn%3Ali%3AugcPost%3A7341900954499239939
2025-06-21 20:46:52,LIKE,https://www.linkedin.com/feed/update/urn%3Ali%3Aactivity%3A7342224220082380800
2025-06-21 16:57:07,LIKE,https://www.linkedin.com/feed/update/urn%3Ali%3Aactivity%3A7341934542980595712
2025-06-21 12:39:22,LIKE,https://www.linkedin.com/feed/update/urn%3Ali%3AugcPost%3A7342035564830830594
2025-06-21 12:38:41,LIKE,https://www.linkedin.com/feed/update/urn%3Ali%3AugcPost%3A7342049867260661763
2025-06-21 12:38:33,LIKE,https://www.linkedin.com/feed/update/urn%3Ali%3AugcPost%3A7342033731383119872
2025-06-21 12:37:15,LIKE,https://www.linkedin.com/feed/update/urn%3Ali%3AugcPost%3A7341827422595575809
2025-06-21 12:36:05,LIKE,https://www.linkedin.com/feed/update/urn%3Ali%3AugcPost%3A7341798373387042816
2025-06-21 12:35:54,LIKE,https://www.linkedin.com/feed/update/urn%3Ali%3AugcPost%3A7338837497759547392
2025-06-21 12:35:01,LIKE,https://www.linkedin.com/feed/update/urn%3Ali%3AugcPost%3A7338818522388549634
2025-06-21 12:34:53,LIKE,https://www.linkedin.com/feed/update/urn%3Ali%3Aactivity%3A7341865131351396352
2025-06-21 12:34:16,LIKE,https://www.linkedin.com/feed/update/urn%3Ali%3AugcPost%3A7341906072640606208
2025-06-21 12:33:59,LIKE,https://www.linkedin.com/feed/update/urn%3Ali%3AugcPost%3A7339225438805782528
2025-06-21 12:25:19,LIKE,https://www.linkedin.com/feed/update/urn%3Ali%3Aactivity%3A7342136853950541824
2025-06-21 12:25:06,LIKE,https://www.linkedin.com/feed/update/urn%3Ali%3AugcPost%3A7342034258477162497
2025-06-21 12:20:37,LIKE,https://www.linkedin.com/feed/update/urn%3Ali%3Aactivity%3A7342159378805911552
2025-06-21 12:18:53,LIKE,https://www.linkedin.com/feed/update/urn%3Ali%3AugcPost%3A7342087772825952256
2025-06-21 05:57:51,LIKE,https://www.linkedin.com/feed/update/urn%3Ali%3AugcPost%3A7341183219632914433
2025-06-20 21:03:06,LIKE,https://www.linkedin.com/feed/update/urn%3Ali%3AugcPost%3A7341876513446797312
2025-06-20 21:02:29,LIKE,https://www.linkedin.com/feed/update/urn%3Ali%3AugcPost%3A7341203434085261314
2025-06-20 20:58:47,LIKE,https://www.linkedin.com/feed/update/urn%3Ali%3AugcPost%3A7341835004605255680
2025-06-20 17:33:27,LIKE,https://www.linkedin.com/feed/update/urn%3Ali%3Aactivity%3A7341796993469456387
2025-06-20 17:33:11,LIKE,https://www.linkedin.com/feed/update/urn%3Ali%3AugcPost%3A7341782656759570432
2025-06-20 15:35:16,LIKE,https://www.linkedin.com/feed/update/urn%3Ali%3AugcPost%3A7341835779175849986
2025-06-20 15:34:32,LIKE,https://www.linkedin.com/feed/update/urn%3Ali%3AugcPost%3A7341834440358125569
2025-06-20 10:35:24,LIKE,https://www.linkedin.com/feed/update/urn%3Ali%3AugcPost%3A7341653972480331776
2025-06-20 10:35:00,LIKE,https://www.linkedin.com/feed/update/urn%3Ali%3AugcPost%3A7341376995026448384
2025-06-20 10:34:31,LIKE,https://www.linkedin.com/feed/update/urn%3Ali%3AugcPost%3A7341668868622368768
2025-06-20 10:33:47,LIKE,https://www.linkedin.com/feed/update/urn%3Ali%3Aactivity%3A7341661781045432320
2025-06-20 10:29:10,LIKE,https://www.linkedin.com/feed/update/urn%3Ali%3AugcPost%3A7341637183612571648
2025-06-20 10:28:46,LIKE,https://www.linkedin.com/feed/update/urn%3Ali%3AugcPost%3A7341452528183562242
2025-06-20 10:09:36,LIKE,https://www.linkedin.com/feed/update/urn%3Ali%3Aactivity%3A7341689668905631746
2025-06-19 19:46:21,LIKE,https://www.linkedin.com/feed/update/urn%3Ali%3Aactivity%3A7341245841535377409
2025-06-19 19:46:06,LIKE,https://www.linkedin.com/feed/update/urn%3Ali%3AugcPost%3A7341189082946928642
2025-06-19 19:24:00,LIKE,https://www.linkedin.com/feed/update/urn%3Ali%3Aactivity%3A7341434622028783618
2025-06-19 19:23:46,LIKE,https://www.linkedin.com/feed/update/urn%3Ali%3AugcPost%3A7341215419363405825
2025-06-19 19:16:42,LIKE,https://www.linkedin.com/feed/update/urn%3Ali%3AugcPost%3A7341204227647488000
2025-06-19 17:54:34,LIKE,https://www.linkedin.com/feed/update/urn%3Ali%3Aactivity%3A7341457266086137861
2025-06-19 17:53:22,LIKE,https://www.linkedin.com/feed/update/urn%3Ali%3Aactivity%3A7341434623857471492
2025-06-19 17:52:32,LIKE,https://www.linkedin.com/feed/update/urn%3Ali%3AugcPost%3A7341500780425764865
2025-06-19 17:36:09,LIKE,https://www.linkedin.com/feed/update/urn%3Ali%3AugcPost%3A7341159917526884352
2025-06-19 15:30:59,LIKE,https://www.linkedin.com/feed/update/urn%3Ali%3Aactivity%3A7341483847030554625
2025-06-19 14:13:21,LIKE,https://www.linkedin.com/feed/update/urn%3Ali%3Aactivity%3A7341405104979222531
2025-06-19 13:59:18,LIKE,https://www.linkedin.com/feed/update/urn%3Ali%3Aactivity%3A7341188292287090688
2025-06-19 13:30:55,LIKE,https://www.linkedin.com/feed/update/urn%3Ali%3AugcPost%3A7341073694804398081
2025-06-19 13:30:41,LIKE,https://www.linkedin.com/feed/update/urn%3Ali%3AugcPost%3A7341400214949285890
2025-06-19 13:30:20,LIKE,https://www.linkedin.com/feed/update/urn%3Ali%3AugcPost%3A7341231675059638273
2025-06-19 13:11:51,LIKE,https://www.linkedin.com/feed/update/urn%3Ali%3Aactivity%3A7341434579737575426
2025-06-18 19:25:05,LIKE,https://www.linkedin.com/feed/update/urn%3Ali%3AugcPost%3A7340792244347551747
2025-06-18 19:24:38,LIKE,https://www.linkedin.com/feed/update/urn%3Ali%3Aactivity%3A7340732523640991745
2025-06-18 19:24:30,LIKE,https://www.linkedin.com/feed/update/urn%3Ali%3AugcPost%3A7341040986912878593
2025-06-18 19:23:17,LIKE,https://www.linkedin.com/feed/update/urn%3Ali%3Aactivity%3A7341137038361948160
2025-06-18 18:11:45,LIKE,https://www.linkedin.com/feed/update/urn%3Ali%3AugcPost%3A7336350133833355264
2025-06-18 18:11:34,LIKE,https://www.linkedin.com/feed/update/urn%3Ali%3Aactivity%3A7341111145849659393
2025-06-18 17:20:39,LIKE,https://www.linkedin.com/feed/update/urn%3Ali%3AugcPost%3A7340977895244222464
2025-06-18 14:33:56,LIKE,https://www.linkedin.com/feed/update/urn%3Ali%3Aactivity%3A7340815518821437442
2025-06-18 14:29:48,LIKE,https://www.linkedin.com/feed/update/urn%3Ali%3AugcPost%3A7340717864288423936
2025-06-18 14:29:27,LIKE,https://www.linkedin.com/feed/update/urn%3Ali%3Aactivity%3A7341031602082230273
2025-06-18 14:28:47,LIKE,https://www.linkedin.com/feed/update/urn%3Ali%3AugcPost%3A7340122467190861824
2025-06-18 14:28:28,LIKE,https://www.linkedin.com/feed/update/urn%3Ali%3AugcPost%3A7340924768776331267
2025-06-18 14:27:40,LIKE,https://www.linkedin.com/feed/update/urn%3Ali%3Aactivity%3A7341071860278648832
2025-06-18 13:21:41,LIKE,https://www.linkedin.com/feed/update/urn%3Ali%3Aactivity%3A7340790315361964034
2025-06-18 12:49:17,LIKE,https://www.linkedin.com/feed/update/urn%3Ali%3AugcPost%3A7340739366312468482
2025-06-18 12:49:01,LIKE,https://www.linkedin.com/feed/update/urn%3Ali%3AugcPost%3A7340710125638148096
2025-06-18 12:48:53,LIKE,https://www.linkedin.com/feed/update/urn%3Ali%3Aactivity%3A7341071685015465985
2025-06-17 18:06:11,LIKE,https://www.linkedin.com/feed/update/urn%3Ali%3Aactivity%3A7340699878706044928
2025-06-17 18:04:41,LIKE,https://www.linkedin.com/feed/update/urn%3Ali%3AugcPost%3A7340748755538714624
2025-06-17 17:12:21,LIKE,https://www.linkedin.com/feed/update/urn%3Ali%3AugcPost%3A7282331010346733568
2025-06-17 17:11:20,LIKE,https://www.linkedin.com/feed/update/urn%3Ali%3AugcPost%3A7328442398517133313
2025-06-17 06:46:57,LIKE,https://www.linkedin.com/feed/update/urn%3Ali%3AugcPost%3A7340545203918749696
2025-06-17 06:46:42,LIKE,https://www.linkedin.com/feed/update/urn%3Ali%3AugcPost%3A7340592817968152576
2025-06-17 06:46:31,LIKE,https://www.linkedin.com/feed/update/urn%3Ali%3AugcPost%3A7336341422343684097
2025-06-17 06:45:46,LIKE,https://www.linkedin.com/feed/update/urn%3Ali%3Aactivity%3A7340458214938877952
2025-06-17 05:11:55,LIKE,https://www.linkedin.com/feed/update/urn%3Ali%3AugcPost%3A7340598813939724288
2025-06-17 03:39:24,EMPATHY,https://www.linkedin.com/feed/update/urn%3Ali%3AugcPost%3A7340581887435755520
2025-06-16 16:25:16,LIKE,https://www.linkedin.com/feed/update/urn%3Ali%3Aactivity%3A7340361751932080128
2025-06-16 16:21:51,LIKE,https://www.linkedin.com/feed/update/urn%3Ali%3AugcPost%3A7340411672307597313
2025-06-16 16:10:10,LIKE,https://www.linkedin.com/feed/update/urn%3Ali%3Aactivity%3A7339244166062686209
2025-06-16 16:04:05,LIKE,https://www.linkedin.com/feed/update/urn%3Ali%3AugcPost%3A7340278917347373057
2025-06-16 16:03:42,LIKE,https://www.linkedin.com/feed/update/urn%3Ali%3AugcPost%3A7337383731407523840
2025-06-16 16:03:13,LIKE,https://www.linkedin.com/feed/update/urn%3Ali%3AugcPost%3A7338524332916101120
2025-06-16 14:33:07,LIKE,https://www.linkedin.com/feed/update/urn%3Ali%3AugcPost%3A7340380482762608640
2025-06-16 14:32:14,LIKE,https://www.linkedin.com/feed/update/urn%3Ali%3AugcPost%3A7339987875242921986
2025-06-16 12:42:24,LIKE,https://www.linkedin.com/feed/update/urn%3Ali%3Aactivity%3A7340296483927142400
2025-06-16 12:33:28,LIKE,https://www.linkedin.com/feed/update/urn%3Ali%3Aactivity%3A7340347344426627072
2025-06-16 12:31:22,LIKE,https://www.linkedin.com/feed/update/urn%3Ali%3AugcPost%3A7340326264525766656
2025-06-16 12:29:16,LIKE,https://www.linkedin.com/feed/update/urn%3Ali%3AugcPost%3A7339961784319053824
2025-06-16 12:28:59,LIKE,https://www.linkedin.com/feed/update/urn%3Ali%3Aactivity%3A7340247737856073729
2025-06-16 12:27:48,LIKE,https://www.linkedin.com/feed/update/urn%3Ali%3Aactivity%3A7340347433941434373
2025-06-15 19:55:58,LIKE,https://www.linkedin.com/feed/update/urn%3Ali%3Aactivity%3A7339272764949729280
2025-06-15 19:54:01,LIKE,https://www.linkedin.com/feed/update/urn%3Ali%3AugcPost%3A7338357471771533312
2025-06-15 19:51:16,LIKE,https://www.linkedin.com/feed/update/urn%3Ali%3AugcPost%3A7339977762633338880
2025-06-15 19:51:00,LIKE,https://www.linkedin.com/feed/update/urn%3Ali%3AugcPost%3A7338800938825998337
2025-06-15 19:50:27,LIKE,https://www.linkedin.com/feed/update/urn%3Ali%3Aactivity%3A7340030537958342657
2025-06-15 19:50:17,LIKE,https://www.linkedin.com/feed/update/urn%3Ali%3Aactivity%3A7339877251938766848
2025-06-15 19:50:07,LIKE,https://www.linkedin.com/feed/update/urn%3Ali%3Aactivity%3A7339969941254696960
2025-06-15 18:01:38,LIKE,https://www.linkedin.com/feed/update/urn%3Ali%3AugcPost%3A7338521363592138752
2025-06-15 17:59:18,LIKE,https://www.linkedin.com/feed/update/urn%3Ali%3AugcPost%3A7338403068507471873
2025-06-15 17:58:48,LIKE,https://www.linkedin.com/feed/update/urn%3Ali%3AugcPost%3A7339376715757969411
2025-06-15 17:58:40,LIKE,https://www.linkedin.com/feed/update/urn%3Ali%3Aactivity%3A7335586480788045826
2025-06-15 17:57:56,LIKE,https://www.linkedin.com/feed/update/urn%3Ali%3AugcPost%3A7340025817919311872
2025-06-15 17:56:41,EMPATHY,https://www.linkedin.com/feed/update/urn%3Ali%3Aactivity%3A7339985685950455808?commentUrn=urn%3Ali%3Acomment%3A%28activity%3A7339985685950455808%2C7340013469112410113%29
2025-06-15 17:55:26,EMPATHY,https://www.linkedin.com/feed/update/urn%3Ali%3Aactivity%3A7339985685950455808?commentUrn=urn%3Ali%3Acomment%3A%28activity%3A7339985685950455808%2C7340012607627538432%29
2025-06-15 17:55:08,LIKE,https://www.linkedin.com/feed/update/urn%3Ali%3AugcPost%3A7340063122692390912
2025-06-15 17:54:47,LIKE,https://www.linkedin.com/feed/update/urn%3Ali%3AugcPost%3A7340036892907687936
2025-06-15 15:32:11,LIKE,https://www.linkedin.com/feed/update/urn%3Ali%3AugcPost%3A7340033017102389248
2025-06-15 14:12:27,LIKE,https://www.linkedin.com/feed/update/urn%3Ali%3AugcPost%3A7340015048641155072
2025-06-15 13:49:35,LIKE,https://www.linkedin.com/feed/update/urn%3Ali%3AugcPost%3A7339994008540065794
2025-06-15 13:49:13,LIKE,https://www.linkedin.com/feed/update/urn%3Ali%3Aactivity%3A7339943848078364672
2025-06-15 13:36:58,LIKE,https://www.linkedin.com/feed/update/urn%3Ali%3AugcPost%3A7339681238774857729
2025-06-15 13:27:32,LIKE,https://www.linkedin.com/feed/update/urn%3Ali%3AugcPost%3A7339985351815438336
2025-06-15 13:24:25,LIKE,https://www.linkedin.com/feed/update/urn%3Ali%3Aactivity%3A7339957252411305984
2025-06-15 13:24:23,LIKE,https://www.linkedin.com/feed/update/urn%3Ali%3Aactivity%3A7339991567606165504
2025-06-15 13:21:19,EMPATHY,https://www.linkedin.com/feed/update/urn%3Ali%3Aactivity%3A7339985685950455808
2025-06-15 11:45:19,LIKE,https://www.linkedin.com/feed/update/urn%3Ali%3AugcPost%3A7339513167321952256
2025-06-15 11:44:47,LIKE,https://www.linkedin.com/feed/update/urn%3Ali%3AugcPost%3A7339941299669643264
2025-06-15 11:44:37,LIKE,https://www.linkedin.com/feed/update/urn%3Ali%3AugcPost%3A7339918587937157120
2025-06-15 11:44:05,LIKE,https://www.linkedin.com/feed/update/urn%3Ali%3Aactivity%3A7339970385406251008
2025-06-15 11:40:24,LIKE,https://www.linkedin.com/feed/update/urn%3Ali%3Aactivity%3A7339972543472156673
2025-06-15 09:02:32,EMPATHY,https://www.linkedin.com/feed/update/urn%3Ali%3AugcPost%3A7338497723827994624?commentUrn=urn%3Ali%3Acomment%3A%28ugcPost%3A7338497723827994624%2C7339939020983914497%29
2025-06-15 08:52:40,LIKE,https://www.linkedin.com/feed/update/urn%3Ali%3AugcPost%3A7339904424732983297
2025-06-15 08:49:36,LIKE,https://www.linkedin.com/feed/update/urn%3Ali%3AugcPost%3A7338497723827994624
2025-06-15 08:49:08,LIKE,https://www.linkedin.com/feed/update/urn%3Ali%3AugcPost%3A7339655051805712384
2025-06-15 07:52:27,LIKE,https://www.linkedin.com/feed/update/urn%3Ali%3AugcPost%3A7290084561210818560
2025-06-15 05:10:17,LIKE,https://www.linkedin.com/feed/update/urn%3Ali%3AugcPost%3A7334203109528809472
2025-06-15 05:09:39,LIKE,https://www.linkedin.com/feed/update/urn%3Ali%3AugcPost%3A7338887584175054848
2025-06-15 05:08:38,LIKE,https://www.linkedin.com/feed/update/urn%3Ali%3AugcPost%3A7339307603572768769
2025-06-15 05:08:19,LIKE,https://www.linkedin.com/feed/update/urn%3Ali%3AugcPost%3A7339568817875968000
2025-06-15 05:07:44,LIKE,https://www.linkedin.com/feed/update/urn%3Ali%3Aactivity%3A7339878889713782786
2025-06-15 05:07:19,LIKE,https://www.linkedin.com/feed/update/urn%3Ali%3AugcPost%3A7339709182272532480
2025-06-14 21:09:50,LIKE,https://www.linkedin.com/feed/update/urn%3Ali%3Aactivity%3A7339700679621361665
2025-06-14 21:08:25,LIKE,https://www.linkedin.com/feed/update/urn%3Ali%3AugcPost%3A7339261274435764224
2025-06-14 21:08:11,LIKE,https://www.linkedin.com/feed/update/urn%3Ali%3AugcPost%3A7337516722708443136
2025-06-14 21:06:51,LIKE,https://www.linkedin.com/feed/update/urn%3Ali%3AugcPost%3A7339017505631330306
2025-06-14 21:06:38,LIKE,https://www.linkedin.com/feed/update/urn%3Ali%3Aactivity%3A7339706040831139840
2025-06-14 21:05:30,LIKE,https://www.linkedin.com/feed/update/urn%3Ali%3Aactivity%3A7339642581686898688
2025-06-14 21:05:18,LIKE,https://www.linkedin.com/feed/update/urn%3Ali%3Aactivity%3A7339631425039577088
2025-06-14 17:41:40,LIKE,https://www.linkedin.com/feed/update/urn%3Ali%3AugcPost%3A7339556337875320832
2025-06-14 17:40:48,EMPATHY,https://www.linkedin.com/feed/update/urn%3Ali%3AugcPost%3A7339681238774857729?commentUrn=urn%3Ali%3Acomment%3A%28ugcPost%3A7339681238774857729%2C7339697360664449024%29
2025-06-14 17:40:18,LIKE,https://www.linkedin.com/feed/update/urn%3Ali%3Aactivity%3A7339660539230343168
2025-06-14 16:04:05,LIKE,https://www.linkedin.com/feed/update/urn%3Ali%3AugcPost%3A7339415661535772672
2025-06-14 16:03:51,LIKE,https://www.linkedin.com/feed/update/urn%3Ali%3AugcPost%3A7339677430665703426
2025-06-14 16:03:28,LIKE,https://www.linkedin.com/feed/update/urn%3Ali%3Aactivity%3A7339621774277394433
2025-06-14 15:58:28,LIKE,https://www.linkedin.com/feed/update/urn%3Ali%3AugcPost%3A7327038007008481280
2025-06-14 15:58:12,LIKE,https://www.linkedin.com/feed/update/urn%3Ali%3AugcPost%3A7331152705614229504
2025-06-14 15:58:09,LIKE,https://www.linkedin.com/feed/update/urn%3Ali%3AugcPost%3A7336048504487714817
2025-06-14 08:06:23,LIKE,https://www.linkedin.com/feed/update/urn%3Ali%3Aactivity%3A7339267824965554176
2025-06-14 08:04:59,LIKE,https://www.linkedin.com/feed/update/urn%3Ali%3Aactivity%3A7339561617036128258
2025-06-14 07:10:44,LIKE,https://www.linkedin.com/feed/update/urn%3Ali%3Aactivity%3A7339529126220881920
2025-06-14 04:50:28,LIKE,https://www.linkedin.com/feed/update/urn%3Ali%3Aactivity%3A7339289077130633217
2025-06-13 16:42:09,LIKE,https://www.linkedin.com/feed/update/urn%3Ali%3AugcPost%3A7339289168302305281
2025-06-13 14:33:08,LIKE,https://www.linkedin.com/feed/update/urn%3Ali%3AugcPost%3A7339298059811540992
2025-06-13 12:57:51,LIKE,https://www.linkedin.com/feed/update/urn%3Ali%3AugcPost%3A7339273209973784576
2025-06-13 11:01:36,LIKE,https://www.linkedin.com/feed/update/urn%3Ali%3Aactivity%3A7338184428927537152
2025-06-13 11:01:26,LIKE,https://www.linkedin.com/feed/update/urn%3Ali%3Aactivity%3A7338444550664802306
2025-06-13 10:52:37,LIKE,https://www.linkedin.com/feed/update/urn%3Ali%3AugcPost%3A7339184811145601024
2025-06-13 10:51:50,LIKE,https://www.linkedin.com/feed/update/urn%3Ali%3AugcPost%3A7335631339628462081
2025-06-13 10:49:02,LIKE,https://www.linkedin.com/feed/update/urn%3Ali%3Aactivity%3A7335124353094688768
2025-06-13 10:42:54,LIKE,https://www.linkedin.com/feed/update/urn%3Ali%3Aactivity%3A7339121650308628480
2025-06-13 10:41:46,LIKE,https://www.linkedin.com/feed/update/urn%3Ali%3AugcPost%3A7338902787532980224
2025-06-13 10:41:12,LIKE,https://www.linkedin.com/feed/update/urn%3Ali%3AugcPost%3A7339220096394944513
2025-06-13 08:52:11,LIKE,https://www.linkedin.com/feed/update/urn%3Ali%3AugcPost%3A7338834696174211072
2025-06-13 08:51:36,LIKE,https://www.linkedin.com/feed/update/urn%3Ali%3AugcPost%3A7339132833510117376
2025-06-13 08:39:19,LIKE,https://www.linkedin.com/feed/update/urn%3Ali%3AugcPost%3A7339120402935255040
2025-06-12 20:59:22,LIKE,https://www.linkedin.com/feed/update/urn%3Ali%3AugcPost%3A7338943648291561472
2025-06-12 20:58:55,EMPATHY,https://www.linkedin.com/feed/update/urn%3Ali%3AugcPost%3A7338963715846746114?commentUrn=urn%3Ali%3Acomment%3A%28ugcPost%3A7338963715846746114%2C7339028421047394304%29
2025-06-12 18:04:45,LIKE,https://www.linkedin.com/feed/update/urn%3Ali%3AgroupPost%3A4376214-7337689463554215936
2025-06-12 18:04:26,LIKE,https://www.linkedin.com/feed/update/urn%3Ali%3AugcPost%3A7336479957583368195
2025-06-12 18:03:58,LIKE,https://www.linkedin.com/feed/update/urn%3Ali%3Aactivity%3A7338676468203364353
2025-06-12 18:03:54,LIKE,https://www.linkedin.com/feed/update/urn%3Ali%3AugcPost%3A7334060084223713282
2025-06-12 18:03:23,LIKE,https://www.linkedin.com/feed/update/urn%3Ali%3Aactivity%3A7338595631982092291
2025-06-12 18:02:40,LIKE,https://www.linkedin.com/feed/update/urn%3Ali%3AugcPost%3A7338830856351801345
2025-06-12 18:02:27,LIKE,https://www.linkedin.com/feed/update/urn%3Ali%3Aactivity%3A7338136728412504064
2025-06-12 18:02:16,LIKE,https://www.linkedin.com/feed/update/urn%3Ali%3AugcPost%3A7338957760904015872
2025-06-12 18:01:55,LIKE,https://www.linkedin.com/feed/update/urn%3Ali%3AugcPost%3A7338966669131751427
2025-06-12 17:02:06,EMPATHY,https://www.linkedin.com/feed/update/urn%3Ali%3AugcPost%3A7338963715846746114?commentUrn=urn%3Ali%3Acomment%3A%28ugcPost%3A7338963715846746114%2C7338964447077593088%29
2025-06-12 17:01:51,LIKE,https://www.linkedin.com/feed/update/urn%3Ali%3Aactivity%3A7337705792499814401
2025-06-12 17:01:11,LIKE,https://www.linkedin.com/feed/update/urn%3Ali%3Aactivity%3A7338856444772966401
2025-06-12 16:25:15,LIKE,https://www.linkedin.com/feed/update/urn%3Ali%3AugcPost%3A7338963715846746114
2025-06-12 15:47:10,LIKE,https://www.linkedin.com/feed/update/urn%3Ali%3Aactivity%3A7337085929418878978
2025-06-12 15:39:31,LIKE,https://www.linkedin.com/feed/update/urn%3Ali%3Aactivity%3A7338097676846084096
2025-06-12 15:39:09,LIKE,https://www.linkedin.com/feed/update/urn%3Ali%3Aactivity%3A7338810464195223553
2025-06-12 15:38:59,LIKE,https://www.linkedin.com/feed/update/urn%3Ali%3Aactivity%3A7338860153724661760
2025-06-12 15:37:53,LIKE,https://www.linkedin.com/feed/update/urn%3Ali%3Aactivity%3A7338905129573568513
2025-06-12 12:19:06,LIKE,https://www.linkedin.com/feed/update/urn%3Ali%3AugcPost%3A7338520454669709312
2025-06-12 12:18:52,LIKE,https://www.linkedin.com/feed/update/urn%3Ali%3Aactivity%3A7338792191076528128
2025-06-12 12:18:29,LIKE,https://www.linkedin.com/feed/update/urn%3Ali%3AugcPost%3A7338573112503906309
2025-06-12 12:18:18,LIKE,https://www.linkedin.com/feed/update/urn%3Ali%3AugcPost%3A7338675164135534592
2025-06-12 12:18:08,LIKE,https://www.linkedin.com/feed/update/urn%3Ali%3AugcPost%3A7338773314531729409
2025-06-12 12:17:49,LIKE,https://www.linkedin.com/feed/update/urn%3Ali%3AugcPost%3A7338800677575417857
2025-06-12 12:17:27,LIKE,https://www.linkedin.com/feed/update/urn%3Ali%3AugcPost%3A7338835508371853312
2025-06-12 02:37:53,LIKE,https://www.linkedin.com/feed/update/urn%3Ali%3AugcPost%3A7337688982132035584
2025-06-11 17:31:14,LIKE,https://www.linkedin.com/feed/update/urn%3Ali%3AugcPost%3A7338537497892712449
2025-06-11 17:16:10,LIKE,https://www.linkedin.com/feed/update/urn%3Ali%3Aactivity%3A7338173155171098624
2025-06-11 16:21:11,LIKE,https://www.linkedin.com/feed/update/urn%3Ali%3AugcPost%3A7338475429013381120
2025-06-11 15:58:54,LIKE,https://www.linkedin.com/feed/update/urn%3Ali%3AugcPost%3A7338572002594648066
2025-06-11 15:58:13,LIKE,https://www.linkedin.com/feed/update/urn%3Ali%3AugcPost%3A7338520564354961409
2025-06-11 02:52:20,LIKE,https://www.linkedin.com/feed/update/urn%3Ali%3AugcPost%3A7336958813163462656
2025-06-11 02:52:05,LIKE,https://www.linkedin.com/feed/update/urn%3Ali%3AugcPost%3A7338248581159489537
2025-06-11 02:50:17,LIKE,https://www.linkedin.com/feed/update/urn%3Ali%3AugcPost%3A7338259538791342081
2025-06-11 02:50:12,LIKE,https://www.linkedin.com/feed/update/urn%3Ali%3AugcPost%3A7337912089568546816
2025-06-11 02:49:51,LIKE,https://www.linkedin.com/feed/update/urn%3Ali%3Aactivity%3A7338378546240806912
2025-06-11 02:48:45,LIKE,https://www.linkedin.com/feed/update/urn%3Ali%3AugcPost%3A7338272031194402816
2025-06-10 18:43:03,LIKE,https://www.linkedin.com/feed/update/urn%3Ali%3AugcPost%3A7337381795094515716
2025-06-10 18:39:38,EMPATHY,https://www.linkedin.com/feed/update/urn%3Ali%3AugcPost%3A7338272031194402816?commentUrn=urn%3Ali%3Acomment%3A%28ugcPost%3A7338272031194402816%2C7338272545101533186%29
2025-06-10 18:32:53,LIKE,https://www.linkedin.com/feed/update/urn%3Ali%3AugcPost%3A7338099296661053440
2025-06-10 18:22:22,LIKE,https://www.linkedin.com/feed/update/urn%3Ali%3AugcPost%3A7338216212293672961
2025-06-10 14:46:54,EMPATHY,https://www.linkedin.com/feed/update/urn%3Ali%3AugcPost%3A7330199687322296321?commentUrn=urn%3Ali%3Acomment%3A%28ugcPost%3A7330199687322296321%2C7338089594007015425%29
2025-06-10 14:44:28,EMPATHY,https://www.linkedin.com/feed/update/urn%3Ali%3AugcPost%3A7331797332524494848?commentUrn=urn%3Ali%3Acomment%3A%28ugcPost%3A7331797332524494848%2C7338150599227527168%29
2025-06-10 14:15:15,LIKE,https://www.linkedin.com/feed/update/urn%3Ali%3AugcPost%3A7338097040410742784
2025-06-10 14:14:56,LIKE,https://www.linkedin.com/feed/update/urn%3Ali%3AugcPost%3A7338179470391992321
2025-06-10 14:12:05,LIKE,https://www.linkedin.com/feed/update/urn%3Ali%3AugcPost%3A7338050406838693888
2025-06-10 14:11:14,LIKE,https://www.linkedin.com/feed/update/urn%3Ali%3AugcPost%3A7338149453335273474
2025-06-09 18:31:49,LIKE,https://www.linkedin.com/feed/update/urn%3Ali%3AugcPost%3A7337805409203695617
2025-06-09 18:31:18,LIKE,https://www.linkedin.com/feed/update/urn%3Ali%3AugcPost%3A7337208455427952640
2025-06-09 18:31:15,LIKE,https://www.linkedin.com/feed/update/urn%3Ali%3Aactivity%3A7337436570787958784
2025-06-09 18:31:07,LIKE,https://www.linkedin.com/feed/update/urn%3Ali%3AugcPost%3A7337415309361844225
2025-06-09 18:30:54,LIKE,https://www.linkedin.com/feed/update/urn%3Ali%3AugcPost%3A7337826053110874112
2025-06-09 18:30:48,LIKE,https://www.linkedin.com/feed/update/urn%3Ali%3Aactivity%3A7337811667780526082
2025-06-09 18:30:12,LIKE,https://www.linkedin.com/feed/update/urn%3Ali%3Aactivity%3A7337906448007426048
2025-06-09 18:27:50,LIKE,https://www.linkedin.com/feed/update/urn%3Ali%3AugcPost%3A7337523430012948481
2025-06-09 18:22:09,LIKE,https://www.linkedin.com/feed/update/urn%3Ali%3AugcPost%3A7337843614011506689
2025-06-09 18:21:55,LIKE,https://www.linkedin.com/feed/update/urn%3Ali%3AugcPost%3A7336599127264243713
2025-06-09 18:20:04,LIKE,https://www.linkedin.com/feed/update/urn%3Ali%3AugcPost%3A7337791261019447299
2025-06-09 18:19:23,LIKE,https://www.linkedin.com/feed/update/urn%3Ali%3AugcPost%3A7337904548952334337
2025-06-09 17:06:32,LIKE,https://www.linkedin.com/feed/update/urn%3Ali%3Aactivity%3A7337859977992163332
2025-06-09 14:33:42,LIKE,https://www.linkedin.com/feed/update/urn%3Ali%3AugcPost%3A7337361220334739456
2025-06-09 14:33:41,LIKE,https://www.linkedin.com/feed/update/urn%3Ali%3Aactivity%3A7337448315820646401
2025-06-09 14:33:30,LIKE,https://www.linkedin.com/feed/update/urn%3Ali%3AugcPost%3A7337805420461232130
2025-06-08 11:04:58,LIKE,https://www.linkedin.com/feed/update/urn%3Ali%3Aactivity%3A7333892223341633538
2025-06-08 06:20:47,LIKE,https://www.linkedin.com/feed/update/urn%3Ali%3AugcPost%3A7336678688626831361
2025-06-08 06:19:42,LIKE,https://www.linkedin.com/feed/update/urn%3Ali%3AugcPost%3A7337359998869454848
2025-06-08 03:14:13,LIKE,https://www.linkedin.com/feed/update/urn%3Ali%3AugcPost%3A7334702512681189377
2025-06-08 03:13:48,LIKE,https://www.linkedin.com/feed/update/urn%3Ali%3Aactivity%3A7333140730908991491
2025-06-08 03:11:36,LIKE,https://www.linkedin.com/feed/update/urn%3Ali%3Aactivity%3A7337085932728184832
2025-06-07 17:09:23,LIKE,https://www.linkedin.com/feed/update/urn%3Ali%3AugcPost%3A7337152410013896704
2025-06-07 02:34:40,LIKE,https://www.linkedin.com/feed/update/urn%3Ali%3AugcPost%3A7336833826855235585
2025-06-07 02:27:39,LIKE,https://www.linkedin.com/feed/update/urn%3Ali%3Aactivity%3A7332191336122523649
2025-06-06 20:33:16,LIKE,https://www.linkedin.com/feed/update/urn%3Ali%3AugcPost%3A7308003765268135938
2025-06-06 20:23:10,LIKE,https://www.linkedin.com/feed/update/urn%3Ali%3AugcPost%3A7259235325242224640
2025-06-06 20:21:26,LIKE,https://www.linkedin.com/feed/update/urn%3Ali%3AugcPost%3A7335891222433013762
2025-06-06 19:33:04,LIKE,https://www.linkedin.com/feed/update/urn%3Ali%3Aactivity%3A7334288372938469377
2025-06-06 18:59:50,LIKE,https://www.linkedin.com/feed/update/urn%3Ali%3Aactivity%3A7336138365278294016
2025-06-06 18:58:57,LIKE,https://www.linkedin.com/feed/update/urn%3Ali%3AugcPost%3A7336785319083577345
2025-06-06 18:57:18,LIKE,https://www.linkedin.com/feed/update/urn%3Ali%3AugcPost%3A7336753037186617344
2025-06-06 18:56:44,LIKE,https://www.linkedin.com/feed/update/urn%3Ali%3AgroupPost%3A3063585-7335031186970345474
2025-06-06 18:56:28,LIKE,https://www.linkedin.com/feed/update/urn%3Ali%3Aactivity%3A7333100166519959552
2025-06-06 18:56:18,LIKE,https://www.linkedin.com/feed/update/urn%3Ali%3Aactivity%3A7336277691454713859
2025-06-06 18:55:29,LIKE,https://www.linkedin.com/feed/update/urn%3Ali%3AugcPost%3A7335670051083063296
2025-06-06 18:55:17,LIKE,https://www.linkedin.com/feed/update/urn%3Ali%3Aactivity%3A7336580383364263936
2025-06-06 18:54:54,LIKE,https://www.linkedin.com/feed/update/urn%3Ali%3AugcPost%3A7333001514791141376
2025-06-06 18:54:46,LIKE,https://www.linkedin.com/feed/update/urn%3Ali%3AugcPost%3A7336285716697464832
2025-06-06 18:52:41,LIKE,https://www.linkedin.com/feed/update/urn%3Ali%3Aactivity%3A7336802978583977987
2025-06-06 18:52:08,LIKE,https://www.linkedin.com/feed/update/urn%3Ali%3AugcPost%3A7336776884518641664
2025-06-06 18:51:49,LIKE,https://www.linkedin.com/feed/update/urn%3Ali%3AugcPost%3A7336792179933122560
2025-06-06 18:51:23,LIKE,https://www.linkedin.com/feed/update/urn%3Ali%3AugcPost%3A7336778509777870848
2025-06-06 18:51:07,LIKE,https://www.linkedin.com/feed/update/urn%3Ali%3Aactivity%3A7336770068418039810
2025-06-06 18:50:34,LIKE,https://www.linkedin.com/feed/update/urn%3Ali%3AugcPost%3A7336795880080973827
2025-06-06 14:34:08,LIKE,https://www.linkedin.com/feed/update/urn%3Ali%3Aactivity%3A7336758858683457536
2025-06-06 14:32:09,LIKE,https://www.linkedin.com/feed/update/urn%3Ali%3Aactivity%3A7336014783348989953
2025-06-06 12:13:39,LIKE,https://www.linkedin.com/feed/update/urn%3Ali%3Aactivity%3A7335319925844000770
2025-06-06 12:13:34,LIKE,https://www.linkedin.com/feed/update/urn%3Ali%3Aactivity%3A7335996225814495235
2025-06-06 12:13:06,LIKE,https://www.linkedin.com/feed/update/urn%3Ali%3Aactivity%3A7336588849084612609
2025-06-06 12:12:37,LIKE,https://www.linkedin.com/feed/update/urn%3Ali%3AugcPost%3A7336618551396470787
2025-06-06 12:11:54,LIKE,https://www.linkedin.com/feed/update/urn%3Ali%3AugcPost%3A7336620279378472961
2025-06-06 12:10:36,LIKE,https://www.linkedin.com/feed/update/urn%3Ali%3Aactivity%3A7336723587673870336
2025-06-06 08:40:57,LIKE,https://www.linkedin.com/feed/update/urn%3Ali%3Aactivity%3A7336469108835704832
2025-06-05 18:48:46,LIKE,https://www.linkedin.com/feed/update/urn%3Ali%3Aactivity%3A7336290282872762369
2025-06-05 18:33:35,LIKE,https://www.linkedin.com/feed/update/urn%3Ali%3Aactivity%3A7336452885406212096
2025-06-05 17:21:00,LIKE,https://www.linkedin.com/feed/update/urn%3Ali%3AugcPost%3A7336438776207970305
2025-06-05 16:43:30,LIKE,https://www.linkedin.com/feed/update/urn%3Ali%3Aactivity%3A7335677099766071296
2025-06-05 16:42:38,LIKE,https://www.linkedin.com/feed/update/urn%3Ali%3AugcPost%3A7336337413771800576
2025-06-05 12:42:12,LIKE,https://www.linkedin.com/feed/update/urn%3Ali%3Aactivity%3A7336300559752224769
2025-06-05 12:42:00,LIKE,https://www.linkedin.com/feed/update/urn%3Ali%3Aactivity%3A7336360550722867203
2025-06-05 12:41:50,LIKE,https://www.linkedin.com/feed/update/urn%3Ali%3Aactivity%3A7336361252450889731
2025-06-05 12:41:08,EMPATHY,https://www.linkedin.com/feed/update/urn%3Ali%3AugcPost%3A7335716287056105473?commentUrn=urn%3Ali%3Acomment%3A%28ugcPost%3A7335716287056105473%2C7336347942582136833%29
2025-06-05 02:26:31,LIKE,https://www.linkedin.com/feed/update/urn%3Ali%3Aactivity%3A7336024368273158145
2025-06-05 02:26:15,LIKE,https://www.linkedin.com/feed/update/urn%3Ali%3AugcPost%3A7334692591227092992
2025-06-05 02:26:06,LIKE,https://www.linkedin.com/feed/update/urn%3Ali%3AugcPost%3A7335938808984547328
2025-06-05 02:25:40,LIKE,https://www.linkedin.com/feed/update/urn%3Ali%3Aactivity%3A7334088687229566979
2025-06-05 01:34:20,LIKE,https://www.linkedin.com/feed/update/urn%3Ali%3Aactivity%3A7335948160009134080
2025-06-04 17:05:54,LIKE,https://www.linkedin.com/feed/update/urn%3Ali%3AugcPost%3A7335854165346185216
2025-06-04 14:09:15,LIKE,https://www.linkedin.com/feed/update/urn%3Ali%3AugcPost%3A7335890119813451776
2025-06-04 14:08:50,LIKE,https://www.linkedin.com/feed/update/urn%3Ali%3AugcPost%3A7335975675977252865
2025-06-04 14:08:14,LIKE,https://www.linkedin.com/feed/update/urn%3Ali%3Aactivity%3A7335673341292265473
2025-06-04 13:45:21,LIKE,https://www.linkedin.com/feed/update/urn%3Ali%3Aactivity%3A7335998867764625409
2025-06-04 12:28:49,LIKE,https://www.linkedin.com/feed/update/urn%3Ali%3Aactivity%3A7335998717021319168
2025-06-04 07:14:06,LIKE,https://www.linkedin.com/feed/update/urn%3Ali%3AugcPost%3A7333862689716252673
2025-06-04 07:13:58,LIKE,https://www.linkedin.com/feed/update/urn%3Ali%3AugcPost%3A7335747632755019778
2025-06-04 07:13:54,LIKE,https://www.linkedin.com/feed/update/urn%3Ali%3AugcPost%3A7335645089681031168
2025-06-04 07:13:33,LIKE,https://www.linkedin.com/feed/update/urn%3Ali%3Aactivity%3A7335870424771145728
2025-06-04 07:13:31,LIKE,https://www.linkedin.com/feed/update/urn%3Ali%3AugcPost%3A7335710699735666688
2025-06-04 07:12:46,LIKE,https://www.linkedin.com/feed/update/urn%3Ali%3Aactivity%3A7335652376210489345
2025-06-04 07:09:51,LIKE,https://www.linkedin.com/feed/update/urn%3Ali%3AugcPost%3A7335920968952909824
2025-06-04 07:08:23,LIKE,https://www.linkedin.com/feed/update/urn%3Ali%3AugcPost%3A7333703740937412608
2025-06-04 07:05:31,EMPATHY,https://www.linkedin.com/feed/update/urn%3Ali%3AugcPost%3A7335324472129802240?commentUrn=urn%3Ali%3Acomment%3A%28ugcPost%3A7335324472129802240%2C7335734533528403969%29
2025-06-04 07:04:13,LIKE,https://www.linkedin.com/feed/update/urn%3Ali%3AugcPost%3A7335717429899141121
2025-06-04 07:03:18,LIKE,https://www.linkedin.com/feed/update/urn%3Ali%3AugcPost%3A7335716287056105473
2025-06-03 15:49:34,LIKE,https://www.linkedin.com/feed/update/urn%3Ali%3AugcPost%3A7335655981915222018
2025-06-03 15:49:08,EMPATHY,https://www.linkedin.com/feed/update/urn%3Ali%3AugcPost%3A7319342823105798144?commentUrn=urn%3Ali%3Acomment%3A%28ugcPost%3A7319342823105798144%2C7335693546886238208%29
2025-06-03 15:46:24,LIKE,https://www.linkedin.com/feed/update/urn%3Ali%3AugcPost%3A7335684281677078531
2025-06-03 15:45:22,EMPATHY,https://www.linkedin.com/feed/update/urn%3Ali%3AugcPost%3A7335324472129802240?commentUrn=urn%3Ali%3Acomment%3A%28ugcPost%3A7335324472129802240%2C7335692315270803456%29
2025-06-03 15:30:17,EMPATHY,https://www.linkedin.com/feed/update/urn%3Ali%3AugcPost%3A7335324472129802240?commentUrn=urn%3Ali%3Acomment%3A%28ugcPost%3A7335324472129802240%2C7335689017180512256%29
2025-06-03 12:43:24,EMPATHY,https://www.linkedin.com/feed/update/urn%3Ali%3AugcPost%3A7335324472129802240?commentUrn=urn%3Ali%3Acomment%3A%28ugcPost%3A7335324472129802240%2C7335582123208122368%29
2025-06-03 07:13:12,LIKE,https://www.linkedin.com/feed/update/urn%3Ali%3AugcPost%3A7335321710801408000
2025-06-03 07:12:44,LIKE,https://www.linkedin.com/feed/update/urn%3Ali%3AugcPost%3A7335560572639346688
2025-06-03 07:12:27,LIKE,https://www.linkedin.com/feed/update/urn%3Ali%3AugcPost%3A7335381710001315842
2025-06-03 07:12:24,LIKE,https://www.linkedin.com/feed/update/urn%3Ali%3AugcPost%3A7335374115358273536
2025-06-02 18:21:20,LIKE,https://www.linkedin.com/feed/update/urn%3Ali%3Aactivity%3A7335160762211913729
2025-06-02 18:13:57,LIKE,https://www.linkedin.com/feed/update/urn%3Ali%3Aactivity%3A7335167225340854272
2025-06-02 17:48:35,LIKE,https://www.linkedin.com/feed/update/urn%3Ali%3AugcPost%3A7334902226668134400
2025-06-02 16:45:19,LIKE,https://www.linkedin.com/feed/update/urn%3Ali%3Aactivity%3A7335216935392985088
2025-06-02 16:44:29,LIKE,https://www.linkedin.com/feed/update/urn%3Ali%3Aactivity%3A7335312672395014145
2025-06-02 16:42:56,LIKE,https://www.linkedin.com/feed/update/urn%3Ali%3AugcPost%3A7335313159831896064
2025-06-02 16:42:49,LIKE,https://www.linkedin.com/feed/update/urn%3Ali%3Aactivity%3A7335340700776964097
2025-06-02 16:25:36,LIKE,https://www.linkedin.com/feed/update/urn%3Ali%3AugcPost%3A7335325753103843328
2025-06-02 16:24:59,LIKE,https://www.linkedin.com/feed/update/urn%3Ali%3AugcPost%3A7335324472129802240
2025-06-02 16:23:33,EMPATHY,https://www.linkedin.com/feed/update/urn%3Ali%3AugcPost%3A7335324472129802240?commentUrn=urn%3Ali%3Acomment%3A%28ugcPost%3A7335324472129802240%2C7335336659116273664%29
2025-06-02 16:23:31,EMPATHY,https://www.linkedin.com/feed/update/urn%3Ali%3AugcPost%3A7335324472129802240?commentUrn=urn%3Ali%3Acomment%3A%28ugcPost%3A7335324472129802240%2C7335336689097166848%29
2025-06-02 16:07:37,LIKE,https://www.linkedin.com/feed/update/urn%3Ali%3AugcPost%3A7335328783152885762
2025-06-02 16:03:55,EMPATHY,https://www.linkedin.com/feed/update/urn%3Ali%3AugcPost%3A7335324472129802240?commentUrn=urn%3Ali%3Acomment%3A%28ugcPost%3A7335324472129802240%2C7335334051135819776%29
2025-06-02 15:27:23,LIKE,https://www.linkedin.com/feed/update/urn%3Ali%3AugcPost%3A7335321810680385536
2025-06-02 14:13:33,LIKE,https://www.linkedin.com/feed/update/urn%3Ali%3AugcPost%3A7335303588971220992
2025-06-02 01:09:44,LIKE,https://www.linkedin.com/feed/update/urn%3Ali%3AugcPost%3A7334922700903055360
2025-06-02 01:05:45,EMPATHY,https://www.linkedin.com/feed/update/urn%3Ali%3Aactivity%3A7334995589031493633
2025-06-01 22:07:58,LIKE,https://www.linkedin.com/feed/update/urn%3Ali%3AugcPost%3A7334916609355984896
2025-06-01 22:06:32,LIKE,https://www.linkedin.com/feed/update/urn%3Ali%3AugcPost%3A7282220703158796289
2025-06-01 22:05:25,LIKE,https://www.linkedin.com/feed/update/urn%3Ali%3AugcPost%3A7295852014171799552
2025-06-01 18:50:30,LIKE,https://www.linkedin.com/feed/update/urn%3Ali%3AugcPost%3A7334430160382844928
2025-06-01 18:50:15,LIKE,https://www.linkedin.com/feed/update/urn%3Ali%3AugcPost%3A7334831280015958017
2025-06-01 18:50:05,LIKE,https://www.linkedin.com/feed/update/urn%3Ali%3AugcPost%3A7334999758194790400
2025-06-01 17:14:11,LIKE,https://www.linkedin.com/feed/update/urn%3Ali%3Aactivity%3A7334090607591596032
2025-06-01 17:13:56,LIKE,https://www.linkedin.com/feed/update/urn%3Ali%3AugcPost%3A7333110613247774721
2025-06-01 17:13:53,LIKE,https://www.linkedin.com/feed/update/urn%3Ali%3AugcPost%3A7331340279960035331
2025-06-01 17:13:47,LIKE,https://www.linkedin.com/feed/update/urn%3Ali%3Aactivity%3A7333477205634678784
2025-06-01 17:13:40,LIKE,https://www.linkedin.com/feed/update/urn%3Ali%3Aactivity%3A7334679164060422146
2025-06-01 16:47:46,LIKE,https://www.linkedin.com/feed/update/urn%3Ali%3AugcPost%3A7334598237368037376
2025-06-01 16:47:32,LIKE,https://www.linkedin.com/feed/update/urn%3Ali%3AugcPost%3A7334977212351234048
2025-06-01 16:47:19,LIKE,https://www.linkedin.com/feed/update/urn%3Ali%3AugcPost%3A7332961446131109888
2025-06-01 14:56:47,LIKE,https://www.linkedin.com/feed/update/urn%3Ali%3AugcPost%3A7334903116045185024
2025-06-01 10:57:27,LIKE,https://www.linkedin.com/feed/update/urn%3Ali%3AugcPost%3A7334463878627512322
2025-06-01 10:57:00,LIKE,https://www.linkedin.com/feed/update/urn%3Ali%3Aactivity%3A7334894896400461827
2025-06-01 10:56:43,LIKE,https://www.linkedin.com/feed/update/urn%3Ali%3AugcPost%3A7333430483034308608
2025-06-01 09:54:49,LIKE,https://www.linkedin.com/feed/update/urn%3Ali%3AugcPost%3A7334730035892748291
2025-06-01 09:54:15,LIKE,https://www.linkedin.com/feed/update/urn%3Ali%3Aactivity%3A7334637287240044544
2025-06-01 09:54:08,LIKE,https://www.linkedin.com/feed/update/urn%3Ali%3AugcPost%3A7333213109391618048
2025-06-01 09:47:51,LIKE,https://www.linkedin.com/feed/update/urn%3Ali%3AugcPost%3A7334792614421872640
2025-06-01 09:47:40,LIKE,https://www.linkedin.com/feed/update/urn%3Ali%3Aactivity%3A7334521077898891267
2025-06-01 09:46:42,LIKE,https://www.linkedin.com/feed/update/urn%3Ali%3AugcPost%3A7334409625569546240
2025-06-01 09:41:50,EMPATHY,https://www.linkedin.com/feed/update/urn%3Ali%3AugcPost%3A7334736735874011137?commentUrn=urn%3Ali%3Acomment%3A%28ugcPost%3A7334736735874011137%2C7334874040530071553%29
2025-06-01 08:22:14,EMPATHY,https://www.linkedin.com/feed/update/urn%3Ali%3AugcPost%3A7334736735874011137?commentUrn=urn%3Ali%3Acomment%3A%28ugcPost%3A7334736735874011137%2C7334847390320861186%29
2025-06-01 08:09:09,EMPATHY,https://www.linkedin.com/feed/update/urn%3Ali%3AugcPost%3A7334736735874011137?commentUrn=urn%3Ali%3Acomment%3A%28ugcPost%3A7334736735874011137%2C7334845455714971648%29
2025-06-01 04:13:38,EMPATHY,https://www.linkedin.com/feed/update/urn%3Ali%3AugcPost%3A7334736735874011137?commentUrn=urn%3Ali%3Acomment%3A%28ugcPost%3A7334736735874011137%2C7334758294701387776%29
2025-06-01 04:13:36,EMPATHY,https://www.linkedin.com/feed/update/urn%3Ali%3AugcPost%3A7334736735874011137?commentUrn=urn%3Ali%3Acomment%3A%28ugcPost%3A7334736735874011137%2C7334747685469491200%29
2025-06-01 04:13:34,EMPATHY,https://www.linkedin.com/feed/update/urn%3Ali%3AugcPost%3A7334736735874011137?commentUrn=urn%3Ali%3Acomment%3A%28ugcPost%3A7334736735874011137%2C7334768470695268352%29
2025-06-01 01:52:29,LIKE,https://www.linkedin.com/feed/update/urn%3Ali%3AugcPost%3A7334736735874011137
2025-06-01 00:32:30,LIKE,https://www.linkedin.com/feed/update/urn%3Ali%3AugcPost%3A7334275661735366656
2025-06-01 00:25:36,ENTERTAINMENT,https://www.linkedin.com/feed/update/urn%3Ali%3AugcPost%3A7334254768749481984?commentUrn=urn%3Ali%3Acomment%3A%28ugcPost%3A7334254768749481984%2C7334477411809464320%29
2025-06-01 00:25:22,LIKE,https://www.linkedin.com/feed/update/urn%3Ali%3AugcPost%3A7334254768749481984
2025-06-01 00:23:26,LIKE,https://www.linkedin.com/feed/update/urn%3Ali%3Aactivity%3A7334549226971938816
2025-05-31 23:39:21,LIKE,https://www.linkedin.com/feed/update/urn%3Ali%3AugcPost%3A7334647902138503169
2025-05-31 13:40:06,LIKE,https://www.linkedin.com/feed/update/urn%3Ali%3AugcPost%3A7334458800017444864
2025-05-31 13:39:53,LIKE,https://www.linkedin.com/feed/update/urn%3Ali%3Aactivity%3A7334508284927729664
2025-05-31 07:09:32,LIKE,https://www.linkedin.com/feed/update/urn%3Ali%3Aactivity%3A7333225628034301976
2025-05-31 07:09:15,LIKE,https://www.linkedin.com/feed/update/urn%3Ali%3AugcPost%3A7334281864205000704
2025-05-31 05:51:28,LIKE,https://www.linkedin.com/feed/update/urn%3Ali%3AugcPost%3A7334301923275153409
2025-05-30 16:18:53,LIKE,https://www.linkedin.com/feed/update/urn%3Ali%3AugcPost%3A7333189263812956160
2025-05-30 16:18:41,LIKE,https://www.linkedin.com/feed/update/urn%3Ali%3Aactivity%3A7334186339828920321
2025-05-30 16:18:19,LIKE,https://www.linkedin.com/feed/update/urn%3Ali%3AugcPost%3A7334247153264996352
2025-05-30 16:18:11,LIKE,https://www.linkedin.com/feed/update/urn%3Ali%3AugcPost%3A7334184287665106944
2025-05-30 16:17:25,LIKE,https://www.linkedin.com/feed/update/urn%3Ali%3Aactivity%3A7334229284242227200
2025-05-30 16:17:09,EMPATHY,https://www.linkedin.com/feed/update/urn%3Ali%3AugcPost%3A7334155757916979200?commentUrn=urn%3Ali%3Acomment%3A%28ugcPost%3A7334155757916979200%2C7334242838848659456%29
2025-05-30 16:16:00,LIKE,https://www.linkedin.com/feed/update/urn%3Ali%3AugcPost%3A7333209753747144706
2025-05-30 12:57:46,LIKE,https://www.linkedin.com/feed/update/urn%3Ali%3Aactivity%3A7333960481969238017
2025-05-30 10:22:35,LIKE,https://www.linkedin.com/feed/update/urn%3Ali%3AugcPost%3A7333928926160801793
2025-05-30 10:22:24,LIKE,https://www.linkedin.com/feed/update/urn%3Ali%3AugcPost%3A7333004330251292672
2025-05-30 10:07:24,LIKE,https://www.linkedin.com/feed/update/urn%3Ali%3Aactivity%3A7333595095956443137
2025-05-30 10:07:21,LIKE,https://www.linkedin.com/feed/update/urn%3Ali%3AugcPost%3A7333407650765787136
2025-05-30 10:07:03,LIKE,https://www.linkedin.com/feed/update/urn%3Ali%3AugcPost%3A7331334526478041088
2025-05-30 10:05:01,LIKE,https://www.linkedin.com/feed/update/urn%3Ali%3AugcPost%3A7334026455015731200
2025-05-30 10:04:34,LIKE,https://www.linkedin.com/feed/update/urn%3Ali%3AugcPost%3A7334155757916979200
2025-05-30 10:03:09,LIKE,https://www.linkedin.com/feed/update/urn%3Ali%3AugcPost%3A7331331390107512833
2025-05-30 10:02:48,LIKE,https://www.linkedin.com/feed/update/urn%3Ali%3Aactivity%3A7334147744900468737
2025-05-30 09:59:33,EMPATHY,https://www.linkedin.com/feed/update/urn%3Ali%3AugcPost%3A7333528717433942018?commentUrn=urn%3Ali%3Acomment%3A%28ugcPost%3A7333528717433942018%2C7334101910624387072%29
2025-05-29 19:34:33,LIKE,https://www.linkedin.com/feed/update/urn%3Ali%3AugcPost%3A7333889206462648320
2025-05-29 19:34:05,LIKE,https://www.linkedin.com/feed/update/urn%3Ali%3AugcPost%3A7332315844443594753
2025-05-29 19:33:30,LIKE,https://www.linkedin.com/feed/update/urn%3Ali%3AugcPost%3A7333575655088963584
2025-05-29 19:33:15,LIKE,https://www.linkedin.com/feed/update/urn%3Ali%3Aactivity%3A7333688554696413184
2025-05-29 19:31:37,LIKE,https://www.linkedin.com/feed/update/urn%3Ali%3Aactivity%3A7333756552639602688
2025-05-29 14:47:29,EMPATHY,https://www.linkedin.com/feed/update/urn%3Ali%3Aactivity%3A7333824771496787969?commentUrn=urn%3Ali%3Acomment%3A%28activity%3A7333824771496787969%2C7333863335110643712%29
2025-05-29 14:18:39,LIKE,https://www.linkedin.com/feed/update/urn%3Ali%3AugcPost%3A7333728443173376001
2025-05-29 14:18:19,LIKE,https://www.linkedin.com/feed/update/urn%3Ali%3AugcPost%3A7333469261199298560
2025-05-29 14:17:56,LIKE,https://www.linkedin.com/feed/update/urn%3Ali%3Aactivity%3A7333824771496787969
2025-05-29 14:17:11,LIKE,https://www.linkedin.com/feed/update/urn%3Ali%3Aactivity%3A7333824503552135170
2025-05-28 20:14:41,LIKE,https://www.linkedin.com/feed/update/urn%3Ali%3AugcPost%3A7333528717433942018
2025-05-28 18:25:08,LIKE,https://www.linkedin.com/feed/update/urn%3Ali%3AugcPost%3A7333527655062884352
2025-05-28 16:44:14,EMPATHY,https://www.linkedin.com/feed/update/urn%3Ali%3AugcPost%3A7333528717433942018?commentUrn=urn%3Ali%3Acomment%3A%28ugcPost%3A7333528717433942018%2C7333532020398071811%29
2025-05-28 16:33:18,LIKE,https://www.linkedin.com/feed/update/urn%3Ali%3Aactivity%3A7333511520296812544
2025-05-28 16:33:10,LIKE,https://www.linkedin.com/feed/update/urn%3Ali%3AugcPost%3A7333504267682492416
2025-05-28 16:11:44,LIKE,https://www.linkedin.com/feed/update/urn%3Ali%3AugcPost%3A7331965968627167233
2025-05-28 16:00:02,LIKE,https://www.linkedin.com/feed/update/urn%3Ali%3AugcPost%3A7333511894118436866
2025-05-28 15:09:56,EMPATHY,https://www.linkedin.com/feed/update/urn%3Ali%3AugcPost%3A7333163163594428419?commentUrn=urn%3Ali%3Acomment%3A%28ugcPost%3A7333163163594428419%2C7333473577238761472%29
2025-05-28 14:28:43,LIKE,https://www.linkedin.com/feed/update/urn%3Ali%3AugcPost%3A7333331992207364097
2025-05-28 14:28:20,LIKE,https://www.linkedin.com/feed/update/urn%3Ali%3AugcPost%3A7332068318440247296
2025-05-28 12:31:13,LIKE,https://www.linkedin.com/feed/update/urn%3Ali%3AugcPost%3A7333244219622322178
2025-05-28 12:30:36,LIKE,https://www.linkedin.com/feed/update/urn%3Ali%3Aactivity%3A7333462120837124096
2025-05-28 08:57:07,EMPATHY,https://www.linkedin.com/feed/update/urn%3Ali%3AugcPost%3A7331797332524494848?commentUrn=urn%3Ali%3Acomment%3A%28ugcPost%3A7331797332524494848%2C7333400956702801920%29
2025-05-28 05:26:36,LIKE,https://www.linkedin.com/feed/update/urn%3Ali%3Aactivity%3A7333221286397071360
2025-05-28 05:25:18,LIKE,https://www.linkedin.com/feed/update/urn%3Ali%3Aactivity%3A7333245604396945408
2025-05-28 02:02:53,EMPATHY,https://www.linkedin.com/feed/update/urn%3Ali%3AugcPost%3A7333059104208314368?commentUrn=urn%3Ali%3Acomment%3A%28ugcPost%3A7333059104208314368%2C7333307852133986305%29
2025-05-28 02:02:19,LIKE,https://www.linkedin.com/feed/update/urn%3Ali%3AugcPost%3A7333231578573094915
2025-05-27 20:13:02,LIKE,https://www.linkedin.com/feed/update/urn%3Ali%3AugcPost%3A7333184020786110467
2025-05-27 20:12:56,LIKE,https://www.linkedin.com/feed/update/urn%3Ali%3AugcPost%3A7333203711852167169
2025-05-27 20:12:35,LIKE,https://www.linkedin.com/feed/update/urn%3Ali%3AugcPost%3A7333202134202482688
2025-05-27 18:47:21,LIKE,https://www.linkedin.com/feed/update/urn%3Ali%3AugcPost%3A7333158320972652544
2025-05-27 18:46:59,LIKE,https://www.linkedin.com/feed/update/urn%3Ali%3AugcPost%3A7333160957604495360
2025-05-27 18:46:38,LIKE,https://www.linkedin.com/feed/update/urn%3Ali%3AugcPost%3A7333163163594428419
2025-05-27 17:52:11,LIKE,https://www.linkedin.com/feed/update/urn%3Ali%3Aactivity%3A7333096613017554945
2025-05-27 17:52:03,LIKE,https://www.linkedin.com/feed/update/urn%3Ali%3Aactivity%3A7333152621903425539
2025-05-27 17:51:55,LIKE,https://www.linkedin.com/feed/update/urn%3Ali%3Aactivity%3A7333154233099223043
2025-05-27 17:51:29,LIKE,https://www.linkedin.com/feed/update/urn%3Ali%3Aactivity%3A7333122407701938177
2025-05-27 17:51:13,LIKE,https://www.linkedin.com/feed/update/urn%3Ali%3Aactivity%3A7333101700330762240
2025-05-27 17:51:06,LIKE,https://www.linkedin.com/feed/update/urn%3Ali%3AugcPost%3A7333165302345560066
2025-05-27 17:50:58,LIKE,https://www.linkedin.com/feed/update/urn%3Ali%3AugcPost%3A7333125501982588929
2025-05-27 17:50:42,LIKE,https://www.linkedin.com/feed/update/urn%3Ali%3Aactivity%3A7332980524681936896
2025-05-27 17:50:15,LIKE,https://www.linkedin.com/feed/update/urn%3Ali%3AugcPost%3A7333127936482435074
2025-05-27 17:50:05,LIKE,https://www.linkedin.com/feed/update/urn%3Ali%3Aactivity%3A7333154264317317121
2025-05-27 17:49:39,LIKE,https://www.linkedin.com/feed/update/urn%3Ali%3AugcPost%3A7333174234698915842
2025-05-27 17:35:39,LIKE,https://www.linkedin.com/feed/update/urn%3Ali%3AugcPost%3A7333158776188964864
2025-05-27 17:00:05,EMPATHY,https://www.linkedin.com/feed/update/urn%3Ali%3Aactivity%3A7333099738134667267?commentUrn=urn%3Ali%3Acomment%3A%28activity%3A7333099738134667267%2C7333155216675983361%29
2025-05-27 15:02:35,EMPATHY,https://www.linkedin.com/feed/update/urn%3Ali%3AugcPost%3A7333132819436576768?commentUrn=urn%3Ali%3Acomment%3A%28ugcPost%3A7333132819436576768%2C7333143404266110977%29
2025-05-27 14:44:19,LIKE,https://www.linkedin.com/feed/update/urn%3Ali%3AugcPost%3A7332018907769167872
2025-05-27 14:43:31,LIKE,https://www.linkedin.com/feed/update/urn%3Ali%3AugcPost%3A7333132819436576768
2025-05-27 13:33:53,LIKE,https://www.linkedin.com/feed/update/urn%3Ali%3Aactivity%3A7331156324006658048
2025-05-27 13:33:10,LIKE,https://www.linkedin.com/feed/update/urn%3Ali%3AugcPost%3A7248972125942808576
2025-05-27 13:33:06,LIKE,https://www.linkedin.com/feed/update/urn%3Ali%3AugcPost%3A7248972879806038016
2025-05-27 13:16:06,LIKE,https://www.linkedin.com/feed/update/urn%3Ali%3AugcPost%3A7333091996217024512
2025-05-27 13:15:07,LIKE,https://www.linkedin.com/feed/update/urn%3Ali%3Aactivity%3A7333099738134667267?commentUrn=urn%3Ali%3Acomment%3A%28activity%3A7333099738134667267%2C7333106809886425088%29
2025-05-27 13:14:40,LIKE,https://www.linkedin.com/feed/update/urn%3Ali%3Aactivity%3A7333099738134667267?commentUrn=urn%3Ali%3Acomment%3A%28activity%3A7333099738134667267%2C7333105838552698881%29
2025-05-27 12:25:10,EMPATHY,https://www.linkedin.com/feed/update/urn%3Ali%3AugcPost%3A7333059104208314368?commentUrn=urn%3Ali%3Acomment%3A%28ugcPost%3A7333059104208314368%2C7333096146183041025%29
2025-05-27 12:24:50,LIKE,https://www.linkedin.com/feed/update/urn%3Ali%3Aactivity%3A7333098309592436736
2025-05-27 12:23:39,LIKE,https://www.linkedin.com/feed/update/urn%3Ali%3Aactivity%3A7333099738134667267
2025-05-27 11:39:18,LIKE,https://www.linkedin.com/feed/update/urn%3Ali%3Aactivity%3A7333093738631602178
2025-05-27 09:51:55,LIKE,https://www.linkedin.com/feed/update/urn%3Ali%3AugcPost%3A7333057438775963648
2025-05-27 09:51:37,LIKE,https://www.linkedin.com/feed/update/urn%3Ali%3Aactivity%3A7331333038938759168
2025-05-27 09:50:32,LIKE,https://www.linkedin.com/feed/update/urn%3Ali%3AugcPost%3A7332981459172982784
2025-05-27 09:49:41,EMPATHY,https://www.linkedin.com/feed/update/urn%3Ali%3AugcPost%3A7333060971692732416?commentUrn=urn%3Ali%3Acomment%3A%28ugcPost%3A7333060971692732416%2C7333066074843713537%29
2025-05-27 09:42:31,LIKE,https://www.linkedin.com/feed/update/urn%3Ali%3AugcPost%3A7333057900803739648
2025-05-27 09:41:48,LIKE,https://www.linkedin.com/feed/update/urn%3Ali%3AugcPost%3A7333060971692732416
2025-05-27 09:23:41,LIKE,https://www.linkedin.com/feed/update/urn%3Ali%3AugcPost%3A7333059104208314368
2025-05-27 08:03:53,LIKE,https://www.linkedin.com/feed/update/urn%3Ali%3AugcPost%3A7333003994375565312
2025-05-27 04:29:52,LIKE,https://www.linkedin.com/feed/update/urn%3Ali%3Aactivity%3A7332671057398562817
2025-05-27 04:26:59,LIKE,https://www.linkedin.com/feed/update/urn%3Ali%3Aactivity%3A7329315906340249600
2025-05-27 04:25:07,LIKE,https://www.linkedin.com/feed/update/urn%3Ali%3Aactivity%3A7330904144431513602
2025-05-27 04:24:31,LIKE,https://www.linkedin.com/feed/update/urn%3Ali%3Aactivity%3A7332737327510810625
2025-05-27 04:24:23,LIKE,https://www.linkedin.com/feed/update/urn%3Ali%3AugcPost%3A7331883492613443584
2025-05-27 04:23:47,LIKE,https://www.linkedin.com/feed/update/urn%3Ali%3Aactivity%3A7332791051008589825
2025-05-27 04:22:22,LIKE,https://www.linkedin.com/feed/update/urn%3Ali%3AugcPost%3A7332831739968385025
2025-05-27 04:20:58,LIKE,https://www.linkedin.com/feed/update/urn%3Ali%3AugcPost%3A7332795751875469312
2025-05-27 04:20:46,LIKE,https://www.linkedin.com/feed/update/urn%3Ali%3Aactivity%3A7332844687717720064
2025-05-27 04:18:30,LIKE,https://www.linkedin.com/feed/update/urn%3Ali%3Aactivity%3A7332802648791814144
2025-05-27 04:18:05,LIKE,https://www.linkedin.com/feed/update/urn%3Ali%3AugcPost%3A7332255497607094273
2025-05-27 04:17:21,LIKE,https://www.linkedin.com/feed/update/urn%3Ali%3AugcPost%3A7332809729750040577
2025-05-27 04:17:06,LIKE,https://www.linkedin.com/feed/update/urn%3Ali%3Aactivity%3A7332792408969019393
2025-05-26 14:54:18,EMPATHY,https://www.linkedin.com/feed/update/urn%3Ali%3AugcPost%3A7332765974758055937?commentUrn=urn%3Ali%3Acomment%3A%28ugcPost%3A7332765974758055937%2C7332778194095312899%29
2025-05-26 14:08:56,PRAISE,https://www.linkedin.com/feed/update/urn%3Ali%3AugcPost%3A7332765974758055937
2025-05-26 11:56:03,LIKE,https://www.linkedin.com/feed/update/urn%3Ali%3Aactivity%3A7331212293269028864
2025-05-26 11:55:46,LIKE,https://www.linkedin.com/feed/update/urn%3Ali%3AugcPost%3A7330226484562796544
2025-05-26 11:28:19,LIKE,https://www.linkedin.com/feed/update/urn%3Ali%3AugcPost%3A7332685977984888835
2025-05-26 11:27:49,LIKE,https://www.linkedin.com/feed/update/urn%3Ali%3AugcPost%3A7332721886180646912
2025-05-26 11:27:43,LIKE,https://www.linkedin.com/feed/update/urn%3Ali%3AugcPost%3A7331189638105092096
2025-05-26 11:27:00,LIKE,https://www.linkedin.com/feed/update/urn%3Ali%3AugcPost%3A7332706216927805440
2025-05-26 09:16:47,LIKE,https://www.linkedin.com/feed/update/urn%3Ali%3AugcPost%3A7332664854694035457
2025-05-25 23:27:09,LIKE,https://www.linkedin.com/feed/update/urn%3Ali%3AugcPost%3A7175859607305641984
2025-05-25 23:11:30,LIKE,https://www.linkedin.com/feed/update/urn%3Ali%3AugcPost%3A7253422342897352704
2025-05-25 23:09:51,LIKE,https://www.linkedin.com/feed/update/urn%3Ali%3AugcPost%3A7329844090198470656
2025-05-25 23:08:35,LIKE,https://www.linkedin.com/feed/update/urn%3Ali%3Aactivity%3A7331391411616940033
2025-05-25 23:07:06,LIKE,https://www.linkedin.com/feed/update/urn%3Ali%3Aactivity%3A7329037987449573376
2025-05-25 23:06:03,LIKE,https://www.linkedin.com/feed/update/urn%3Ali%3AugcPost%3A7328482447061331970
2025-05-25 23:03:59,LIKE,https://www.linkedin.com/feed/update/urn%3Ali%3AugcPost%3A7330724460737486848
2025-05-25 23:01:24,LIKE,https://www.linkedin.com/feed/update/urn%3Ali%3Aactivity%3A7329511361854480385
2025-05-25 22:59:37,LIKE,https://www.linkedin.com/feed/update/urn%3Ali%3AugcPost%3A7331416419777093644
2025-05-25 20:38:40,LIKE,https://www.linkedin.com/feed/update/urn%3Ali%3AugcPost%3A7331551822291144705
2025-05-25 20:35:46,LIKE,https://www.linkedin.com/feed/update/urn%3Ali%3Aactivity%3A7328388269786787840
2025-05-25 20:31:19,LIKE,https://www.linkedin.com/feed/update/urn%3Ali%3AugcPost%3A7328357855609110531
2025-05-25 20:28:50,LIKE,https://www.linkedin.com/feed/update/urn%3Ali%3Aactivity%3A7331322187846500352
2025-05-25 20:26:49,LIKE,https://www.linkedin.com/feed/update/urn%3Ali%3AugcPost%3A7332250469232254976
2025-05-25 20:24:08,LIKE,https://www.linkedin.com/feed/update/urn%3Ali%3AugcPost%3A7328056726639824898
2025-05-25 20:22:56,LIKE,https://www.linkedin.com/feed/update/urn%3Ali%3AugcPost%3A7332213522203910144
2025-05-25 20:22:51,LIKE,https://www.linkedin.com/feed/update/urn%3Ali%3AugcPost%3A7331198303356755968
2025-05-25 20:21:37,LIKE,https://www.linkedin.com/feed/update/urn%3Ali%3AugcPost%3A7332449375421366273
2025-05-25 18:08:33,LIKE,https://www.linkedin.com/feed/update/urn%3Ali%3Aactivity%3A7332373475019403264
2025-05-25 17:23:53,LIKE,https://www.linkedin.com/feed/update/urn%3Ali%3Aactivity%3A7332390742327242752
2025-05-25 17:22:45,EMPATHY,https://www.linkedin.com/feed/update/urn%3Ali%3AugcPost%3A7332448238039400448?commentUrn=urn%3Ali%3Acomment%3A%28ugcPost%3A7332448238039400448%2C7332455612238225409%29
2025-05-25 17:13:44,EMPATHY,https://www.linkedin.com/feed/update/urn%3Ali%3AugcPost%3A7332448238039400448
2025-05-25 13:35:49,LIKE,https://www.linkedin.com/feed/update/urn%3Ali%3AugcPost%3A7332376968186736640
2025-05-25 13:33:02,LIKE,https://www.linkedin.com/feed/update/urn%3Ali%3AugcPost%3A7330640355450675201
2025-05-25 13:32:55,LIKE,https://www.linkedin.com/feed/update/urn%3Ali%3AugcPost%3A7331711426534748160
2025-05-25 12:30:30,LIKE,https://www.linkedin.com/feed/update/urn%3Ali%3AugcPost%3A7286351594785320960
2025-05-24 17:52:11,LIKE,https://www.linkedin.com/feed/update/urn%3Ali%3Aactivity%3A7330959299566804993
2025-05-24 17:50:17,LIKE,https://www.linkedin.com/feed/update/urn%3Ali%3Aactivity%3A7328415709498134529
2025-05-24 15:20:52,LIKE,https://www.linkedin.com/feed/update/urn%3Ali%3AugcPost%3A7330746743183069184
2025-05-24 15:20:18,LIKE,https://www.linkedin.com/feed/update/urn%3Ali%3Aactivity%3A7327225962192846848
2025-05-24 15:17:16,LIKE,https://www.linkedin.com/feed/update/urn%3Ali%3Aactivity%3A7330265072990052353
2025-05-24 15:16:49,LIKE,https://www.linkedin.com/feed/update/urn%3Ali%3AugcPost%3A7330959670146203650
2025-05-24 15:13:30,EMPATHY,https://www.linkedin.com/feed/update/urn%3Ali%3AugcPost%3A7331858648207372288?commentUrn=urn%3Ali%3Acomment%3A%28ugcPost%3A7331858648207372288%2C7332043672567390208%29
2025-05-24 15:13:25,EMPATHY,https://www.linkedin.com/feed/update/urn%3Ali%3AugcPost%3A7331858648207372288?commentUrn=urn%3Ali%3Acomment%3A%28ugcPost%3A7331858648207372288%2C7332043246564466688%29
2025-05-24 15:10:49,LIKE,https://www.linkedin.com/feed/update/urn%3Ali%3AugcPost%3A7332020411712299008
2025-05-24 15:09:55,LIKE,https://www.linkedin.com/feed/update/urn%3Ali%3Aactivity%3A7332050851466752000
2025-05-24 13:41:04,LIKE,https://www.linkedin.com/feed/update/urn%3Ali%3AugcPost%3A7332019728334401536
2025-05-24 13:40:51,LIKE,https://www.linkedin.com/feed/update/urn%3Ali%3Aactivity%3A7332012503607955456
2025-05-24 10:00:55,LIKE,https://www.linkedin.com/feed/update/urn%3Ali%3Aactivity%3A7310555226917281792
2025-05-24 10:00:19,EMPATHY,https://www.linkedin.com/feed/update/urn%3Ali%3AugcPost%3A7331797332524494848?commentUrn=urn%3Ali%3Acomment%3A%28ugcPost%3A7331797332524494848%2C7331977562048413697%29
2025-05-24 09:58:50,EMPATHY,https://www.linkedin.com/feed/update/urn%3Ali%3AugcPost%3A7331797332524494848?commentUrn=urn%3Ali%3Acomment%3A%28ugcPost%3A7331797332524494848%2C7331969506853974016%29
2025-05-24 09:02:46,EMPATHY,https://www.linkedin.com/feed/update/urn%3Ali%3AugcPost%3A7331584018074755072?commentUrn=urn%3Ali%3Acomment%3A%28ugcPost%3A7331584018074755072%2C7331964016468131840%29
2025-05-24 08:44:13,EMPATHY,https://www.linkedin.com/feed/update/urn%3Ali%3AugcPost%3A7331797332524494848?commentUrn=urn%3Ali%3Acomment%3A%28ugcPost%3A7331797332524494848%2C7331961068476354561%29
2025-05-24 08:32:14,PRAISE,https://www.linkedin.com/feed/update/urn%3Ali%3Aactivity%3A7331941619874627585
2025-05-24 08:30:53,EMPATHY,https://www.linkedin.com/feed/update/urn%3Ali%3AugcPost%3A7331797332524494848?commentUrn=urn%3Ali%3Acomment%3A%28ugcPost%3A7331797332524494848%2C7331959346794229760%29
2025-05-24 07:12:29,LIKE,https://www.linkedin.com/feed/update/urn%3Ali%3Aactivity%3A7331937011521495041
2025-05-24 06:46:18,LIKE,https://www.linkedin.com/feed/update/urn%3Ali%3Aactivity%3A7330125133640069120
2025-05-24 06:45:22,LIKE,https://www.linkedin.com/feed/update/urn%3Ali%3AugcPost%3A7330641536470188032
2025-05-24 06:41:29,EMPATHY,https://www.linkedin.com/feed/update/urn%3Ali%3AugcPost%3A7331797332524494848?commentUrn=urn%3Ali%3Acomment%3A%28ugcPost%3A7331797332524494848%2C7331928028500987904%29
2025-05-24 05:38:08,LIKE,https://www.linkedin.com/feed/update/urn%3Ali%3Aactivity%3A7331778820477181953
2025-05-24 05:37:07,LIKE,https://www.linkedin.com/feed/update/urn%3Ali%3AugcPost%3A7331290755195445248
2025-05-24 05:36:55,LIKE,https://www.linkedin.com/feed/update/urn%3Ali%3AugcPost%3A7331419103858954240
2025-05-24 05:34:51,EMPATHY,https://www.linkedin.com/feed/update/urn%3Ali%3AugcPost%3A7331797332524494848?commentUrn=urn%3Ali%3Acomment%3A%28ugcPost%3A7331797332524494848%2C7331912147561549824%29
2025-05-24 05:34:07,LIKE,https://www.linkedin.com/feed/update/urn%3Ali%3Aactivity%3A7331786824098410497
2025-05-24 05:02:02,LIKE,https://www.linkedin.com/feed/update/urn%3Ali%3Aactivity%3A7331574625434226691
2025-05-24 05:00:39,LIKE,https://www.linkedin.com/feed/update/urn%3Ali%3Aactivity%3A7330414695209742336
2025-05-24 04:57:23,LIKE,https://www.linkedin.com/feed/update/urn%3Ali%3Aactivity%3A7331880136889319425
2025-05-24 04:54:30,EMPATHY,https://www.linkedin.com/feed/update/urn%3Ali%3AugcPost%3A7331797332524494848?commentUrn=urn%3Ali%3Acomment%3A%28ugcPost%3A7331797332524494848%2C7331893452739108864%29
2025-05-24 04:54:15,EMPATHY,https://www.linkedin.com/feed/update/urn%3Ali%3AugcPost%3A7331797332524494848?commentUrn=urn%3Ali%3Acomment%3A%28ugcPost%3A7331797332524494848%2C7331894814281531392%29
2025-05-24 04:51:44,LIKE,https://www.linkedin.com/feed/update/urn%3Ali%3AugcPost%3A7331858648207372288
2025-05-24 02:05:09,EMPATHY,https://www.linkedin.com/feed/update/urn%3Ali%3AugcPost%3A7331797332524494848?commentUrn=urn%3Ali%3Acomment%3A%28ugcPost%3A7331797332524494848%2C7331861732346261506%29
2025-05-23 21:48:36,LIKE,https://www.linkedin.com/feed/update/urn%3Ali%3Aactivity%3A7331639134022733824
2025-05-23 21:47:15,LIKE,https://www.linkedin.com/feed/update/urn%3Ali%3AugcPost%3A7331797332524494848
2025-05-23 19:09:49,LIKE,https://www.linkedin.com/feed/update/urn%3Ali%3AugcPost%3A7298048141893718016
2025-05-23 19:03:57,LIKE,https://www.linkedin.com/feed/update/urn%3Ali%3AugcPost%3A7323341452053250048
2025-05-23 19:03:08,LIKE,https://www.linkedin.com/feed/update/urn%3Ali%3Aactivity%3A7331746434695766017
2025-05-23 18:59:57,EMPATHY,https://www.linkedin.com/feed/update/urn%3Ali%3AugcPost%3A7331605115285520384?commentUrn=urn%3Ali%3Acomment%3A%28ugcPost%3A7331605115285520384%2C7331742433564643328%29
2025-05-23 18:08:15,LIKE,https://www.linkedin.com/feed/update/urn%3Ali%3Aactivity%3A7331736865114390528
2025-05-23 18:07:35,EMPATHY,https://www.linkedin.com/feed/update/urn%3Ali%3Aactivity%3A7331733432181407744?commentUrn=urn%3Ali%3Acomment%3A%28activity%3A7331733432181407744%2C7331736265584689154%29
2025-05-23 17:34:45,LIKE,https://www.linkedin.com/feed/update/urn%3Ali%3Aactivity%3A7331733432181407744
2025-05-23 12:02:18,LIKE,https://www.linkedin.com/feed/update/urn%3Ali%3AugcPost%3A7331606652158177280
2025-05-23 10:45:31,LIKE,https://www.linkedin.com/feed/update/urn%3Ali%3Aactivity%3A7331133638488588288
2025-05-23 10:31:51,LIKE,https://www.linkedin.com/feed/update/urn%3Ali%3AugcPost%3A7331328500605362176
2025-05-23 10:31:16,LIKE,https://www.linkedin.com/feed/update/urn%3Ali%3AugcPost%3A7331584018074755072
2025-05-23 10:24:58,LIKE,https://www.linkedin.com/feed/update/urn%3Ali%3AugcPost%3A7331605115285520384
2025-05-23 06:13:58,LIKE,https://www.linkedin.com/feed/update/urn%3Ali%3Aactivity%3A7329762677562503169
2025-05-23 06:13:17,LIKE,https://www.linkedin.com/feed/update/urn%3Ali%3AugcPost%3A7331196161040510976
2025-05-23 06:12:55,LIKE,https://www.linkedin.com/feed/update/urn%3Ali%3AugcPost%3A7330865142299054080
2025-05-23 06:12:39,LIKE,https://www.linkedin.com/feed/update/urn%3Ali%3AugcPost%3A7330722063655022592
2025-05-23 03:46:04,LIKE,https://www.linkedin.com/feed/update/urn%3Ali%3AugcPost%3A7330240280417267712
2025-05-23 03:45:09,LIKE,https://www.linkedin.com/feed/update/urn%3Ali%3AugcPost%3A7330125257854312448
2025-05-23 03:42:55,LIKE,https://www.linkedin.com/feed/update/urn%3Ali%3AugcPost%3A7330976165303582721
2025-05-23 03:42:36,LIKE,https://www.linkedin.com/feed/update/urn%3Ali%3AugcPost%3A7327755810128715776
2025-05-22 21:21:28,LIKE,https://www.linkedin.com/feed/update/urn%3Ali%3Aactivity%3A7331351340339658752
2025-05-22 13:58:23,LIKE,https://www.linkedin.com/feed/update/urn%3Ali%3Aactivity%3A7330948002276179969
2025-05-22 13:58:01,LIKE,https://www.linkedin.com/feed/update/urn%3Ali%3Aactivity%3A7331194227386671104
2025-05-22 13:56:50,LIKE,https://www.linkedin.com/feed/update/urn%3Ali%3AugcPost%3A7330126362231361536
2025-05-22 13:56:36,LIKE,https://www.linkedin.com/feed/update/urn%3Ali%3Aactivity%3A7330036876457766912
2025-05-22 13:55:40,LIKE,https://www.linkedin.com/feed/update/urn%3Ali%3Aactivity%3A7330998001496219648
2025-05-22 13:55:25,LIKE,https://www.linkedin.com/feed/update/urn%3Ali%3AugcPost%3A7331162263434813443
2025-05-22 13:54:10,LIKE,https://www.linkedin.com/feed/update/urn%3Ali%3Aactivity%3A7331260909790613505
2025-05-22 13:51:50,LIKE,https://www.linkedin.com/feed/update/urn%3Ali%3Aactivity%3A7330907593030152192
2025-05-22 06:21:03,LIKE,https://www.linkedin.com/feed/update/urn%3Ali%3AugcPost%3A7331030899897102336
2025-05-22 06:18:55,LIKE,https://www.linkedin.com/feed/update/urn%3Ali%3Aactivity%3A7331157930760646658
2025-05-21 17:41:51,LIKE,https://www.linkedin.com/feed/update/urn%3Ali%3Aactivity%3A7330942947716198400
2025-05-21 17:41:08,LIKE,https://www.linkedin.com/feed/update/urn%3Ali%3Aactivity%3A7330968974622384130
2025-05-21 05:31:03,LIKE,https://www.linkedin.com/feed/update/urn%3Ali%3AugcPost%3A7330535346654347264
2025-05-21 05:20:48,LIKE,https://www.linkedin.com/feed/update/urn%3Ali%3Aactivity%3A7330570598747738112
2025-05-21 05:18:10,LIKE,https://www.linkedin.com/feed/update/urn%3Ali%3AugcPost%3A7330522880423710721
2025-05-21 05:14:25,LIKE,https://www.linkedin.com/feed/update/urn%3Ali%3Aactivity%3A7330555179366354946
2025-05-20 13:16:50,LIKE,https://www.linkedin.com/feed/update/urn%3Ali%3AugcPost%3A7330575802691911683
2025-05-20 09:19:35,LIKE,https://www.linkedin.com/feed/update/urn%3Ali%3AugcPost%3A7330199687322296321
2025-05-18 12:17:56,LIKE,https://www.linkedin.com/feed/update/urn%3Ali%3AugcPost%3A7329827523121270784
2025-05-18 12:16:01,LIKE,https://www.linkedin.com/feed/update/urn%3Ali%3Aactivity%3A7298993851925508096
2025-05-18 08:41:20,LIKE,https://www.linkedin.com/feed/update/urn%3Ali%3Aactivity%3A7329785103306354688
2025-05-18 07:47:05,LIKE,https://www.linkedin.com/feed/update/urn%3Ali%3Aactivity%3A7329362555167043584
2025-05-18 07:09:54,LIKE,https://www.linkedin.com/feed/update/urn%3Ali%3Aactivity%3A7329742613337538563
2025-05-18 00:34:06,EMPATHY,https://www.linkedin.com/feed/update/urn%3Ali%3AugcPost%3A7329085673515220992?commentUrn=urn%3Ali%3Acomment%3A%28ugcPost%3A7329085673515220992%2C7329590477832310784%29
2025-05-18 00:33:45,EMPATHY,https://www.linkedin.com/feed/update/urn%3Ali%3AugcPost%3A7325921870115934211?commentUrn=urn%3Ali%3Acomment%3A%28ugcPost%3A7325921870115934211%2C7329589802201178113%29
2025-05-17 18:31:52,EMPATHY,https://www.linkedin.com/feed/update/urn%3Ali%3AugcPost%3A7329085673515220992?commentUrn=urn%3Ali%3Acomment%3A%28ugcPost%3A7329085673515220992%2C7329573065569251328%29
2025-05-17 17:01:10,LIKE,https://www.linkedin.com/feed/update/urn%3Ali%3AugcPost%3A7329520124674146304
2025-05-17 14:34:41,LIKE,https://www.linkedin.com/feed/update/urn%3Ali%3Aactivity%3A7329464672452018178
2025-05-17 14:33:18,LIKE,https://www.linkedin.com/feed/update/urn%3Ali%3AugcPost%3A7329467884663918592
2025-05-17 14:32:38,EMPATHY,https://www.linkedin.com/feed/update/urn%3Ali%3AugcPost%3A7329085673515220992?commentUrn=urn%3Ali%3Acomment%3A%28ugcPost%3A7329085673515220992%2C7329495318595559424%29
2025-05-17 10:42:18,EMPATHY,https://www.linkedin.com/feed/update/urn%3Ali%3AugcPost%3A7329085673515220992?commentUrn=urn%3Ali%3Acomment%3A%28ugcPost%3A7329085673515220992%2C7329456208652709889%29
2025-05-16 20:03:07,LIKE,https://www.linkedin.com/feed/update/urn%3Ali%3AugcPost%3A7329187749742170113
2025-05-16 20:02:56,LIKE,https://www.linkedin.com/feed/update/urn%3Ali%3Aactivity%3A7329218658323369984
2025-05-16 16:43:39,LIKE,https://www.linkedin.com/feed/update/urn%3Ali%3AugcPost%3A7329085673515220992
2025-05-16 15:10:56,LIKE,https://www.linkedin.com/feed/update/urn%3Ali%3Aactivity%3A7328801534153023488
2025-05-16 13:43:27,EMPATHY,https://www.linkedin.com/feed/update/urn%3Ali%3AugcPost%3A7329085673515220992?commentUrn=urn%3Ali%3Acomment%3A%28ugcPost%3A7329085673515220992%2C7329138559565660160%29
2025-05-16 13:27:03,EMPATHY,https://www.linkedin.com/feed/update/urn%3Ali%3AugcPost%3A7329085673515220992?commentUrn=urn%3Ali%3Acomment%3A%28ugcPost%3A7329085673515220992%2C7329128279506874369%29
2025-05-16 13:26:47,EMPATHY,https://www.linkedin.com/feed/update/urn%3Ali%3AugcPost%3A7329085673515220992?commentUrn=urn%3Ali%3Acomment%3A%28ugcPost%3A7329085673515220992%2C7329127069777297408%29
2025-05-16 12:48:23,EMPATHY,https://www.linkedin.com/feed/update/urn%3Ali%3AugcPost%3A7329085673515220992?commentUrn=urn%3Ali%3Acomment%3A%28ugcPost%3A7329085673515220992%2C7329105796858859521%29
2025-05-16 12:48:22,EMPATHY,https://www.linkedin.com/feed/update/urn%3Ali%3AugcPost%3A7329085673515220992?commentUrn=urn%3Ali%3Acomment%3A%28ugcPost%3A7329085673515220992%2C7329109034895106048%29
2025-05-16 12:46:21,EMPATHY,https://www.linkedin.com/feed/update/urn%3Ali%3AugcPost%3A7329085673515220992?commentUrn=urn%3Ali%3Acomment%3A%28ugcPost%3A7329085673515220992%2C7329099976972623872%29
2025-05-16 12:43:36,LIKE,https://www.linkedin.com/feed/update/urn%3Ali%3Aactivity%3A7329113067374411776
2025-05-16 10:51:03,LIKE,https://www.linkedin.com/feed/update/urn%3Ali%3AugcPost%3A7328453799117795328
2025-05-16 10:50:11,LIKE,https://www.linkedin.com/feed/update/urn%3Ali%3AugcPost%3A7328992566757023744
2025-05-16 10:49:28,LIKE,https://www.linkedin.com/feed/update/urn%3Ali%3Aactivity%3A7326961111377895424
2025-05-16 10:31:53,LIKE,https://www.linkedin.com/feed/update/urn%3Ali%3AugcPost%3A7328677548140240897
2025-05-16 10:31:28,LIKE,https://www.linkedin.com/feed/update/urn%3Ali%3AugcPost%3A7328433339856498689
2025-05-16 08:23:36,LIKE,https://www.linkedin.com/feed/update/urn%3Ali%3AugcPost%3A7300352510823649284
2025-05-16 01:02:16,LIKE,https://www.linkedin.com/feed/update/urn%3Ali%3AugcPost%3A7327014329982078977
2025-05-16 01:01:55,LIKE,https://www.linkedin.com/feed/update/urn%3Ali%3AugcPost%3A7328897698206539776
2025-05-16 01:00:24,LIKE,https://www.linkedin.com/feed/update/urn%3Ali%3AugcPost%3A7328833985407541249
2025-05-15 06:26:30,LIKE,https://www.linkedin.com/feed/update/urn%3Ali%3Aactivity%3A7327962057679560705
2025-05-15 06:25:24,LIKE,https://www.linkedin.com/feed/update/urn%3Ali%3Aactivity%3A7327686553269415936
2025-05-15 06:25:15,LIKE,https://www.linkedin.com/feed/update/urn%3Ali%3AugcPost%3A7328098074101198851
2025-05-15 06:25:00,LIKE,https://www.linkedin.com/feed/update/urn%3Ali%3Aactivity%3A7327956320391778304
2025-05-15 06:08:20,LIKE,https://www.linkedin.com/feed/update/urn%3Ali%3AugcPost%3A7328422821578088448
2025-05-15 03:00:06,EMPATHY,https://www.linkedin.com/feed/update/urn%3Ali%3AugcPost%3A7328411981382668289?commentUrn=urn%3Ali%3Acomment%3A%28ugcPost%3A7328411981382668289%2C7328492624728784897%29
2025-05-14 17:26:56,LIKE,https://www.linkedin.com/feed/update/urn%3Ali%3Aactivity%3A7327663687354212352
2025-05-14 17:25:49,LIKE,https://www.linkedin.com/feed/update/urn%3Ali%3AugcPost%3A7327602558498209797
2025-05-14 17:17:10,LIKE,https://www.linkedin.com/feed/update/urn%3Ali%3AugcPost%3A7328213722856931328
2025-05-14 17:15:51,LIKE,https://www.linkedin.com/feed/update/urn%3Ali%3AugcPost%3A7328411981382668289
2025-05-13 17:14:04,LIKE,https://www.linkedin.com/feed/update/urn%3Ali%3Aactivity%3A7328097941737345024
2025-05-13 07:28:51,LIKE,https://www.linkedin.com/feed/update/urn%3Ali%3AugcPost%3A7327879477168955393
2025-05-12 17:00:49,LIKE,https://www.linkedin.com/feed/update/urn%3Ali%3AugcPost%3A7327566992847040512
2025-05-10 21:16:39,LIKE,https://www.linkedin.com/feed/update/urn%3Ali%3Aactivity%3A7326788185500372992
2025-05-10 21:16:15,LIKE,https://www.linkedin.com/feed/update/urn%3Ali%3Aactivity%3A7326980524713889793
2025-05-10 21:15:41,LIKE,https://www.linkedin.com/feed/update/urn%3Ali%3AugcPost%3A7326907691895808000
2025-05-10 21:15:27,LIKE,https://www.linkedin.com/feed/update/urn%3Ali%3AugcPost%3A7327036779432210432
2025-05-10 21:15:06,LIKE,https://www.linkedin.com/feed/update/urn%3Ali%3AugcPost%3A7326807623570259968
2025-05-10 21:14:06,LIKE,https://www.linkedin.com/feed/update/urn%3Ali%3Aactivity%3A7326591868287275009
2025-05-10 16:43:25,LIKE,https://www.linkedin.com/feed/update/urn%3Ali%3Aactivity%3A7310552483968237568
2025-05-10 16:43:14,LIKE,https://www.linkedin.com/feed/update/urn%3Ali%3Aactivity%3A7326822599949185024
2025-05-10 16:43:01,LIKE,https://www.linkedin.com/feed/update/urn%3Ali%3AugcPost%3A7326840296950935552
2025-05-10 14:06:59,LIKE,https://www.linkedin.com/feed/update/urn%3Ali%3AugcPost%3A7326890990542163972
2025-05-09 22:29:11,LIKE,https://www.linkedin.com/feed/update/urn%3Ali%3AugcPost%3A7325142407161774080
2025-05-09 22:27:44,LIKE,https://www.linkedin.com/feed/update/urn%3Ali%3Aactivity%3A7326576322040745986
2025-05-09 22:20:31,LIKE,https://www.linkedin.com/feed/update/urn%3Ali%3AugcPost%3A7318611722850713601
2025-05-09 18:55:49,LIKE,https://www.linkedin.com/feed/update/urn%3Ali%3AugcPost%3A7326604616446439424
2025-05-09 18:55:33,LIKE,https://www.linkedin.com/feed/update/urn%3Ali%3AugcPost%3A7326246981624811520
2025-05-09 18:42:51,LIKE,https://www.linkedin.com/feed/update/urn%3Ali%3Aactivity%3A7324749639008583682
2025-05-09 18:28:39,LIKE,https://www.linkedin.com/feed/update/urn%3Ali%3AugcPost%3A7326605372205531136
2025-05-09 18:26:04,LIKE,https://www.linkedin.com/feed/update/urn%3Ali%3Aactivity%3A7326172766590697473
2025-05-09 17:10:56,LIKE,https://www.linkedin.com/feed/update/urn%3Ali%3AugcPost%3A7326501684828901376
2025-05-09 15:00:23,LIKE,https://www.linkedin.com/feed/update/urn%3Ali%3Aactivity%3A7326527729984532481
2025-05-09 14:58:39,LIKE,https://www.linkedin.com/feed/update/urn%3Ali%3Aactivity%3A7326598266735710210
2025-05-09 14:01:00,LIKE,https://www.linkedin.com/feed/update/urn%3Ali%3AugcPost%3A7234213791888986113
2025-05-09 13:19:38,LIKE,https://www.linkedin.com/feed/update/urn%3Ali%3Aactivity%3A7325448229360123904
2025-05-09 07:24:48,EMPATHY,https://www.linkedin.com/feed/update/urn%3Ali%3AugcPost%3A7322006147077390336?commentUrn=urn%3Ali%3Acomment%3A%28ugcPost%3A7322006147077390336%2C7326466173661839362%29
2025-05-09 07:21:11,LIKE,https://www.linkedin.com/feed/update/urn%3Ali%3Aactivity%3A7326290210680385540
2025-05-09 05:01:01,LIKE,https://www.linkedin.com/feed/update/urn%3Ali%3AugcPost%3A7326465626695245825
2025-05-08 16:33:35,LIKE,https://www.linkedin.com/feed/update/urn%3Ali%3Aactivity%3A7326266232201003010
2025-05-08 09:39:40,LIKE,https://www.linkedin.com/feed/update/urn%3Ali%3Aactivity%3A7326119426737532929
2025-05-08 09:37:35,EMPATHY,https://www.linkedin.com/feed/update/urn%3Ali%3AugcPost%3A7325818850837495809?commentUrn=urn%3Ali%3Acomment%3A%28ugcPost%3A7325818850837495809%2C7326123914437304320%29
2025-05-08 09:36:57,LIKE,https://www.linkedin.com/feed/update/urn%3Ali%3Aactivity%3A7326153993200578561
2025-05-07 23:57:50,EMPATHY,https://www.linkedin.com/feed/update/urn%3Ali%3AugcPost%3A7324172390983176192?commentUrn=urn%3Ali%3Acomment%3A%28ugcPost%3A7324172390983176192%2C7325978906585358336%29
2025-05-07 23:51:42,LIKE,https://www.linkedin.com/feed/update/urn%3Ali%3AugcPost%3A7325083936320065536
2025-05-07 23:48:55,LIKE,https://www.linkedin.com/feed/update/urn%3Ali%3Aactivity%3A7325121709722726401
2025-05-07 23:48:33,EMPATHY,https://www.linkedin.com/feed/update/urn%3Ali%3AugcPost%3A7325605677995823105?commentUrn=urn%3Ali%3Acomment%3A%28ugcPost%3A7325605677995823105%2C7325998043793674241%29
2025-05-07 23:46:38,LIKE,https://www.linkedin.com/feed/update/urn%3Ali%3Aactivity%3A7325390606258610177
2025-05-07 19:13:36,LIKE,https://www.linkedin.com/feed/update/urn%3Ali%3AugcPost%3A7325921870115934211
2025-05-07 17:14:59,LIKE,https://www.linkedin.com/feed/update/urn%3Ali%3AugcPost%3A7325781674259075072
2025-05-07 17:14:35,LIKE,https://www.linkedin.com/feed/update/urn%3Ali%3AugcPost%3A7325831744006356992
2025-05-07 17:14:21,LIKE,https://www.linkedin.com/feed/update/urn%3Ali%3AugcPost%3A7325574341381812225
2025-05-07 17:11:13,LIKE,https://www.linkedin.com/feed/update/urn%3Ali%3AugcPost%3A7325056620730720256
2025-05-07 16:46:57,LIKE,https://www.linkedin.com/feed/update/urn%3Ali%3AugcPost%3A7325818850837495809
2025-05-07 16:45:43,LIKE,https://www.linkedin.com/feed/update/urn%3Ali%3AugcPost%3A7325605677995823105
2025-05-07 16:10:58,LIKE,https://www.linkedin.com/feed/update/urn%3Ali%3Aactivity%3A7325564608310607872
2025-05-07 16:10:51,LIKE,https://www.linkedin.com/feed/update/urn%3Ali%3Aactivity%3A7325613754165972992
2025-05-07 16:03:08,LIKE,https://www.linkedin.com/feed/update/urn%3Ali%3AugcPost%3A7325217202800840706
2025-05-05 03:53:19,LIKE,https://www.linkedin.com/feed/update/urn%3Ali%3Aactivity%3A7323443548077375489
2025-05-05 03:52:37,LIKE,https://www.linkedin.com/feed/update/urn%3Ali%3AugcPost%3A7324914183525834753
2025-05-05 03:48:59,LIKE,https://www.linkedin.com/feed/update/urn%3Ali%3AugcPost%3A7324970508964282379
2025-05-05 03:42:04,LIKE,https://www.linkedin.com/feed/update/urn%3Ali%3AugcPost%3A7320791876763090944
2025-05-05 03:13:53,EMPATHY,https://www.linkedin.com/feed/update/urn%3Ali%3Aactivity%3A7318241254444548096?commentUrn=urn%3Ali%3Acomment%3A%28activity%3A7318241254444548096%2C7324994214675566593%29
2025-05-05 03:07:23,LIKE,https://www.linkedin.com/feed/update/urn%3Ali%3Aactivity%3A7318241254444548096?commentUrn=urn%3Ali%3Acomment%3A%28activity%3A7318241254444548096%2C7324988544144330753%29
2025-05-05 02:34:41,LIKE,https://www.linkedin.com/feed/update/urn%3Ali%3AugcPost%3A7320971772617453568
2025-05-04 20:25:13,LIKE,https://www.linkedin.com/feed/update/urn%3Ali%3AugcPost%3A7323620808185069573
2025-05-04 20:24:45,LIKE,https://www.linkedin.com/feed/update/urn%3Ali%3AugcPost%3A7318445699568648192
2025-05-04 20:24:09,LIKE,https://www.linkedin.com/feed/update/urn%3Ali%3AugcPost%3A7322468795439087616
2025-05-04 13:26:30,LIKE,https://www.linkedin.com/feed/update/urn%3Ali%3AgroupPost%3A7036558-7322097694812913665
2025-05-04 13:23:09,LIKE,https://www.linkedin.com/feed/update/urn%3Ali%3AugcPost%3A7324409355049541633
2025-05-04 13:22:18,LIKE,https://www.linkedin.com/feed/update/urn%3Ali%3AugcPost%3A7324158181876649984
2025-05-04 13:21:26,LIKE,https://www.linkedin.com/feed/update/urn%3Ali%3AugcPost%3A7323798447608774656
2025-05-04 13:17:42,LIKE,https://www.linkedin.com/feed/update/urn%3Ali%3AugcPost%3A7324034826070573056
2025-05-04 13:17:21,LIKE,https://www.linkedin.com/feed/update/urn%3Ali%3Aactivity%3A7324770495487270912
2025-05-04 13:16:25,LIKE,https://www.linkedin.com/feed/update/urn%3Ali%3Aactivity%3A7324769457774465024
2025-05-04 09:45:20,LIKE,https://www.linkedin.com/feed/update/urn%3Ali%3AugcPost%3A7323348955939913729
2025-05-04 09:41:53,LIKE,https://www.linkedin.com/feed/update/urn%3Ali%3AugcPost%3A7324225956103995392
2025-05-04 06:38:50,EMPATHY,https://www.linkedin.com/feed/update/urn%3Ali%3Aactivity%3A7324451345095143424?commentUrn=urn%3Ali%3Acomment%3A%28activity%3A7324451345095143424%2C7324484150193778688%29
2025-05-03 15:59:39,LIKE,https://www.linkedin.com/feed/update/urn%3Ali%3Aactivity%3A7324451345095143424
2025-05-03 08:27:24,EMPATHY,https://www.linkedin.com/feed/update/urn%3Ali%3AugcPost%3A7323350552770207744?commentUrn=urn%3Ali%3Acomment%3A%28ugcPost%3A7323350552770207744%2C7324347701188300800%29
2025-05-03 07:38:02,LIKE,https://www.linkedin.com/feed/update/urn%3Ali%3AugcPost%3A7321968694333480960
2025-05-03 07:09:09,EMPATHY,https://www.linkedin.com/feed/update/urn%3Ali%3AugcPost%3A7324172390983176192?commentUrn=urn%3Ali%3Acomment%3A%28ugcPost%3A7324172390983176192%2C7324314030716735489%29
2025-05-03 05:21:52,LIKE,https://www.linkedin.com/feed/update/urn%3Ali%3AugcPost%3A7323767499097882626
2025-05-03 03:51:12,LIKE,https://www.linkedin.com/feed/update/urn%3Ali%3AugcPost%3A7324172390983176192
2025-05-02 10:04:03,LIKE,https://www.linkedin.com/feed/update/urn%3Ali%3Aactivity%3A7323997180258639873
2025-05-02 07:48:13,LIKE,https://www.linkedin.com/feed/update/urn%3Ali%3Aactivity%3A7323698994084212736
2025-05-02 07:47:25,LIKE,https://www.linkedin.com/feed/update/urn%3Ali%3AugcPost%3A7320424140031574017
2025-05-01 17:57:35,LIKE,https://www.linkedin.com/feed/update/urn%3Ali%3AugcPost%3A7323747772401143808
2025-05-01 15:43:39,LIKE,https://www.linkedin.com/feed/update/urn%3Ali%3AugcPost%3A7321811340237447168
2025-05-01 13:45:17,LIKE,https://www.linkedin.com/feed/update/urn%3Ali%3Aactivity%3A7322952378591141891
2025-05-01 13:45:13,LIKE,https://www.linkedin.com/feed/update/urn%3Ali%3Aactivity%3A7323315190307942400
2025-05-01 13:32:22,LIKE,https://www.linkedin.com/feed/update/urn%3Ali%3Aactivity%3A7323677592409030656
2025-05-01 13:17:30,LIKE,https://www.linkedin.com/feed/update/urn%3Ali%3AugcPost%3A7322966271648481282
2025-05-01 13:11:56,LIKE,https://www.linkedin.com/feed/update/urn%3Ali%3AugcPost%3A7321584425140379652
2025-05-01 13:10:49,EMPATHY,https://www.linkedin.com/feed/update/urn%3Ali%3AugcPost%3A7323605055163486208?commentUrn=urn%3Ali%3Acomment%3A%28ugcPost%3A7323605055163486208%2C7323673869100187648%29
2025-05-01 13:09:40,LIKE,https://www.linkedin.com/feed/update/urn%3Ali%3Aactivity%3A7321510630845231104
2025-05-01 08:00:26,LIKE,https://www.linkedin.com/feed/update/urn%3Ali%3Aactivity%3A7321519277780492288
2025-05-01 07:23:41,LIKE,https://www.linkedin.com/feed/update/urn%3Ali%3AugcPost%3A7323605055163486208
2025-04-30 16:06:22,LIKE,https://www.linkedin.com/feed/update/urn%3Ali%3AugcPost%3A7323308503811481600
2025-04-30 15:36:22,LIKE,https://www.linkedin.com/feed/update/urn%3Ali%3Aactivity%3A7323264693656023057
2025-04-30 15:35:18,LIKE,https://www.linkedin.com/feed/update/urn%3Ali%3AugcPost%3A7323350552770207744
2025-04-30 15:35:03,LIKE,https://www.linkedin.com/feed/update/urn%3Ali%3AugcPost%3A7315696494546767873
2025-04-30 15:33:13,LIKE,https://www.linkedin.com/feed/update/urn%3Ali%3Aactivity%3A7322704616138129408
2025-04-30 15:31:53,LIKE,https://www.linkedin.com/feed/update/urn%3Ali%3AugcPost%3A7323322983140179968
2025-04-30 14:53:54,LIKE,https://www.linkedin.com/feed/update/urn%3Ali%3AugcPost%3A7322871437654999040
2025-04-30 14:53:12,LIKE,https://www.linkedin.com/feed/update/urn%3Ali%3Aactivity%3A7323326627621289986
2025-04-30 08:28:59,LIKE,https://www.linkedin.com/feed/update/urn%3Ali%3Aactivity%3A7323232180912963584
2025-04-30 06:14:32,LIKE,https://www.linkedin.com/feed/update/urn%3Ali%3AugcPost%3A7323210542473428992
2025-04-29 19:07:58,LIKE,https://www.linkedin.com/feed/update/urn%3Ali%3AugcPost%3A7323056201309511680
2025-04-29 19:07:43,LIKE,https://www.linkedin.com/feed/update/urn%3Ali%3Aactivity%3A7322884718780174337
2025-04-29 19:01:28,LIKE,https://www.linkedin.com/feed/update/urn%3Ali%3AugcPost%3A7323038071673782273
2025-04-29 15:57:31,LIKE,https://www.linkedin.com/feed/update/urn%3Ali%3AugcPost%3A7322988694062227456
2025-04-28 14:31:32,LIKE,https://www.linkedin.com/feed/update/urn%3Ali%3AugcPost%3A7321401490877657088
2025-04-28 14:28:42,LIKE,https://www.linkedin.com/feed/update/urn%3Ali%3Aactivity%3A7322473600622432256
2025-04-28 14:27:26,LIKE,https://www.linkedin.com/feed/update/urn%3Ali%3AugcPost%3A7321165403336974336
2025-04-28 14:23:37,LIKE,https://www.linkedin.com/feed/update/urn%3Ali%3Aactivity%3A7321896531446353920
2025-04-28 14:18:15,EMPATHY,https://www.linkedin.com/feed/update/urn%3Ali%3AugcPost%3A7314393109658771457?commentUrn=urn%3Ali%3Acomment%3A%28ugcPost%3A7314393109658771457%2C7322624624888823808%29
2025-04-28 12:46:48,LIKE,https://www.linkedin.com/feed/update/urn%3Ali%3Aactivity%3A7322589789210193921
2025-04-28 12:46:21,LIKE,https://www.linkedin.com/feed/update/urn%3Ali%3Aactivity%3A7322595239150452736
2025-04-28 06:59:21,LIKE,https://www.linkedin.com/feed/update/urn%3Ali%3AugcPost%3A7322155320485552128
2025-04-28 06:58:10,LIKE,https://www.linkedin.com/feed/update/urn%3Ali%3AugcPost%3A7320456699893493761?commentUrn=urn%3Ali%3Acomment%3A%28ugcPost%3A7320456699893493761%2C7320529077629550593%29
2025-04-28 06:57:53,LIKE,https://www.linkedin.com/feed/update/urn%3Ali%3AugcPost%3A7320456699893493761
2025-04-28 06:56:58,LIKE,https://www.linkedin.com/feed/update/urn%3Ali%3AugcPost%3A7322294241039106048
2025-04-28 06:56:26,LIKE,https://www.linkedin.com/feed/update/urn%3Ali%3Aactivity%3A7322321583090384897
2025-04-28 05:52:26,EMPATHY,https://www.linkedin.com/feed/update/urn%3Ali%3AugcPost%3A7320478687017975808?commentUrn=urn%3Ali%3Acomment%3A%28ugcPost%3A7320478687017975808%2C7322432261658689536%29
2025-04-27 16:12:19,LIKE,https://www.linkedin.com/feed/update/urn%3Ali%3AugcPost%3A7322157143103524864
2025-04-27 15:07:42,LIKE,https://www.linkedin.com/feed/update/urn%3Ali%3Aactivity%3A7322231017237336064
2025-04-27 05:53:08,LIKE,https://www.linkedin.com/feed/update/urn%3Ali%3AugcPost%3A7322006147077390336
2025-04-27 04:50:00,LIKE,https://www.linkedin.com/feed/update/urn%3Ali%3AugcPost%3A7321851869604003840
2025-04-27 04:49:28,LIKE,https://www.linkedin.com/feed/update/urn%3Ali%3Aactivity%3A7321538545947410432
2025-04-27 04:48:50,LIKE,https://www.linkedin.com/feed/update/urn%3Ali%3AugcPost%3A7321779234325053440
2025-04-27 04:43:34,LIKE,https://www.linkedin.com/feed/update/urn%3Ali%3AugcPost%3A7321971627838128128
2025-04-27 03:10:32,LIKE,https://www.linkedin.com/feed/update/urn%3Ali%3AugcPost%3A7321985014630375426?commentUrn=urn%3Ali%3Acomment%3A%28ugcPost%3A7321985014630375426%2C7322033383188910080%29
2025-04-27 03:07:19,EMPATHY,https://www.linkedin.com/feed/update/urn%3Ali%3AugcPost%3A7322006147077390336?commentUrn=urn%3Ali%3Acomment%3A%28ugcPost%3A7322006147077390336%2C7322019924091031552%29
2025-04-26 20:40:05,PRAISE,https://www.linkedin.com/feed/update/urn%3Ali%3AugcPost%3A7321985014630375426
2025-04-26 19:24:37,LIKE,https://www.linkedin.com/feed/update/urn%3Ali%3Aactivity%3A7321755203848876033
2025-04-26 19:22:41,LIKE,https://www.linkedin.com/feed/update/urn%3Ali%3AugcPost%3A7321860342802788352
2025-04-26 19:20:21,LIKE,https://www.linkedin.com/feed/update/urn%3Ali%3AugcPost%3A7320478687017975808
2025-04-26 18:53:37,LIKE,https://www.linkedin.com/feed/update/urn%3Ali%3Aactivity%3A7321861698221404161
2025-04-26 18:51:06,LIKE,https://www.linkedin.com/feed/update/urn%3Ali%3AugcPost%3A7321917666338705409
2025-04-26 18:15:18,EMPATHY,https://www.linkedin.com/feed/update/urn%3Ali%3AugcPost%3A7320478687017975808?commentUrn=urn%3Ali%3Acomment%3A%28ugcPost%3A7320478687017975808%2C7321767019589025793%29
2025-04-26 18:14:37,LIKE,https://www.linkedin.com/feed/update/urn%3Ali%3Aactivity%3A7141375252105674752
2025-04-26 18:14:28,LIKE,https://www.linkedin.com/feed/update/urn%3Ali%3Aactivity%3A7145683459850579969
2025-04-26 18:14:22,LIKE,https://www.linkedin.com/feed/update/urn%3Ali%3Aactivity%3A7217493998314119168
2025-04-26 12:25:48,LIKE,https://www.linkedin.com/feed/update/urn%3Ali%3AugcPost%3A7321817402143297536
2025-04-25 19:51:03,LIKE,https://www.linkedin.com/feed/update/urn%3Ali%3Aactivity%3A7321496681575858176
2025-04-25 19:50:52,LIKE,https://www.linkedin.com/feed/update/urn%3Ali%3AugcPost%3A7321556403494572035
2025-04-25 19:49:40,LIKE,https://www.linkedin.com/feed/update/urn%3Ali%3Aactivity%3A7320457665946550276
2025-04-25 19:49:13,LIKE,https://www.linkedin.com/feed/update/urn%3Ali%3AugcPost%3A7321541421855834112
2025-04-25 19:48:36,LIKE,https://www.linkedin.com/feed/update/urn%3Ali%3AugcPost%3A7321514078407933953
2025-04-25 19:47:46,LIKE,https://www.linkedin.com/feed/update/urn%3Ali%3Aactivity%3A7321384941777240064
2025-04-25 19:46:34,LIKE,https://www.linkedin.com/feed/update/urn%3Ali%3AugcPost%3A7320745228489891843
2025-04-25 17:33:45,LIKE,https://www.linkedin.com/feed/update/urn%3Ali%3Aactivity%3A7321138005170118656
2025-04-25 10:14:23,LIKE,https://www.linkedin.com/feed/update/urn%3Ali%3AugcPost%3A7321466654201143297
2025-04-25 08:41:53,LIKE,https://www.linkedin.com/feed/update/urn%3Ali%3Aactivity%3A7321140242709659653
2025-04-24 14:34:48,LIKE,https://www.linkedin.com/feed/update/urn%3Ali%3AugcPost%3A7292214961223655424
2025-04-24 14:34:45,LIKE,https://www.linkedin.com/feed/update/urn%3Ali%3AugcPost%3A7296997836708106240
2025-04-24 14:34:42,LIKE,https://www.linkedin.com/feed/update/urn%3Ali%3Aactivity%3A7304160476299448322
2025-04-24 14:34:32,LIKE,https://www.linkedin.com/feed/update/urn%3Ali%3Aactivity%3A7308469904792301569
2025-04-24 11:29:44,LIKE,https://www.linkedin.com/feed/update/urn%3Ali%3AugcPost%3A7320872201744740352
2025-04-24 11:26:38,LIKE,https://www.linkedin.com/feed/update/urn%3Ali%3AugcPost%3A7312114744159608834
2025-04-24 06:41:35,LIKE,https://www.linkedin.com/feed/update/urn%3Ali%3AugcPost%3A7321020903083978752
2025-04-24 06:38:21,LIKE,https://www.linkedin.com/feed/update/urn%3Ali%3AugcPost%3A7312066909397487616
2025-04-24 06:35:37,LIKE,https://www.linkedin.com/feed/update/urn%3Ali%3Aactivity%3A7321013333740982272
2025-04-24 06:35:09,LIKE,https://www.linkedin.com/feed/update/urn%3Ali%3Aactivity%3A7320998672379338753
2025-04-24 05:57:08,LIKE,https://www.linkedin.com/feed/update/urn%3Ali%3AugcPost%3A7320727864528572416
2025-04-24 05:56:59,LIKE,https://www.linkedin.com/feed/update/urn%3Ali%3AugcPost%3A7317982997478080512
2025-04-24 05:54:34,LIKE,https://www.linkedin.com/feed/update/urn%3Ali%3AugcPost%3A7319019346914103298
2025-04-24 05:50:32,LIKE,https://www.linkedin.com/feed/update/urn%3Ali%3AugcPost%3A7320456112049160215
2025-04-24 05:49:46,LIKE,https://www.linkedin.com/feed/update/urn%3Ali%3AugcPost%3A7318025127860793344
2025-04-24 05:49:16,LIKE,https://www.linkedin.com/feed/update/urn%3Ali%3AugcPost%3A7317990854655184896
2025-04-24 05:48:44,LIKE,https://www.linkedin.com/feed/update/urn%3Ali%3AugcPost%3A7320693998187069441
2025-04-24 05:48:26,LIKE,https://www.linkedin.com/feed/update/urn%3Ali%3AugcPost%3A7317017282256220160
2025-04-24 05:45:05,LIKE,https://www.linkedin.com/feed/update/urn%3Ali%3AugcPost%3A7317125577289719808
2025-04-24 05:40:51,LIKE,https://www.linkedin.com/feed/update/urn%3Ali%3AugcPost%3A7320478687017975808?commentUrn=urn%3Ali%3Acomment%3A%28ugcPost%3A7320478687017975808%2C7320821877097058305%29
2025-04-23 17:17:48,LIKE,https://www.linkedin.com/feed/update/urn%3Ali%3AugcPost%3A7318188974756311040
2025-04-23 17:17:46,LIKE,https://www.linkedin.com/feed/update/urn%3Ali%3AugcPost%3A7318574004271726592
2025-04-23 17:17:43,LIKE,https://www.linkedin.com/feed/update/urn%3Ali%3AugcPost%3A7318873160483762177
2025-04-23 17:14:33,LIKE,https://www.linkedin.com/feed/update/urn%3Ali%3AugcPost%3A7320300168849825793
2025-04-23 17:13:56,LIKE,https://www.linkedin.com/feed/update/urn%3Ali%3AugcPost%3A7320842711287169024
2025-04-23 17:12:30,LIKE,https://www.linkedin.com/feed/update/urn%3Ali%3AugcPost%3A7279184845266710530
2025-04-23 13:25:11,LIKE,https://www.linkedin.com/feed/update/urn%3Ali%3Aactivity%3A7320774057103114240
2025-04-23 13:24:42,LIKE,https://www.linkedin.com/feed/update/urn%3Ali%3AugcPost%3A7320725953901391873
2025-04-23 13:23:10,LIKE,https://www.linkedin.com/feed/update/urn%3Ali%3AugcPost%3A7320259410092601344
2025-04-23 13:22:26,LIKE,https://www.linkedin.com/feed/update/urn%3Ali%3Aactivity%3A7320140385509339136
2025-04-23 13:21:43,LIKE,https://www.linkedin.com/feed/update/urn%3Ali%3AugcPost%3A7318663011768905729
2025-04-23 06:14:33,LIKE,https://www.linkedin.com/feed/update/urn%3Ali%3AugcPost%3A7318084034608119809
2025-04-23 02:22:23,EMPATHY,https://www.linkedin.com/feed/update/urn%3Ali%3AugcPost%3A7319342823105798144?commentUrn=urn%3Ali%3Acomment%3A%28ugcPost%3A7319342823105798144%2C7320457319517949952%29
2025-04-22 19:15:52,EMPATHY,https://www.linkedin.com/feed/update/urn%3Ali%3AugcPost%3A7320478687017975808?commentUrn=urn%3Ali%3Acomment%3A%28ugcPost%3A7320478687017975808%2C7320521103360110592%29
2025-04-22 17:35:07,LIKE,https://www.linkedin.com/feed/update/urn%3Ali%3AugcPost%3A7320478687017975808?commentUrn=urn%3Ali%3Acomment%3A%28ugcPost%3A7320478687017975808%2C7320499798766145536%29
2025-04-22 16:58:42,EMPATHY,https://www.linkedin.com/feed/update/urn%3Ali%3AugcPost%3A7320478687017975808?commentUrn=urn%3Ali%3Acomment%3A%28ugcPost%3A7320478687017975808%2C7320484520695095296%29
2025-04-22 15:07:00,EMPATHY,https://www.linkedin.com/feed/update/urn%3Ali%3AugcPost%3A7319087304524943360?commentUrn=urn%3Ali%3Acomment%3A%28ugcPost%3A7319087304524943360%2C7320457455715373056%29
2025-04-22 15:06:24,LIKE,https://www.linkedin.com/feed/update/urn%3Ali%3AugcPost%3A7319087304524943360
2025-04-22 14:26:48,INTEREST,https://www.linkedin.com/feed/update/urn%3Ali%3Aactivity%3A7320432676878909440?commentUrn=urn%3Ali%3Acomment%3A%28activity%3A7320432676878909440%2C7320449883830652929%29
2025-04-22 12:12:13,EMPATHY,https://www.linkedin.com/feed/update/urn%3Ali%3Aactivity%3A7320036710233313280?commentUrn=urn%3Ali%3Acomment%3A%28activity%3A7320036710233313280%2C7320418876410789888%29
2025-04-22 10:52:10,LIKE,https://www.linkedin.com/feed/update/urn%3Ali%3Aactivity%3A7320375995029491712
2025-04-22 10:24:57,LIKE,https://www.linkedin.com/feed/update/urn%3Ali%3Aactivity%3A7320379719609126912
2025-04-22 10:23:13,LIKE,https://www.linkedin.com/feed/update/urn%3Ali%3AugcPost%3A7320146462359588865
2025-04-22 06:52:34,LIKE,https://www.linkedin.com/feed/update/urn%3Ali%3AugcPost%3A7320333578427351040
2025-04-22 06:51:14,LIKE,https://www.linkedin.com/feed/update/urn%3Ali%3AugcPost%3A7317955075291631616
2025-04-22 06:50:30,LIKE,https://www.linkedin.com/feed/update/urn%3Ali%3AugcPost%3A7320328925677527040
2025-04-22 05:59:44,LIKE,https://www.linkedin.com/feed/update/urn%3Ali%3AugcPost%3A7320298549965991937
2025-04-22 05:59:31,LIKE,https://www.linkedin.com/feed/update/urn%3Ali%3AugcPost%3A7319919974670557184
2025-04-22 04:26:03,LIKE,https://www.linkedin.com/feed/update/urn%3Ali%3Aactivity%3A7320036710233313280
2025-04-22 00:20:32,LIKE,https://www.linkedin.com/feed/update/urn%3Ali%3Aactivity%3A7320117589676822529
2025-04-22 00:08:46,LIKE,https://www.linkedin.com/feed/update/urn%3Ali%3AugcPost%3A7319863240040013825
2025-04-22 00:07:19,LIKE,https://www.linkedin.com/feed/update/urn%3Ali%3AugcPost%3A7317963787066646528
2025-04-21 23:40:18,EMPATHY,https://www.linkedin.com/feed/update/urn%3Ali%3AugcPost%3A7320146462359588865?commentUrn=urn%3Ali%3Acomment%3A%28ugcPost%3A7320146462359588865%2C7320221192815022081%29
2025-04-21 23:34:07,LIKE,https://www.linkedin.com/feed/update/urn%3Ali%3Aactivity%3A7320052154419847168
2025-04-21 11:48:47,LIKE,https://www.linkedin.com/feed/update/urn%3Ali%3AugcPost%3A7319889961665683457
2025-04-21 11:48:07,LIKE,https://www.linkedin.com/feed/update/urn%3Ali%3AugcPost%3A7317524835159396353
2025-04-21 10:46:35,LIKE,https://www.linkedin.com/feed/update/urn%3Ali%3Aactivity%3A7319993904613756928
2025-04-21 09:00:42,LIKE,https://www.linkedin.com/feed/update/urn%3Ali%3Aactivity%3A7319269001358962688
2025-04-21 08:55:31,LIKE,https://www.linkedin.com/feed/update/urn%3Ali%3AugcPost%3A7320005855083446273
2025-04-21 08:12:48,LIKE,https://www.linkedin.com/feed/update/urn%3Ali%3AugcPost%3A7285643638821339136
2025-04-20 16:27:37,LIKE,https://www.linkedin.com/feed/update/urn%3Ali%3Aactivity%3A7319412910135398400
2025-04-20 16:26:25,LIKE,https://www.linkedin.com/feed/update/urn%3Ali%3Aactivity%3A7318299318610759680
2025-04-19 17:57:48,LIKE,https://www.linkedin.com/feed/update/urn%3Ali%3AugcPost%3A7319342823105798144
2025-04-19 17:57:04,LIKE,https://www.linkedin.com/feed/update/urn%3Ali%3Aactivity%3A7319394266227572736
2025-04-19 16:03:18,LIKE,https://www.linkedin.com/feed/update/urn%3Ali%3Aactivity%3A7318241254444548096
2025-04-19 15:24:24,LIKE,https://www.linkedin.com/feed/update/urn%3Ali%3AugcPost%3A7319257864584290304
2025-04-19 15:21:31,LIKE,https://www.linkedin.com/feed/update/urn%3Ali%3Aactivity%3A7319377369163546624
2025-04-19 15:15:44,LIKE,https://www.linkedin.com/feed/update/urn%3Ali%3AugcPost%3A7319376429077434368
2025-04-19 12:54:32,LIKE,https://www.linkedin.com/feed/update/urn%3Ali%3AugcPost%3A7318578895442571264
2025-04-19 04:13:12,LIKE,https://www.linkedin.com/feed/update/urn%3Ali%3Aactivity%3A7318966551032782849
2025-04-18 20:23:01,EMPATHY,https://www.linkedin.com/feed/update/urn%3Ali%3AugcPost%3A7319087304524943360?commentUrn=urn%3Ali%3Acomment%3A%28ugcPost%3A7319087304524943360%2C7319089404046635008%29
2025-04-18 20:20:24,LIKE,https://www.linkedin.com/feed/update/urn%3Ali%3AugcPost%3A7319067473490706432
2025-04-18 20:19:05,LIKE,https://www.linkedin.com/feed/update/urn%3Ali%3AugcPost%3A7318187967137701888
2025-04-18 11:27:43,LIKE,https://www.linkedin.com/feed/update/urn%3Ali%3Aactivity%3A7318922985132683264
2025-04-18 11:13:38,LIKE,https://www.linkedin.com/feed/update/urn%3Ali%3AugcPost%3A7318951362493325312
2025-04-18 06:56:48,LIKE,https://www.linkedin.com/feed/update/urn%3Ali%3AugcPost%3A7317184627486466048
2025-04-18 05:48:46,LIKE,https://www.linkedin.com/feed/update/urn%3Ali%3AugcPost%3A7318848193004195840
2025-04-17 16:13:08,LIKE,https://www.linkedin.com/feed/update/urn%3Ali%3AugcPost%3A7317965985380986880
2025-04-17 14:17:44,LIKE,https://www.linkedin.com/feed/update/urn%3Ali%3Aactivity%3A7318302209035644929
2025-04-17 14:17:14,LIKE,https://www.linkedin.com/feed/update/urn%3Ali%3AugcPost%3A7318610245251936256
2025-04-17 14:12:43,LIKE,https://www.linkedin.com/feed/update/urn%3Ali%3Aactivity%3A7318624889387544576
2025-04-17 04:27:16,LIKE,https://www.linkedin.com/feed/update/urn%3Ali%3Aactivity%3A7318266472777027585
2025-04-16 19:18:03,ENTERTAINMENT,https://www.linkedin.com/feed/update/urn%3Ali%3Aactivity%3A7317252547226836992
2025-04-16 19:17:23,LIKE,https://www.linkedin.com/feed/update/urn%3Ali%3AugcPost%3A7300560938963750915
2025-04-16 19:16:49,LIKE,https://www.linkedin.com/feed/update/urn%3Ali%3Aactivity%3A7318194036081635331
2025-04-16 08:30:10,LIKE,https://www.linkedin.com/feed/update/urn%3Ali%3Aactivity%3A7318153771132321792
2025-04-15 17:39:49,LIKE,https://www.linkedin.com/feed/update/urn%3Ali%3Aactivity%3A7317878491285217280
2025-04-15 12:50:09,LIKE,https://www.linkedin.com/feed/update/urn%3Ali%3AugcPost%3A7259398450968997889
2025-04-15 12:50:06,LIKE,https://www.linkedin.com/feed/update/urn%3Ali%3AugcPost%3A7261701356850139137
2025-04-15 09:40:52,LIKE,https://www.linkedin.com/feed/update/urn%3Ali%3Aactivity%3A7317690134764605440
2025-04-15 07:21:02,LIKE,https://www.linkedin.com/feed/update/urn%3Ali%3AugcPost%3A7317802411509637120
2025-04-15 07:20:49,LIKE,https://www.linkedin.com/feed/update/urn%3Ali%3AugcPost%3A7317561604953239552
2025-04-14 17:51:50,LIKE,https://www.linkedin.com/feed/update/urn%3Ali%3Aactivity%3A7317603109176844290
2025-04-14 14:51:19,LIKE,https://www.linkedin.com/feed/update/urn%3Ali%3Aactivity%3A7317241670712926209
2025-04-14 13:47:59,LIKE,https://www.linkedin.com/feed/update/urn%3Ali%3AugcPost%3A7317539231705223168
2025-04-14 05:58:36,LIKE,https://www.linkedin.com/feed/update/urn%3Ali%3AugcPost%3A7316526821003481089
2025-04-14 03:38:36,LIKE,https://www.linkedin.com/feed/update/urn%3Ali%3AugcPost%3A7316490494367199233
2025-04-13 03:48:05,LIKE,https://www.linkedin.com/feed/update/urn%3Ali%3AugcPost%3A7316695696701640704
2025-04-13 03:38:38,LIKE,https://www.linkedin.com/feed/update/urn%3Ali%3AugcPost%3A7316308537943429120
2025-04-12 09:33:25,LIKE,https://www.linkedin.com/feed/update/urn%3Ali%3AugcPost%3A7316525256246972416
2025-04-11 17:47:36,LIKE,https://www.linkedin.com/feed/update/urn%3Ali%3Aactivity%3A7316510446537121793
2025-04-11 17:46:06,LIKE,https://www.linkedin.com/feed/update/urn%3Ali%3Aactivity%3A7312839923923832832
2025-04-11 17:46:03,LIKE,https://www.linkedin.com/feed/update/urn%3Ali%3AugcPost%3A7314393109658771457
2025-04-11 16:09:04,LIKE,https://www.linkedin.com/feed/update/urn%3Ali%3AugcPost%3A7316282909508743168
2025-04-11 15:48:03,LIKE,https://www.linkedin.com/feed/update/urn%3Ali%3AugcPost%3A7316189423178502146
2025-04-11 15:47:47,LIKE,https://www.linkedin.com/feed/update/urn%3Ali%3AugcPost%3A7316403060908388354
2025-04-10 19:00:18,LIKE,https://www.linkedin.com/feed/update/urn%3Ali%3Aactivity%3A7235904112003837952
2025-04-10 18:59:32,LIKE,https://www.linkedin.com/feed/update/urn%3Ali%3AugcPost%3A7316167843304067075
2025-04-10 07:37:47,LIKE,https://www.linkedin.com/feed/update/urn%3Ali%3AugcPost%3A7314300110455115777
2025-04-10 07:16:50,LIKE,https://www.linkedin.com/feed/update/urn%3Ali%3AugcPost%3A7315690615852134401
2025-04-09 03:50:57,LIKE,https://www.linkedin.com/feed/update/urn%3Ali%3Aactivity%3A7315020232366997506
2025-04-07 02:15:39,LIKE,https://www.linkedin.com/feed/update/urn%3Ali%3AugcPost%3A7314201803242229760
2025-04-06 10:39:57,LIKE,https://www.linkedin.com/feed/update/urn%3Ali%3AugcPost%3A7314534838626107394
2025-04-06 04:44:35,LIKE,https://www.linkedin.com/feed/update/urn%3Ali%3AugcPost%3A7314507940328058880
2025-04-06 04:41:53,LIKE,https://www.linkedin.com/feed/update/urn%3Ali%3AugcPost%3A7305668081614209024
2025-04-05 15:22:48,LIKE,https://www.linkedin.com/feed/update/urn%3Ali%3Aactivity%3A7314266996320133121
2025-04-05 15:02:29,LIKE,https://www.linkedin.com/feed/update/urn%3Ali%3Aactivity%3A7314264825553985536
2025-04-05 15:00:19,LIKE,https://www.linkedin.com/feed/update/urn%3Ali%3AugcPost%3A7313386048493862912
2025-04-05 08:31:09,LIKE,https://www.linkedin.com/feed/update/urn%3Ali%3AugcPost%3A7314182970158817280
2025-04-05 05:11:52,LIKE,https://www.linkedin.com/feed/update/urn%3Ali%3AugcPost%3A7302369851778428928
2025-04-04 13:15:36,LIKE,https://www.linkedin.com/feed/update/urn%3Ali%3AugcPost%3A7311730368657723393
2025-04-04 13:13:10,LIKE,https://www.linkedin.com/feed/update/urn%3Ali%3Aactivity%3A7313530619362258945
2025-04-03 10:25:21,LIKE,https://www.linkedin.com/feed/update/urn%3Ali%3Aactivity%3A7312448454268436480
2025-04-03 10:20:11,LIKE,https://www.linkedin.com/feed/update/urn%3Ali%3Aactivity%3A7312863861282390016
2025-04-01 09:23:27,LIKE,https://www.linkedin.com/feed/update/urn%3Ali%3AugcPost%3A7309175054473252865
2025-04-01 09:23:23,LIKE,https://www.linkedin.com/feed/update/urn%3Ali%3AugcPost%3A7303267253360177152
2025-03-31 15:28:10,LIKE,https://www.linkedin.com/feed/update/urn%3Ali%3Aactivity%3A7310002883515604992
2025-03-30 16:09:35,LIKE,https://www.linkedin.com/feed/update/urn%3Ali%3AugcPost%3A7309995139072991234
2025-03-30 15:41:53,LIKE,https://www.linkedin.com/feed/update/urn%3Ali%3Aactivity%3A7310495719465865216
2025-03-30 07:40:41,LIKE,https://www.linkedin.com/feed/update/urn%3Ali%3Aactivity%3A7311733891923345409
2025-03-27 07:25:12,LIKE,https://www.linkedin.com/feed/update/urn%3Ali%3AugcPost%3A7309244509907734528
2025-03-23 15:28:38,LIKE,https://www.linkedin.com/feed/update/urn%3Ali%3AugcPost%3A7309298564742946817
2025-03-23 15:26:59,LIKE,https://www.linkedin.com/feed/update/urn%3Ali%3Aactivity%3A7309415121326325761
2025-03-22 19:15:38,LIKE,https://www.linkedin.com/feed/update/urn%3Ali%3Aactivity%3A7309197159189381122
2025-03-21 12:41:40,LIKE,https://www.linkedin.com/feed/update/urn%3Ali%3Aactivity%3A7308759295599267840
2025-03-20 15:45:19,LIKE,https://www.linkedin.com/feed/update/urn%3Ali%3Aactivity%3A7304856227153330176
2025-03-20 15:43:06,LIKE,https://www.linkedin.com/feed/update/urn%3Ali%3AugcPost%3A7300148332666961921
2025-03-20 15:40:45,LIKE,https://www.linkedin.com/feed/update/urn%3Ali%3Aactivity%3A7308509891889913859
2025-03-20 15:32:57,LIKE,https://www.linkedin.com/feed/update/urn%3Ali%3Aactivity%3A7287508135223640064
2025-03-20 15:32:50,LIKE,https://www.linkedin.com/feed/update/urn%3Ali%3Aactivity%3A7304162484473446401
2025-03-20 15:29:34,LIKE,https://www.linkedin.com/feed/update/urn%3Ali%3AugcPost%3A7307407495952539648
2025-03-20 15:28:54,LIKE,https://www.linkedin.com/feed/update/urn%3Ali%3AugcPost%3A7308077358329069570
2025-03-20 15:28:00,LIKE,https://www.linkedin.com/feed/update/urn%3Ali%3Aactivity%3A7304135629309710336
2025-03-20 04:37:52,LIKE,https://www.linkedin.com/feed/update/urn%3Ali%3AugcPost%3A7301850596079280128
2025-03-20 04:31:19,LIKE,https://www.linkedin.com/feed/update/urn%3Ali%3AugcPost%3A7306737584263548929
2025-02-26 04:50:00,LIKE,https://www.linkedin.com/feed/update/urn%3Ali%3Aactivity%3A7299790222089695232
2025-02-26 04:34:50,LIKE,https://www.linkedin.com/feed/update/urn%3Ali%3AugcPost%3A7299867520537104384
2025-02-26 04:33:46,LIKE,https://www.linkedin.com/feed/update/urn%3Ali%3Aactivity%3A7295788839367761921
2025-02-26 04:30:16,LIKE,https://www.linkedin.com/feed/update/urn%3Ali%3AugcPost%3A7299482609921798147
2025-02-25 15:03:39,LIKE,https://www.linkedin.com/feed/update/urn%3Ali%3AugcPost%3A7299736180810534912
2025-02-25 14:37:46,LIKE,https://www.linkedin.com/feed/update/urn%3Ali%3AugcPost%3A7300075681005109248
2025-02-09 14:48:15,LIKE,https://www.linkedin.com/feed/update/urn%3Ali%3AugcPost%3A7289721173997760513
2025-01-27 17:47:52,LIKE,https://www.linkedin.com/feed/update/urn%3Ali%3AugcPost%3A7289281492583596032
2025-01-26 05:12:42,LIKE,https://www.linkedin.com/feed/update/urn%3Ali%3AugcPost%3A7288980084911222784
2025-01-25 17:20:34,LIKE,https://www.linkedin.com/feed/update/urn%3Ali%3Aactivity%3A7288538624344707072
2025-01-18 15:44:36,LIKE,https://www.linkedin.com/feed/update/urn%3Ali%3AugcPost%3A7286385250136399873
2025-01-16 15:29:37,LIKE,https://www.linkedin.com/feed/update/urn%3Ali%3Aactivity%3A7285646399415701505
2025-01-16 13:10:35,LIKE,https://www.linkedin.com/feed/update/urn%3Ali%3Aactivity%3A7283174291532120064
2025-01-15 16:18:02,LIKE,https://www.linkedin.com/feed/update/urn%3Ali%3AugcPost%3A7284934499056984065
2025-01-15 10:36:33,LIKE,https://www.linkedin.com/feed/update/urn%3Ali%3AugcPost%3A7123365145220714496
2025-01-15 10:34:33,LIKE,https://www.linkedin.com/feed/update/urn%3Ali%3AugcPost%3A7246999545098706944
2025-01-15 09:16:10,LIKE,https://www.linkedin.com/feed/update/urn%3Ali%3Aactivity%3A7285199741108342786
2025-01-14 17:47:14,LIKE,https://www.linkedin.com/feed/update/urn%3Ali%3Aactivity%3A7280173085041778688
2025-01-08 04:53:23,LIKE,https://www.linkedin.com/feed/update/urn%3Ali%3Aactivity%3A7281972316979257344
2025-01-08 03:43:11,LIKE,https://www.linkedin.com/feed/update/urn%3Ali%3Aactivity%3A7280825210830757889
2025-01-08 03:39:43,LIKE,https://www.linkedin.com/feed/update/urn%3Ali%3Aactivity%3A7277140577526206464
2025-01-08 03:39:10,LIKE,https://www.linkedin.com/feed/update/urn%3Ali%3AugcPost%3A7280633228795822080
2025-01-08 03:17:12,LIKE,https://www.linkedin.com/feed/update/urn%3Ali%3Aactivity%3A7270755736043872257
2025-01-04 05:29:53,LIKE,https://www.linkedin.com/feed/update/urn%3Ali%3Aactivity%3A7274449437878312961
2024-12-11 08:30:16,LIKE,https://www.linkedin.com/feed/update/urn%3Ali%3AugcPost%3A7271589291267399680
2024-12-11 08:29:36,LIKE,https://www.linkedin.com/feed/update/urn%3Ali%3Aactivity%3A7267583630791573504
2024-12-11 08:29:16,LIKE,https://www.linkedin.com/feed/update/urn%3Ali%3AugcPost%3A7263473490006016000
2024-12-08 11:52:58,LIKE,https://www.linkedin.com/feed/update/urn%3Ali%3Aactivity%3A7270328690314534913
2024-08-23 13:11:04,LIKE,https://www.linkedin.com/feed/update/urn%3Ali%3Aactivity%3A7232643003037728768
2024-08-23 13:09:43,LIKE,https://www.linkedin.com/feed/update/urn%3Ali%3AugcPost%3A7229186241211080704
2024-08-23 13:09:18,LIKE,https://www.linkedin.com/feed/update/urn%3Ali%3Aactivity%3A7231674338792402944
2024-08-01 08:37:18,LIKE,https://www.linkedin.com/feed/update/urn%3Ali%3AugcPost%3A7224678132996337665
2024-07-28 06:57:16,LIKE,https://www.linkedin.com/feed/update/urn%3Ali%3AugcPost%3A7222959043047276544
2024-07-22 07:17:58,LIKE,https://www.linkedin.com/feed/update/urn%3Ali%3AugcPost%3A7220999800781955073
2024-07-22 01:53:29,LIKE,https://www.linkedin.com/feed/update/urn%3Ali%3Aactivity%3A7216469467499786240
2024-07-22 01:52:29,LIKE,https://www.linkedin.com/feed/update/urn%3Ali%3AugcPost%3A7220366893897928705
2024-07-22 01:52:18,LIKE,https://www.linkedin.com/feed/update/urn%3Ali%3AugcPost%3A7216127911836221440
2024-07-22 01:46:16,LIKE,https://www.linkedin.com/feed/update/urn%3Ali%3AugcPost%3A7217415407320621056
2024-07-22 01:44:39,LIKE,https://www.linkedin.com/feed/update/urn%3Ali%3AugcPost%3A7220499133063741440
2024-07-22 01:43:57,LIKE,https://www.linkedin.com/feed/update/urn%3Ali%3AugcPost%3A7220020471646306304
2024-07-22 01:43:40,LIKE,https://www.linkedin.com/feed/update/urn%3Ali%3Aactivity%3A7220441169007198208
2024-07-22 01:43:32,LIKE,https://www.linkedin.com/feed/update/urn%3Ali%3Aactivity%3A7218509632636362752
2024-07-22 01:42:36,LIKE,https://www.linkedin.com/feed/update/urn%3Ali%3AugcPost%3A7220305908994625536
2024-07-22 01:41:14,LIKE,https://www.linkedin.com/feed/update/urn%3Ali%3AugcPost%3A7219955051643990016
2024-07-21 13:26:54,LIKE,https://www.linkedin.com/feed/update/urn%3Ali%3Aactivity%3A7218213356606746624
2024-07-21 12:43:54,LIKE,https://www.linkedin.com/feed/update/urn%3Ali%3AugcPost%3A7219690366445240320
2024-07-21 12:43:34,LIKE,https://www.linkedin.com/feed/update/urn%3Ali%3Aactivity%3A7217917178468032513
2024-07-21 12:42:50,LIKE,https://www.linkedin.com/feed/update/urn%3Ali%3AugcPost%3A7220763908846870528
2024-07-21 12:42:13,LIKE,https://www.linkedin.com/feed/update/urn%3Ali%3AugcPost%3A7219809190393827331
2024-07-21 12:37:29,LIKE,https://www.linkedin.com/feed/update/urn%3Ali%3Aactivity%3A7220122284500340737
2024-07-21 12:37:19,LIKE,https://www.linkedin.com/feed/update/urn%3Ali%3AugcPost%3A7220712592049160192
2024-07-21 12:35:27,LIKE,https://www.linkedin.com/feed/update/urn%3Ali%3AugcPost%3A7220767780717920256
2024-07-17 12:49:16,LIKE,https://www.linkedin.com/feed/update/urn%3Ali%3AugcPost%3A7216041294891020288
2024-07-17 04:39:39,LIKE,https://www.linkedin.com/feed/update/urn%3Ali%3AugcPost%3A7215329948876648450
2024-07-17 04:38:50,LIKE,https://www.linkedin.com/feed/update/urn%3Ali%3AugcPost%3A7218488833284165632
2024-07-16 15:14:25,LIKE,https://www.linkedin.com/feed/update/urn%3Ali%3AugcPost%3A7217866346775093248
2024-07-16 15:13:09,LIKE,https://www.linkedin.com/feed/update/urn%3Ali%3Aactivity%3A7216762726319067136
2024-07-11 11:31:14,LIKE,https://www.linkedin.com/feed/update/urn%3Ali%3AugcPost%3A7217098167182385152
2024-07-09 07:55:49,LIKE,https://www.linkedin.com/feed/update/urn%3Ali%3AugcPost%3A7213510855257161729
2024-07-09 07:35:54,LIKE,https://www.linkedin.com/feed/update/urn%3Ali%3AugcPost%3A7214619292682596353
2024-07-09 07:35:16,LIKE,https://www.linkedin.com/feed/update/urn%3Ali%3AugcPost%3A7216176365941768192
2024-07-09 07:07:26,LIKE,https://www.linkedin.com/feed/update/urn%3Ali%3AugcPost%3A7216154188089610241
2024-07-09 07:05:15,LIKE,https://www.linkedin.com/feed/update/urn%3Ali%3Aactivity%3A7215012364075585536
2024-07-04 08:15:24,LIKE,https://www.linkedin.com/feed/update/urn%3Ali%3AugcPost%3A7213941474156007424
2024-07-04 08:14:54,LIKE,https://www.linkedin.com/feed/update/urn%3Ali%3AgroupPost%3A3990648-7214483703010328576
2024-07-04 08:14:31,LIKE,https://www.linkedin.com/feed/update/urn%3Ali%3Aactivity%3A7213923823165820928
2024-07-04 08:13:25,LIKE,https://www.linkedin.com/feed/update/urn%3Ali%3Aactivity%3A7214150882307768320
2024-07-04 08:13:09,LIKE,https://www.linkedin.com/feed/update/urn%3Ali%3AugcPost%3A7213565964498436096
2024-07-04 08:12:46,LIKE,https://www.linkedin.com/feed/update/urn%3Ali%3AugcPost%3A7214408331531026432
2024-07-04 08:11:34,LIKE,https://www.linkedin.com/feed/update/urn%3Ali%3AugcPost%3A7214519370914357249
2024-06-30 08:54:19,LIKE,https://www.linkedin.com/feed/update/urn%3Ali%3AugcPost%3A7212144849167245313
2024-06-30 08:52:54,LIKE,https://www.linkedin.com/feed/update/urn%3Ali%3AugcPost%3A7212598173838499840
2024-06-30 08:52:26,LIKE,https://www.linkedin.com/feed/update/urn%3Ali%3Aactivity%3A7213073777029492736
2024-06-30 08:46:06,LIKE,https://www.linkedin.com/feed/update/urn%3Ali%3Aactivity%3A7213044994025119744
2024-06-27 04:07:39,LIKE,https://www.linkedin.com/feed/update/urn%3Ali%3Aactivity%3A7211933771258896384
2024-06-25 17:30:23,LIKE,https://www.linkedin.com/feed/update/urn%3Ali%3AugcPost%3A7211417033274507264
2024-06-25 16:35:16,LIKE,https://www.linkedin.com/feed/update/urn%3Ali%3AugcPost%3A7211294582691528704
2024-06-24 13:11:32,LIKE,https://www.linkedin.com/feed/update/urn%3Ali%3Aactivity%3A7210920122012598273
2024-06-24 12:02:13,LIKE,https://www.linkedin.com/feed/update/urn%3Ali%3Aactivity%3A7210972616004665344
2024-06-24 05:50:28,LIKE,https://www.linkedin.com/feed/update/urn%3Ali%3Aactivity%3A7210764928897413120
2024-06-23 17:17:59,LIKE,https://www.linkedin.com/feed/update/urn%3Ali%3Aactivity%3A7210673406499770369
2024-06-23 16:46:39,LIKE,https://www.linkedin.com/feed/update/urn%3Ali%3AugcPost%3A7209983018298458113
2024-06-23 14:48:43,LIKE,https://www.linkedin.com/feed/update/urn%3Ali%3Aactivity%3A7209256739022548995
2024-06-23 14:37:23,LIKE,https://www.linkedin.com/feed/update/urn%3Ali%3AugcPost%3A7209967185564233728
2024-06-23 14:35:02,LIKE,https://www.linkedin.com/feed/update/urn%3Ali%3Aactivity%3A7209515681690624000
2024-06-23 14:22:38,LIKE,https://www.linkedin.com/feed/update/urn%3Ali%3AugcPost%3A7209485623265529857
2024-06-23 11:47:06,LIKE,https://www.linkedin.com/feed/update/urn%3Ali%3Aactivity%3A7209454614448873473
2024-06-23 11:44:18,LIKE,https://www.linkedin.com/feed/update/urn%3Ali%3Aactivity%3A7210517065433038848
2024-06-23 11:40:58,LIKE,https://www.linkedin.com/feed/update/urn%3Ali%3AugcPost%3A7209807486424424448
2024-06-23 10:14:30,LIKE,https://www.linkedin.com/feed/update/urn%3Ali%3Aactivity%3A7210414281475985409
2024-06-23 10:13:56,LIKE,https://www.linkedin.com/feed/update/urn%3Ali%3AugcPost%3A7210567381801172992
2024-06-22 21:38:06,LIKE,https://www.linkedin.com/feed/update/urn%3Ali%3Aactivity%3A7210209969034444800
2024-06-22 21:36:54,LIKE,https://www.linkedin.com/feed/update/urn%3Ali%3Aactivity%3A7210377909524398081
2024-06-19 22:24:11,LIKE,https://www.linkedin.com/feed/update/urn%3Ali%3AugcPost%3A7207523959930540032
2024-06-19 22:23:53,LIKE,https://www.linkedin.com/feed/update/urn%3Ali%3Aactivity%3A7208849338804932609
2024-06-19 15:24:57,LIKE,https://www.linkedin.com/feed/update/urn%3Ali%3Aactivity%3A7209105743134760960
2024-06-19 15:20:50,LIKE,https://www.linkedin.com/feed/update/urn%3Ali%3AugcPost%3A7209155207455211520
2024-06-19 10:20:39,LIKE,https://www.linkedin.com/feed/update/urn%3Ali%3Aactivity%3A7206183196885983233
2024-06-19 10:12:17,LIKE,https://www.linkedin.com/feed/update/urn%3Ali%3Aactivity%3A7208648288227528704
2024-06-19 10:07:29,LIKE,https://www.linkedin.com/feed/update/urn%3Ali%3Aactivity%3A7208793150696427520
2024-06-19 10:04:39,LIKE,https://www.linkedin.com/feed/update/urn%3Ali%3Aactivity%3A7208787903986954240
2024-06-19 10:03:11,LIKE,https://www.linkedin.com/feed/update/urn%3Ali%3Aactivity%3A7209096150543409156
2024-06-19 10:02:15,LIKE,https://www.linkedin.com/feed/update/urn%3Ali%3AugcPost%3A7209043891545665536
2024-06-19 09:30:18,LIKE,https://www.linkedin.com/feed/update/urn%3Ali%3Aactivity%3A7209120227853225985
2024-06-18 16:18:44,LIKE,https://www.linkedin.com/feed/update/urn%3Ali%3AugcPost%3A7208721397903192064
2024-06-18 09:46:52,LIKE,https://www.linkedin.com/feed/update/urn%3Ali%3AugcPost%3A7208741831994458112
2024-06-18 07:54:20,LIKE,https://www.linkedin.com/feed/update/urn%3Ali%3Aactivity%3A7208726159285522432
2024-06-17 15:06:00,LIKE,https://www.linkedin.com/feed/update/urn%3Ali%3Aactivity%3A7208460882555658241
2024-06-17 13:07:21,LIKE,https://www.linkedin.com/feed/update/urn%3Ali%3Aactivity%3A7208445787926589440
2024-06-17 12:45:14,LIKE,https://www.linkedin.com/feed/update/urn%3Ali%3Aactivity%3A7208447282013208576
2024-06-17 11:01:44,LIKE,https://www.linkedin.com/feed/update/urn%3Ali%3AugcPost%3A7148529522483560449
2024-06-17 10:20:36,LIKE,https://www.linkedin.com/feed/update/urn%3Ali%3Aactivity%3A7208374828305707008
2024-06-17 08:41:59,LIKE,https://www.linkedin.com/feed/update/urn%3Ali%3Aactivity%3A7208117292147081216
2024-06-17 08:35:32,LIKE,https://www.linkedin.com/feed/update/urn%3Ali%3AugcPost%3A7208151569454751744
2024-06-17 08:31:39,LIKE,https://www.linkedin.com/feed/update/urn%3Ali%3Aactivity%3A7207414918109687808
2024-06-17 04:54:29,LIKE,https://www.linkedin.com/feed/update/urn%3Ali%3AugcPost%3A7208196380564090880
2024-06-16 04:55:40,LIKE,https://www.linkedin.com/feed/update/urn%3Ali%3Aactivity%3A7207669418200334336
2024-06-16 04:45:52,LIKE,https://www.linkedin.com/feed/update/urn%3Ali%3AugcPost%3A7207936781692923904
2024-06-15 20:20:54,LIKE,https://www.linkedin.com/feed/update/urn%3Ali%3AugcPost%3A7207769261547679745
2024-06-14 12:01:07,LIKE,https://www.linkedin.com/feed/update/urn%3Ali%3AugcPost%3A7207312046122561536
2024-06-14 05:01:50,LIKE,https://www.linkedin.com/feed/update/urn%3Ali%3Aactivity%3A7205463632388726784
2024-06-14 03:35:02,LIKE,https://www.linkedin.com/feed/update/urn%3Ali%3Aactivity%3A7207014396554878976
2024-06-13 12:57:12,LIKE,https://www.linkedin.com/feed/update/urn%3Ali%3Aactivity%3A7206986200253968384
2024-06-13 12:56:32,LIKE,https://www.linkedin.com/feed/update/urn%3Ali%3Aactivity%3A7206105411052015616
2024-06-13 12:56:00,LIKE,https://www.linkedin.com/feed/update/urn%3Ali%3Aactivity%3A7206292460187107328
2024-06-13 12:55:03,LIKE,https://www.linkedin.com/feed/update/urn%3Ali%3AugcPost%3A7206687151479017472
2024-06-13 12:54:46,LIKE,https://www.linkedin.com/feed/update/urn%3Ali%3Aactivity%3A7206917224953958400
2024-06-13 12:43:42,LIKE,https://www.linkedin.com/feed/update/urn%3Ali%3AugcPost%3A7206907737891389440
2024-06-13 12:43:11,LIKE,https://www.linkedin.com/feed/update/urn%3Ali%3AugcPost%3A7206038603200610304
2024-06-13 12:42:42,LIKE,https://www.linkedin.com/feed/update/urn%3Ali%3AugcPost%3A7206992794869981184
2024-06-13 12:42:31,LIKE,https://www.linkedin.com/feed/update/urn%3Ali%3AugcPost%3A7206927042829852674
2024-06-13 05:34:06,LIKE,https://www.linkedin.com/feed/update/urn%3Ali%3AugcPost%3A7206822587325194240
2024-06-13 05:32:22,LIKE,https://www.linkedin.com/feed/update/urn%3Ali%3AugcPost%3A7206744246614200320
2024-06-12 18:14:08,LIKE,https://www.linkedin.com/feed/update/urn%3Ali%3AugcPost%3A7206453809902989312
2024-06-12 18:12:22,LIKE,https://www.linkedin.com/feed/update/urn%3Ali%3Aactivity%3A7206704418509996032
2024-06-12 18:12:00,LIKE,https://www.linkedin.com/feed/update/urn%3Ali%3AugcPost%3A7206037780450177024
2024-06-12 15:38:47,LIKE,https://www.linkedin.com/feed/update/urn%3Ali%3AugcPost%3A7206246157285601281
2024-06-12 15:35:02,LIKE,https://www.linkedin.com/feed/update/urn%3Ali%3Aactivity%3A7206558384941072385
2024-06-12 15:34:42,LIKE,https://www.linkedin.com/feed/update/urn%3Ali%3Aactivity%3A7205250711398285312
2024-06-12 15:32:21,LIKE,https://www.linkedin.com/feed/update/urn%3Ali%3AugcPost%3A7205452477075206144
2024-06-12 15:31:37,LIKE,https://www.linkedin.com/feed/update/urn%3Ali%3AugcPost%3A7205137538141810689
2024-06-12 06:58:59,LIKE,https://www.linkedin.com/feed/update/urn%3Ali%3AugcPost%3A7206372930719473664
2024-06-11 09:11:55,LIKE,https://www.linkedin.com/feed/update/urn%3Ali%3AugcPost%3A7205888657243660288
2024-06-11 08:54:44,LIKE,https://www.linkedin.com/feed/update/urn%3Ali%3AugcPost%3A7206151021423697920
2024-06-11 08:54:06,LIKE,https://www.linkedin.com/feed/update/urn%3Ali%3AugcPost%3A7204084378266685440
2024-06-09 08:37:10,LIKE,https://www.linkedin.com/feed/update/urn%3Ali%3AugcPost%3A7204918991130083328
2024-06-09 06:11:43,LIKE,https://www.linkedin.com/feed/update/urn%3Ali%3Aactivity%3A7205425895849816064
2024-06-09 06:10:19,LIKE,https://www.linkedin.com/feed/update/urn%3Ali%3Aactivity%3A7204347480472252416
2024-06-09 06:09:26,LIKE,https://www.linkedin.com/feed/update/urn%3Ali%3AugcPost%3A7205428033720127489
2024-06-09 02:22:54,LIKE,https://www.linkedin.com/feed/update/urn%3Ali%3Aactivity%3A7204090332110544897
2024-06-09 02:21:24,LIKE,https://www.linkedin.com/feed/update/urn%3Ali%3AugcPost%3A7203819039192674304
2024-06-09 02:19:30,LIKE,https://www.linkedin.com/feed/update/urn%3Ali%3AugcPost%3A7204784313710637056
2024-06-09 02:17:16,LIKE,https://www.linkedin.com/feed/update/urn%3Ali%3AugcPost%3A7205257175076601856
2024-06-09 02:16:49,LIKE,https://www.linkedin.com/feed/update/urn%3Ali%3Aactivity%3A7205269142088622080
2024-06-09 02:16:30,LIKE,https://www.linkedin.com/feed/update/urn%3Ali%3AugcPost%3A7205241337472847873
2024-06-09 02:15:10,LIKE,https://www.linkedin.com/feed/update/urn%3Ali%3AugcPost%3A7205225770456154112
2024-06-08 15:13:47,LIKE,https://www.linkedin.com/feed/update/urn%3Ali%3AugcPost%3A7204789548306817024
2024-06-08 15:12:45,LIKE,https://www.linkedin.com/feed/update/urn%3Ali%3Aactivity%3A7205190400800694272
2024-06-08 15:11:54,LIKE,https://www.linkedin.com/feed/update/urn%3Ali%3AgroupPost%3A7037632-7203112862121099264
2024-06-08 15:11:47,LIKE,https://www.linkedin.com/feed/update/urn%3Ali%3AugcPost%3A7205168650620735488
2024-06-08 15:11:35,LIKE,https://www.linkedin.com/feed/update/urn%3Ali%3Aactivity%3A7205066247061803008
2024-06-08 15:11:21,LIKE,https://www.linkedin.com/feed/update/urn%3Ali%3Aactivity%3A7204846923902558208
2024-06-08 15:10:48,LIKE,https://www.linkedin.com/feed/update/urn%3Ali%3AugcPost%3A7205086014460051456
2024-06-08 04:31:59,LIKE,https://www.linkedin.com/feed/update/urn%3Ali%3AugcPost%3A7204023947581890560
2024-06-07 08:37:10,LIKE,https://www.linkedin.com/feed/update/urn%3Ali%3Aactivity%3A7204369282367995906
2024-06-07 08:32:41,LIKE,https://www.linkedin.com/feed/update/urn%3Ali%3Aactivity%3A7204738929864925185
2024-06-07 08:31:53,LIKE,https://www.linkedin.com/feed/update/urn%3Ali%3AugcPost%3A7203759789229707268
2024-06-07 08:31:00,LIKE,https://www.linkedin.com/feed/update/urn%3Ali%3Aactivity%3A7204108422118608897
2024-06-07 08:30:44,LIKE,https://www.linkedin.com/feed/update/urn%3Ali%3AugcPost%3A7204156772192849922
2024-06-07 08:30:10,LIKE,https://www.linkedin.com/feed/update/urn%3Ali%3AugcPost%3A7201826176678449153
2024-06-07 08:30:04,LIKE,https://www.linkedin.com/feed/update/urn%3Ali%3AugcPost%3A7204471869922521088
2024-06-07 08:29:56,LIKE,https://www.linkedin.com/feed/update/urn%3Ali%3Aactivity%3A7204449539280314369
2024-06-07 08:29:09,LIKE,https://www.linkedin.com/feed/update/urn%3Ali%3AugcPost%3A7204014263181475841
2024-06-07 08:28:53,LIKE,https://www.linkedin.com/feed/update/urn%3Ali%3Aactivity%3A7204146363582881793
2024-06-07 08:28:46,LIKE,https://www.linkedin.com/feed/update/urn%3Ali%3AugcPost%3A7204124549787918337
2024-06-07 08:28:23,LIKE,https://www.linkedin.com/feed/update/urn%3Ali%3Aactivity%3A7204488425893212161
2024-06-07 08:25:29,LIKE,https://www.linkedin.com/feed/update/urn%3Ali%3Aactivity%3A7204105421047951362
2024-06-07 08:25:13,LIKE,https://www.linkedin.com/feed/update/urn%3Ali%3AugcPost%3A7204450006483763200
2024-06-07 08:24:23,LIKE,https://www.linkedin.com/feed/update/urn%3Ali%3AugcPost%3A7204400631925641218
2024-06-07 08:23:49,LIKE,https://www.linkedin.com/feed/update/urn%3Ali%3AugcPost%3A7204466109612253184
2024-06-07 08:22:48,LIKE,https://www.linkedin.com/feed/update/urn%3Ali%3AugcPost%3A7204447922611003393
2024-06-07 08:22:34,LIKE,https://www.linkedin.com/feed/update/urn%3Ali%3AugcPost%3A7204754293957001216
2024-06-07 08:22:08,LIKE,https://www.linkedin.com/feed/update/urn%3Ali%3AugcPost%3A7203604833067511808
2024-06-07 08:19:15,LIKE,https://www.linkedin.com/feed/update/urn%3Ali%3AugcPost%3A7202980037350846464
2024-06-07 08:16:13,LIKE,https://www.linkedin.com/feed/update/urn%3Ali%3Aactivity%3A7204519758203863040
2024-06-07 08:15:38,LIKE,https://www.linkedin.com/feed/update/urn%3Ali%3AugcPost%3A7204444580996403200
2024-06-06 17:08:32,LIKE,https://www.linkedin.com/feed/update/urn%3Ali%3AugcPost%3A7204522860558651393
2024-06-06 08:22:15,LIKE,https://www.linkedin.com/feed/update/urn%3Ali%3AugcPost%3A7204391305219637250
2024-06-06 06:01:36,LIKE,https://www.linkedin.com/feed/update/urn%3Ali%3Aactivity%3A7204195678154092545
2024-06-05 15:36:02,LIKE,https://www.linkedin.com/feed/update/urn%3Ali%3Aactivity%3A7204129314836025344
2024-06-05 11:28:14,LIKE,https://www.linkedin.com/feed/update/urn%3Ali%3Aactivity%3A7203800563241635840
2024-06-05 09:01:49,LIKE,https://www.linkedin.com/feed/update/urn%3Ali%3AugcPost%3A7199194969381761024
2024-06-05 08:58:33,LIKE,https://www.linkedin.com/feed/update/urn%3Ali%3AugcPost%3A7203363586411290624
2024-06-05 08:57:22,LIKE,https://www.linkedin.com/feed/update/urn%3Ali%3Aactivity%3A7203621350043705344
2024-06-05 08:52:10,LIKE,https://www.linkedin.com/feed/update/urn%3Ali%3AgroupPost%3A1814785-7203366131372326913
2024-06-05 08:51:24,LIKE,https://www.linkedin.com/feed/update/urn%3Ali%3Aactivity%3A7201789327595495425
2024-06-05 08:48:23,LIKE,https://www.linkedin.com/feed/update/urn%3Ali%3AugcPost%3A7202140172912611329
2024-06-05 08:46:03,LIKE,https://www.linkedin.com/feed/update/urn%3Ali%3AugcPost%3A7204011548552433665
2024-06-05 08:45:22,LIKE,https://www.linkedin.com/feed/update/urn%3Ali%3AugcPost%3A7204016523621928962
2024-06-04 14:08:06,LIKE,https://www.linkedin.com/feed/update/urn%3Ali%3Aactivity%3A7203725812271915008
2024-06-04 12:20:55,LIKE,https://www.linkedin.com/feed/update/urn%3Ali%3Aactivity%3A7203629040136589312
2024-06-04 09:50:47,LIKE,https://www.linkedin.com/feed/update/urn%3Ali%3AugcPost%3A7202571208695947265
2024-06-04 09:19:51,LIKE,https://www.linkedin.com/feed/update/urn%3Ali%3AugcPost%3A7202349521182363648
2024-06-04 05:36:59,LIKE,https://www.linkedin.com/feed/update/urn%3Ali%3AugcPost%3A7203237783325298689
2024-06-04 05:18:08,LIKE,https://www.linkedin.com/feed/update/urn%3Ali%3AugcPost%3A7203042461881929728
2024-06-03 17:19:15,LIKE,https://www.linkedin.com/feed/update/urn%3Ali%3Aactivity%3A7203387453229957122
2024-06-03 17:16:38,LIKE,https://www.linkedin.com/feed/update/urn%3Ali%3AugcPost%3A7203430657908232193
2024-06-03 06:10:09,LIKE,https://www.linkedin.com/feed/update/urn%3Ali%3AugcPost%3A7202956521217957889
2024-06-03 06:04:29,LIKE,https://www.linkedin.com/feed/update/urn%3Ali%3Aactivity%3A7203127117276958720
2024-06-03 04:47:55,LIKE,https://www.linkedin.com/feed/update/urn%3Ali%3AugcPost%3A7203076324117147648
2024-06-02 12:54:40,LIKE,https://www.linkedin.com/feed/update/urn%3Ali%3Aactivity%3A7202926914154483713
2024-06-02 12:51:56,LIKE,https://www.linkedin.com/feed/update/urn%3Ali%3AugcPost%3A7202972331374206976
2024-06-02 12:50:43,LIKE,https://www.linkedin.com/feed/update/urn%3Ali%3AugcPost%3A7202945287005368320
2024-06-02 06:46:34,LIKE,https://www.linkedin.com/feed/update/urn%3Ali%3AugcPost%3A7202649358264143872
2024-06-02 06:46:08,LIKE,https://www.linkedin.com/feed/update/urn%3Ali%3AugcPost%3A7201655270870036480
2024-06-02 06:45:45,LIKE,https://www.linkedin.com/feed/update/urn%3Ali%3Aactivity%3A7202718287829356544
2024-06-02 06:40:05,LIKE,https://www.linkedin.com/feed/update/urn%3Ali%3Aactivity%3A7157203225958391808
2024-06-01 06:05:54,LIKE,https://www.linkedin.com/feed/update/urn%3Ali%3Aactivity%3A7202540888143634432
2024-05-31 14:43:14,LIKE,https://www.linkedin.com/feed/update/urn%3Ali%3AugcPost%3A7202302622341541888
2024-05-31 14:12:39,LIKE,https://www.linkedin.com/feed/update/urn%3Ali%3Aactivity%3A7201934661562884096
2024-05-31 14:09:59,LIKE,https://www.linkedin.com/feed/update/urn%3Ali%3AugcPost%3A7201635598581854209
2024-05-31 13:44:53,LIKE,https://www.linkedin.com/feed/update/urn%3Ali%3AugcPost%3A7202215230595031041
2024-05-31 12:19:30,LIKE,https://www.linkedin.com/feed/update/urn%3Ali%3AugcPost%3A7199050306632978433
2024-05-31 12:17:10,LIKE,https://www.linkedin.com/feed/update/urn%3Ali%3AugcPost%3A7199393529914134529
2024-05-31 12:16:30,LIKE,https://www.linkedin.com/feed/update/urn%3Ali%3AugcPost%3A7202237701230673920
2024-05-31 12:15:20,LIKE,https://www.linkedin.com/feed/update/urn%3Ali%3Aactivity%3A7198623647031291906
2024-05-31 05:53:31,LIKE,https://www.linkedin.com/feed/update/urn%3Ali%3AugcPost%3A7202157265980665856
2024-05-30 23:43:13,LIKE,https://www.linkedin.com/feed/update/urn%3Ali%3Aactivity%3A7201822598953852929
2024-05-30 23:42:11,LIKE,https://www.linkedin.com/feed/update/urn%3Ali%3AugcPost%3A7202067826990354432
2024-05-30 23:41:28,LIKE,https://www.linkedin.com/feed/update/urn%3Ali%3Aactivity%3A7202022871089520640
2024-05-30 23:32:35,LIKE,https://www.linkedin.com/feed/update/urn%3Ali%3Aactivity%3A7202015192375848960
2024-05-30 16:16:17,LIKE,https://www.linkedin.com/feed/update/urn%3Ali%3AugcPost%3A7201876877987188737
2024-05-30 16:10:14,LIKE,https://www.linkedin.com/feed/update/urn%3Ali%3AugcPost%3A7201897214665760770
2024-05-30 16:07:08,LIKE,https://www.linkedin.com/feed/update/urn%3Ali%3Aactivity%3A7201946126269227008
2024-05-30 13:15:43,LIKE,https://www.linkedin.com/feed/update/urn%3Ali%3AugcPost%3A7201922246972510208
2024-05-30 07:50:48,LIKE,https://www.linkedin.com/feed/update/urn%3Ali%3AugcPost%3A7199160015516024832
2024-05-30 07:50:24,LIKE,https://www.linkedin.com/feed/update/urn%3Ali%3AugcPost%3A7201181125719846912
2024-05-30 07:27:04,LIKE,https://www.linkedin.com/feed/update/urn%3Ali%3AugcPost%3A7193001936982294528
2024-05-30 06:27:48,LIKE,https://www.linkedin.com/feed/update/urn%3Ali%3AugcPost%3A7201567674655526912
2024-05-30 01:19:55,LIKE,https://www.linkedin.com/feed/update/urn%3Ali%3Aactivity%3A7070443963643527168
2024-05-30 01:19:35,LIKE,https://www.linkedin.com/feed/update/urn%3Ali%3Aactivity%3A7099767190903513088
2024-05-30 00:48:38,LIKE,https://www.linkedin.com/feed/update/urn%3Ali%3Aactivity%3A7201653463905124352
2024-05-30 00:47:37,LIKE,https://www.linkedin.com/feed/update/urn%3Ali%3Aactivity%3A7201523141993484289
2024-05-30 00:36:35,LIKE,https://www.linkedin.com/feed/update/urn%3Ali%3AugcPost%3A7199598585603112960
2024-05-30 00:29:20,LIKE,https://www.linkedin.com/feed/update/urn%3Ali%3AugcPost%3A7201608352492109824
2024-05-30 00:27:53,LIKE,https://www.linkedin.com/feed/update/urn%3Ali%3AugcPost%3A7201662202041294849
2024-05-30 00:25:12,LIKE,https://www.linkedin.com/feed/update/urn%3Ali%3Aactivity%3A7201564495603761152
2024-05-28 15:45:37,LIKE,https://www.linkedin.com/feed/update/urn%3Ali%3AugcPost%3A7201244982316257280
2024-05-28 13:00:04,LIKE,https://www.linkedin.com/feed/update/urn%3Ali%3AugcPost%3A7201140937912164354
2024-05-28 12:58:40,LIKE,https://www.linkedin.com/feed/update/urn%3Ali%3AugcPost%3A7201129892346748929
2024-05-28 12:57:45,LIKE,https://www.linkedin.com/feed/update/urn%3Ali%3Aactivity%3A7201130167149174785
2024-05-28 12:56:47,LIKE,https://www.linkedin.com/feed/update/urn%3Ali%3Aactivity%3A7201190824506769408
2024-05-28 09:48:40,LIKE,https://www.linkedin.com/feed/update/urn%3Ali%3AugcPost%3A7198804341477015553
2024-05-28 09:39:58,LIKE,https://www.linkedin.com/feed/update/urn%3Ali%3AgroupPost%3A6773411-7201088141066166272
2024-05-28 09:37:02,LIKE,https://www.linkedin.com/feed/update/urn%3Ali%3AugcPost%3A7174806660069109761
2024-05-28 07:05:44,LIKE,https://www.linkedin.com/feed/update/urn%3Ali%3AugcPost%3A7201109867464425473
2024-05-28 06:58:16,LIKE,https://www.linkedin.com/feed/update/urn%3Ali%3Aactivity%3A7198578770297970691
2024-05-28 06:55:43,LIKE,https://www.linkedin.com/feed/update/urn%3Ali%3AugcPost%3A7200874068772888577
2024-05-28 06:54:08,LIKE,https://www.linkedin.com/feed/update/urn%3Ali%3AugcPost%3A7200917777107300352
2024-05-28 06:53:06,LIKE,https://www.linkedin.com/feed/update/urn%3Ali%3AugcPost%3A7198027198228783105
2024-05-28 06:51:14,LIKE,https://www.linkedin.com/feed/update/urn%3Ali%3AugcPost%3A7201057580469665792
2024-05-28 06:40:26,LIKE,https://www.linkedin.com/feed/update/urn%3Ali%3Aactivity%3A7200923537128263680
2024-05-28 06:36:35,LIKE,https://www.linkedin.com/feed/update/urn%3Ali%3AugcPost%3A7200882233266556928
2024-05-28 06:34:48,LIKE,https://www.linkedin.com/feed/update/urn%3Ali%3AugcPost%3A7201086802227585024
2024-05-28 04:31:21,LIKE,https://www.linkedin.com/feed/update/urn%3Ali%3Aactivity%3A7182307670400405504
2024-05-28 04:31:10,LIKE,https://www.linkedin.com/feed/update/urn%3Ali%3Aactivity%3A7194390038250418178
2024-05-27 15:22:26,LIKE,https://www.linkedin.com/feed/update/urn%3Ali%3Aactivity%3A7200870778102255617
2024-05-27 13:45:29,LIKE,https://www.linkedin.com/feed/update/urn%3Ali%3AugcPost%3A7200785363676639232
2024-05-27 08:57:50,LIKE,https://www.linkedin.com/feed/update/urn%3Ali%3AugcPost%3A7200762644679528449
2024-05-27 08:56:22,LIKE,https://www.linkedin.com/feed/update/urn%3Ali%3AugcPost%3A7200245749656248320
2024-05-27 07:29:22,LIKE,https://www.linkedin.com/feed/update/urn%3Ali%3AugcPost%3A7197987915308625920
2024-05-27 07:29:04,LIKE,https://www.linkedin.com/feed/update/urn%3Ali%3Aactivity%3A7200164383153426434
2024-05-27 07:28:19,LIKE,https://www.linkedin.com/feed/update/urn%3Ali%3AgroupPost%3A3990648-7198597107564363776
2024-05-27 07:27:18,LIKE,https://www.linkedin.com/feed/update/urn%3Ali%3AugcPost%3A7200520281323442178
2024-05-27 07:27:04,LIKE,https://www.linkedin.com/feed/update/urn%3Ali%3AugcPost%3A7199794359863570433
2024-05-27 07:26:21,LIKE,https://www.linkedin.com/feed/update/urn%3Ali%3Aactivity%3A7199379179144925184
2024-05-27 07:25:39,LIKE,https://www.linkedin.com/feed/update/urn%3Ali%3AugcPost%3A7200743618045714432
2024-05-27 07:24:34,LIKE,https://www.linkedin.com/feed/update/urn%3Ali%3AugcPost%3A7199480639199330304
2024-05-27 07:24:03,LIKE,https://www.linkedin.com/feed/update/urn%3Ali%3AugcPost%3A7200027512779784192
2024-05-27 07:23:29,LIKE,https://www.linkedin.com/feed/update/urn%3Ali%3Aactivity%3A7198729205067517952
2024-05-27 07:23:15,LIKE,https://www.linkedin.com/feed/update/urn%3Ali%3Aactivity%3A7200752606468616192
2024-05-27 07:23:04,LIKE,https://www.linkedin.com/feed/update/urn%3Ali%3AugcPost%3A7198924188651261952
2024-05-27 07:22:29,LIKE,https://www.linkedin.com/feed/update/urn%3Ali%3AugcPost%3A7199283964874821632
2024-05-27 07:20:21,LIKE,https://www.linkedin.com/feed/update/urn%3Ali%3AugcPost%3A7200543374297210880
2024-05-27 07:19:34,LIKE,https://www.linkedin.com/feed/update/urn%3Ali%3Aactivity%3A7200742884847853568
2024-05-27 06:38:18,LIKE,https://www.linkedin.com/feed/update/urn%3Ali%3Aactivity%3A7200733914842238977
2024-05-27 06:37:53,LIKE,https://www.linkedin.com/feed/update/urn%3Ali%3Aactivity%3A7200703576183037953
2024-05-27 06:35:49,LIKE,https://www.linkedin.com/feed/update/urn%3Ali%3AugcPost%3A7200729704750821376
2024-05-27 04:28:25,LIKE,https://www.linkedin.com/feed/update/urn%3Ali%3AugcPost%3A7200390256330747904
2024-05-27 04:28:06,LIKE,https://www.linkedin.com/feed/update/urn%3Ali%3AugcPost%3A7198983389322842112
2024-05-27 04:27:48,LIKE,https://www.linkedin.com/feed/update/urn%3Ali%3AugcPost%3A7200093013023277059
2024-05-27 04:27:37,LIKE,https://www.linkedin.com/feed/update/urn%3Ali%3AugcPost%3A7196918326164426752
2024-05-27 04:26:45,LIKE,https://www.linkedin.com/feed/update/urn%3Ali%3Aactivity%3A7200469531167784960
2024-05-27 04:25:17,LIKE,https://www.linkedin.com/feed/update/urn%3Ali%3Aactivity%3A7200303376142639105
2024-05-27 04:24:12,LIKE,https://www.linkedin.com/feed/update/urn%3Ali%3AugcPost%3A7200382269071511552
2024-05-27 04:23:28,LIKE,https://www.linkedin.com/feed/update/urn%3Ali%3AugcPost%3A7200498768511709184
2024-05-26 03:37:37,LIKE,https://www.linkedin.com/feed/update/urn%3Ali%3Aactivity%3A7195461358673383424
2024-05-26 03:33:20,LIKE,https://www.linkedin.com/feed/update/urn%3Ali%3Aactivity%3A7199303063071793152
2024-05-26 03:29:22,LIKE,https://www.linkedin.com/feed/update/urn%3Ali%3AugcPost%3A7198320839262433280
2024-05-26 03:26:21,LIKE,https://www.linkedin.com/feed/update/urn%3Ali%3AugcPost%3A7200256007057362944
2024-05-26 03:24:27,LIKE,https://www.linkedin.com/feed/update/urn%3Ali%3AgroupPost%3A3990648-7196851476038610946
2024-05-26 03:24:22,LIKE,https://www.linkedin.com/feed/update/urn%3Ali%3AugcPost%3A7199310566543216641
2024-05-26 03:23:01,LIKE,https://www.linkedin.com/feed/update/urn%3Ali%3AugcPost%3A7195738248902553600
2024-05-26 03:22:40,LIKE,https://www.linkedin.com/feed/update/urn%3Ali%3AugcPost%3A7196860241857150976
2024-05-26 03:20:39,LIKE,https://www.linkedin.com/feed/update/urn%3Ali%3AugcPost%3A7198700485195743232
2024-05-26 03:20:10,LIKE,https://www.linkedin.com/feed/update/urn%3Ali%3AugcPost%3A7198818424750268417
2024-05-25 17:39:37,LIKE,https://www.linkedin.com/feed/update/urn%3Ali%3Aactivity%3A7200135875177897984
2024-05-25 17:38:54,LIKE,https://www.linkedin.com/feed/update/urn%3Ali%3AugcPost%3A7199344511532077057
2024-05-25 17:38:09,LIKE,https://www.linkedin.com/feed/update/urn%3Ali%3AugcPost%3A7195119031903789058
2024-05-25 17:32:07,LIKE,https://www.linkedin.com/feed/update/urn%3Ali%3Aactivity%3A7199428461860462592
2024-05-25 17:30:53,LIKE,https://www.linkedin.com/feed/update/urn%3Ali%3AugcPost%3A7112997104108650497
2024-05-25 17:30:39,LIKE,https://www.linkedin.com/feed/update/urn%3Ali%3Aactivity%3A7119561270026006528
2024-05-25 17:26:53,LIKE,https://www.linkedin.com/feed/update/urn%3Ali%3Aactivity%3A7199352689611202560
2024-05-25 17:24:39,LIKE,https://www.linkedin.com/feed/update/urn%3Ali%3Aactivity%3A7200160702387392512
2024-05-25 11:48:47,LIKE,https://www.linkedin.com/feed/update/urn%3Ali%3AugcPost%3A7198544292917755905
2024-05-25 11:48:08,LIKE,https://www.linkedin.com/feed/update/urn%3Ali%3AugcPost%3A7200088503668350978
2024-05-25 11:47:45,LIKE,https://www.linkedin.com/feed/update/urn%3Ali%3Aactivity%3A7200066292333121536
2024-05-25 07:21:53,LIKE,https://www.linkedin.com/feed/update/urn%3Ali%3Aactivity%3A7199923380152639488
2024-05-25 05:53:17,LIKE,https://www.linkedin.com/feed/update/urn%3Ali%3Aactivity%3A7199603272955944960
2024-05-20 02:14:45,LIKE,https://www.linkedin.com/feed/update/urn%3Ali%3Aactivity%3A7197970427250429952
2024-05-20 02:13:09,LIKE,https://www.linkedin.com/feed/update/urn%3Ali%3AugcPost%3A7197880400692555776
2024-05-20 02:07:52,LIKE,https://www.linkedin.com/feed/update/urn%3Ali%3AgroupPost%3A7037632-7194232966049386496
2024-05-20 02:07:31,LIKE,https://www.linkedin.com/feed/update/urn%3Ali%3AugcPost%3A7192932842182500353
2024-05-18 12:10:01,LIKE,https://www.linkedin.com/feed/update/urn%3Ali%3AugcPost%3A7197487661371043840
2024-05-18 07:23:17,LIKE,https://www.linkedin.com/feed/update/urn%3Ali%3AugcPost%3A7196886021345542145
2024-05-18 03:58:37,LIKE,https://www.linkedin.com/feed/update/urn%3Ali%3Aactivity%3A7197083397129670657
2024-05-18 03:53:01,LIKE,https://www.linkedin.com/feed/update/urn%3Ali%3AugcPost%3A7197326264024592385
2024-05-18 03:52:23,LIKE,https://www.linkedin.com/feed/update/urn%3Ali%3AugcPost%3A7197281834483773440
2024-05-17 15:44:26,LIKE,https://www.linkedin.com/feed/update/urn%3Ali%3AugcPost%3A7196925847176421377
2024-05-17 15:40:07,LIKE,https://www.linkedin.com/feed/update/urn%3Ali%3AugcPost%3A7197117806679580673
2024-05-17 14:45:27,LIKE,https://www.linkedin.com/feed/update/urn%3Ali%3Aactivity%3A7194608267216482305
2024-05-16 16:10:50,LIKE,https://www.linkedin.com/feed/update/urn%3Ali%3AugcPost%3A7196364311890427904
2024-05-16 14:58:42,LIKE,https://www.linkedin.com/feed/update/urn%3Ali%3AugcPost%3A7194372442532843521
2024-05-16 14:32:52,LIKE,https://www.linkedin.com/feed/update/urn%3Ali%3AugcPost%3A7196766450802405376
2024-05-16 14:32:05,LIKE,https://www.linkedin.com/feed/update/urn%3Ali%3AugcPost%3A7196054153121480705
2024-05-16 14:13:28,LIKE,https://www.linkedin.com/feed/update/urn%3Ali%3Aactivity%3A7196856943544520705
2024-05-16 12:19:17,LIKE,https://www.linkedin.com/feed/update/urn%3Ali%3AugcPost%3A7196151671100502016
2024-05-16 04:34:21,LIKE,https://www.linkedin.com/feed/update/urn%3Ali%3Aactivity%3A7196547256353755136
2024-05-16 04:31:45,LIKE,https://www.linkedin.com/feed/update/urn%3Ali%3AugcPost%3A7179848260424011776
2024-05-16 04:30:51,LIKE,https://www.linkedin.com/feed/update/urn%3Ali%3Aactivity%3A7196511797330243584
2024-05-16 04:23:11,LIKE,https://www.linkedin.com/feed/update/urn%3Ali%3Aactivity%3A7196572897564385282
2024-05-16 03:30:21,LIKE,https://www.linkedin.com/feed/update/urn%3Ali%3AugcPost%3A7196671452530540544
2024-05-16 03:28:18,LIKE,https://www.linkedin.com/feed/update/urn%3Ali%3AugcPost%3A7196536026289344512
2024-05-15 12:39:09,LIKE,https://www.linkedin.com/feed/update/urn%3Ali%3Aactivity%3A7196147267085451264
2024-05-14 20:27:53,LIKE,https://www.linkedin.com/feed/update/urn%3Ali%3AugcPost%3A7191363010278416384
2024-05-14 20:25:31,LIKE,https://www.linkedin.com/feed/update/urn%3Ali%3AugcPost%3A7196097873434886144
2024-05-14 20:25:15,LIKE,https://www.linkedin.com/feed/update/urn%3Ali%3AugcPost%3A7196203031779016709
2024-05-14 15:11:53,LIKE,https://www.linkedin.com/feed/update/urn%3Ali%3AugcPost%3A7196136260464238593
2024-05-14 15:10:39,LIKE,https://www.linkedin.com/feed/update/urn%3Ali%3Aactivity%3A7193476323355287553
2024-05-14 15:09:46,LIKE,https://www.linkedin.com/feed/update/urn%3Ali%3AugcPost%3A7196153449468559360
2024-05-14 15:08:27,LIKE,https://www.linkedin.com/feed/update/urn%3Ali%3AugcPost%3A7141428380565929984
2024-05-14 15:08:04,LIKE,https://www.linkedin.com/feed/update/urn%3Ali%3AugcPost%3A7179729724041023488
2024-05-14 15:07:52,LIKE,https://www.linkedin.com/feed/update/urn%3Ali%3Aactivity%3A7182030921737383936
2024-05-14 15:07:47,LIKE,https://www.linkedin.com/feed/update/urn%3Ali%3Aactivity%3A7182304869393788928
2024-05-14 08:08:01,LIKE,https://www.linkedin.com/feed/update/urn%3Ali%3AugcPost%3A7196039442384486403
2024-05-14 08:07:32,LIKE,https://www.linkedin.com/feed/update/urn%3Ali%3Aactivity%3A7196035251943481344
2024-05-14 06:59:29,LIKE,https://www.linkedin.com/feed/update/urn%3Ali%3AugcPost%3A7196007579003629568
2024-05-14 06:59:20,LIKE,https://www.linkedin.com/feed/update/urn%3Ali%3AugcPost%3A7196039422503526401
2024-05-14 03:27:13,LIKE,https://www.linkedin.com/feed/update/urn%3Ali%3AugcPost%3A7194731521293848576
2024-05-14 00:00:31,LIKE,https://www.linkedin.com/feed/update/urn%3Ali%3Aactivity%3A7171121695116738560
2024-05-13 20:16:38,LIKE,https://www.linkedin.com/feed/update/urn%3Ali%3Aactivity%3A7195865971729866752
2024-05-13 20:14:21,LIKE,https://www.linkedin.com/feed/update/urn%3Ali%3AugcPost%3A7193287507692695553
2024-05-13 20:12:08,LIKE,https://www.linkedin.com/feed/update/urn%3Ali%3Aactivity%3A7195744142541410304
2024-05-13 20:09:42,LIKE,https://www.linkedin.com/feed/update/urn%3Ali%3AugcPost%3A7195701416638771200
2024-05-13 20:09:01,LIKE,https://www.linkedin.com/feed/update/urn%3Ali%3Aactivity%3A7195790187417800704
2024-05-13 20:07:40,LIKE,https://www.linkedin.com/feed/update/urn%3Ali%3Aactivity%3A7195839111910342656
2024-05-13 14:58:11,LIKE,https://www.linkedin.com/feed/update/urn%3Ali%3AugcPost%3A7191118401191182336
2024-05-13 14:57:34,LIKE,https://www.linkedin.com/feed/update/urn%3Ali%3Aactivity%3A7191474318218813440
2024-05-13 14:55:16,LIKE,https://www.linkedin.com/feed/update/urn%3Ali%3AugcPost%3A7195089728092729344
2024-05-13 14:54:13,LIKE,https://www.linkedin.com/feed/update/urn%3Ali%3AugcPost%3A7193536747908063232
2024-05-13 14:51:57,LIKE,https://www.linkedin.com/feed/update/urn%3Ali%3AugcPost%3A7195494503468691456
2024-05-13 14:49:28,LIKE,https://www.linkedin.com/feed/update/urn%3Ali%3AugcPost%3A7192877383878631424
2024-05-12 13:16:33,LIKE,https://www.linkedin.com/feed/update/urn%3Ali%3AugcPost%3A7195316735263055872
2024-05-12 07:29:14,LIKE,https://www.linkedin.com/feed/update/urn%3Ali%3AugcPost%3A7195113953373372417
2024-05-12 03:20:21,LIKE,https://www.linkedin.com/feed/update/urn%3Ali%3Aactivity%3A7195116897124691968
2024-05-12 03:15:42,LIKE,https://www.linkedin.com/feed/update/urn%3Ali%3AugcPost%3A7193116155471953920
2024-05-12 03:01:51,LIKE,https://www.linkedin.com/feed/update/urn%3Ali%3AugcPost%3A7193879557135855616
2024-05-12 02:50:04,LIKE,https://www.linkedin.com/feed/update/urn%3Ali%3AugcPost%3A7193669709706264576
2024-05-11 19:34:10,LIKE,https://www.linkedin.com/feed/update/urn%3Ali%3Aactivity%3A7168991482996072449
2024-05-11 19:11:41,LIKE,https://www.linkedin.com/feed/update/urn%3Ali%3Aactivity%3A7188184140934971392
2024-05-11 18:59:06,LIKE,https://www.linkedin.com/feed/update/urn%3Ali%3AugcPost%3A7192865250885459968
2024-05-11 18:57:26,LIKE,https://www.linkedin.com/feed/update/urn%3Ali%3Aactivity%3A7194224947852935169
2024-05-11 18:49:58,LIKE,https://www.linkedin.com/feed/update/urn%3Ali%3Aactivity%3A7194894347144687616
2024-05-11 18:38:53,LIKE,https://www.linkedin.com/feed/update/urn%3Ali%3Aactivity%3A7190243354977206272
2024-05-11 18:36:41,LIKE,https://www.linkedin.com/feed/update/urn%3Ali%3Aactivity%3A7190605771129147392
2024-05-11 18:06:43,LIKE,https://www.linkedin.com/feed/update/urn%3Ali%3Aactivity%3A7158005968386015233
2024-05-11 17:39:41,LIKE,https://www.linkedin.com/feed/update/urn%3Ali%3Aactivity%3A7191785525756772354
2024-05-11 17:37:34,LIKE,https://www.linkedin.com/feed/update/urn%3Ali%3AugcPost%3A7190710377419010049
2024-05-11 17:37:32,LIKE,https://www.linkedin.com/feed/update/urn%3Ali%3AugcPost%3A7190315061771386880
2024-05-11 14:33:48,LIKE,https://www.linkedin.com/feed/update/urn%3Ali%3AugcPost%3A7194914903323734016
2024-05-10 10:46:24,LIKE,https://www.linkedin.com/feed/update/urn%3Ali%3AugcPost%3A7194366232509222912
2024-05-10 10:46:21,LIKE,https://www.linkedin.com/feed/update/urn%3Ali%3AugcPost%3A7193201432978714624
2024-05-10 10:40:19,LIKE,https://www.linkedin.com/feed/update/urn%3Ali%3Aactivity%3A7192780055289155584
2024-05-09 05:59:34,LIKE,https://www.linkedin.com/feed/update/urn%3Ali%3Aactivity%3A7190352284973727745
2024-05-09 05:58:01,LIKE,https://www.linkedin.com/feed/update/urn%3Ali%3AugcPost%3A7194031242923708417
2024-05-08 07:43:10,LIKE,https://www.linkedin.com/feed/update/urn%3Ali%3AugcPost%3A7193341085253783552
2024-05-08 07:42:34,LIKE,https://www.linkedin.com/feed/update/urn%3Ali%3Aactivity%3A7189990404652482560
2024-05-08 07:42:23,LIKE,https://www.linkedin.com/feed/update/urn%3Ali%3AugcPost%3A7193227428209561600
2024-05-05 16:01:32,LIKE,https://www.linkedin.com/feed/update/urn%3Ali%3AugcPost%3A7192844347510288384
2024-04-16 12:36:46,LIKE,https://www.linkedin.com/feed/update/urn%3Ali%3Aactivity%3A7181502824378224640
2024-04-16 12:36:25,LIKE,https://www.linkedin.com/feed/update/urn%3Ali%3AugcPost%3A7184787136385036288
2024-04-16 01:57:11,LIKE,https://www.linkedin.com/feed/update/urn%3Ali%3Aactivity%3A7143900594930352128
2024-04-16 01:44:36,LIKE,https://www.linkedin.com/feed/update/urn%3Ali%3Aactivity%3A7183337534188404736
2024-04-16 01:41:06,LIKE,https://www.linkedin.com/feed/update/urn%3Ali%3Aactivity%3A7181659712365510659
2024-04-16 01:40:36,LIKE,https://www.linkedin.com/feed/update/urn%3Ali%3AugcPost%3A7184176020009168896
2024-04-16 01:37:39,LIKE,https://www.linkedin.com/feed/update/urn%3Ali%3AugcPost%3A7182359849035345920
2024-04-15 14:10:15,LIKE,https://www.linkedin.com/feed/update/urn%3Ali%3Aactivity%3A7177832106532728833
2024-04-15 14:06:06,LIKE,https://www.linkedin.com/feed/update/urn%3Ali%3AugcPost%3A7181209011466207232
2024-04-15 14:05:37,LIKE,https://www.linkedin.com/feed/update/urn%3Ali%3AugcPost%3A7185614626343051265
2024-04-14 11:50:59,LIKE,https://www.linkedin.com/feed/update/urn%3Ali%3Aactivity%3A7185153403365326848
2024-04-12 18:12:48,LIKE,https://www.linkedin.com/feed/update/urn%3Ali%3Aactivity%3A7184489095346237440
2024-04-12 16:47:40,LIKE,https://www.linkedin.com/feed/update/urn%3Ali%3AugcPost%3A7184577160773332994
2024-04-10 02:26:43,LIKE,https://www.linkedin.com/feed/update/urn%3Ali%3Aactivity%3A7183148833390899201
2024-04-10 02:25:39,LIKE,https://www.linkedin.com/feed/update/urn%3Ali%3AugcPost%3A7181761081436995585
2024-04-10 02:25:31,LIKE,https://www.linkedin.com/feed/update/urn%3Ali%3AugcPost%3A7183443693620600832
2024-04-10 02:20:59,LIKE,https://www.linkedin.com/feed/update/urn%3Ali%3AugcPost%3A7183381842320900096
2024-04-10 02:19:51,LIKE,https://www.linkedin.com/feed/update/urn%3Ali%3AugcPost%3A7183138854181175297
2024-04-08 13:57:34,LIKE,https://www.linkedin.com/feed/update/urn%3Ali%3AugcPost%3A7182720232917024768
2024-04-07 12:26:49,LIKE,https://www.linkedin.com/feed/update/urn%3Ali%3Aactivity%3A7177348072396529664
2024-04-07 12:26:36,LIKE,https://www.linkedin.com/feed/update/urn%3Ali%3AugcPost%3A7182328948331089920
2024-04-07 12:24:49,LIKE,https://www.linkedin.com/feed/update/urn%3Ali%3Aactivity%3A7182292113395494912
2024-04-05 15:57:00,LIKE,https://www.linkedin.com/feed/update/urn%3Ali%3Aactivity%3A7180757205539827712
2024-04-05 15:56:43,LIKE,https://www.linkedin.com/feed/update/urn%3Ali%3AugcPost%3A7181782617447440384
2024-04-05 15:55:02,LIKE,https://www.linkedin.com/feed/update/urn%3Ali%3AugcPost%3A7181755129983811584
2024-04-05 13:52:00,LIKE,https://www.linkedin.com/feed/update/urn%3Ali%3AugcPost%3A7181284532120158208
2024-03-31 13:03:14,LIKE,https://www.linkedin.com/feed/update/urn%3Ali%3AgroupPost%3A6773411-7180140350789881856
2024-03-31 12:56:03,LIKE,https://www.linkedin.com/feed/update/urn%3Ali%3AugcPost%3A7176886928204595200
2024-03-31 12:10:07,LIKE,https://www.linkedin.com/feed/update/urn%3Ali%3AgroupPost%3A7037632-7180093994134036480
2024-03-31 11:20:55,LIKE,https://www.linkedin.com/feed/update/urn%3Ali%3AugcPost%3A7165980231386742784
2024-03-31 11:19:48,LIKE,https://www.linkedin.com/feed/update/urn%3Ali%3AugcPost%3A7180157406922825729
2024-03-31 07:59:44,LIKE,https://www.linkedin.com/feed/update/urn%3Ali%3AugcPost%3A7176979333029191680
2024-03-31 07:58:51,LIKE,https://www.linkedin.com/feed/update/urn%3Ali%3AugcPost%3A7178437934998593536
2024-03-31 07:56:17,LIKE,https://www.linkedin.com/feed/update/urn%3Ali%3Aactivity%3A7178756315593265152
2024-03-31 07:50:00,LIKE,https://www.linkedin.com/feed/update/urn%3Ali%3AugcPost%3A7178745119674613760
2024-03-31 05:19:05,LIKE,https://www.linkedin.com/feed/update/urn%3Ali%3AugcPost%3A7178053318936563712
2024-03-31 05:17:43,LIKE,https://www.linkedin.com/feed/update/urn%3Ali%3AugcPost%3A7176082361439117312
2024-03-31 05:11:16,LIKE,https://www.linkedin.com/feed/update/urn%3Ali%3Aactivity%3A7177298099827060736
2024-03-31 05:09:20,LIKE,https://www.linkedin.com/feed/update/urn%3Ali%3AugcPost%3A7178650644914855936
2024-03-31 05:09:05,LIKE,https://www.linkedin.com/feed/update/urn%3Ali%3AugcPost%3A7178847809561858048
2024-03-31 05:06:17,LIKE,https://www.linkedin.com/feed/update/urn%3Ali%3AugcPost%3A7176560677686300672
2024-03-31 05:03:48,LIKE,https://www.linkedin.com/feed/update/urn%3Ali%3AugcPost%3A7179004452438183936
2024-03-31 05:01:20,LIKE,https://www.linkedin.com/feed/update/urn%3Ali%3Aactivity%3A7179437073664262144
2024-03-31 04:49:20,LIKE,https://www.linkedin.com/feed/update/urn%3Ali%3Aactivity%3A7179179964129239041
2024-03-31 04:48:51,LIKE,https://www.linkedin.com/feed/update/urn%3Ali%3AugcPost%3A7178410316433657857
2024-03-24 09:02:01,LIKE,https://www.linkedin.com/feed/update/urn%3Ali%3AugcPost%3A7176857655288754176
2024-03-22 09:47:58,LIKE,https://www.linkedin.com/feed/update/urn%3Ali%3AugcPost%3A7176308815875776513
2024-03-22 08:15:20,LIKE,https://www.linkedin.com/feed/update/urn%3Ali%3AugcPost%3A7176575667801653249
2024-03-19 09:28:12,LIKE,https://www.linkedin.com/feed/update/urn%3Ali%3AugcPost%3A7175554929816723456
2024-03-19 09:21:54,LIKE,https://www.linkedin.com/feed/update/urn%3Ali%3Aactivity%3A7175676591283347456
2024-03-19 09:14:32,LIKE,https://www.linkedin.com/feed/update/urn%3Ali%3AugcPost%3A7175723790696370176
2024-03-19 09:13:20,LIKE,https://www.linkedin.com/feed/update/urn%3Ali%3Aactivity%3A7175558979559776256
2024-03-18 13:55:06,LIKE,https://www.linkedin.com/feed/update/urn%3Ali%3Aactivity%3A7175400539973648384
2024-03-18 12:46:59,LIKE,https://www.linkedin.com/feed/update/urn%3Ali%3Aactivity%3A7175408193924210688
2024-03-18 12:45:39,LIKE,https://www.linkedin.com/feed/update/urn%3Ali%3AugcPost%3A7175442515834146816
2024-03-18 00:34:49,LIKE,https://www.linkedin.com/feed/update/urn%3Ali%3AugcPost%3A7173008256292777984
2024-03-18 00:25:21,LIKE,https://www.linkedin.com/feed/update/urn%3Ali%3AugcPost%3A7175121017407741952
2024-03-18 00:25:13,LIKE,https://www.linkedin.com/feed/update/urn%3Ali%3Aactivity%3A7175130554739122177
2024-03-18 00:15:41,LIKE,https://www.linkedin.com/feed/update/urn%3Ali%3Aactivity%3A7175158947962576896
2024-03-17 12:05:49,LIKE,https://www.linkedin.com/feed/update/urn%3Ali%3AugcPost%3A7171515558746681344
2024-03-17 12:05:09,LIKE,https://www.linkedin.com/feed/update/urn%3Ali%3AugcPost%3A7174806472747327488
2024-03-17 12:03:42,LIKE,https://www.linkedin.com/feed/update/urn%3Ali%3Aactivity%3A7175038159104167936
2024-03-17 11:59:58,LIKE,https://www.linkedin.com/feed/update/urn%3Ali%3Aactivity%3A7175038159762661376
2024-03-17 11:59:53,LIKE,https://www.linkedin.com/feed/update/urn%3Ali%3AugcPost%3A7175079623636959232
2024-03-16 23:06:30,LIKE,https://www.linkedin.com/feed/update/urn%3Ali%3Aactivity%3A7174826287557931008
2024-03-16 23:06:26,LIKE,https://www.linkedin.com/feed/update/urn%3Ali%3AugcPost%3A7172543451937267712
2024-03-16 23:05:00,LIKE,https://www.linkedin.com/feed/update/urn%3Ali%3AugcPost%3A7174740235241619456
2024-03-16 23:04:39,LIKE,https://www.linkedin.com/feed/update/urn%3Ali%3AugcPost%3A7174647566356123649
2024-03-16 23:02:40,LIKE,https://www.linkedin.com/feed/update/urn%3Ali%3AugcPost%3A7173408860358082562
2024-03-16 23:00:53,LIKE,https://www.linkedin.com/feed/update/urn%3Ali%3AugcPost%3A7174743347067039744
2024-03-15 14:56:26,LIKE,https://www.linkedin.com/feed/update/urn%3Ali%3AugcPost%3A7174368523459211265
2024-03-15 14:53:18,LIKE,https://www.linkedin.com/feed/update/urn%3Ali%3Aactivity%3A7169649366406823936
2024-03-15 14:50:09,LIKE,https://www.linkedin.com/feed/update/urn%3Ali%3AgroupPost%3A7037632-7174019283381944322
2024-03-15 14:48:49,LIKE,https://www.linkedin.com/feed/update/urn%3Ali%3AugcPost%3A7174354528165601281
2024-03-15 14:47:29,LIKE,https://www.linkedin.com/feed/update/urn%3Ali%3Aactivity%3A7174411404995661824
2024-03-14 15:24:02,LIKE,https://www.linkedin.com/feed/update/urn%3Ali%3AugcPost%3A7174008923635515395
2024-03-14 15:13:44,LIKE,https://www.linkedin.com/feed/update/urn%3Ali%3Aactivity%3A7174010944740601857
2024-03-14 15:12:24,LIKE,https://www.linkedin.com/feed/update/urn%3Ali%3Aactivity%3A7173758624446574592
2024-03-14 14:42:42,LIKE,https://www.linkedin.com/feed/update/urn%3Ali%3Aactivity%3A7174012960317562880
2024-03-14 14:41:52,LIKE,https://www.linkedin.com/feed/update/urn%3Ali%3AugcPost%3A7174025699924672512
2024-03-14 14:36:17,LIKE,https://www.linkedin.com/feed/update/urn%3Ali%3AugcPost%3A7174015215947132929
2024-03-14 06:59:45,LIKE,https://www.linkedin.com/feed/update/urn%3Ali%3AugcPost%3A7173644117325938689
2024-03-13 16:58:05,LIKE,https://www.linkedin.com/feed/update/urn%3Ali%3Aactivity%3A7172435685830774785
2024-03-13 11:53:15,LIKE,https://www.linkedin.com/feed/update/urn%3Ali%3AugcPost%3A7170862216278126592
2024-03-13 11:48:00,LIKE,https://www.linkedin.com/feed/update/urn%3Ali%3AugcPost%3A7172724281401929729
2024-03-12 19:23:15,LIKE,https://www.linkedin.com/feed/update/urn%3Ali%3AugcPost%3A7173308917878366209
2024-03-12 19:13:40,LIKE,https://www.linkedin.com/feed/update/urn%3Ali%3Aactivity%3A7173224354569289728
2024-03-12 19:13:20,LIKE,https://www.linkedin.com/feed/update/urn%3Ali%3AugcPost%3A7168890954207125504
2024-03-12 19:11:46,LIKE,https://www.linkedin.com/feed/update/urn%3Ali%3Aactivity%3A7173384741612646400
2024-03-12 18:10:28,LIKE,https://www.linkedin.com/feed/update/urn%3Ali%3AugcPost%3A7171917583057567745
2024-03-12 11:27:16,LIKE,https://www.linkedin.com/feed/update/urn%3Ali%3AugcPost%3A7173241366032973826
2024-03-12 11:26:14,LIKE,https://www.linkedin.com/feed/update/urn%3Ali%3AugcPost%3A7173178040502476801
2024-03-12 04:31:49,LIKE,https://www.linkedin.com/feed/update/urn%3Ali%3AugcPost%3A7173009525871001600
2024-03-12 04:25:59,LIKE,https://www.linkedin.com/feed/update/urn%3Ali%3Aactivity%3A7173162354220752896
2024-03-12 02:27:05,LIKE,https://www.linkedin.com/feed/update/urn%3Ali%3AugcPost%3A7170788622781005825
2024-03-12 02:16:16,LIKE,https://www.linkedin.com/feed/update/urn%3Ali%3Aactivity%3A7171662947725901824
2024-03-12 02:13:58,LIKE,https://www.linkedin.com/feed/update/urn%3Ali%3Aactivity%3A7168991868544888832
2024-03-12 02:00:53,LIKE,https://www.linkedin.com/feed/update/urn%3Ali%3AgroupPost%3A1814785-7172880047094136832
2024-03-12 01:55:40,LIKE,https://www.linkedin.com/feed/update/urn%3Ali%3AugcPost%3A7172992730090889218
2024-03-11 23:46:15,LIKE,https://www.linkedin.com/feed/update/urn%3Ali%3AugcPost%3A7172922399527559170
2024-03-11 23:44:27,LIKE,https://www.linkedin.com/feed/update/urn%3Ali%3AugcPost%3A7170002274562293760
2024-03-11 23:44:22,LIKE,https://www.linkedin.com/feed/update/urn%3Ali%3Aactivity%3A7169376438712721408
2024-03-11 23:42:35,LIKE,https://www.linkedin.com/feed/update/urn%3Ali%3AugcPost%3A7173008993538306048
2024-03-11 23:41:18,LIKE,https://www.linkedin.com/feed/update/urn%3Ali%3AugcPost%3A7173083597862608897
2024-03-11 23:40:13,LIKE,https://www.linkedin.com/feed/update/urn%3Ali%3AugcPost%3A7172544127929049089
2024-03-11 23:39:16,LIKE,https://www.linkedin.com/feed/update/urn%3Ali%3Aactivity%3A7168236835557498882
2024-03-11 23:34:57,LIKE,https://www.linkedin.com/feed/update/urn%3Ali%3AugcPost%3A7171207932045352960
2024-03-11 23:34:44,LIKE,https://www.linkedin.com/feed/update/urn%3Ali%3AugcPost%3A7173018887205048321
2024-03-11 18:19:27,LIKE,https://www.linkedin.com/feed/update/urn%3Ali%3AugcPost%3A7172870026423652352
2024-03-11 16:50:48,LIKE,https://www.linkedin.com/feed/update/urn%3Ali%3Aactivity%3A7171192411967139840
2024-03-11 16:49:37,LIKE,https://www.linkedin.com/feed/update/urn%3Ali%3AugcPost%3A7172660403829772288
2024-03-11 16:41:13,LIKE,https://www.linkedin.com/feed/update/urn%3Ali%3AgroupPost%3A6773411-7172988856504381440
2024-03-11 16:00:24,LIKE,https://www.linkedin.com/feed/update/urn%3Ali%3AugcPost%3A7172947529033084928
2024-03-11 12:23:27,LIKE,https://www.linkedin.com/feed/update/urn%3Ali%3AugcPost%3A7167946288867500034
2024-03-11 12:17:53,LIKE,https://www.linkedin.com/feed/update/urn%3Ali%3Aactivity%3A7172151469545132032
2024-03-11 12:16:38,LIKE,https://www.linkedin.com/feed/update/urn%3Ali%3AgroupPost%3A6773411-7172907501867241472
2024-03-11 12:14:54,LIKE,https://www.linkedin.com/feed/update/urn%3Ali%3AgroupPost%3A3746827-7172914592493285376
2024-03-11 12:14:10,LIKE,https://www.linkedin.com/feed/update/urn%3Ali%3AugcPost%3A7172738696801153025
2024-03-11 06:11:58,LIKE,https://www.linkedin.com/feed/update/urn%3Ali%3Aactivity%3A7170761606522388481
2024-03-11 06:10:11,LIKE,https://www.linkedin.com/feed/update/urn%3Ali%3AgroupPost%3A3990648-7172833374305153024
2024-03-11 06:09:24,LIKE,https://www.linkedin.com/feed/update/urn%3Ali%3Aactivity%3A7172799935724150786
2024-03-11 04:28:41,LIKE,https://www.linkedin.com/feed/update/urn%3Ali%3AgroupPost%3A3746827-7172790847183282176
2024-03-11 04:27:55,LIKE,https://www.linkedin.com/feed/update/urn%3Ali%3AugcPost%3A7171334620821532672
2024-03-11 04:27:28,LIKE,https://www.linkedin.com/feed/update/urn%3Ali%3Aactivity%3A7169634541266022400
2024-03-11 04:25:02,LIKE,https://www.linkedin.com/feed/update/urn%3Ali%3AugcPost%3A7170799452461420544
2024-03-11 04:23:59,LIKE,https://www.linkedin.com/feed/update/urn%3Ali%3AugcPost%3A7171052116956835841
2024-03-11 04:22:44,LIKE,https://www.linkedin.com/feed/update/urn%3Ali%3AugcPost%3A7170357329907986432
2024-03-11 04:22:39,LIKE,https://www.linkedin.com/feed/update/urn%3Ali%3AugcPost%3A7172662319850725377
2024-03-11 04:22:01,LIKE,https://www.linkedin.com/feed/update/urn%3Ali%3AugcPost%3A7169224828728524801
2024-03-11 04:21:09,LIKE,https://www.linkedin.com/feed/update/urn%3Ali%3AugcPost%3A7172584779937263616
2024-03-11 04:18:59,LIKE,https://www.linkedin.com/feed/update/urn%3Ali%3Aactivity%3A7172766498711613440
2024-03-10 19:21:41,LIKE,https://www.linkedin.com/feed/update/urn%3Ali%3AugcPost%3A7169741290522312704
2024-03-10 18:23:05,LIKE,https://www.linkedin.com/feed/update/urn%3Ali%3AugcPost%3A7172655128670289921
2024-03-10 17:44:01,LIKE,https://www.linkedin.com/feed/update/urn%3Ali%3AgroupPost%3A3746827-7172634300599709697
2024-03-10 17:39:01,LIKE,https://www.linkedin.com/feed/update/urn%3Ali%3AugcPost%3A7172533879117889536
2024-03-10 07:15:31,LIKE,https://www.linkedin.com/feed/update/urn%3Ali%3AgroupPost%3A1814785-7170735007639031808
2024-03-10 07:15:23,LIKE,https://www.linkedin.com/feed/update/urn%3Ali%3AugcPost%3A7169692594199805952
2024-03-10 05:21:44,LIKE,https://www.linkedin.com/feed/update/urn%3Ali%3AugcPost%3A7169577216438059008
2024-03-10 05:19:50,LIKE,https://www.linkedin.com/feed/update/urn%3Ali%3AugcPost%3A7172296335491117057
2024-03-09 20:20:18,LIKE,https://www.linkedin.com/feed/update/urn%3Ali%3AugcPost%3A7167540697481240576
2024-03-09 20:19:40,LIKE,https://www.linkedin.com/feed/update/urn%3Ali%3Aactivity%3A7171207350509408256
2024-03-09 20:18:04,LIKE,https://www.linkedin.com/feed/update/urn%3Ali%3AugcPost%3A7171453885633511424
2024-03-09 19:59:11,LIKE,https://www.linkedin.com/feed/update/urn%3Ali%3AugcPost%3A7168498332158423041
2024-03-09 19:57:18,LIKE,https://www.linkedin.com/feed/update/urn%3Ali%3Aactivity%3A7172313699800506368
2024-03-09 19:19:38,LIKE,https://www.linkedin.com/feed/update/urn%3Ali%3Aactivity%3A7167925738489278465
2024-03-09 18:48:20,LIKE,https://www.linkedin.com/feed/update/urn%3Ali%3AugcPost%3A7168500326629687297
2024-03-09 18:42:55,LIKE,https://www.linkedin.com/feed/update/urn%3Ali%3Aactivity%3A7127165612950265856
2024-03-09 18:42:12,LIKE,https://www.linkedin.com/feed/update/urn%3Ali%3Aactivity%3A7171917453650849793
2024-03-09 18:41:54,LIKE,https://www.linkedin.com/feed/update/urn%3Ali%3Aactivity%3A7170983935785570304
2024-03-09 18:14:31,LIKE,https://www.linkedin.com/feed/update/urn%3Ali%3AugcPost%3A7172290502162018305
2024-03-09 09:01:24,LIKE,https://www.linkedin.com/feed/update/urn%3Ali%3AugcPost%3A7169589355999645696
2024-03-09 08:16:31,LIKE,https://www.linkedin.com/feed/update/urn%3Ali%3Aactivity%3A7172073094151352320
2024-03-09 01:15:31,LIKE,https://www.linkedin.com/feed/update/urn%3Ali%3Aactivity%3A7170781826444050432
2024-03-09 01:13:47,LIKE,https://www.linkedin.com/feed/update/urn%3Ali%3AugcPost%3A7169535272588693505
2024-03-06 13:12:58,LIKE,https://www.linkedin.com/feed/update/urn%3Ali%3AugcPost%3A7170388497646780417
2024-03-06 13:12:54,LIKE,https://www.linkedin.com/feed/update/urn%3Ali%3AugcPost%3A7169408937383976960
2024-03-01 03:23:12,LIKE,https://www.linkedin.com/feed/update/urn%3Ali%3AugcPost%3A7109132165723930624
2024-02-29 01:12:31,LIKE,https://www.linkedin.com/feed/update/urn%3Ali%3AugcPost%3A7168497956315148289
2024-02-28 08:00:11,LIKE,https://www.linkedin.com/feed/update/urn%3Ali%3AugcPost%3A7167214689016373248
2024-02-28 06:49:15,LIKE,https://www.linkedin.com/feed/update/urn%3Ali%3Aactivity%3A7133634141899669504
2024-02-28 06:49:11,LIKE,https://www.linkedin.com/feed/update/urn%3Ali%3Aactivity%3A7133633686863843328
2024-02-28 06:49:09,LIKE,https://www.linkedin.com/feed/update/urn%3Ali%3AugcPost%3A7128794929270558720
2024-02-28 06:46:57,LIKE,https://www.linkedin.com/feed/update/urn%3Ali%3AugcPost%3A7168329965556449280
2024-02-26 11:02:30,LIKE,https://www.linkedin.com/feed/update/urn%3Ali%3AugcPost%3A7166788028013760512
2024-02-23 15:56:07,LIKE,https://www.linkedin.com/feed/update/urn%3Ali%3AugcPost%3A7166787616401551360
2024-02-19 02:32:38,LIKE,https://www.linkedin.com/feed/update/urn%3Ali%3AugcPost%3A7161238531649019904
2024-02-19 02:31:44,LIKE,https://www.linkedin.com/feed/update/urn%3Ali%3AugcPost%3A7161999882663215104
