Time,Search Query
2024/12/22 08:22:39 UTC,internship
2024/12/22 10:24:39 UTC,intern
2024/12/22 10:36:27 UTC,intern
2024/12/22 11:39:46 UTC,robotics engineer
2024/12/22 11:40:11 UTC,robotics engineer
2024/12/22 12:15:39 UTC,robotics researcher
2024/12/22 12:49:45 UTC,robotics researcher
2024/12/22 13:19:06 UTC,robotics engineer
2024/12/22 13:32:53 UTC,robotics engineer
2024/12/22 13:52:13 UTC,robotics engineer
2024/12/22 14:11:47 UTC,robotics engineer
2024/12/22 14:27:29 UTC,robotics engineer
2024/12/22 14:34:35 UTC,robotics engineer
2024/12/22 16:23:50 UTC,Research Intern
2024/12/22 17:12:53 UTC,robotics intern
2024/12/22 17:13:12 UTC,robotics intern
2024/12/22 17:23:09 UTC,intern
2024/12/22 17:33:33 UTC,research intern
2024/12/22 17:37:25 UTC,robotics internship
2024/12/22 18:33:08 UTC,research intern
2024/12/22 21:50:52 UTC,robotics researcher
2024/12/22 22:04:55 UTC,robotics researcher
2024/12/22 22:13:05 UTC,robotics researcher
2024/12/22 22:24:58 UTC,ihub robotics
2024/12/23 00:48:24 UTC,intern
2024/12/23 00:48:33 UTC,intern
2024/12/23 00:50:25 UTC,robotics intern
2024/12/23 00:53:21 UTC,internship
2024/12/23 01:03:40 UTC,research intern
2024/12/23 01:03:56 UTC,robotics intern
2024/12/23 01:06:59 UTC,robotics internship
2024/12/23 01:09:35 UTC,robotics specialist
2024/12/23 01:17:20 UTC,ihub robotics
2024/12/23 01:19:48 UTC,ihub robotics
2024/12/23 04:07:30 UTC,robotics researcher
2024/12/23 04:11:24 UTC,robotics researcher
2024/12/23 04:16:37 UTC,robotics researcher
2024/12/23 04:24:27 UTC,robotics researcher
2024/12/23 06:56:33 UTC,robotics engineer
2024/12/23 07:08:47 UTC,intern
2024/12/23 07:15:50 UTC,robotics specialist
2024/12/23 08:28:02 UTC,internship
2024/12/23 09:09:23 UTC,intern
2024/12/23 10:14:30 UTC,intern
2024/12/23 10:42:45 UTC,intern
2024/12/23 11:25:12 UTC,robotics engineer
2024/12/23 11:33:01 UTC,robotics researcher
2024/12/23 11:35:00 UTC,robotics researcher
2024/12/23 13:24:48 UTC,robotics engineer
2024/12/23 13:38:22 UTC,robotics engineer
2024/12/23 14:13:43 UTC,robotics engineer
2024/12/23 14:18:23 UTC,robotics engineer
2024/12/23 16:05:38 UTC,robotics engineer
2024/12/23 16:45:43 UTC,robotics engineer
2024/12/23 17:11:31 UTC,robotics intern
2024/12/23 17:18:11 UTC,intern
2024/12/23 17:19:02 UTC,research intern
2024/12/23 17:25:30 UTC,robotics internship
2024/12/23 17:37:16 UTC,robotics intern
2024/12/24 00:00:27 UTC,robotics researcher
2024/12/24 00:16:42 UTC,robotics researcher
2024/12/24 00:23:51 UTC,robotics researcher
2024/12/24 00:37:43 UTC,ihub robotics
2024/12/24 01:15:42 UTC,ihub robotics
2024/12/24 01:20:48 UTC,ihub robotics
2024/12/24 02:59:26 UTC,intern
2024/12/24 02:59:54 UTC,intern
2024/12/24 03:02:52 UTC,robotics intern
2024/12/24 03:06:15 UTC,internship
2024/12/24 03:15:20 UTC,robotics intern
2024/12/24 03:16:27 UTC,research intern
2024/12/24 03:18:05 UTC,robotics internship
2024/12/24 03:21:16 UTC,robotics specialist
2024/12/24 04:16:55 UTC,robotics researcher
2024/12/24 04:21:20 UTC,robotics researcher
2024/12/24 04:25:47 UTC,robotics researcher
2024/12/24 04:25:51 UTC,robotics researcher
2024/12/24 07:14:46 UTC,intern
2024/12/24 07:16:48 UTC,robotics specialist
2024/12/24 07:20:02 UTC,robotics specialist
2024/12/24 08:16:17 UTC,internship
2024/12/24 09:06:42 UTC,robotics engineer
2024/12/24 10:19:55 UTC,intern
2024/12/24 10:30:43 UTC,intern
2024/12/24 11:20:08 UTC,intern
2024/12/24 11:22:15 UTC,robotics researcher
2024/12/24 11:22:23 UTC,robotics engineer
2024/12/24 11:32:33 UTC,robotics researcher
2024/12/24 11:35:19 UTC,robotics engineer
2024/12/24 13:21:55 UTC,robotics engineer
2024/12/24 13:29:13 UTC,robotics engineer
2024/12/24 14:23:16 UTC,robotics engineer
2024/12/24 14:26:32 UTC,robotics engineer
2024/12/24 17:18:39 UTC,intern
2024/12/24 17:24:52 UTC,research intern
2024/12/24 17:29:43 UTC,robotics intern
2024/12/24 17:36:15 UTC,robotics intern
2024/12/24 17:46:45 UTC,robotics intern
2024/12/24 17:46:47 UTC,robotics internship
2024/12/24 17:48:17 UTC,robotics internship
2024/12/24 17:49:26 UTC,robotics intern
2024/12/24 18:17:53 UTC,robotics engineer
2024/12/24 18:54:20 UTC,robotics engineer
2024/12/25 01:18:52 UTC,ihub robotics
2024/12/25 01:21:39 UTC,ihub robotics
2024/12/25 02:09:27 UTC,robotics researcher
2024/12/25 02:26:46 UTC,robotics researcher
2024/12/25 02:34:44 UTC,robotics researcher
2024/12/25 02:46:58 UTC,ihub robotics
2024/12/25 04:20:58 UTC,robotics researcher
2024/12/25 04:24:43 UTC,robotics researcher
2024/12/25 04:29:47 UTC,robotics researcher
2024/12/25 04:31:01 UTC,robotics researcher
2024/12/25 05:08:28 UTC,intern
2024/12/25 05:08:41 UTC,intern
2024/12/25 05:11:20 UTC,robotics intern
2024/12/25 05:15:21 UTC,internship
2024/12/25 05:25:28 UTC,research intern
2024/12/25 05:25:45 UTC,robotics intern
2024/12/25 05:26:18 UTC,robotics internship
2024/12/25 05:29:47 UTC,robotics specialist
2024/12/25 07:17:18 UTC,intern
2024/12/25 07:24:05 UTC,robotics specialist
2024/12/25 07:25:13 UTC,robotics specialist
2024/12/25 08:21:08 UTC,internship
2024/12/25 10:24:47 UTC,intern
2024/12/25 10:25:53 UTC,intern
2024/12/25 11:14:43 UTC,robotics engineer
2024/12/25 11:15:39 UTC,robotics researcher
2024/12/25 11:16:10 UTC,robotics engineer
2024/12/25 11:21:57 UTC,robotics engineer
2024/12/25 11:31:40 UTC,robotics researcher
2024/12/25 13:10:58 UTC,robotics engineer
2024/12/25 13:27:52 UTC,robotics engineer
2024/12/25 13:28:46 UTC,intern
2024/12/25 14:12:20 UTC,robotics engineer
2024/12/25 14:34:53 UTC,robotics engineer
2024/12/25 17:11:11 UTC,robotics intern
2024/12/25 17:14:42 UTC,robotics internship
2024/12/25 17:15:01 UTC,robotics intern
2024/12/25 17:23:55 UTC,robotics intern
2024/12/25 17:25:16 UTC,intern
2024/12/25 17:25:37 UTC,robotics intern
2024/12/25 17:26:59 UTC,research intern
2024/12/25 20:25:37 UTC,robotics engineer
2024/12/25 21:02:22 UTC,robotics engineer
2024/12/26 01:11:01 UTC,ihub robotics
2024/12/26 01:23:58 UTC,ihub robotics
2024/12/26 04:10:39 UTC,robotics researcher
2024/12/26 04:10:48 UTC,robotics researcher
2024/12/26 04:17:18 UTC,robotics researcher
2024/12/26 04:17:40 UTC,robotics researcher
2024/12/26 04:25:00 UTC,robotics researcher
2024/12/26 04:34:39 UTC,robotics researcher
2024/12/26 04:43:26 UTC,robotics researcher
2024/12/26 04:55:37 UTC,ihub robotics
2024/12/26 07:14:07 UTC,intern
2024/12/26 07:17:31 UTC,intern
2024/12/26 07:17:39 UTC,intern
2024/12/26 07:19:38 UTC,robotics specialist
2024/12/26 07:20:13 UTC,robotics intern
2024/12/26 07:23:57 UTC,internship
2024/12/26 07:33:14 UTC,research intern
2024/12/26 07:34:23 UTC,robotics intern
2024/12/26 07:35:20 UTC,robotics internship
2024/12/26 07:40:09 UTC,robotics specialist
2024/12/26 08:13:14 UTC,internship
2024/12/26 10:15:13 UTC,intern
2024/12/26 10:34:51 UTC,intern
2024/12/26 11:25:22 UTC,robotics researcher
2024/12/26 11:30:47 UTC,robotics researcher
2024/12/26 11:33:45 UTC,robotics engineer
2024/12/26 11:41:17 UTC,robotics engineer
2024/12/26 13:24:47 UTC,robotics engineer
2024/12/26 13:25:19 UTC,robotics engineer
2024/12/26 14:14:30 UTC,robotics engineer
2024/12/26 15:37:42 UTC,intern
2024/12/26 17:14:54 UTC,robotics intern
2024/12/26 17:15:34 UTC,robotics internship
2024/12/26 17:15:40 UTC,research intern
2024/12/26 17:16:36 UTC,research intern
2024/12/26 17:23:59 UTC,robotics intern
2024/12/26 17:29:36 UTC,intern
2024/12/26 22:34:12 UTC,robotics engineer
2024/12/26 23:10:31 UTC,robotics engineer
2024/12/27 01:20:44 UTC,ihub robotics
2024/12/27 01:29:30 UTC,ihub robotics
2024/12/27 04:18:05 UTC,robotics researcher
2024/12/27 04:27:51 UTC,robotics researcher
2024/12/27 04:30:09 UTC,robotics researcher
2024/12/27 04:39:08 UTC,robotics researcher
2024/12/27 06:27:04 UTC,robotics researcher
2024/12/27 06:43:19 UTC,robotics researcher
2024/12/27 06:53:16 UTC,robotics researcher
2024/12/27 07:04:10 UTC,ihub robotics
2024/12/27 07:21:42 UTC,robotics specialist
2024/12/27 07:24:45 UTC,intern
2024/12/27 08:19:27 UTC,internship
2024/12/27 09:24:51 UTC,intern
2024/12/27 09:25:26 UTC,intern
2024/12/27 09:27:20 UTC,robotics intern
2024/12/27 09:34:23 UTC,internship
2024/12/27 09:42:55 UTC,robotics intern
2024/12/27 09:43:24 UTC,research intern
2024/12/27 09:43:30 UTC,robotics internship
2024/12/27 09:48:10 UTC,robotics specialist
2024/12/27 10:38:32 UTC,intern
2024/12/27 10:43:20 UTC,intern
2024/12/27 11:34:18 UTC,robotics engineer
2024/12/27 11:39:32 UTC,robotics researcher
2024/12/27 11:49:43 UTC,robotics researcher
2024/12/27 13:14:56 UTC,robotics engineer
2024/12/27 13:25:47 UTC,robotics engineer
2024/12/27 14:42:28 UTC,robotics engineer
2024/12/27 14:50:06 UTC,robotics engineer
2024/12/27 15:35:39 UTC,robotics engineer
2024/12/27 17:11:06 UTC,robotics intern
2024/12/27 17:12:08 UTC,research intern
2024/12/27 17:14:41 UTC,intern
2024/12/27 17:27:07 UTC,robotics internship
2024/12/27 17:47:46 UTC,intern
2024/12/27 17:49:47 UTC,robotics intern
2024/12/27 17:58:03 UTC,robotics intern
2024/12/28 00:43:29 UTC,robotics engineer
2024/12/28 01:12:49 UTC,ihub robotics
2024/12/28 01:18:58 UTC,robotics engineer
2024/12/28 01:22:34 UTC,ihub robotics
2024/12/28 04:07:05 UTC,robotics researcher
2024/12/28 04:14:17 UTC,robotics researcher
2024/12/28 04:20:01 UTC,robotics researcher
2024/12/28 04:21:10 UTC,robotics researcher
2024/12/28 07:07:40 UTC,intern
2024/12/28 07:12:02 UTC,robotics specialist
2024/12/28 08:27:03 UTC,internship
2024/12/28 08:35:29 UTC,robotics researcher
2024/12/28 08:49:54 UTC,robotics researcher
2024/12/28 09:00:29 UTC,robotics researcher
2024/12/28 09:11:09 UTC,ihub robotics
2024/12/28 10:40:13 UTC,intern
2024/12/28 10:40:51 UTC,intern
2024/12/28 11:11:03 UTC,robotics researcher
2024/12/28 11:16:09 UTC,robotics engineer
2024/12/28 11:22:00 UTC,robotics engineer
2024/12/28 11:25:17 UTC,robotics researcher
2024/12/28 11:32:51 UTC,intern
2024/12/28 11:32:55 UTC,intern
2024/12/28 11:36:10 UTC,robotics intern
2024/12/28 11:41:34 UTC,internship
2024/12/28 11:49:10 UTC,research intern
2024/12/28 11:50:11 UTC,robotics intern
2024/12/28 11:52:56 UTC,robotics internship
2024/12/28 11:55:02 UTC,robotics specialist
2024/12/28 13:12:03 UTC,robotics engineer
2024/12/28 13:12:40 UTC,robotics engineer
2024/12/28 14:36:55 UTC,robotics engineer
2024/12/28 14:46:19 UTC,robotics engineer
2024/12/28 17:16:06 UTC,robotics internship
2024/12/28 17:20:16 UTC,research intern
2024/12/28 17:21:12 UTC,robotics intern
2024/12/28 17:29:11 UTC,robotics intern
2024/12/28 17:34:15 UTC,research intern
2024/12/28 17:39:44 UTC,intern
2024/12/28 17:42:34 UTC,robotics intern
2024/12/28 17:42:48 UTC,robotics engineer
2024/12/28 19:57:41 UTC,intern
2024/12/29 01:06:48 UTC,ihub robotics
2024/12/29 01:14:22 UTC,ihub robotics
2024/12/29 02:52:15 UTC,robotics engineer
2024/12/29 03:26:16 UTC,robotics engineer
2024/12/29 04:08:30 UTC,robotics researcher
2024/12/29 04:11:23 UTC,robotics researcher
2024/12/29 04:22:01 UTC,robotics researcher
2024/12/29 04:22:55 UTC,robotics researcher
2024/12/29 07:07:18 UTC,intern
2024/12/29 07:12:03 UTC,robotics specialist
2024/12/29 08:19:31 UTC,internship
2024/12/29 10:16:24 UTC,intern
2024/12/29 10:19:24 UTC,intern
2024/12/29 10:45:02 UTC,robotics researcher
2024/12/29 10:58:46 UTC,robotics researcher
2024/12/29 11:09:23 UTC,robotics researcher
2024/12/29 11:13:26 UTC,robotics researcher
2024/12/29 11:17:11 UTC,ihub robotics
2024/12/29 11:23:26 UTC,robotics engineer
2024/12/29 11:32:50 UTC,robotics researcher
2024/12/29 13:07:53 UTC,robotics engineer
2024/12/29 13:23:12 UTC,robotics engineer
2024/12/29 13:41:22 UTC,intern
2024/12/29 13:41:50 UTC,intern
2024/12/29 13:44:19 UTC,robotics intern
2024/12/29 13:49:02 UTC,internship
2024/12/29 13:57:06 UTC,research intern
2024/12/29 13:59:21 UTC,robotics intern
2024/12/29 14:02:49 UTC,robotics internship
2024/12/29 14:04:55 UTC,robotics specialist
2024/12/29 14:33:14 UTC,robotics engineer
2024/12/29 14:38:19 UTC,robotics engineer
2024/12/29 17:11:18 UTC,research intern
2024/12/29 17:12:50 UTC,robotics internship
2024/12/29 17:14:23 UTC,intern
2024/12/29 17:17:48 UTC,robotics intern
2024/12/29 17:33:22 UTC,robotics intern
2024/12/29 17:38:03 UTC,robotics intern
2024/12/29 17:41:16 UTC,research intern
2024/12/29 19:50:47 UTC,robotics engineer
2024/12/29 22:06:03 UTC,intern
2024/12/30 01:09:22 UTC,ihub robotics
2024/12/30 01:15:23 UTC,ihub robotics
2024/12/30 04:08:06 UTC,robotics researcher
2024/12/30 04:19:21 UTC,robotics researcher
2024/12/30 04:20:02 UTC,robotics researcher
2024/12/30 04:26:03 UTC,robotics researcher
2024/12/30 04:59:38 UTC,robotics engineer
2024/12/30 05:35:10 UTC,robotics engineer
2024/12/30 07:13:38 UTC,intern
2024/12/30 07:15:57 UTC,robotics specialist
2024/12/30 08:18:54 UTC,internship
2024/12/30 10:18:53 UTC,intern
2024/12/30 10:24:44 UTC,intern
2024/12/30 11:12:15 UTC,robotics researcher
2024/12/30 11:13:25 UTC,robotics researcher
2024/12/30 11:17:54 UTC,robotics engineer
2024/12/30 12:51:27 UTC,robotics researcher
2024/12/30 13:06:39 UTC,robotics researcher
2024/12/30 13:17:24 UTC,robotics researcher
2024/12/30 13:19:30 UTC,robotics engineer
2024/12/30 13:24:50 UTC,ihub robotics
2024/12/30 13:32:08 UTC,robotics engineer
2024/12/30 14:14:38 UTC,robotics engineer
2024/12/30 14:23:59 UTC,robotics engineer
2024/12/30 15:47:34 UTC,intern
2024/12/30 15:48:37 UTC,intern
2024/12/30 15:51:14 UTC,robotics intern
2024/12/30 15:55:07 UTC,internship
2024/12/30 16:03:14 UTC,research intern
2024/12/30 16:06:03 UTC,robotics intern
2024/12/30 16:11:04 UTC,robotics internship
2024/12/30 16:12:15 UTC,robotics specialist
2024/12/30 17:14:43 UTC,robotics intern
2024/12/30 17:18:49 UTC,robotics internship
2024/12/30 17:21:19 UTC,intern
2024/12/30 17:29:43 UTC,research intern
2024/12/30 17:36:23 UTC,robotics intern
2024/12/30 21:57:23 UTC,robotics engineer
2024/12/31 00:13:11 UTC,intern
2024/12/31 01:09:24 UTC,ihub robotics
2024/12/31 01:23:01 UTC,ihub robotics
2024/12/31 04:13:39 UTC,robotics researcher
2024/12/31 04:18:09 UTC,robotics researcher
2024/12/31 04:24:24 UTC,robotics researcher
2024/12/31 04:26:50 UTC,robotics researcher
2024/12/31 07:08:12 UTC,robotics engineer
2024/12/31 07:13:41 UTC,robotics specialist
2024/12/31 07:19:38 UTC,intern
2024/12/31 07:41:48 UTC,robotics engineer
2024/12/31 08:09:39 UTC,internship
2024/12/31 10:24:20 UTC,intern
2024/12/31 10:44:30 UTC,intern
2024/12/31 11:24:12 UTC,robotics researcher
2024/12/31 11:25:08 UTC,robotics engineer
2024/12/31 11:31:39 UTC,robotics researcher
2024/12/31 11:34:26 UTC,robotics engineer
2024/12/31 13:08:55 UTC,robotics engineer
2024/12/31 13:30:45 UTC,robotics engineer
2024/12/31 14:11:08 UTC,robotics engineer
2024/12/31 14:19:18 UTC,robotics engineer
2024/12/31 14:59:45 UTC,robotics researcher
2024/12/31 15:13:11 UTC,robotics researcher
2024/12/31 15:23:42 UTC,robotics researcher
2024/12/31 15:31:51 UTC,ihub robotics
2024/12/31 17:14:15 UTC,robotics intern
2024/12/31 17:17:32 UTC,intern
2024/12/31 17:19:19 UTC,research intern
2024/12/31 17:24:43 UTC,robotics intern
2024/12/31 17:26:15 UTC,robotics intern
2024/12/31 17:30:06 UTC,robotics internship
2024/12/31 17:55:09 UTC,intern
2024/12/31 17:55:55 UTC,intern
2024/12/31 17:57:25 UTC,robotics intern
2024/12/31 18:03:43 UTC,internship
2024/12/31 18:11:42 UTC,research intern
2024/12/31 18:14:31 UTC,robotics intern
2024/12/31 18:17:16 UTC,robotics internship
2024/12/31 18:17:30 UTC,robotics specialist
2025/01/01 00:03:11 UTC,robotics engineer
2025/01/01 01:11:54 UTC,ihub robotics
2025/01/01 01:16:18 UTC,ihub robotics
2025/01/01 02:18:47 UTC,intern
2025/01/01 04:13:43 UTC,robotics researcher
2025/01/01 04:13:59 UTC,robotics researcher
2025/01/01 04:32:23 UTC,robotics researcher
2025/01/01 04:35:45 UTC,robotics researcher
2025/01/01 07:33:20 UTC,robotics specialist
2025/01/01 07:35:05 UTC,intern
2025/01/01 07:36:15 UTC,robotics specialist
2025/01/01 08:09:41 UTC,internship
2025/01/01 09:13:53 UTC,robotics engineer
2025/01/01 09:48:22 UTC,robotics engineer
2025/01/01 10:46:43 UTC,intern
2025/01/01 11:10:19 UTC,intern
2025/01/01 11:16:49 UTC,robotics researcher
2025/01/01 11:40:09 UTC,robotics engineer
2025/01/01 11:42:32 UTC,robotics researcher
2025/01/01 11:52:21 UTC,robotics engineer
2025/01/01 13:21:12 UTC,robotics engineer
2025/01/01 13:40:01 UTC,robotics engineer
2025/01/01 14:38:41 UTC,robotics engineer
2025/01/01 14:41:09 UTC,robotics engineer
2025/01/01 17:05:48 UTC,robotics researcher
2025/01/01 17:14:39 UTC,research intern
2025/01/01 17:17:16 UTC,robotics researcher
2025/01/01 17:19:53 UTC,intern
2025/01/01 17:29:17 UTC,robotics researcher
2025/01/01 17:35:27 UTC,robotics internship
2025/01/01 17:36:07 UTC,robotics intern
2025/01/01 17:38:19 UTC,ihub robotics
2025/01/01 17:54:30 UTC,robotics intern
2025/01/01 17:55:57 UTC,robotics intern
2025/01/01 19:59:59 UTC,intern
2025/01/01 20:02:02 UTC,robotics intern
2025/01/01 20:02:19 UTC,intern
2025/01/01 20:08:55 UTC,internship
2025/01/01 20:17:44 UTC,research intern
2025/01/01 20:20:02 UTC,robotics intern
2025/01/01 20:23:11 UTC,robotics internship
2025/01/01 20:23:36 UTC,robotics specialist
2025/01/02 01:12:51 UTC,ihub robotics
2025/01/02 01:15:19 UTC,ihub robotics
2025/01/02 02:07:12 UTC,robotics engineer
2025/01/02 04:10:37 UTC,robotics researcher
2025/01/02 04:10:55 UTC,robotics researcher
2025/01/02 04:11:14 UTC,robotics researcher
2025/01/02 04:19:02 UTC,robotics researcher
2025/01/02 04:24:48 UTC,intern
2025/01/02 07:12:13 UTC,robotics specialist
2025/01/02 07:14:51 UTC,intern
2025/01/02 08:17:10 UTC,internship
2025/01/02 10:09:22 UTC,intern
2025/01/02 10:32:29 UTC,intern
2025/01/02 11:11:04 UTC,robotics engineer
2025/01/02 11:19:47 UTC,robotics engineer
2025/01/02 11:20:58 UTC,robotics researcher
2025/01/02 11:23:17 UTC,robotics researcher
2025/01/02 11:54:20 UTC,robotics engineer
2025/01/02 13:11:08 UTC,robotics engineer
2025/01/02 14:13:34 UTC,robotics engineer
2025/01/02 17:11:10 UTC,research intern
2025/01/02 17:21:31 UTC,robotics intern
2025/01/02 17:22:41 UTC,robotics intern
2025/01/02 17:37:04 UTC,intern
2025/01/02 17:37:07 UTC,robotics internship
2025/01/02 17:47:58 UTC,robotics intern
2025/01/02 19:11:26 UTC,robotics researcher
2025/01/02 19:24:51 UTC,robotics researcher
2025/01/02 19:35:52 UTC,robotics researcher
2025/01/02 19:44:57 UTC,ihub robotics
2025/01/02 22:06:11 UTC,intern
2025/01/02 22:08:44 UTC,intern
2025/01/02 22:09:03 UTC,robotics intern
2025/01/02 22:17:33 UTC,internship
2025/01/02 22:25:15 UTC,research intern
2025/01/02 22:25:55 UTC,robotics intern
2025/01/02 22:28:33 UTC,robotics internship
2025/01/02 22:31:46 UTC,robotics specialist
2025/01/03 01:21:53 UTC,ihub robotics
2025/01/03 01:30:10 UTC,ihub robotics
2025/01/03 04:07:00 UTC,robotics researcher
2025/01/03 04:07:05 UTC,robotics researcher
2025/01/03 04:14:15 UTC,robotics engineer
2025/01/03 04:30:52 UTC,robotics researcher
2025/01/03 04:35:20 UTC,robotics researcher
2025/01/03 06:30:02 UTC,intern
2025/01/03 07:17:32 UTC,intern
2025/01/03 07:22:23 UTC,robotics specialist
2025/01/03 07:34:40 UTC,robotics specialist
2025/01/03 08:14:08 UTC,internship
2025/01/03 10:34:33 UTC,intern
2025/01/03 10:57:08 UTC,intern
2025/01/03 11:13:15 UTC,robotics engineer
2025/01/03 11:23:48 UTC,robotics researcher
2025/01/03 11:39:39 UTC,robotics researcher
2025/01/03 13:22:58 UTC,robotics engineer
2025/01/03 13:26:36 UTC,robotics engineer
2025/01/03 14:00:03 UTC,robotics engineer
2025/01/03 14:27:13 UTC,robotics engineer
2025/01/03 17:22:21 UTC,robotics intern
2025/01/03 17:24:51 UTC,robotics internship
2025/01/03 17:27:26 UTC,intern
2025/01/03 17:34:26 UTC,research intern
2025/01/03 17:42:17 UTC,robotics intern
2025/01/03 17:51:03 UTC,research intern
2025/01/03 21:15:43 UTC,robotics researcher
2025/01/03 21:30:02 UTC,robotics researcher
2025/01/03 21:42:51 UTC,robotics researcher
2025/01/03 21:49:33 UTC,ihub robotics
2025/01/04 00:10:26 UTC,intern
2025/01/04 00:12:57 UTC,intern
2025/01/04 00:13:52 UTC,robotics intern
2025/01/04 00:23:53 UTC,internship
2025/01/04 00:32:07 UTC,research intern
2025/01/04 00:32:24 UTC,robotics intern
2025/01/04 00:34:42 UTC,robotics internship
2025/01/04 00:37:08 UTC,robotics specialist
2025/01/04 01:10:35 UTC,ihub robotics
2025/01/04 01:17:59 UTC,ihub robotics
2025/01/04 04:15:07 UTC,robotics researcher
2025/01/04 04:16:06 UTC,robotics researcher
2025/01/04 04:17:37 UTC,robotics researcher
2025/01/04 04:25:46 UTC,robotics researcher
2025/01/04 05:10:05 UTC,shana reji
2025/01/04 05:10:05 UTC,shantanu parab
2025/01/04 05:10:17 UTC,shantanu sonar
2025/01/04 05:14:40 UTC,shantanu sonar
2025/01/04 05:14:51 UTC,achal k choudahary
2025/01/04 05:14:52 UTC,achal k choudahary
2025/01/04 05:14:56 UTC,achal k choudhary
2025/01/04 05:14:57 UTC,achal k choudhary
2025/01/04 05:28:34 UTC,robotics internship
2025/01/04 05:28:34 UTC,robotics internship
2025/01/04 05:28:36 UTC,Execom
2025/01/04 05:28:36 UTC,robotics engineer
2025/01/04 05:28:36 UTC,robotics internship
2025/01/04 05:28:37 UTC,robotics internship
2025/01/04 05:28:37 UTC,robotics internship
2025/01/04 05:28:43 UTC,muhammed rishan p c
2025/01/04 05:28:43 UTC,risc-v and open-source hardware courses
2025/01/04 05:28:43 UTC,risco group
2025/01/04 05:28:43 UTC,riscon group
2025/01/04 05:28:44 UTC,muhammad rizwan munawar
2025/01/04 05:28:45 UTC,robotics internship
2025/01/04 05:28:46 UTC,roscon group of companies
2025/01/04 05:28:50 UTC,francisco roscelli
2025/01/04 05:28:50 UTC,francisco roscelli
2025/01/04 05:28:50 UTC,robotics internship
2025/01/04 05:28:50 UTC,rosco
2025/01/04 05:28:50 UTC,rosco
2025/01/04 05:28:51 UTC,dr. roshy john
2025/01/04 05:28:51 UTC,robotics internship
2025/01/04 05:28:51 UTC,ros-industrial
2025/01/04 05:28:54 UTC,ros international
2025/01/04 05:28:59 UTC,ros internship
2025/01/04 05:29:01 UTC,ros internship
2025/01/04 06:20:18 UTC,robotics engineer
2025/01/04 07:10:16 UTC,intern
2025/01/04 07:10:33 UTC,robotics specialist
2025/01/04 08:20:26 UTC,internship
2025/01/04 08:35:30 UTC,intern
2025/01/04 10:30:01 UTC,intern
2025/01/04 10:30:18 UTC,intern
2025/01/04 11:10:56 UTC,robotics engineer
2025/01/04 11:13:56 UTC,robotics engineer
2025/01/04 11:16:57 UTC,robotics researcher
2025/01/04 11:37:59 UTC,robotics researcher
2025/01/04 13:12:48 UTC,robotics engineer
2025/01/04 13:27:02 UTC,robotics engineer
2025/01/04 14:21:44 UTC,robotics engineer
2025/01/04 14:38:08 UTC,robotics engineer
2025/01/04 15:31:03 UTC,robotics engineer
2025/01/04 16:05:53 UTC,robotics engineer
2025/01/04 17:11:32 UTC,research intern
2025/01/04 17:14:28 UTC,intern
2025/01/04 17:18:50 UTC,robotics internship
2025/01/04 17:20:35 UTC,research intern
2025/01/04 17:23:51 UTC,robotics intern
2025/01/04 17:23:56 UTC,robotics intern
2025/01/04 23:28:32 UTC,robotics researcher
2025/01/04 23:46:12 UTC,robotics researcher
2025/01/04 23:58:35 UTC,robotics researcher
2025/01/05 00:06:26 UTC,ihub robotics
2025/01/05 01:11:49 UTC,ihub robotics
2025/01/05 01:15:07 UTC,ihub robotics
2025/01/05 02:26:00 UTC,intern
2025/01/05 02:27:44 UTC,intern
2025/01/05 02:29:15 UTC,robotics intern
2025/01/05 02:39:09 UTC,internship
2025/01/05 02:46:10 UTC,research intern
2025/01/05 02:47:39 UTC,robotics intern
2025/01/05 02:50:12 UTC,robotics internship
2025/01/05 02:51:55 UTC,robotics specialist
2025/01/05 04:06:27 UTC,robotics researcher
2025/01/05 04:06:42 UTC,robotics researcher
2025/01/05 04:07:36 UTC,robotics researcher
2025/01/05 04:18:11 UTC,robotics researcher
2025/01/05 07:09:34 UTC,intern
2025/01/05 07:19:15 UTC,robotics specialist
2025/01/05 08:12:47 UTC,internship
2025/01/05 08:34:13 UTC,robotics engineer
2025/01/05 10:23:33 UTC,intern
2025/01/05 10:28:38 UTC,intern
2025/01/05 10:49:54 UTC,intern
2025/01/05 11:09:15 UTC,robotics researcher
2025/01/05 11:20:12 UTC,robotics researcher
2025/01/05 11:28:23 UTC,robotics engineer
2025/01/05 11:36:16 UTC,robotics engineer
2025/01/05 13:18:51 UTC,robotics engineer
2025/01/05 13:24:29 UTC,robotics engineer
2025/01/05 14:12:25 UTC,robotics engineer
2025/01/05 14:15:07 UTC,robotics engineer
2025/01/05 17:12:34 UTC,research intern
2025/01/05 17:16:35 UTC,research intern
2025/01/05 17:16:47 UTC,robotics intern
2025/01/05 17:19:39 UTC,intern
2025/01/05 17:23:15 UTC,robotics internship
2025/01/05 17:23:23 UTC,robotics intern
2025/01/05 17:42:03 UTC,robotics intern
2025/01/05 17:45:09 UTC,robotics engineer
2025/01/05 18:20:15 UTC,robotics engineer
2025/01/06 01:17:04 UTC,ihub robotics
2025/01/06 01:24:16 UTC,ihub robotics
2025/01/06 01:33:51 UTC,robotics researcher
2025/01/06 01:50:58 UTC,robotics researcher
2025/01/06 02:04:39 UTC,robotics researcher
2025/01/06 02:12:49 UTC,ihub robotics
2025/01/06 04:11:25 UTC,robotics researcher
2025/01/06 04:19:46 UTC,robotics researcher
2025/01/06 04:23:27 UTC,robotics researcher
2025/01/06 04:23:30 UTC,robotics researcher
2025/01/06 04:31:33 UTC,intern
2025/01/06 04:34:14 UTC,intern
2025/01/06 04:35:34 UTC,robotics intern
2025/01/06 04:42:39 UTC,internship
2025/01/06 04:51:59 UTC,research intern
2025/01/06 04:52:50 UTC,robotics intern
2025/01/06 04:55:28 UTC,robotics specialist
2025/01/06 04:56:37 UTC,robotics internship
2025/01/06 07:07:15 UTC,intern
2025/01/06 07:12:55 UTC,robotics specialist
2025/01/06 07:18:35 UTC,robotics specialist
2025/01/06 08:21:47 UTC,internship
2025/01/06 10:25:11 UTC,intern
2025/01/06 10:31:26 UTC,intern
2025/01/06 10:39:19 UTC,robotics engineer
2025/01/06 11:17:12 UTC,robotics researcher
2025/01/06 11:25:26 UTC,robotics researcher
2025/01/06 11:31:43 UTC,robotics engineer
2025/01/06 12:56:02 UTC,intern
2025/01/06 13:11:46 UTC,robotics engineer
2025/01/06 13:15:11 UTC,robotics engineer
2025/01/06 14:26:49 UTC,robotics engineer
2025/01/06 14:30:42 UTC,robotics engineer
2025/01/06 17:18:18 UTC,intern
2025/01/06 17:21:36 UTC,robotics intern
2025/01/06 17:24:29 UTC,robotics intern
2025/01/06 17:35:57 UTC,robotics intern
2025/01/06 17:38:46 UTC,research intern
2025/01/06 17:41:27 UTC,robotics internship
2025/01/06 19:52:37 UTC,robotics engineer
2025/01/06 20:25:28 UTC,robotics engineer
2025/01/07 01:15:48 UTC,ihub robotics
2025/01/07 01:22:54 UTC,ihub robotics
2025/01/07 03:40:21 UTC,robotics researcher
2025/01/07 03:57:06 UTC,robotics researcher
2025/01/07 04:08:18 UTC,robotics researcher
2025/01/07 04:10:43 UTC,robotics researcher
2025/01/07 04:18:26 UTC,robotics researcher
2025/01/07 04:19:45 UTC,ihub robotics
2025/01/07 04:21:14 UTC,robotics researcher
2025/01/07 04:24:33 UTC,robotics researcher
2025/01/07 06:37:37 UTC,intern
2025/01/07 06:40:43 UTC,intern
2025/01/07 06:43:44 UTC,robotics intern
2025/01/07 06:47:44 UTC,internship
2025/01/07 06:57:08 UTC,research intern
2025/01/07 06:58:06 UTC,robotics intern
2025/01/07 06:59:51 UTC,robotics specialist
2025/01/07 07:02:56 UTC,robotics internship
2025/01/07 07:12:34 UTC,intern
2025/01/07 07:12:49 UTC,robotics specialist
2025/01/07 08:20:03 UTC,internship
2025/01/07 10:23:34 UTC,intern
2025/01/07 10:32:24 UTC,intern
2025/01/07 11:09:47 UTC,robotics engineer
2025/01/07 11:24:37 UTC,robotics researcher
2025/01/07 11:34:55 UTC,robotics researcher
2025/01/07 12:45:02 UTC,robotics engineer
2025/01/07 13:22:26 UTC,robotics engineer
2025/01/07 14:11:40 UTC,robotics engineer
2025/01/07 15:01:45 UTC,intern
2025/01/07 17:09:59 UTC,research intern
2025/01/07 17:13:33 UTC,robotics intern
2025/01/07 17:21:27 UTC,intern
2025/01/07 17:27:48 UTC,robotics intern
2025/01/07 17:31:48 UTC,research intern
2025/01/07 17:34:13 UTC,robotics internship
2025/01/07 21:59:26 UTC,robotics engineer
2025/01/07 22:31:59 UTC,robotics engineer
2025/01/08 01:07:56 UTC,ihub robotics
2025/01/08 01:28:54 UTC,ihub robotics
2025/01/08 02:46:17 UTC,open robotics
2025/01/08 02:46:22 UTC,Open Robotics internship
2025/01/08 02:46:24 UTC,Open Robotics internship
2025/01/08 03:16:06 UTC,Robotics Specialist
2025/01/08 03:16:08 UTC,Robotics Specialist
2025/01/08 03:30:56 UTC,inker robotics
2025/01/08 03:30:57 UTC,inker robotics
2025/01/08 03:36:26 UTC,inker robotics
2025/01/08 03:52:12 UTC,Robotics Engineer
2025/01/08 04:13:10 UTC,robotics researcher
2025/01/08 04:24:41 UTC,robotics researcher
2025/01/08 04:27:52 UTC,robotics researcher
2025/01/08 04:29:31 UTC,robotics researcher
2025/01/08 05:22:22 UTC,ros2 mentor
2025/01/08 05:22:23 UTC,ros2 mentor
2025/01/08 05:23:35 UTC,ros2 mentor
2025/01/08 05:23:39 UTC,copper robotics
2025/01/08 05:23:42 UTC,energy robotics
2025/01/08 05:23:42 UTC,robotics summit & expo
2025/01/08 05:23:43 UTC,robotics software development tools courses
2025/01/08 05:23:45 UTC,robotics software engineer
2025/01/08 05:23:47 UTC,robotics software engineer
2025/01/08 05:25:06 UTC,robotics software engineer
2025/01/08 05:25:07 UTC,robotics software engineer
2025/01/08 05:25:13 UTC,robotics software engineer
2025/01/08 05:25:13 UTC,robotics software engineer
2025/01/08 05:25:14 UTC,robotics software engineer
2025/01/08 05:25:15 UTC,robotics software engineer
2025/01/08 05:27:32 UTC,robotics software development tools courses
2025/01/08 05:47:23 UTC,robotics researcher
2025/01/08 06:05:14 UTC,robotics researcher
2025/01/08 06:19:05 UTC,robotics researcher
2025/01/08 06:25:08 UTC,ihub robotics
2025/01/08 07:22:13 UTC,robotics specialist
2025/01/08 07:27:58 UTC,intern
2025/01/08 08:10:48 UTC,internship
2025/01/08 08:43:11 UTC,intern
2025/01/08 08:47:33 UTC,intern
2025/01/08 08:51:45 UTC,robotics intern
2025/01/08 08:54:05 UTC,internship
2025/01/08 09:03:40 UTC,research intern
2025/01/08 09:04:02 UTC,robotics intern
2025/01/08 09:08:32 UTC,robotics specialist
2025/01/08 09:09:20 UTC,robotics internship
2025/01/08 10:10:15 UTC,intern
2025/01/08 10:46:38 UTC,intern
2025/01/08 11:35:22 UTC,robotics researcher
2025/01/08 11:36:05 UTC,robotics engineer
2025/01/08 11:50:44 UTC,robotics researcher
2025/01/08 13:18:23 UTC,robotics engineer
2025/01/08 13:21:27 UTC,robotics engineer
2025/01/08 14:46:21 UTC,robotics engineer
2025/01/08 14:50:37 UTC,robotics engineer
2025/01/08 14:52:30 UTC,robotics engineer
2025/01/08 17:07:27 UTC,intern
2025/01/08 17:08:38 UTC,robotics internship
2025/01/08 17:22:50 UTC,intern
2025/01/08 17:35:18 UTC,research intern
2025/01/08 17:42:06 UTC,robotics intern
2025/01/08 17:53:22 UTC,robotics intern
2025/01/08 17:56:40 UTC,robotics intern
2025/01/09 00:09:24 UTC,robotics engineer
2025/01/09 00:39:55 UTC,robotics engineer
2025/01/09 01:20:34 UTC,ihub robotics
2025/01/09 01:22:49 UTC,ihub robotics
2025/01/09 04:15:26 UTC,robotics researcher
2025/01/09 04:15:49 UTC,robotics researcher
2025/01/09 04:24:59 UTC,robotics researcher
2025/01/09 04:27:59 UTC,robotics researcher
2025/01/09 07:10:36 UTC,intern
2025/01/09 07:19:09 UTC,robotics specialist
2025/01/09 07:57:44 UTC,robotics researcher
2025/01/09 08:14:15 UTC,robotics researcher
2025/01/09 08:17:13 UTC,internship
2025/01/09 08:26:54 UTC,robotics researcher
2025/01/09 08:32:12 UTC,ihub robotics
2025/01/09 10:22:34 UTC,intern
2025/01/09 10:26:10 UTC,intern
2025/01/09 10:50:02 UTC,intern
2025/01/09 10:55:10 UTC,intern
2025/01/09 11:01:08 UTC,robotics intern
2025/01/09 11:03:50 UTC,internship
2025/01/09 11:12:09 UTC,research intern
2025/01/09 11:12:55 UTC,robotics intern
2025/01/09 11:16:54 UTC,robotics specialist
2025/01/09 11:18:59 UTC,robotics internship
2025/01/09 11:21:47 UTC,robotics researcher
2025/01/09 11:29:19 UTC,robotics researcher
2025/01/09 11:39:29 UTC,robotics engineer
2025/01/09 13:14:52 UTC,robotics engineer
2025/01/09 14:31:15 UTC,robotics engineer
2025/01/09 14:33:07 UTC,robotics engineer
2025/01/09 17:01:29 UTC,robotics engineer
2025/01/09 17:11:10 UTC,research intern
2025/01/09 17:11:41 UTC,intern
2025/01/09 17:14:15 UTC,robotics internship
2025/01/09 17:20:41 UTC,robotics intern
2025/01/09 17:30:28 UTC,robotics intern
2025/01/09 19:16:49 UTC,intern
2025/01/10 01:29:10 UTC,ihub robotics
2025/01/10 01:32:09 UTC,ihub robotics
2025/01/10 02:20:19 UTC,robotics engineer
2025/01/10 02:50:29 UTC,robotics engineer
2025/01/10 04:08:22 UTC,robotics researcher
2025/01/10 04:26:55 UTC,robotics researcher
2025/01/10 04:27:00 UTC,robotics researcher
2025/01/10 04:36:44 UTC,robotics researcher
2025/01/10 07:09:31 UTC,intern
2025/01/10 07:17:09 UTC,robotics specialist
2025/01/10 07:35:41 UTC,robotics specialist
2025/01/10 08:12:08 UTC,internship
2025/01/10 10:08:38 UTC,robotics researcher
2025/01/10 10:14:37 UTC,intern
2025/01/10 10:23:28 UTC,robotics researcher
2025/01/10 10:37:07 UTC,robotics researcher
2025/01/10 10:40:43 UTC,intern
2025/01/10 10:43:13 UTC,ihub robotics
2025/01/10 11:20:54 UTC,robotics engineer
2025/01/10 11:24:08 UTC,robotics researcher
2025/01/10 11:49:56 UTC,robotics researcher
2025/01/10 12:36:19 UTC,robotics engineer
2025/01/10 12:36:19 UTC,robotics engineer
2025/01/10 12:36:20 UTC,Execom
2025/01/10 12:36:20 UTC,robotics engineer
2025/01/10 12:36:20 UTC,robotics engineer
2025/01/10 12:36:21 UTC,Software Engineer
2025/01/10 12:36:21 UTC,robotics engineer
2025/01/10 12:36:21 UTC,robotics engineer
2025/01/10 12:36:21 UTC,robotics engineer
2025/01/10 13:01:36 UTC,intern
2025/01/10 13:04:26 UTC,intern
2025/01/10 13:10:38 UTC,robotics intern
2025/01/10 13:14:20 UTC,internship
2025/01/10 13:20:20 UTC,research intern
2025/01/10 13:23:17 UTC,robotics intern
2025/01/10 13:27:03 UTC,robotics specialist
2025/01/10 13:28:07 UTC,robotics internship
2025/01/10 13:42:37 UTC,robotics engineer
2025/01/10 13:44:42 UTC,robotics engineer
2025/01/10 14:21:12 UTC,robotics engineer
2025/01/10 14:38:30 UTC,robotics engineer
2025/01/10 17:22:31 UTC,robotics internship
2025/01/10 17:23:23 UTC,robotics intern
2025/01/10 17:34:37 UTC,intern
2025/01/10 17:39:19 UTC,robotics intern
2025/01/10 17:50:14 UTC,research intern
2025/01/10 17:55:24 UTC,robotics intern
2025/01/10 18:01:50 UTC,research intern
2025/01/10 18:22:08 UTC,robotics intern
2025/01/10 18:22:08 UTC,robotics intern
2025/01/10 18:22:09 UTC,Execom
2025/01/10 18:22:09 UTC,robotics engineer
2025/01/10 18:22:09 UTC,robotics intern
2025/01/10 18:22:09 UTC,robotics intern
2025/01/10 18:22:12 UTC,Human Resources Intern
2025/01/10 18:23:03 UTC,robotics engineer
2025/01/10 18:23:03 UTC,robotics engineer
2025/01/10 18:23:03 UTC,robotics intern
2025/01/10 18:23:03 UTC,robotics intern
2025/01/10 18:23:03 UTC,robotics intern
2025/01/10 18:23:03 UTC,robotics intern
2025/01/10 18:23:03 UTC,robotics internship
2025/01/10 18:23:03 UTC,robotics internship
2025/01/10 19:12:23 UTC,robotics engineer
2025/01/10 21:27:16 UTC,intern
2025/01/11 01:20:10 UTC,ihub robotics
2025/01/11 01:24:50 UTC,ihub robotics
2025/01/11 04:15:00 UTC,robotics researcher
2025/01/11 04:16:15 UTC,robotics researcher
2025/01/11 04:17:04 UTC,robotics researcher
2025/01/11 04:18:26 UTC,robotics researcher
2025/01/11 04:30:14 UTC,robotics engineer
2025/01/11 05:01:36 UTC,robotics engineer
2025/01/11 05:10:37 UTC,resume review services
2025/01/11 05:10:39 UTC,resume
2025/01/11 05:10:40 UTC,resume
2025/01/11 05:40:28 UTC,taha ahamed ahamed
2025/01/11 05:40:29 UTC,taha ahamed ahamed
2025/01/11 07:50:49 UTC,Robotics Engineer
2025/01/11 09:18:25 UTC,internship
2025/01/11 10:03:11 UTC,intern
2025/01/11 10:05:23 UTC,robotics specialist
2025/01/11 10:38:12 UTC,intern
2025/01/11 10:46:10 UTC,intern
2025/01/11 11:15:16 UTC,robotics engineer
2025/01/11 11:18:03 UTC,robotics researcher
2025/01/11 11:34:30 UTC,robotics researcher
2025/01/11 12:18:34 UTC,robotics researcher
2025/01/11 12:32:52 UTC,robotics researcher
2025/01/11 12:46:49 UTC,robotics researcher
2025/01/11 12:52:17 UTC,ihub robotics
2025/01/11 13:17:04 UTC,robotics engineer
2025/01/11 13:27:44 UTC,robotics engineer
2025/01/11 14:14:42 UTC,robotics engineer
2025/01/11 14:41:26 UTC,robotics engineer
2025/01/11 15:13:26 UTC,intern
2025/01/11 15:15:38 UTC,intern
2025/01/11 15:20:57 UTC,robotics intern
2025/01/11 15:24:10 UTC,internship
2025/01/11 15:31:29 UTC,research intern
2025/01/11 15:34:10 UTC,robotics intern
2025/01/11 15:38:05 UTC,robotics internship
2025/01/11 15:38:28 UTC,robotics specialist
2025/01/11 17:13:37 UTC,research intern
2025/01/11 17:18:28 UTC,intern
2025/01/11 17:21:28 UTC,robotics intern
2025/01/11 17:22:04 UTC,research intern
2025/01/11 17:30:18 UTC,robotics intern
2025/01/11 17:38:26 UTC,robotics internship
2025/01/11 21:23:09 UTC,robotics engineer
2025/01/11 23:36:20 UTC,intern
2025/01/12 01:17:02 UTC,ihub robotics
2025/01/12 01:23:09 UTC,ihub robotics
2025/01/12 04:09:48 UTC,robotics researcher
2025/01/12 04:12:25 UTC,robotics researcher
2025/01/12 04:21:38 UTC,robotics researcher
2025/01/12 04:25:45 UTC,robotics researcher
2025/01/12 06:41:37 UTC,robotics engineer
2025/01/12 07:10:38 UTC,intern
2025/01/12 07:11:22 UTC,robotics engineer
2025/01/12 07:22:41 UTC,robotics specialist
2025/01/12 08:18:31 UTC,internship
2025/01/12 10:30:42 UTC,intern
2025/01/12 10:33:31 UTC,intern
2025/01/12 11:10:26 UTC,robotics engineer
2025/01/12 11:14:39 UTC,robotics researcher
2025/01/12 11:30:34 UTC,robotics researcher
2025/01/12 13:14:07 UTC,robotics engineer
2025/01/12 13:18:28 UTC,robotics engineer
2025/01/12 14:27:04 UTC,robotics engineer
2025/01/12 14:29:02 UTC,robotics researcher
2025/01/12 14:40:18 UTC,robotics engineer
2025/01/12 14:43:14 UTC,robotics researcher
2025/01/12 14:57:10 UTC,robotics researcher
2025/01/12 15:04:04 UTC,ihub robotics
2025/01/12 17:16:45 UTC,robotics internship
2025/01/12 17:18:59 UTC,intern
2025/01/12 17:21:11 UTC,robotics intern
2025/01/12 17:24:03 UTC,intern
2025/01/12 17:27:41 UTC,intern
2025/01/12 17:28:40 UTC,research intern
2025/01/12 17:33:06 UTC,robotics intern
2025/01/12 17:35:47 UTC,internship
2025/01/12 17:37:54 UTC,robotics intern
2025/01/12 17:39:30 UTC,robotics intern
2025/01/12 17:42:15 UTC,research intern
2025/01/12 17:45:21 UTC,robotics intern
2025/01/12 17:50:05 UTC,robotics internship
2025/01/12 17:51:06 UTC,robotics specialist
2025/01/12 23:35:36 UTC,robotics engineer
2025/01/13 01:15:16 UTC,ihub robotics
2025/01/13 01:23:20 UTC,ihub robotics
2025/01/13 01:47:48 UTC,intern
2025/01/13 04:09:10 UTC,robotics researcher
2025/01/13 04:14:00 UTC,robotics researcher
2025/01/13 04:14:14 UTC,robotics researcher
2025/01/13 04:25:40 UTC,robotics researcher
2025/01/13 07:11:24 UTC,robotics specialist
2025/01/13 07:14:11 UTC,intern
2025/01/13 08:18:09 UTC,internship
2025/01/13 09:03:17 UTC,robotics engineer
2025/01/13 09:35:51 UTC,robotics engineer
2025/01/13 10:20:57 UTC,intern
2025/01/13 10:38:40 UTC,intern
2025/01/13 11:19:21 UTC,robotics engineer
2025/01/13 11:31:09 UTC,robotics researcher
2025/01/13 11:41:47 UTC,robotics researcher
2025/01/13 13:23:59 UTC,robotics engineer
2025/01/13 13:36:45 UTC,robotics engineer
2025/01/13 14:13:50 UTC,robotics engineer
2025/01/13 14:30:39 UTC,robotics engineer
2025/01/13 16:51:59 UTC,robotics researcher
2025/01/13 17:04:20 UTC,robotics researcher
2025/01/13 17:09:58 UTC,robotics internship
2025/01/13 17:11:02 UTC,robotics intern
2025/01/13 17:20:05 UTC,research intern
2025/01/13 17:21:16 UTC,robotics researcher
2025/01/13 17:21:51 UTC,intern
2025/01/13 17:25:25 UTC,ihub robotics
2025/01/13 17:33:07 UTC,robotics intern
2025/01/13 19:46:18 UTC,intern
2025/01/13 19:49:54 UTC,intern
2025/01/13 19:53:19 UTC,robotics intern
2025/01/13 19:58:53 UTC,internship
2025/01/13 20:05:16 UTC,research intern
2025/01/13 20:07:30 UTC,robotics intern
2025/01/13 20:11:55 UTC,robotics internship
2025/01/13 20:15:36 UTC,robotics specialist
2025/01/14 01:11:34 UTC,ihub robotics
2025/01/14 01:22:19 UTC,ihub robotics
2025/01/14 01:57:06 UTC,robotics engineer
2025/01/14 04:10:15 UTC,intern
2025/01/14 04:10:21 UTC,robotics researcher
2025/01/14 04:16:22 UTC,robotics researcher
2025/01/14 04:17:03 UTC,robotics researcher
2025/01/14 04:26:14 UTC,robotics researcher
2025/01/14 07:12:47 UTC,intern
2025/01/14 07:22:24 UTC,robotics specialist
2025/01/14 08:22:04 UTC,internship
2025/01/14 10:33:57 UTC,intern
2025/01/14 10:41:12 UTC,intern
2025/01/14 11:09:26 UTC,robotics researcher
2025/01/14 11:13:49 UTC,robotics engineer
2025/01/14 11:17:00 UTC,robotics engineer
2025/01/14 11:22:08 UTC,robotics researcher
2025/01/14 11:47:21 UTC,robotics engineer
2025/01/14 13:14:28 UTC,robotics engineer
2025/01/14 13:28:08 UTC,robotics engineer
2025/01/14 14:22:57 UTC,robotics engineer
2025/01/14 14:47:17 UTC,robotics engineer
2025/01/14 17:15:30 UTC,robotics intern
2025/01/14 17:15:41 UTC,robotics intern
2025/01/14 17:22:53 UTC,research intern
2025/01/14 17:30:01 UTC,intern
2025/01/14 17:33:43 UTC,robotics internship
2025/01/14 17:40:52 UTC,research intern
2025/01/14 17:40:52 UTC,research intern
2025/01/14 17:40:52 UTC,research intern
2025/01/14 17:40:53 UTC,Execom
2025/01/14 17:40:53 UTC,research intern
2025/01/14 17:40:53 UTC,research intern
2025/01/14 17:40:53 UTC,research intern
2025/01/14 17:40:53 UTC,robotics engineer
2025/01/14 17:40:56 UTC,Content Researcher
2025/01/14 17:48:58 UTC,robotics intern
2025/01/14 19:04:39 UTC,robotics researcher
2025/01/14 19:14:08 UTC,robotics researcher
2025/01/14 19:33:32 UTC,robotics researcher
2025/01/14 19:38:03 UTC,ihub robotics
2025/01/14 21:57:35 UTC,intern
2025/01/14 22:00:38 UTC,intern
2025/01/14 22:03:04 UTC,robotics intern
2025/01/14 22:10:58 UTC,internship
2025/01/14 22:16:54 UTC,research intern
2025/01/14 22:18:42 UTC,robotics intern
2025/01/14 22:23:42 UTC,robotics internship
2025/01/14 22:26:26 UTC,robotics specialist
2025/01/15 01:10:19 UTC,ihub robotics
2025/01/15 01:29:23 UTC,ihub robotics
2025/01/15 04:10:22 UTC,robotics engineer
2025/01/15 04:22:17 UTC,robotics researcher
2025/01/15 04:24:28 UTC,robotics researcher
2025/01/15 04:29:38 UTC,robotics researcher
2025/01/15 04:36:58 UTC,robotics researcher
2025/01/15 06:22:52 UTC,intern
2025/01/15 07:28:01 UTC,intern
2025/01/15 07:49:45 UTC,robotics specialist
2025/01/15 08:19:41 UTC,internship
2025/01/15 09:31:42 UTC,robotics specialist
2025/01/15 10:30:47 UTC,ahalya nair
2025/01/15 10:33:12 UTC,joel reji george
2025/01/15 10:33:18 UTC,joel georgie jacob
2025/01/15 10:33:18 UTC,joel georgie jacob
2025/01/15 10:37:43 UTC,joel reji george
2025/01/15 10:55:13 UTC,intern
2025/01/15 11:01:18 UTC,intern
2025/01/15 11:17:29 UTC,robotics researcher
2025/01/15 11:18:35 UTC,robotics engineer
2025/01/15 11:33:51 UTC,robotics engineer
2025/01/15 11:47:08 UTC,robotics researcher
2025/01/15 13:24:25 UTC,robotics engineer
2025/01/15 13:43:29 UTC,robotics engineer
2025/01/15 13:58:26 UTC,robotics engineer
2025/01/15 14:46:10 UTC,robotics engineer
2025/01/15 14:48:56 UTC,robotics engineer
2025/01/15 16:06:08 UTC,research intern
2025/01/15 16:06:08 UTC,research intern
2025/01/15 16:06:08 UTC,robotics engineer
2025/01/15 16:06:08 UTC,robotics engineer
2025/01/15 16:06:08 UTC,robotics intern
2025/01/15 16:06:08 UTC,robotics intern
2025/01/15 16:06:08 UTC,robotics intern
2025/01/15 16:06:08 UTC,robotics intern
2025/01/15 16:06:08 UTC,robotics internship
2025/01/15 16:06:08 UTC,robotics internship
2025/01/15 16:06:09 UTC,research intern
2025/01/15 16:06:09 UTC,research intern
2025/01/15 16:06:09 UTC,robotics engineer
2025/01/15 16:06:09 UTC,robotics engineer
2025/01/15 16:06:09 UTC,robotics intern
2025/01/15 16:06:09 UTC,robotics intern
2025/01/15 16:06:09 UTC,robotics intern
2025/01/15 16:06:09 UTC,robotics intern
2025/01/15 16:06:09 UTC,robotics internship
2025/01/15 16:06:09 UTC,robotics internship
2025/01/15 16:06:18 UTC,robotics engineer
2025/01/15 16:06:24 UTC,Execom
2025/01/15 17:27:11 UTC,robotics intern
2025/01/15 17:28:32 UTC,research intern
2025/01/15 17:29:01 UTC,robotics intern
2025/01/15 17:35:39 UTC,robotics internship
2025/01/15 17:51:44 UTC,intern
2025/01/15 17:53:07 UTC,robotics internship
2025/01/15 21:20:04 UTC,robotics researcher
2025/01/15 21:26:35 UTC,robotics researcher
2025/01/15 21:48:17 UTC,robotics researcher
2025/01/15 21:53:17 UTC,ihub robotics
2025/01/16 00:13:07 UTC,intern
2025/01/16 00:14:29 UTC,intern
2025/01/16 00:19:15 UTC,robotics intern
2025/01/16 00:26:26 UTC,internship
2025/01/16 00:32:13 UTC,research intern
2025/01/16 00:33:42 UTC,robotics intern
2025/01/16 00:37:38 UTC,robotics internship
2025/01/16 00:40:09 UTC,robotics specialist
2025/01/16 01:10:52 UTC,ihub robotics
2025/01/16 01:24:04 UTC,ihub robotics
2025/01/16 04:11:55 UTC,robotics researcher
2025/01/16 04:13:30 UTC,robotics researcher
2025/01/16 04:24:33 UTC,robotics researcher
2025/01/16 04:25:41 UTC,robotics researcher
2025/01/16 06:25:23 UTC,robotics engineer
2025/01/16 07:15:26 UTC,robotics specialist
2025/01/16 07:21:56 UTC,intern
2025/01/16 08:38:19 UTC,intern
2025/01/16 08:47:26 UTC,internship
2025/01/16 10:14:02 UTC,intern
2025/01/16 10:36:05 UTC,intern
2025/01/16 11:20:16 UTC,robotics engineer
2025/01/16 11:23:25 UTC,robotics researcher
2025/01/16 11:41:41 UTC,robotics researcher
2025/01/16 13:07:48 UTC,arin t s
2025/01/16 13:19:33 UTC,robotics engineer
2025/01/16 14:15:33 UTC,robotics engineer
2025/01/16 15:40:27 UTC,robotics engineer
2025/01/16 16:14:03 UTC,robotics engineer
2025/01/16 17:16:29 UTC,robotics intern
2025/01/16 17:18:52 UTC,intern
2025/01/16 17:21:37 UTC,robotics internship
2025/01/16 17:22:00 UTC,robotics intern
2025/01/16 17:22:24 UTC,research intern
2025/01/16 17:52:58 UTC,research intern
2025/01/16 23:37:19 UTC,robotics researcher
2025/01/16 23:43:30 UTC,robotics researcher
2025/01/17 00:03:54 UTC,robotics researcher
2025/01/17 00:09:38 UTC,ihub robotics
2025/01/17 02:29:21 UTC,intern
2025/01/17 02:30:07 UTC,intern
2025/01/17 02:35:58 UTC,robotics intern
2025/01/17 02:42:14 UTC,internship
2025/01/17 02:49:18 UTC,research intern
2025/01/17 02:49:24 UTC,robotics intern
2025/01/17 02:52:31 UTC,robotics internship
2025/01/17 02:56:03 UTC,robotics specialist
2025/01/17 04:36:03 UTC,ihub robotics
2025/01/17 06:06:15 UTC,robotics researcher
2025/01/17 06:07:38 UTC,robotics researcher
2025/01/17 07:00:11 UTC,adithya sreekumar
2025/01/17 07:21:12 UTC,robotics researcher
2025/01/17 07:23:04 UTC,ihub robotics
2025/01/17 07:38:29 UTC,robotics researcher
2025/01/17 07:40:46 UTC,intern
2025/01/17 07:47:42 UTC,robotics specialist
2025/01/17 08:41:15 UTC,robotics engineer
2025/01/17 08:45:31 UTC,adithya sreekumar
2025/01/17 08:45:32 UTC,adithya satheesh
2025/01/17 08:45:33 UTC,adithya satheesh
2025/01/17 09:24:40 UTC,adithya sreekumar
2025/01/17 09:27:23 UTC,adithya satheesh
2025/01/17 09:35:49 UTC,robotics specialist
2025/01/17 09:41:12 UTC,intern
2025/01/17 09:41:18 UTC,ashwin s nair
2025/01/17 09:41:19 UTC,joel georgie jacob
2025/01/17 09:43:48 UTC,aditya bondada
2025/01/17 09:43:51 UTC,adithya sreekumar
2025/01/17 10:43:29 UTC,intern
2025/01/17 10:55:17 UTC,intern
2025/01/17 11:12:14 UTC,robotics researcher
2025/01/17 11:38:30 UTC,robotics researcher
2025/01/17 11:51:27 UTC,robotics engineer
2025/01/17 13:16:39 UTC,intern
2025/01/17 13:18:59 UTC,adithya satheesh
2025/01/17 13:21:48 UTC,robotics engineer
2025/01/17 14:00:10 UTC,robotics engineer
2025/01/17 14:20:44 UTC,robotics engineer
2025/01/17 15:31:38 UTC,internship
2025/01/17 16:09:01 UTC,robotics engineer
2025/01/17 17:08:07 UTC,robotics engineer
2025/01/17 17:19:14 UTC,robotics internship
2025/01/17 17:32:30 UTC,robotics intern
2025/01/17 17:34:50 UTC,robotics intern
2025/01/17 17:35:27 UTC,robotics internship
2025/01/17 17:38:30 UTC,robotics intern
2025/01/17 17:51:41 UTC,research intern
2025/01/17 17:53:27 UTC,robotics engineer
2025/01/17 17:58:11 UTC,intern
2025/01/17 18:28:57 UTC,robotics engineer
2025/01/18 01:22:03 UTC,ihub robotics
2025/01/18 01:25:46 UTC,ihub robotics
2025/01/18 01:50:10 UTC,robotics researcher
2025/01/18 01:55:52 UTC,robotics researcher
2025/01/18 02:17:19 UTC,robotics researcher
2025/01/18 02:22:22 UTC,ihub robotics
2025/01/18 04:16:35 UTC,robotics researcher
2025/01/18 04:20:07 UTC,robotics researcher
2025/01/18 04:23:00 UTC,robotics researcher
2025/01/18 04:23:41 UTC,robotics researcher
2025/01/18 04:42:05 UTC,intern
2025/01/18 04:42:51 UTC,intern
2025/01/18 04:50:53 UTC,robotics intern
2025/01/18 04:56:08 UTC,internship
2025/01/18 05:01:34 UTC,research intern
2025/01/18 05:01:38 UTC,robotics intern
2025/01/18 05:05:06 UTC,robotics internship
2025/01/18 05:07:05 UTC,robotics specialist
2025/01/18 07:13:24 UTC,robotics specialist
2025/01/18 07:14:32 UTC,intern
2025/01/18 08:22:05 UTC,internship
2025/01/18 10:39:04 UTC,intern
2025/01/18 10:46:20 UTC,intern
2025/01/18 10:54:14 UTC,robotics engineer
2025/01/18 11:26:07 UTC,robotics researcher
2025/01/18 11:31:34 UTC,robotics researcher
2025/01/18 11:33:45 UTC,robotics engineer
2025/01/18 13:08:56 UTC,intern
2025/01/18 13:26:55 UTC,robotics engineer
2025/01/18 13:31:41 UTC,robotics engineer
2025/01/18 14:29:53 UTC,robotics engineer
2025/01/18 14:36:19 UTC,robotics engineer
2025/01/18 17:10:56 UTC,robotics intern
2025/01/18 17:14:26 UTC,research intern
2025/01/18 17:14:35 UTC,robotics internship
2025/01/18 17:18:04 UTC,research intern
2025/01/18 17:23:53 UTC,robotics intern
2025/01/18 17:25:35 UTC,intern
2025/01/18 17:47:47 UTC,robotics intern
2025/01/18 20:05:30 UTC,robotics engineer
2025/01/18 20:42:06 UTC,robotics engineer
2025/01/19 01:15:21 UTC,ihub robotics
2025/01/19 01:21:15 UTC,ihub robotics
2025/01/19 04:03:39 UTC,robotics researcher
2025/01/19 04:07:37 UTC,robotics researcher
2025/01/19 04:15:59 UTC,robotics researcher
2025/01/19 04:20:28 UTC,robotics researcher
2025/01/19 04:20:29 UTC,robotics researcher
2025/01/19 04:26:56 UTC,robotics researcher
2025/01/19 04:29:18 UTC,robotics researcher
2025/01/19 04:33:22 UTC,ihub robotics
2025/01/19 06:53:52 UTC,intern
2025/01/19 06:54:32 UTC,intern
2025/01/19 07:01:13 UTC,robotics intern
2025/01/19 07:06:13 UTC,internship
2025/01/19 07:14:26 UTC,intern
2025/01/19 07:14:40 UTC,robotics intern
2025/01/19 07:15:01 UTC,robotics specialist
2025/01/19 07:15:16 UTC,research intern
2025/01/19 07:16:00 UTC,robotics specialist
2025/01/19 07:16:05 UTC,robotics internship
2025/01/19 07:19:53 UTC,robotics specialist
2025/01/19 08:11:00 UTC,internship
2025/01/19 10:08:27 UTC,intern
2025/01/19 10:15:43 UTC,intern
2025/01/19 11:08:20 UTC,robotics researcher
2025/01/19 11:15:31 UTC,robotics researcher
2025/01/19 11:35:31 UTC,robotics engineer
2025/01/19 11:36:19 UTC,robotics engineer
2025/01/19 13:04:40 UTC,robotics engineer
2025/01/19 13:20:03 UTC,robotics engineer
2025/01/19 13:28:19 UTC,robotics engineer
2025/01/19 14:35:56 UTC,robotics engineer
2025/01/19 14:38:01 UTC,robotics engineer
2025/01/19 15:21:34 UTC,intern
2025/01/19 17:13:32 UTC,robotics internship
2025/01/19 17:19:25 UTC,robotics intern
2025/01/19 17:23:49 UTC,intern
2025/01/19 17:31:59 UTC,robotics intern
2025/01/19 17:34:24 UTC,robotics intern
2025/01/19 17:36:38 UTC,research intern
2025/01/19 17:38:03 UTC,robotics intern
2025/01/19 17:47:17 UTC,research intern
2025/01/19 22:16:11 UTC,robotics engineer
2025/01/19 22:52:37 UTC,robotics engineer
2025/01/20 01:15:24 UTC,ihub robotics
2025/01/20 01:21:16 UTC,ihub robotics
2025/01/20 04:14:10 UTC,robotics researcher
2025/01/20 04:20:31 UTC,robotics researcher
2025/01/20 04:21:19 UTC,robotics researcher
2025/01/20 04:29:20 UTC,robotics researcher
2025/01/20 06:15:25 UTC,robotics researcher
2025/01/20 06:17:47 UTC,robotics researcher
2025/01/20 06:39:35 UTC,robotics researcher
2025/01/20 06:42:20 UTC,ihub robotics
2025/01/20 07:09:47 UTC,robotics specialist
2025/01/20 07:12:20 UTC,intern
2025/01/20 07:17:30 UTC,robotics specialist
2025/01/20 08:11:32 UTC,internship
2025/01/20 09:02:37 UTC,intern
2025/01/20 09:04:04 UTC,intern
2025/01/20 09:11:51 UTC,robotics intern
2025/01/20 09:16:37 UTC,internship
2025/01/20 09:23:07 UTC,robotics intern
2025/01/20 09:27:08 UTC,robotics internship
2025/01/20 09:27:12 UTC,research intern
2025/01/20 09:28:57 UTC,robotics specialist
2025/01/20 10:12:02 UTC,intern
2025/01/20 10:39:07 UTC,intern
2025/01/20 11:08:53 UTC,robotics researcher
2025/01/20 11:26:02 UTC,robotics engineer
2025/01/20 11:35:54 UTC,robotics engineer
2025/01/20 11:38:42 UTC,robotics researcher
2025/01/20 13:31:34 UTC,robotics engineer
2025/01/20 14:18:41 UTC,robotics engineer
2025/01/20 15:13:38 UTC,robotics engineer
2025/01/20 17:11:36 UTC,robotics intern
2025/01/20 17:14:08 UTC,robotics internship
2025/01/20 17:25:49 UTC,research intern
2025/01/20 17:31:17 UTC,robotics intern
2025/01/20 17:33:50 UTC,intern
2025/01/20 17:37:32 UTC,robotics intern
2025/01/20 17:37:34 UTC,robotics intern
2025/01/20 17:38:19 UTC,intern
2025/01/21 00:26:45 UTC,robotics engineer
2025/01/21 01:02:06 UTC,robotics engineer
2025/01/21 01:11:00 UTC,ihub robotics
2025/01/21 01:20:44 UTC,ihub robotics
2025/01/21 04:12:57 UTC,robotics researcher
2025/01/21 04:13:19 UTC,robotics researcher
2025/01/21 04:15:12 UTC,robotics researcher
2025/01/21 04:23:46 UTC,robotics researcher
2025/01/21 07:11:35 UTC,intern
2025/01/21 07:13:17 UTC,robotics specialist
2025/01/21 08:14:00 UTC,internship
2025/01/21 08:25:15 UTC,robotics researcher
2025/01/21 08:29:43 UTC,robotics researcher
2025/01/21 08:50:22 UTC,robotics researcher
2025/01/21 08:54:57 UTC,ihub robotics
2025/01/21 10:14:09 UTC,intern
2025/01/21 10:34:19 UTC,intern
2025/01/21 11:12:43 UTC,robotics researcher
2025/01/21 11:12:46 UTC,robotics researcher
2025/01/21 11:13:20 UTC,intern
2025/01/21 11:14:46 UTC,intern
2025/01/21 11:16:11 UTC,robotics engineer
2025/01/21 11:23:21 UTC,robotics intern
2025/01/21 11:28:10 UTC,internship
2025/01/21 11:33:49 UTC,robotics intern
2025/01/21 11:37:01 UTC,robotics internship
2025/01/21 11:38:29 UTC,research intern
2025/01/21 11:40:42 UTC,robotics specialist
2025/01/21 13:13:15 UTC,robotics engineer
2025/01/21 14:34:23 UTC,robotics engineer
2025/01/21 14:38:37 UTC,robotics engineer
2025/01/21 17:11:06 UTC,robotics internship
2025/01/21 17:14:12 UTC,intern
2025/01/21 17:23:18 UTC,robotics intern
2025/01/21 17:24:18 UTC,robotics engineer
2025/01/21 17:26:18 UTC,research intern
2025/01/21 17:30:09 UTC,robotics intern
2025/01/21 17:42:40 UTC,robotics intern
2025/01/21 19:43:38 UTC,intern
2025/01/22 01:25:48 UTC,ihub robotics
2025/01/22 01:35:40 UTC,ihub robotics
2025/01/22 02:39:08 UTC,robotics engineer
2025/01/22 03:11:46 UTC,robotics engineer
2025/01/22 04:38:49 UTC,robotics researcher
2025/01/22 04:41:58 UTC,robotics researcher
2025/01/22 04:51:05 UTC,robotics researcher
2025/01/22 04:53:06 UTC,robotics researcher
2025/01/22 07:15:19 UTC,robotics specialist
2025/01/22 07:28:32 UTC,intern
2025/01/22 07:30:56 UTC,robotics specialist
2025/01/22 08:10:26 UTC,internship
2025/01/22 10:32:01 UTC,intern
2025/01/22 10:35:18 UTC,robotics researcher
2025/01/22 10:39:58 UTC,intern
2025/01/22 10:40:56 UTC,robotics researcher
2025/01/22 11:01:15 UTC,robotics researcher
2025/01/22 11:06:58 UTC,ihub robotics
2025/01/22 11:21:11 UTC,robotics researcher
2025/01/22 11:27:29 UTC,robotics engineer
2025/01/22 11:46:42 UTC,robotics researcher
2025/01/22 13:22:03 UTC,robotics engineer
2025/01/22 13:23:56 UTC,intern
2025/01/22 13:26:17 UTC,intern
2025/01/22 13:35:26 UTC,robotics intern
2025/01/22 13:39:56 UTC,internship
2025/01/22 13:45:46 UTC,robotics intern
2025/01/22 13:47:34 UTC,robotics internship
2025/01/22 13:50:59 UTC,research intern
2025/01/22 13:51:43 UTC,robotics specialist
2025/01/22 14:24:18 UTC,robotics engineer
2025/01/22 17:18:41 UTC,intern
2025/01/22 17:20:16 UTC,robotics internship
2025/01/22 17:39:01 UTC,research intern
2025/01/22 17:43:49 UTC,robotics intern
2025/01/22 17:46:17 UTC,robotics intern
2025/01/22 19:35:03 UTC,robotics engineer
2025/01/22 21:55:42 UTC,intern
2025/01/23 03:52:24 UTC,ihub robotics
2025/01/23 04:09:58 UTC,robotics researcher
2025/01/23 04:16:18 UTC,robotics researcher
2025/01/23 04:50:00 UTC,robotics engineer
2025/01/23 05:23:29 UTC,robotics engineer
2025/01/23 10:24:19 UTC,intern
2025/01/23 10:28:05 UTC,intern
2025/01/23 11:11:30 UTC,robotics researcher
2025/01/23 11:13:14 UTC,robotics engineer
2025/01/23 12:46:41 UTC,robotics researcher
2025/01/23 12:51:49 UTC,robotics researcher
2025/01/23 13:12:49 UTC,robotics researcher
2025/01/23 13:17:20 UTC,ihub robotics
2025/01/23 14:38:45 UTC,robotics engineer
2025/01/23 14:58:30 UTC,robotics engineer
2025/01/23 15:36:30 UTC,intern
2025/01/23 15:37:41 UTC,intern
2025/01/23 15:48:48 UTC,robotics intern
2025/01/23 15:51:52 UTC,internship
2025/01/23 15:58:45 UTC,robotics intern
2025/01/23 16:00:21 UTC,robotics internship
2025/01/23 16:04:43 UTC,robotics specialist
2025/01/23 16:05:00 UTC,research intern
2025/01/23 17:00:46 UTC,ihub robotics
2025/01/23 17:15:18 UTC,robotics intern
2025/01/23 17:15:47 UTC,robotics intern
2025/01/23 17:19:54 UTC,research intern
2025/01/23 17:32:15 UTC,intern
2025/01/23 17:40:02 UTC,robotics internship
2025/01/23 17:45:10 UTC,robotics intern
2025/01/23 18:26:13 UTC,robotics researcher
2025/01/23 18:48:13 UTC,robotics researcher
2025/01/23 21:47:40 UTC,robotics engineer
2025/01/23 23:21:44 UTC,robotics specialist
2025/01/23 23:47:35 UTC,intern
2025/01/24 00:09:33 UTC,intern
2025/01/24 00:12:38 UTC,internship
2025/01/24 01:21:43 UTC,ihub robotics
2025/01/24 01:36:41 UTC,ihub robotics
2025/01/24 04:20:06 UTC,robotics researcher
2025/01/24 04:30:15 UTC,robotics researcher
2025/01/24 04:36:13 UTC,robotics researcher
2025/01/24 05:22:37 UTC,robotics researcher
2025/01/24 05:51:21 UTC,robotics researcher
2025/01/24 05:59:34 UTC,robotics engineer
2025/01/24 07:04:09 UTC,robotics engineer
2025/01/24 07:33:45 UTC,robotics engineer
2025/01/24 07:37:04 UTC,robotics engineer
2025/01/24 08:17:05 UTC,internship
2025/01/24 10:49:31 UTC,intern
2025/01/24 11:34:56 UTC,robotics researcher
2025/01/24 11:41:58 UTC,robotics researcher
2025/01/24 11:45:50 UTC,robotics engineer
2025/01/24 11:54:26 UTC,intern
2025/01/24 11:57:01 UTC,robotics specialist
2025/01/24 11:59:30 UTC,intern
2025/01/24 13:17:37 UTC,robotics engineer
2025/01/24 13:41:19 UTC,robotics engineer
2025/01/24 13:42:26 UTC,robotics engineer
2025/01/24 14:45:04 UTC,robotics engineer
2025/01/24 14:52:01 UTC,robotics engineer
2025/01/24 14:59:25 UTC,robotics researcher
2025/01/24 15:04:23 UTC,robotics researcher
2025/01/24 15:23:56 UTC,robotics researcher
2025/01/24 15:30:13 UTC,ihub robotics
2025/01/24 17:20:22 UTC,intern
2025/01/24 17:20:33 UTC,research intern
2025/01/24 17:21:53 UTC,robotics internship
2025/01/24 17:40:38 UTC,robotics intern
2025/01/24 17:44:05 UTC,robotics intern
2025/01/24 17:49:27 UTC,robotics intern
2025/01/24 17:50:09 UTC,intern
2025/01/24 17:51:33 UTC,intern
2025/01/24 18:01:09 UTC,robotics intern
2025/01/24 18:07:18 UTC,internship
2025/01/24 18:12:26 UTC,robotics intern
2025/01/24 18:14:51 UTC,robotics internship
2025/01/24 18:19:25 UTC,robotics specialist
2025/01/24 18:19:28 UTC,research intern
2025/01/25 00:02:53 UTC,robotics engineer
2025/01/25 01:14:40 UTC,ihub robotics
2025/01/25 01:17:54 UTC,ihub robotics
2025/01/25 02:22:19 UTC,intern
2025/01/25 04:11:06 UTC,robotics researcher
2025/01/25 04:12:49 UTC,robotics researcher
2025/01/25 04:16:00 UTC,robotics researcher
2025/01/25 04:17:08 UTC,robotics researcher
2025/01/25 07:12:22 UTC,robotics specialist
2025/01/25 07:19:12 UTC,intern
2025/01/25 08:12:29 UTC,internship
2025/01/25 09:16:57 UTC,robotics engineer
2025/01/25 09:50:14 UTC,robotics engineer
2025/01/25 10:20:34 UTC,intern
2025/01/25 10:35:39 UTC,intern
2025/01/25 11:30:21 UTC,robotics researcher
2025/01/25 11:31:55 UTC,robotics engineer
2025/01/25 11:39:05 UTC,robotics researcher
2025/01/25 11:39:36 UTC,robotics engineer
2025/01/25 13:17:10 UTC,robotics engineer
2025/01/25 14:14:10 UTC,robotics engineer
2025/01/25 14:40:49 UTC,abhsihek
2025/01/25 14:40:50 UTC,abhsihek
2025/01/25 14:41:02 UTC,abhishek gupta
2025/01/25 14:41:05 UTC,abhishek k
2025/01/25 14:41:06 UTC,abhishek jha
2025/01/25 14:41:08 UTC,abhishek p j
2025/01/25 14:41:09 UTC,abhishek j mathew
2025/01/25 14:41:10 UTC,abhishek j mathew
2025/01/25 17:12:28 UTC,robotics researcher
2025/01/25 17:12:55 UTC,robotics internship
2025/01/25 17:15:10 UTC,research intern
2025/01/25 17:17:25 UTC,robotics intern
2025/01/25 17:20:06 UTC,robotics researcher
2025/01/25 17:37:58 UTC,robotics researcher
2025/01/25 17:38:23 UTC,intern
2025/01/25 17:44:15 UTC,ihub robotics
2025/01/25 17:45:41 UTC,robotics intern
2025/01/25 18:52:36 UTC,robotics intern
2025/01/25 20:02:54 UTC,intern
2025/01/25 20:04:18 UTC,intern
2025/01/25 20:15:12 UTC,robotics intern
2025/01/25 20:19:27 UTC,internship
2025/01/25 20:25:02 UTC,robotics intern
2025/01/25 20:29:07 UTC,robotics internship
2025/01/25 20:32:44 UTC,robotics specialist
2025/01/25 20:34:26 UTC,research intern
2025/01/26 01:10:16 UTC,ihub robotics
2025/01/26 01:24:12 UTC,ihub robotics
2025/01/26 02:16:12 UTC,robotics engineer
2025/01/26 04:16:24 UTC,robotics researcher
2025/01/26 04:16:39 UTC,robotics researcher
2025/01/26 04:18:42 UTC,robotics researcher
2025/01/26 04:23:29 UTC,robotics researcher
2025/01/26 04:34:14 UTC,intern
2025/01/26 05:12:25 UTC,research intern
2025/01/26 05:12:25 UTC,research intern
2025/01/26 05:12:25 UTC,robotics engineer
2025/01/26 05:12:25 UTC,robotics engineer
2025/01/26 05:12:25 UTC,robotics intern
2025/01/26 05:12:25 UTC,robotics intern
2025/01/26 05:12:25 UTC,robotics intern
2025/01/26 05:12:25 UTC,robotics intern
2025/01/26 05:12:25 UTC,robotics internship
2025/01/26 05:12:25 UTC,robotics internship
2025/01/26 05:12:26 UTC,robotics engineer
2025/01/26 05:12:42 UTC,research intern
2025/01/26 05:12:42 UTC,research intern
2025/01/26 05:12:42 UTC,robotics engineer
2025/01/26 05:12:42 UTC,robotics engineer
2025/01/26 05:12:42 UTC,robotics intern
2025/01/26 05:12:42 UTC,robotics intern
2025/01/26 05:12:42 UTC,robotics intern
2025/01/26 05:12:42 UTC,robotics intern
2025/01/26 05:12:42 UTC,robotics internship
2025/01/26 05:12:42 UTC,robotics internship
2025/01/26 07:12:28 UTC,intern
2025/01/26 07:18:39 UTC,robotics specialist
2025/01/26 08:22:16 UTC,internship
2025/01/26 10:19:35 UTC,intern
2025/01/26 10:35:39 UTC,intern
2025/01/26 11:29:38 UTC,robotics engineer
2025/01/26 11:32:33 UTC,robotics researcher
2025/01/26 11:36:54 UTC,robotics researcher
2025/01/26 11:37:50 UTC,robotics engineer
2025/01/26 12:02:57 UTC,robotics engineer
2025/01/26 13:16:23 UTC,robotics engineer
2025/01/26 13:31:12 UTC,robotics engineer
2025/01/26 14:25:37 UTC,robotics engineer
2025/01/26 14:42:45 UTC,robotics engineer
2025/01/26 17:14:58 UTC,intern
2025/01/26 17:15:58 UTC,research intern
2025/01/26 17:21:39 UTC,robotics intern
2025/01/26 17:38:25 UTC,robotics intern
2025/01/26 17:40:28 UTC,robotics internship
2025/01/26 17:47:28 UTC,robotics intern
2025/01/26 19:26:00 UTC,robotics researcher
2025/01/26 19:33:14 UTC,robotics researcher
2025/01/26 19:52:06 UTC,robotics researcher
2025/01/26 19:58:26 UTC,ihub robotics
2025/01/26 22:16:37 UTC,intern
2025/01/26 22:17:12 UTC,intern
2025/01/26 22:29:57 UTC,robotics intern
2025/01/26 22:31:55 UTC,internship
2025/01/26 22:38:23 UTC,robotics intern
2025/01/26 22:43:37 UTC,robotics internship
2025/01/26 22:45:08 UTC,robotics specialist
2025/01/26 22:47:11 UTC,research intern
2025/01/27 01:11:08 UTC,ihub robotics
2025/01/27 01:12:22 UTC,ihub robotics
2025/01/27 04:09:56 UTC,robotics researcher
2025/01/27 04:12:25 UTC,robotics researcher
2025/01/27 04:16:58 UTC,robotics researcher
2025/01/27 04:20:52 UTC,robotics researcher
2025/01/27 04:29:58 UTC,robotics engineer
2025/01/27 06:49:44 UTC,intern
2025/01/27 07:19:46 UTC,intern
2025/01/27 07:26:23 UTC,robotics specialist
2025/01/27 08:20:59 UTC,internship
2025/01/27 10:18:07 UTC,intern
2025/01/27 10:45:19 UTC,intern
2025/01/27 11:37:20 UTC,robotics researcher
2025/01/27 13:21:48 UTC,robotics engineer
2025/01/27 13:43:26 UTC,robotics engineer
2025/01/27 14:16:48 UTC,robotics engineer
2025/01/27 14:16:51 UTC,robotics engineer
2025/01/27 14:16:57 UTC,robotics researcher
2025/01/27 14:22:38 UTC,robotics engineer
2025/01/27 17:16:59 UTC,robotics intern
2025/01/27 17:21:03 UTC,robotics intern
2025/01/27 17:24:31 UTC,harinarayanan nampoothiri m g
2025/01/27 17:26:27 UTC,robotics intern
2025/01/27 17:38:40 UTC,robotics internship
2025/01/27 17:40:09 UTC,intern
2025/01/27 17:47:06 UTC,harinarayanan nampoothiri m g
2025/01/27 17:48:52 UTC,research intern
2025/01/27 17:52:25 UTC,research intern
2025/01/27 21:38:50 UTC,robotics researcher
2025/01/27 21:47:49 UTC,robotics researcher
2025/01/27 22:07:36 UTC,robotics researcher
2025/01/27 22:12:32 UTC,ihub robotics
2025/01/28 00:30:29 UTC,intern
2025/01/28 00:32:14 UTC,intern
2025/01/28 00:45:30 UTC,robotics intern
2025/01/28 00:45:43 UTC,internship
2025/01/28 00:50:58 UTC,robotics intern
2025/01/28 00:56:17 UTC,robotics internship
2025/01/28 01:00:58 UTC,robotics specialist
2025/01/28 01:03:19 UTC,research intern
2025/01/28 01:10:32 UTC,ihub robotics
2025/01/28 01:22:49 UTC,ihub robotics
2025/01/28 04:10:46 UTC,robotics researcher
2025/01/28 04:30:16 UTC,robotics researcher
2025/01/28 04:47:45 UTC,robotics researcher
2025/01/28 05:04:00 UTC,robotics researcher
2025/01/28 06:46:20 UTC,robotics engineer
2025/01/28 07:10:44 UTC,robotics specialist
2025/01/28 07:15:43 UTC,intern
2025/01/28 08:14:03 UTC,internship
2025/01/28 08:17:00 UTC,robotics specialist
2025/01/28 09:02:30 UTC,intern
2025/01/28 10:20:42 UTC,intern
2025/01/28 10:34:39 UTC,intern
2025/01/28 11:19:36 UTC,robotics engineer
2025/01/28 11:19:43 UTC,robotics engineer
2025/01/28 11:25:24 UTC,robotics researcher
2025/01/28 11:36:23 UTC,robotics researcher
2025/01/28 13:20:01 UTC,robotics engineer
2025/01/28 13:23:59 UTC,robotics engineer
2025/01/28 14:29:11 UTC,robotics engineer
2025/01/28 14:47:10 UTC,robotics engineer
2025/01/28 15:57:37 UTC,robotics engineer
2025/01/28 16:31:15 UTC,robotics engineer
2025/01/28 17:20:41 UTC,robotics intern
2025/01/28 17:21:04 UTC,intern
2025/01/28 17:27:29 UTC,robotics internship
2025/01/28 17:37:25 UTC,robotics intern
2025/01/28 17:44:07 UTC,research intern
2025/01/28 17:51:04 UTC,robotics intern
2025/01/28 23:53:31 UTC,robotics researcher
2025/01/29 00:04:30 UTC,robotics researcher
2025/01/29 00:21:53 UTC,robotics researcher
2025/01/29 00:28:56 UTC,ihub robotics
2025/01/29 01:27:22 UTC,ihub robotics
2025/01/29 01:28:02 UTC,ihub robotics
2025/01/29 02:45:59 UTC,intern
2025/01/29 02:48:10 UTC,intern
2025/01/29 03:01:37 UTC,robotics intern
2025/01/29 03:02:32 UTC,internship
2025/01/29 03:07:27 UTC,robotics intern
2025/01/29 03:11:28 UTC,robotics internship
2025/01/29 03:17:48 UTC,robotics specialist
2025/01/29 03:18:49 UTC,research intern
2025/01/29 04:18:05 UTC,robotics researcher
2025/01/29 04:33:12 UTC,robotics researcher
2025/01/29 04:35:45 UTC,robotics researcher
2025/01/29 05:07:12 UTC,robotics researcher
2025/01/29 07:47:09 UTC,robotics specialist
2025/01/29 09:02:34 UTC,robotics engineer
2025/01/29 09:22:11 UTC,robotics specialist
2025/01/29 09:36:29 UTC,intern
2025/01/29 10:36:35 UTC,intern
2025/01/29 10:53:05 UTC,intern
2025/01/29 11:15:42 UTC,robotics engineer
2025/01/29 11:17:14 UTC,intern
2025/01/29 11:21:49 UTC,robotics researcher
2025/01/29 11:44:57 UTC,robotics researcher
2025/01/29 13:24:29 UTC,robotics engineer
2025/01/29 13:46:33 UTC,robotics engineer
2025/01/29 14:41:44 UTC,robotics engineer
2025/01/29 14:50:35 UTC,robotics engineer
2025/01/29 17:20:32 UTC,robotics intern
2025/01/29 17:20:38 UTC,research intern
2025/01/29 17:36:03 UTC,robotics intern
2025/01/29 17:38:47 UTC,intern
2025/01/29 17:39:18 UTC,robotics internship
2025/01/29 18:14:46 UTC,robotics engineer
2025/01/29 18:49:12 UTC,robotics engineer
2025/01/30 01:18:00 UTC,ihub robotics
2025/01/30 01:18:15 UTC,ihub robotics
2025/01/30 02:10:54 UTC,robotics researcher
2025/01/30 02:22:47 UTC,robotics researcher
2025/01/30 02:38:31 UTC,robotics researcher
2025/01/30 02:47:54 UTC,ihub robotics
2025/01/30 04:14:47 UTC,robotics researcher
2025/01/30 04:21:06 UTC,robotics researcher
2025/01/30 04:25:35 UTC,robotics researcher
2025/01/30 04:43:31 UTC,robotics researcher
2025/01/30 05:02:10 UTC,intern
2025/01/30 05:06:24 UTC,intern
2025/01/30 05:18:53 UTC,robotics intern
2025/01/30 05:21:36 UTC,internship
2025/01/30 05:26:19 UTC,robotics intern
2025/01/30 05:27:26 UTC,robotics internship
2025/01/30 05:35:04 UTC,robotics specialist
2025/01/30 05:35:40 UTC,research intern
2025/01/30 07:08:36 UTC,robotics specialist
2025/01/30 07:17:55 UTC,intern
2025/01/30 09:11:54 UTC,internship
2025/01/30 10:09:20 UTC,intern
2025/01/30 10:21:15 UTC,intern
2025/01/30 11:18:55 UTC,robotics researcher
2025/01/30 11:18:56 UTC,robotics engineer
2025/01/30 11:22:25 UTC,robotics engineer
2025/01/30 11:39:23 UTC,robotics researcher
2025/01/30 13:29:46 UTC,robotics engineer
2025/01/30 13:31:04 UTC,robotics engineer
2025/01/30 13:35:08 UTC,intern
2025/01/30 14:13:29 UTC,robotics engineer
2025/01/30 14:35:23 UTC,robotics engineer
2025/01/30 17:17:09 UTC,robotics intern
2025/01/30 17:17:59 UTC,robotics internship
2025/01/30 17:18:37 UTC,intern
2025/01/30 17:34:42 UTC,research intern
2025/01/30 17:39:31 UTC,robotics intern
2025/01/30 20:33:19 UTC,robotics engineer
2025/01/30 21:05:03 UTC,robotics engineer
2025/01/31 01:11:07 UTC,ihub robotics
2025/01/31 01:34:41 UTC,ihub robotics
2025/01/31 04:16:22 UTC,robotics researcher
2025/01/31 04:28:43 UTC,robotics researcher
2025/01/31 04:29:34 UTC,robotics researcher
2025/01/31 04:34:05 UTC,robotics researcher
2025/01/31 04:38:21 UTC,robotics researcher
2025/01/31 04:57:37 UTC,robotics researcher
2025/01/31 05:03:20 UTC,ihub robotics
2025/01/31 06:33:40 UTC,robotics researcher
2025/01/31 07:19:42 UTC,intern
2025/01/31 07:21:48 UTC,intern
2025/01/31 07:21:52 UTC,robotics specialist
2025/01/31 07:31:13 UTC,intern
2025/01/31 07:34:31 UTC,robotics intern
2025/01/31 07:38:00 UTC,internship
2025/01/31 07:43:55 UTC,robotics intern
2025/01/31 07:46:45 UTC,robotics internship
2025/01/31 07:52:14 UTC,robotics specialist
2025/01/31 07:54:10 UTC,research intern
2025/01/31 08:19:16 UTC,internship
2025/01/31 10:16:29 UTC,intern
2025/01/31 10:53:55 UTC,intern
2025/01/31 11:22:41 UTC,robotics engineer
2025/01/31 11:36:39 UTC,robotics researcher
2025/01/31 11:44:36 UTC,robotics engineer
2025/01/31 11:46:02 UTC,robotics researcher
2025/01/31 13:35:18 UTC,robotics engineer
2025/01/31 13:43:48 UTC,robotics engineer
2025/01/31 13:47:01 UTC,robotics engineer
2025/01/31 14:29:23 UTC,robotics engineer
2025/01/31 14:43:43 UTC,robotics engineer
2025/01/31 15:53:14 UTC,intern
2025/01/31 17:39:06 UTC,robotics internship
2025/01/31 17:43:46 UTC,robotics intern
2025/01/31 17:44:40 UTC,robotics intern
2025/01/31 17:54:59 UTC,intern
2025/01/31 18:16:59 UTC,research intern
2025/01/31 22:51:15 UTC,robotics engineer
2025/01/31 23:21:38 UTC,robotics engineer
2025/02/01 01:22:03 UTC,ihub robotics
2025/02/01 01:27:49 UTC,ihub robotics
2025/02/01 04:08:05 UTC,robotics researcher
2025/02/01 04:16:01 UTC,robotics researcher
2025/02/01 04:19:29 UTC,robotics researcher
2025/02/01 04:21:17 UTC,robotics researcher
2025/02/01 06:56:40 UTC,robotics researcher
2025/02/01 07:07:34 UTC,robotics specialist
2025/02/01 07:14:29 UTC,intern
2025/02/01 07:16:49 UTC,robotics researcher
2025/02/01 07:20:10 UTC,ihub robotics
2025/02/01 08:26:32 UTC,internship
2025/02/01 09:37:23 UTC,intern
2025/02/01 09:39:15 UTC,intern
2025/02/01 09:52:43 UTC,robotics intern
2025/02/01 09:54:14 UTC,internship
2025/02/01 10:01:39 UTC,robotics intern
2025/02/01 10:04:14 UTC,robotics internship
2025/02/01 10:09:46 UTC,robotics specialist
2025/02/01 10:12:09 UTC,intern
2025/02/01 10:13:22 UTC,research intern
2025/02/01 10:31:04 UTC,intern
2025/02/01 11:25:48 UTC,robotics engineer
2025/02/01 11:39:38 UTC,robotics engineer
2025/02/01 13:28:05 UTC,robotics engineer
2025/02/01 13:34:29 UTC,robotics engineer
2025/02/01 14:26:16 UTC,robotics engineer
2025/02/01 15:52:42 UTC,robotics engineer
2025/02/01 16:00:03 UTC,robotics engineer
2025/02/01 17:14:17 UTC,robotics intern
2025/02/01 17:18:23 UTC,research intern
2025/02/01 17:22:26 UTC,intern
2025/02/01 17:38:08 UTC,robotics intern
2025/02/01 17:38:52 UTC,robotics intern
2025/02/01 17:47:27 UTC,robotics internship
2025/02/01 18:11:56 UTC,intern
2025/02/02 01:07:39 UTC,robotics engineer
2025/02/02 01:24:22 UTC,ihub robotics
2025/02/02 01:36:14 UTC,ihub robotics
2025/02/02 01:40:19 UTC,robotics engineer
2025/02/02 04:09:27 UTC,robotics researcher
2025/02/02 04:10:26 UTC,robotics researcher
2025/02/02 04:17:29 UTC,robotics researcher
2025/02/02 04:21:27 UTC,robotics researcher
2025/02/02 07:13:04 UTC,intern
2025/02/02 07:14:45 UTC,robotics specialist
2025/02/02 08:13:30 UTC,internship
2025/02/02 09:14:09 UTC,robotics researcher
2025/02/02 09:33:43 UTC,robotics researcher
2025/02/02 09:37:29 UTC,ihub robotics
2025/02/02 10:11:05 UTC,intern
2025/02/02 10:22:41 UTC,intern
2025/02/02 11:26:39 UTC,robotics engineer
2025/02/02 11:34:42 UTC,robotics engineer
2025/02/02 11:53:09 UTC,intern
2025/02/02 11:55:14 UTC,intern
2025/02/02 12:09:44 UTC,robotics intern
2025/02/02 12:10:52 UTC,internship
2025/02/02 12:18:27 UTC,robotics intern
2025/02/02 12:22:09 UTC,robotics internship
2025/02/02 12:28:17 UTC,robotics specialist
2025/02/02 12:30:29 UTC,research intern
2025/02/02 13:20:20 UTC,robotics engineer
2025/02/02 13:30:29 UTC,robotics engineer
2025/02/02 14:18:46 UTC,robotics engineer
2025/02/02 14:20:06 UTC,robotics engineer
2025/02/02 17:12:02 UTC,intern
2025/02/02 17:12:51 UTC,robotics internship
2025/02/02 17:15:01 UTC,research intern
2025/02/02 17:15:07 UTC,robotics intern
2025/02/02 17:19:42 UTC,robotics intern
2025/02/02 17:36:17 UTC,robotics intern
2025/02/02 18:11:31 UTC,robotics engineer
2025/02/02 20:27:15 UTC,intern
2025/02/03 01:24:11 UTC,ihub robotics
2025/02/03 01:26:00 UTC,ihub robotics
2025/02/03 03:24:35 UTC,robotics engineer
2025/02/03 03:56:32 UTC,robotics engineer
2025/02/03 04:10:11 UTC,robotics researcher
2025/02/03 04:11:11 UTC,robotics researcher
2025/02/03 04:13:52 UTC,robotics researcher
2025/02/03 04:20:30 UTC,robotics researcher
2025/02/03 07:14:42 UTC,robotics specialist
2025/02/03 07:19:25 UTC,intern
2025/02/03 08:08:51 UTC,internship
2025/02/03 10:36:55 UTC,intern
2025/02/03 10:37:39 UTC,intern
2025/02/03 11:32:49 UTC,robotics researcher
2025/02/03 11:33:15 UTC,robotics engineer
2025/02/03 11:52:48 UTC,robotics researcher
2025/02/03 11:55:38 UTC,ihub robotics
2025/02/03 13:34:19 UTC,robotics engineer
2025/02/03 14:10:12 UTC,intern
2025/02/03 14:14:13 UTC,intern
2025/02/03 14:28:36 UTC,internship
2025/02/03 14:29:31 UTC,robotics intern
2025/02/03 14:35:53 UTC,robotics intern
2025/02/03 14:38:42 UTC,robotics internship
2025/02/03 14:46:46 UTC,robotics specialist
2025/02/03 14:48:18 UTC,research intern
2025/02/03 15:45:16 UTC,robotics engineer
2025/02/03 15:47:44 UTC,robotics engineer
2025/02/03 17:13:28 UTC,robotics intern
2025/02/03 17:17:10 UTC,robotics internship
2025/02/03 17:19:45 UTC,research intern
2025/02/03 17:21:55 UTC,intern
2025/02/03 17:22:30 UTC,robotics intern
2025/02/03 20:31:05 UTC,robotics engineer
2025/02/03 22:46:06 UTC,intern
2025/02/04 01:08:26 UTC,ihub robotics
2025/02/04 01:20:46 UTC,ihub robotics
2025/02/04 04:15:54 UTC,robotics researcher
2025/02/04 04:23:26 UTC,robotics researcher
2025/02/04 04:25:21 UTC,robotics researcher
2025/02/04 04:50:30 UTC,robotics researcher
2025/02/04 05:42:25 UTC,robotics engineer
2025/02/04 06:16:06 UTC,robotics engineer
2025/02/04 07:16:19 UTC,intern
2025/02/04 08:16:18 UTC,internship
2025/02/04 08:42:07 UTC,robotics specialist
2025/02/04 10:16:53 UTC,intern
2025/02/04 10:21:35 UTC,intern
2025/02/04 11:18:57 UTC,robotics engineer
2025/02/04 13:21:01 UTC,robotics engineer
2025/02/04 13:52:39 UTC,robotics researcher
2025/02/04 14:12:15 UTC,robotics researcher
2025/02/04 14:14:51 UTC,ihub robotics
2025/02/04 14:22:15 UTC,robotics engineer
2025/02/04 16:27:00 UTC,intern
2025/02/04 16:33:57 UTC,intern
2025/02/04 16:47:10 UTC,robotics intern
2025/02/04 16:48:05 UTC,internship
2025/02/04 16:54:09 UTC,robotics intern
2025/02/04 16:57:56 UTC,robotics internship
2025/02/04 17:05:55 UTC,research intern
2025/02/04 17:06:15 UTC,robotics specialist
2025/02/04 17:14:37 UTC,research intern
2025/02/04 17:21:34 UTC,intern
2025/02/04 17:21:45 UTC,robotics intern
2025/02/04 17:22:02 UTC,robotics intern
2025/02/04 17:29:26 UTC,robotics intern
2025/02/04 17:39:50 UTC,robotics internship
2025/02/04 22:49:35 UTC,robotics engineer
2025/02/05 01:05:32 UTC,intern
2025/02/05 01:23:02 UTC,ihub robotics
2025/02/05 01:27:41 UTC,ihub robotics
2025/02/05 04:17:25 UTC,robotics researcher
2025/02/05 04:18:17 UTC,robotics researcher
2025/02/05 04:29:12 UTC,robotics researcher
2025/02/05 04:29:42 UTC,robotics researcher
2025/02/05 07:31:06 UTC,intern
2025/02/05 07:32:19 UTC,robotics specialist
2025/02/05 08:03:08 UTC,robotics engineer
2025/02/05 08:17:37 UTC,internship
2025/02/05 08:35:03 UTC,robotics engineer
2025/02/05 10:32:28 UTC,intern
2025/02/05 10:53:11 UTC,intern
2025/02/05 11:26:26 UTC,robotics engineer
2025/02/05 11:34:58 UTC,robotics engineer
2025/02/05 13:47:12 UTC,robotics engineer
2025/02/05 14:46:33 UTC,robotics engineer
2025/02/05 14:54:58 UTC,robotics engineer
2025/02/05 16:11:28 UTC,robotics researcher
2025/02/05 16:30:36 UTC,robotics researcher
2025/02/05 16:33:58 UTC,ihub robotics
2025/02/05 17:13:23 UTC,intern
2025/02/05 17:13:48 UTC,robotics internship
2025/02/05 17:26:04 UTC,robotics intern
2025/02/05 17:30:04 UTC,robotics intern
2025/02/05 17:53:59 UTC,research intern
2025/02/05 18:47:41 UTC,intern
2025/02/05 18:52:58 UTC,intern
2025/02/05 19:06:00 UTC,robotics intern
2025/02/05 19:06:48 UTC,internship
2025/02/05 19:13:03 UTC,robotics intern
2025/02/05 19:18:03 UTC,robotics internship
2025/02/05 19:26:10 UTC,research intern
2025/02/05 19:26:32 UTC,robotics specialist
2025/02/06 01:09:11 UTC,robotics engineer
2025/02/06 01:11:29 UTC,ihub robotics
2025/02/06 01:17:49 UTC,ihub robotics
2025/02/06 03:23:27 UTC,intern
2025/02/06 04:16:01 UTC,robotics researcher
2025/02/06 04:27:01 UTC,robotics researcher
2025/02/06 04:28:39 UTC,robotics researcher
2025/02/06 05:04:02 UTC,robotics researcher
2025/02/06 07:14:19 UTC,intern
2025/02/06 07:24:57 UTC,robotics specialist
2025/02/06 08:27:48 UTC,internship
2025/02/06 08:55:37 UTC,robotics specialist
2025/02/06 10:21:08 UTC,robotics engineer
2025/02/06 10:32:21 UTC,intern
2025/02/06 10:38:32 UTC,intern
2025/02/06 10:54:01 UTC,robotics engineer
2025/02/06 11:14:47 UTC,robotics engineer
2025/02/06 11:27:33 UTC,robotics engineer
2025/02/06 13:18:47 UTC,robotics engineer
2025/02/06 13:24:14 UTC,robotics engineer
2025/02/06 14:23:40 UTC,robotics engineer
2025/02/06 14:25:54 UTC,robotics engineer
2025/02/06 17:11:42 UTC,robotics internship
2025/02/06 17:12:46 UTC,robotics intern
2025/02/06 17:13:29 UTC,intern
2025/02/06 17:30:27 UTC,robotics intern
2025/02/06 18:29:53 UTC,robotics researcher
2025/02/06 18:33:44 UTC,research intern
2025/02/06 18:52:16 UTC,robotics researcher
2025/02/06 18:53:51 UTC,ihub robotics
2025/02/06 21:06:30 UTC,intern
2025/02/06 21:11:39 UTC,intern
2025/02/06 21:24:33 UTC,robotics intern
2025/02/06 21:26:19 UTC,internship
2025/02/06 21:33:28 UTC,robotics intern
2025/02/06 21:36:34 UTC,robotics internship
2025/02/06 21:44:24 UTC,robotics specialist
2025/02/06 21:44:54 UTC,research intern
2025/02/07 01:19:21 UTC,ihub robotics
2025/02/07 01:26:58 UTC,ihub robotics
2025/02/07 03:27:56 UTC,robotics engineer
2025/02/07 04:18:31 UTC,robotics researcher
2025/02/07 04:31:57 UTC,robotics researcher
2025/02/07 04:46:31 UTC,robotics researcher
2025/02/07 05:43:47 UTC,intern
2025/02/07 06:11:54 UTC,robotics researcher
2025/02/07 08:20:41 UTC,internship
2025/02/07 08:34:10 UTC,intern
2025/02/07 08:34:11 UTC,robotics specialist
2025/02/07 08:40:27 UTC,robotics specialist
2025/02/07 10:14:21 UTC,intern
2025/02/07 10:38:23 UTC,intern
2025/02/07 11:24:15 UTC,robotics engineer
2025/02/07 12:40:18 UTC,robotics engineer
2025/02/07 13:12:45 UTC,robotics engineer
2025/02/07 13:15:06 UTC,robotics engineer
2025/02/07 13:45:23 UTC,robotics engineer
2025/02/07 14:50:50 UTC,robotics engineer
2025/02/07 14:54:13 UTC,robotics engineer
2025/02/07 17:13:23 UTC,robotics intern
2025/02/07 17:21:09 UTC,research intern
2025/02/07 17:23:03 UTC,intern
2025/02/07 17:24:37 UTC,robotics internship
2025/02/07 17:39:33 UTC,robotics intern
2025/02/07 17:41:38 UTC,research intern
2025/02/07 20:51:06 UTC,robotics researcher
2025/02/07 21:12:17 UTC,robotics researcher
2025/02/07 21:12:48 UTC,ihub robotics
2025/02/07 23:26:03 UTC,intern
2025/02/07 23:32:47 UTC,intern
2025/02/07 23:43:18 UTC,robotics intern
2025/02/07 23:46:05 UTC,internship
2025/02/07 23:55:24 UTC,robotics intern
2025/02/07 23:57:00 UTC,robotics internship
2025/02/08 00:03:56 UTC,research intern
2025/02/08 00:04:14 UTC,robotics specialist
2025/02/08 01:16:37 UTC,ihub robotics
2025/02/08 01:27:04 UTC,ihub robotics
2025/02/08 04:11:16 UTC,robotics researcher
2025/02/08 05:47:22 UTC,robotics engineer
2025/02/08 07:14:13 UTC,intern
2025/02/08 07:20:26 UTC,robotics specialist
2025/02/08 08:04:12 UTC,intern
2025/02/08 08:21:03 UTC,internship
2025/02/08 11:23:30 UTC,robotics engineer
2025/02/08 11:35:10 UTC,robotics engineer
2025/02/08 13:17:29 UTC,robotics engineer
2025/02/08 13:24:46 UTC,robotics engineer
2025/02/08 14:26:06 UTC,robotics engineer
2025/02/08 14:46:08 UTC,robotics engineer
2025/02/08 15:01:16 UTC,robotics engineer
2025/02/08 15:33:14 UTC,robotics engineer
2025/02/08 17:12:22 UTC,robotics internship
2025/02/08 17:14:51 UTC,robotics intern
2025/02/08 17:16:29 UTC,robotics intern
2025/02/08 17:16:31 UTC,intern
2025/02/08 17:36:15 UTC,research intern
2025/02/08 17:39:01 UTC,research intern
2025/02/08 17:46:40 UTC,robotics intern
2025/02/08 23:09:01 UTC,robotics researcher
2025/02/08 23:32:31 UTC,ihub robotics
2025/02/08 23:33:24 UTC,robotics researcher
2025/02/09 01:08:52 UTC,ihub robotics
2025/02/09 01:23:55 UTC,ihub robotics
2025/02/09 01:46:05 UTC,intern
2025/02/09 01:51:21 UTC,intern
2025/02/09 02:01:57 UTC,robotics intern
2025/02/09 02:07:33 UTC,internship
2025/02/09 02:14:19 UTC,robotics intern
2025/02/09 02:17:45 UTC,robotics internship
2025/02/09 02:25:22 UTC,robotics specialist
2025/02/09 02:25:45 UTC,research intern
2025/02/09 04:16:40 UTC,robotics researcher
2025/02/09 04:22:19 UTC,robotics researcher
2025/02/09 04:22:30 UTC,robotics researcher
2025/02/09 04:29:37 UTC,robotics researcher
2025/02/09 07:12:52 UTC,robotics specialist
2025/02/09 07:13:58 UTC,robotics specialist
2025/02/09 07:25:25 UTC,intern
2025/02/09 08:07:02 UTC,robotics engineer
2025/02/09 08:12:53 UTC,internship
2025/02/09 10:23:10 UTC,intern
2025/02/09 10:30:18 UTC,intern
2025/02/09 10:44:45 UTC,intern
2025/02/09 11:11:52 UTC,robotics engineer
2025/02/09 11:38:46 UTC,robotics engineer
2025/02/09 13:23:24 UTC,robotics engineer
2025/02/09 13:30:17 UTC,robotics engineer
2025/02/09 14:20:34 UTC,robotics engineer
2025/02/09 14:39:39 UTC,robotics engineer
2025/02/09 17:09:15 UTC,intern
2025/02/09 17:19:06 UTC,robotics intern
2025/02/09 17:21:32 UTC,robotics engineer
2025/02/09 17:29:45 UTC,research intern
2025/02/09 17:34:09 UTC,robotics internship
2025/02/09 17:34:28 UTC,robotics intern
2025/02/09 17:51:05 UTC,robotics engineer
2025/02/10 01:22:06 UTC,ihub robotics
2025/02/10 01:28:17 UTC,robotics researcher
2025/02/10 01:34:09 UTC,ihub robotics
2025/02/10 01:52:12 UTC,ihub robotics
2025/02/10 01:52:27 UTC,robotics researcher
2025/02/10 04:05:29 UTC,intern
2025/02/10 04:10:49 UTC,intern
2025/02/10 04:12:16 UTC,robotics researcher
2025/02/10 04:21:48 UTC,robotics intern
2025/02/10 04:22:48 UTC,robotics researcher
2025/02/10 04:24:28 UTC,robotics researcher
2025/02/10 04:24:34 UTC,robotics researcher
2025/02/10 04:26:21 UTC,internship
2025/02/10 04:32:53 UTC,robotics intern
2025/02/10 04:37:05 UTC,robotics internship
2025/02/10 04:43:26 UTC,robotics specialist
2025/02/10 04:44:40 UTC,research intern
2025/02/10 07:10:15 UTC,intern
2025/02/10 07:12:56 UTC,robotics specialist
2025/02/10 07:16:17 UTC,robotics specialist
2025/02/10 08:20:57 UTC,internship
2025/02/10 10:23:31 UTC,intern
2025/02/10 10:27:16 UTC,robotics engineer
2025/02/10 10:46:06 UTC,intern
2025/02/10 11:21:03 UTC,robotics engineer
2025/02/10 11:36:52 UTC,robotics engineer
2025/02/10 12:42:39 UTC,intern
2025/02/10 13:11:16 UTC,robotics engineer
2025/02/10 13:34:36 UTC,robotics engineer
2025/02/10 14:11:17 UTC,robotics engineer
2025/02/10 17:12:58 UTC,robotics intern
2025/02/10 17:19:00 UTC,robotics intern
2025/02/10 17:37:29 UTC,intern
2025/02/10 17:39:58 UTC,research intern
2025/02/10 17:48:06 UTC,robotics intern
2025/02/10 17:59:48 UTC,research intern
2025/02/10 19:41:40 UTC,robotics engineer
2025/02/10 20:12:53 UTC,robotics engineer
2025/02/10 20:46:25 UTC,robotics internship
2025/02/11 01:16:55 UTC,ihub robotics
2025/02/11 01:19:02 UTC,ihub robotics
2025/02/11 03:50:17 UTC,robotics researcher
2025/02/11 04:13:26 UTC,robotics researcher
2025/02/11 04:15:51 UTC,ihub robotics
2025/02/11 04:31:48 UTC,robotics researcher
2025/02/11 04:34:38 UTC,robotics researcher
2025/02/11 04:45:08 UTC,robotics researcher
2025/02/11 04:57:36 UTC,robotics researcher
2025/02/11 06:28:03 UTC,intern
2025/02/11 06:33:05 UTC,intern
2025/02/11 06:41:58 UTC,robotics intern
2025/02/11 06:48:26 UTC,internship
2025/02/11 06:52:32 UTC,robotics intern
2025/02/11 06:57:40 UTC,robotics internship
2025/02/11 07:02:44 UTC,robotics specialist
2025/02/11 07:05:27 UTC,research intern
2025/02/11 07:17:46 UTC,robotics specialist
2025/02/11 07:18:35 UTC,intern
2025/02/11 07:24:32 UTC,robotics specialist
2025/02/11 08:20:38 UTC,internship
2025/02/11 10:38:26 UTC,intern
2025/02/11 10:42:02 UTC,intern
2025/02/11 11:14:39 UTC,robotics engineer
2025/02/11 12:48:18 UTC,robotics engineer
2025/02/11 13:25:36 UTC,robotics engineer
2025/02/11 13:30:44 UTC,robotics engineer
2025/02/11 14:25:18 UTC,robotics engineer
2025/02/11 14:27:54 UTC,robotics engineer
2025/02/11 15:04:42 UTC,intern
2025/02/11 17:19:15 UTC,robotics internship
2025/02/11 17:19:18 UTC,intern
2025/02/11 17:20:09 UTC,robotics intern
2025/02/11 17:22:55 UTC,robotics intern
2025/02/11 17:24:33 UTC,research intern
2025/02/11 17:43:48 UTC,robotics intern
2025/02/11 22:03:01 UTC,robotics engineer
2025/02/11 22:35:39 UTC,robotics engineer
2025/02/12 01:18:12 UTC,ihub robotics
2025/02/12 01:20:16 UTC,ihub robotics
2025/02/12 04:23:11 UTC,robotics researcher
2025/02/12 04:25:30 UTC,robotics researcher
2025/02/12 04:38:38 UTC,robotics researcher
2025/02/12 04:39:22 UTC,robotics researcher
2025/02/12 06:10:19 UTC,robotics researcher
2025/02/12 06:33:24 UTC,robotics researcher
2025/02/12 06:38:00 UTC,ihub robotics
2025/02/12 07:20:59 UTC,intern
2025/02/12 07:31:35 UTC,robotics specialist
2025/02/12 08:08:00 UTC,intern
2025/02/12 08:13:50 UTC,internship
2025/02/12 08:49:02 UTC,intern
2025/02/12 08:54:57 UTC,intern
2025/02/12 09:04:37 UTC,robotics intern
2025/02/12 09:11:04 UTC,internship
2025/02/12 09:15:20 UTC,robotics intern
2025/02/12 09:20:35 UTC,robotics internship
2025/02/12 09:25:03 UTC,robotics specialist
2025/02/12 09:29:24 UTC,research intern
2025/02/12 10:27:37 UTC,intern
2025/02/12 10:32:26 UTC,intern
2025/02/12 11:17:20 UTC,robotics engineer
2025/02/12 11:57:09 UTC,robotics engineer
2025/02/12 13:17:28 UTC,robotics engineer
2025/02/12 13:48:02 UTC,robotics engineer
2025/02/12 14:13:39 UTC,robotics engineer
2025/02/12 14:28:44 UTC,robotics engineer
2025/02/12 15:11:23 UTC,robotics engineer
2025/02/12 17:26:39 UTC,robotics intern
2025/02/12 17:28:19 UTC,intern
2025/02/12 17:32:02 UTC,robotics internship
2025/02/12 17:39:30 UTC,robotics intern
2025/02/12 17:41:28 UTC,intern
2025/02/12 17:43:55 UTC,research intern
2025/02/13 00:26:00 UTC,robotics engineer
2025/02/13 01:00:18 UTC,robotics engineer
2025/02/13 01:07:27 UTC,ihub robotics
2025/02/13 01:33:45 UTC,ihub robotics
2025/02/13 04:19:30 UTC,robotics researcher
2025/02/13 04:20:41 UTC,robotics researcher
2025/02/13 04:21:57 UTC,robotics researcher
2025/02/13 04:29:05 UTC,robotics researcher
2025/02/13 07:16:45 UTC,intern
2025/02/13 07:26:53 UTC,robotics specialist
2025/02/13 08:22:17 UTC,intern
2025/02/13 08:34:23 UTC,robotics researcher
2025/02/13 08:48:40 UTC,internship
2025/02/13 08:55:21 UTC,robotics researcher
2025/02/13 09:01:28 UTC,ihub robotics
2025/02/13 10:20:01 UTC,intern
2025/02/13 10:21:41 UTC,intern
2025/02/13 11:11:37 UTC,intern
2025/02/13 11:16:00 UTC,robotics engineer
2025/02/13 11:20:39 UTC,intern
2025/02/13 11:28:23 UTC,robotics intern
2025/02/13 11:34:22 UTC,internship
2025/02/13 11:38:20 UTC,robotics intern
2025/02/13 11:44:29 UTC,robotics internship
2025/02/13 11:47:33 UTC,robotics specialist
2025/02/13 11:54:01 UTC,research intern
2025/02/13 13:15:02 UTC,robotics engineer
2025/02/13 14:36:31 UTC,robotics engineer
2025/02/13 14:40:03 UTC,robotics engineer
2025/02/13 17:12:21 UTC,research intern
2025/02/13 17:14:55 UTC,robotics internship
2025/02/13 17:20:08 UTC,robotics intern
2025/02/13 17:35:39 UTC,robotics engineer
2025/02/13 17:39:22 UTC,robotics intern
2025/02/13 17:41:13 UTC,intern
2025/02/13 19:50:43 UTC,intern
2025/02/14 01:31:24 UTC,ihub robotics
2025/02/14 01:32:47 UTC,ihub robotics
2025/02/14 02:47:58 UTC,robotics engineer
2025/02/14 03:24:36 UTC,robotics engineer
2025/02/14 04:35:11 UTC,robotics researcher
2025/02/14 04:35:48 UTC,robotics researcher
2025/02/14 04:37:03 UTC,robotics researcher
2025/02/14 04:50:16 UTC,robotics researcher
2025/02/14 07:25:26 UTC,intern
2025/02/14 07:36:01 UTC,robotics specialist
2025/02/14 07:38:21 UTC,robotics specialist
2025/02/14 08:13:24 UTC,internship
2025/02/14 10:39:57 UTC,intern
2025/02/14 10:56:57 UTC,robotics researcher
2025/02/14 11:18:38 UTC,robotics researcher
2025/02/14 11:24:09 UTC,ihub robotics
2025/02/14 11:29:47 UTC,robotics engineer
2025/02/14 12:26:20 UTC,robotics engineer
2025/02/14 13:16:23 UTC,intern
2025/02/14 13:35:00 UTC,intern
2025/02/14 13:41:26 UTC,robotics engineer
2025/02/14 13:45:49 UTC,intern
2025/02/14 13:47:12 UTC,robotics engineer
2025/02/14 13:51:19 UTC,robotics intern
2025/02/14 13:57:05 UTC,internship
2025/02/14 14:03:14 UTC,robotics intern
2025/02/14 14:06:56 UTC,robotics internship
2025/02/14 14:11:03 UTC,robotics specialist
2025/02/14 14:18:33 UTC,research intern
2025/02/14 14:32:24 UTC,robotics engineer
2025/02/14 14:47:39 UTC,robotics engineer
2025/02/14 17:17:44 UTC,research intern
2025/02/14 17:17:52 UTC,robotics internship
2025/02/14 17:19:27 UTC,robotics intern
2025/02/14 17:40:37 UTC,intern
2025/02/14 17:52:05 UTC,robotics intern
2025/02/14 18:57:49 UTC,research intern
2025/02/14 19:58:29 UTC,robotics engineer
2025/02/14 22:13:41 UTC,intern
2025/02/15 01:13:03 UTC,ihub robotics
2025/02/15 01:18:59 UTC,ihub robotics
2025/02/15 04:08:57 UTC,robotics researcher
2025/02/15 04:12:41 UTC,robotics researcher
2025/02/15 04:15:44 UTC,robotics researcher
2025/02/15 04:23:07 UTC,robotics researcher
2025/02/15 05:11:04 UTC,robotics engineer
2025/02/15 05:48:43 UTC,robotics engineer
2025/02/15 07:15:44 UTC,intern
2025/02/15 07:18:31 UTC,robotics specialist
2025/02/15 07:26:07 UTC,robotics specialist
2025/02/15 08:09:42 UTC,internship
2025/02/15 10:17:28 UTC,intern
2025/02/15 10:43:54 UTC,intern
2025/02/15 11:18:24 UTC,robotics engineer
2025/02/15 13:11:38 UTC,robotics engineer
2025/02/15 13:20:52 UTC,robotics researcher
2025/02/15 13:24:21 UTC,robotics engineer
2025/02/15 13:40:23 UTC,robotics researcher
2025/02/15 13:47:56 UTC,ihub robotics
2025/02/15 14:26:10 UTC,robotics engineer
2025/02/15 14:27:00 UTC,robotics engineer
2025/02/15 15:57:52 UTC,intern
2025/02/15 16:07:22 UTC,intern
2025/02/15 16:15:19 UTC,robotics intern
2025/02/15 16:19:34 UTC,internship
2025/02/15 16:24:14 UTC,robotics intern
2025/02/15 16:30:08 UTC,robotics internship
2025/02/15 16:33:08 UTC,robotics specialist
2025/02/15 16:40:37 UTC,research intern
2025/02/15 17:11:15 UTC,robotics intern
2025/02/15 17:13:41 UTC,research intern
2025/02/15 17:17:27 UTC,robotics intern
2025/02/15 17:17:54 UTC,robotics internship
2025/02/15 17:18:49 UTC,intern
2025/02/15 22:22:12 UTC,robotics engineer
2025/02/16 00:37:35 UTC,intern
2025/02/16 01:16:39 UTC,ihub robotics
2025/02/16 01:22:06 UTC,ihub robotics
2025/02/16 04:16:52 UTC,robotics researcher
2025/02/16 04:19:00 UTC,robotics researcher
2025/02/16 04:22:48 UTC,robotics researcher
2025/02/16 04:28:48 UTC,robotics researcher
2025/02/16 07:11:44 UTC,robotics specialist
2025/02/16 07:11:46 UTC,intern
2025/02/16 07:17:38 UTC,robotics specialist
2025/02/16 07:33:06 UTC,robotics engineer
2025/02/16 08:09:40 UTC,robotics engineer
2025/02/16 08:19:09 UTC,internship
2025/02/16 10:15:36 UTC,intern
2025/02/16 10:16:05 UTC,intern
2025/02/16 11:18:06 UTC,robotics engineer
2025/02/16 11:27:42 UTC,robotics engineer
2025/02/16 13:18:56 UTC,robotics engineer
2025/02/16 13:20:07 UTC,robotics engineer
2025/02/16 14:23:54 UTC,robotics engineer
2025/02/16 14:46:07 UTC,robotics engineer
2025/02/16 15:43:20 UTC,robotics researcher
2025/02/16 16:04:43 UTC,robotics researcher
2025/02/16 16:12:00 UTC,ihub robotics
2025/02/16 17:10:24 UTC,robotics intern
2025/02/16 17:11:58 UTC,intern
2025/02/16 17:20:05 UTC,research intern
2025/02/16 17:21:17 UTC,robotics intern
2025/02/16 17:24:34 UTC,robotics intern
2025/02/16 17:28:01 UTC,research intern
2025/02/16 17:30:10 UTC,robotics internship
2025/02/16 18:22:46 UTC,intern
2025/02/16 18:29:00 UTC,intern
2025/02/16 18:37:49 UTC,robotics intern
2025/02/16 18:42:44 UTC,internship
2025/02/16 18:46:50 UTC,robotics intern
2025/02/16 18:51:53 UTC,robotics internship
2025/02/16 18:56:03 UTC,robotics specialist
2025/02/16 19:02:30 UTC,research intern
2025/02/17 00:45:21 UTC,robotics engineer
2025/02/17 01:15:18 UTC,ihub robotics
2025/02/17 01:22:35 UTC,ihub robotics
2025/02/17 03:01:08 UTC,intern
2025/02/17 04:12:26 UTC,robotics researcher
2025/02/17 04:16:15 UTC,robotics researcher
2025/02/17 04:18:35 UTC,robotics researcher
2025/02/17 04:24:14 UTC,robotics researcher
2025/02/17 07:55:36 UTC,robotics specialist
2025/02/17 07:56:58 UTC,robotics specialist
2025/02/17 08:11:13 UTC,intern
2025/02/17 08:16:06 UTC,internship
2025/02/17 09:55:52 UTC,robotics engineer
2025/02/17 10:24:03 UTC,intern
2025/02/17 10:33:04 UTC,robotics engineer
2025/02/17 10:46:13 UTC,intern
2025/02/17 11:23:58 UTC,robotics engineer
2025/02/17 11:27:31 UTC,robotics engineer
2025/02/17 13:12:54 UTC,robotics engineer
2025/02/17 13:20:01 UTC,robotics engineer
2025/02/17 14:27:27 UTC,robotics engineer
2025/02/17 14:31:41 UTC,robotics engineer
2025/02/17 17:12:25 UTC,intern
2025/02/17 17:17:49 UTC,robotics intern
2025/02/17 17:22:22 UTC,robotics intern
2025/02/17 17:26:23 UTC,robotics intern
2025/02/17 17:31:32 UTC,research intern
2025/02/17 17:40:24 UTC,robotics internship
2025/02/17 18:04:34 UTC,robotics researcher
2025/02/17 18:29:09 UTC,robotics researcher
2025/02/17 18:35:08 UTC,ihub robotics
2025/02/17 20:47:40 UTC,intern
2025/02/17 20:52:40 UTC,intern
2025/02/17 21:02:36 UTC,robotics intern
2025/02/17 21:05:35 UTC,internship
2025/02/17 21:10:33 UTC,robotics intern
2025/02/17 21:14:05 UTC,robotics internship
2025/02/17 21:19:32 UTC,robotics specialist
2025/02/17 21:24:00 UTC,research intern
2025/02/18 01:21:33 UTC,ihub robotics
2025/02/18 01:24:05 UTC,ihub robotics
2025/02/18 03:06:54 UTC,robotics engineer
2025/02/18 04:13:02 UTC,robotics researcher
2025/02/18 04:16:38 UTC,robotics researcher
2025/02/18 04:25:01 UTC,robotics researcher
2025/02/18 04:25:58 UTC,robotics researcher
2025/02/18 05:24:15 UTC,intern
2025/02/18 07:08:43 UTC,intern
2025/02/18 07:25:15 UTC,robotics specialist
2025/02/18 08:32:40 UTC,internship
2025/02/18 10:12:31 UTC,intern
2025/02/18 10:52:59 UTC,intern
2025/02/18 11:42:05 UTC,robotics engineer
2025/02/18 12:18:09 UTC,robotics engineer
2025/02/18 12:57:39 UTC,robotics engineer
2025/02/18 13:39:44 UTC,robotics engineer
2025/02/18 13:42:55 UTC,robotics engineer
2025/02/18 14:37:54 UTC,robotics engineer
2025/02/18 14:51:28 UTC,robotics engineer
2025/02/18 17:24:52 UTC,research intern
2025/02/18 17:27:27 UTC,robotics intern
2025/02/18 17:34:09 UTC,robotics intern
2025/02/18 17:38:20 UTC,robotics internship
2025/02/18 17:45:21 UTC,intern
2025/02/18 20:29:11 UTC,robotics researcher
2025/02/18 20:52:37 UTC,robotics researcher
2025/02/18 20:58:49 UTC,ihub robotics
2025/02/18 23:11:42 UTC,intern
2025/02/18 23:17:13 UTC,intern
2025/02/18 23:28:04 UTC,robotics intern
2025/02/18 23:30:30 UTC,internship
2025/02/18 23:35:30 UTC,robotics intern
2025/02/18 23:38:26 UTC,robotics internship
2025/02/18 23:43:36 UTC,robotics specialist
2025/02/18 23:46:58 UTC,research intern
2025/02/19 01:16:11 UTC,ihub robotics
2025/02/19 01:24:20 UTC,ihub robotics
2025/02/19 04:12:22 UTC,robotics researcher
2025/02/19 04:12:51 UTC,robotics researcher
2025/02/19 04:19:43 UTC,robotics researcher
2025/02/19 04:25:22 UTC,robotics researcher
2025/02/19 05:31:12 UTC,robotics engineer
2025/02/19 07:07:40 UTC,robotics specialist
2025/02/19 07:12:19 UTC,intern
2025/02/19 07:48:44 UTC,intern
2025/02/19 08:14:43 UTC,internship
2025/02/19 10:14:01 UTC,intern
2025/02/19 10:41:46 UTC,intern
2025/02/19 11:41:25 UTC,robotics engineer
2025/02/19 13:23:47 UTC,robotics engineer
2025/02/19 14:42:34 UTC,robotics engineer
2025/02/19 14:43:45 UTC,robotics engineer
2025/02/19 14:58:18 UTC,robotics engineer
2025/02/19 15:22:13 UTC,robotics engineer
2025/02/19 17:10:17 UTC,intern
2025/02/19 17:26:01 UTC,robotics internship
2025/02/19 17:39:51 UTC,robotics intern
2025/02/19 17:40:03 UTC,robotics intern
2025/02/19 17:43:47 UTC,research intern
2025/02/19 17:51:59 UTC,robotics intern
2025/02/19 21:15:54 UTC,Marketing Analyst
2025/02/19 21:19:54 UTC,Marketing Analyst
2025/02/19 22:53:34 UTC,robotics researcher
2025/02/19 23:14:38 UTC,robotics researcher
2025/02/19 23:15:11 UTC,Supply Chain Specialist
2025/02/19 23:22:58 UTC,ihub robotics
2025/02/20 01:15:01 UTC,Intern
2025/02/20 01:20:25 UTC,ihub robotics
2025/02/20 01:20:33 UTC,ihub robotics
2025/02/20 01:37:21 UTC,intern
2025/02/20 01:42:44 UTC,intern
2025/02/20 01:53:11 UTC,robotics intern
2025/02/20 01:54:47 UTC,internship
2025/02/20 01:58:45 UTC,robotics intern
2025/02/20 02:01:57 UTC,robotics internship
2025/02/20 02:08:13 UTC,robotics specialist
2025/02/20 02:08:57 UTC,research intern
2025/02/20 04:08:41 UTC,robotics researcher
2025/02/20 04:12:37 UTC,robotics researcher
2025/02/20 04:24:38 UTC,robotics researcher
2025/02/20 05:19:49 UTC,robotics researcher
2025/02/20 07:09:46 UTC,intern
2025/02/20 07:14:55 UTC,robotics specialist
2025/02/20 07:55:04 UTC,robotics engineer
2025/02/20 08:57:56 UTC,internship
2025/02/20 10:10:02 UTC,intern
2025/02/20 10:18:00 UTC,intern
2025/02/20 10:30:38 UTC,intern
2025/02/20 11:24:05 UTC,robotics engineer
2025/02/20 13:13:13 UTC,robotics engineer
2025/02/20 14:54:16 UTC,robotics engineer
2025/02/20 14:55:26 UTC,robotics engineer
2025/02/20 15:15:05 UTC,Robotics Engineer
2025/02/20 17:04:51 UTC,robotics engineer
2025/02/20 17:11:22 UTC,intern
2025/02/20 17:33:50 UTC,research intern
2025/02/20 17:41:25 UTC,robotics internship
2025/02/20 17:43:43 UTC,robotics intern
2025/02/20 17:46:36 UTC,robotics engineer
2025/02/20 17:56:33 UTC,robotics intern
2025/02/20 19:15:01 UTC,Marketing Analyst
2025/02/20 23:15:04 UTC,Mechanical Engineering Intern
2025/02/21 01:18:48 UTC,robotics researcher
2025/02/21 01:19:05 UTC,ihub robotics
2025/02/21 01:25:01 UTC,ihub robotics
2025/02/21 01:39:16 UTC,robotics researcher
2025/02/21 01:45:55 UTC,ihub robotics
2025/02/21 03:15:30 UTC,Robotics Specialist
2025/02/21 04:02:19 UTC,intern
2025/02/21 04:05:46 UTC,intern
2025/02/21 04:09:04 UTC,robotics researcher
2025/02/21 04:17:22 UTC,internship
2025/02/21 04:17:51 UTC,robotics intern
2025/02/21 04:22:05 UTC,robotics researcher
2025/02/21 04:22:56 UTC,robotics intern
2025/02/21 04:24:21 UTC,robotics internship
2025/02/21 04:24:58 UTC,robotics researcher
2025/02/21 04:24:59 UTC,robotics researcher
2025/02/21 04:31:06 UTC,research intern
2025/02/21 04:33:21 UTC,robotics specialist
2025/02/21 07:07:42 UTC,robotics specialist
2025/02/21 07:09:35 UTC,intern
2025/02/21 07:14:23 UTC,robotics specialist
2025/02/21 08:19:46 UTC,internship
2025/02/21 10:17:21 UTC,robotics engineer
2025/02/21 10:34:18 UTC,intern
2025/02/21 11:42:50 UTC,robotics engineer
2025/02/21 12:04:21 UTC,intern
2025/02/21 12:34:14 UTC,intern
2025/02/21 13:15:15 UTC,Senior Software Engineer
2025/02/21 13:41:43 UTC,robotics engineer
2025/02/21 13:46:12 UTC,robotics engineer
2025/02/21 14:37:27 UTC,robotics engineer
2025/02/21 15:00:27 UTC,robotics engineer
2025/02/21 17:18:23 UTC,intern
2025/02/21 17:42:43 UTC,robotics intern
2025/02/21 17:49:41 UTC,robotics internship
2025/02/21 17:50:50 UTC,robotics intern
2025/02/21 18:03:03 UTC,research intern
2025/02/21 19:28:02 UTC,robotics engineer
2025/02/21 20:08:53 UTC,robotics engineer
2025/02/21 21:14:59 UTC,Technician
2025/02/22 01:23:28 UTC,ihub robotics
2025/02/22 01:26:13 UTC,ihub robotics
2025/02/22 03:42:31 UTC,robotics researcher
2025/02/22 04:03:25 UTC,robotics researcher
2025/02/22 04:11:42 UTC,ihub robotics
2025/02/22 04:17:35 UTC,robotics researcher
2025/02/22 04:22:32 UTC,robotics researcher
2025/02/22 04:30:46 UTC,robotics researcher
2025/02/22 04:30:54 UTC,robotics researcher
2025/02/22 06:27:39 UTC,intern
2025/02/22 06:29:54 UTC,intern
2025/02/22 06:40:54 UTC,robotics intern
2025/02/22 06:41:40 UTC,internship
2025/02/22 06:46:15 UTC,robotics internship
2025/02/22 06:47:40 UTC,robotics intern
2025/02/22 06:54:57 UTC,research intern
2025/02/22 06:57:42 UTC,robotics specialist
2025/02/22 07:11:23 UTC,intern
2025/02/22 07:14:09 UTC,robotics specialist
2025/02/22 07:20:59 UTC,robotics specialist
2025/02/22 08:23:05 UTC,internship
2025/02/22 10:31:50 UTC,intern
2025/02/22 10:44:37 UTC,intern
2025/02/22 11:21:54 UTC,robotics engineer
2025/02/22 11:37:29 UTC,robotics engineer
2025/02/22 12:40:06 UTC,robotics engineer
2025/02/22 13:18:52 UTC,robotics engineer
2025/02/22 13:24:37 UTC,robotics engineer
2025/02/22 14:33:39 UTC,robotics engineer
2025/02/22 14:38:55 UTC,robotics engineer
2025/02/22 14:57:57 UTC,intern
2025/02/22 17:25:32 UTC,robotics intern
2025/02/22 17:27:13 UTC,intern
2025/02/22 17:28:48 UTC,robotics internship
2025/02/22 17:31:53 UTC,robotics intern
2025/02/22 17:42:33 UTC,robotics intern
2025/02/22 17:45:14 UTC,research intern
2025/02/22 21:14:54 UTC,Sales Intern
2025/02/22 21:50:10 UTC,robotics engineer
2025/02/22 22:32:06 UTC,robotics engineer
2025/02/23 01:26:51 UTC,ihub robotics
2025/02/23 01:29:28 UTC,ihub robotics
2025/02/23 03:15:12 UTC,Research Intern
2025/02/23 04:11:51 UTC,robotics researcher
2025/02/23 04:13:01 UTC,robotics researcher
2025/02/23 04:17:05 UTC,robotics researcher
2025/02/23 04:26:14 UTC,robotics researcher
2025/02/23 06:05:54 UTC,robotics researcher
2025/02/23 06:27:06 UTC,robotics researcher
2025/02/23 06:36:00 UTC,ihub robotics
2025/02/23 07:23:17 UTC,robotics specialist
2025/02/23 07:26:29 UTC,intern
2025/02/23 07:33:00 UTC,robotics specialist
2025/02/23 08:19:32 UTC,internship
2025/02/23 08:49:55 UTC,intern
2025/02/23 08:54:43 UTC,intern
2025/02/23 09:03:19 UTC,internship
2025/02/23 09:04:19 UTC,robotics intern
2025/02/23 09:08:18 UTC,robotics internship
2025/02/23 09:10:20 UTC,robotics intern
2025/02/23 09:14:53 UTC,Robotics Specialist
2025/02/23 09:18:28 UTC,research intern
2025/02/23 09:20:44 UTC,robotics specialist
2025/02/23 10:32:15 UTC,intern
2025/02/23 10:40:40 UTC,intern
2025/02/23 11:14:48 UTC,robotics engineer
2025/02/23 11:18:24 UTC,robotics engineer
2025/02/23 13:10:53 UTC,robotics engineer
2025/02/23 13:21:22 UTC,robotics engineer
2025/02/23 14:24:04 UTC,robotics engineer
2025/02/23 14:46:08 UTC,robotics engineer
2025/02/23 15:01:55 UTC,robotics engineer
2025/02/23 17:16:54 UTC,intern
2025/02/23 17:21:05 UTC,intern
2025/02/23 17:21:53 UTC,robotics internship
2025/02/23 17:28:07 UTC,robotics intern
2025/02/23 17:35:00 UTC,robotics intern
2025/02/23 17:47:31 UTC,research intern
2025/02/23 17:49:52 UTC,robotics intern
2025/02/23 17:51:08 UTC,research intern
2025/02/24 00:13:26 UTC,robotics engineer
2025/02/24 00:56:30 UTC,robotics engineer
2025/02/24 01:13:35 UTC,ihub robotics
2025/02/24 01:25:59 UTC,ihub robotics
2025/02/24 04:24:36 UTC,robotics researcher
2025/02/24 04:25:50 UTC,robotics researcher
2025/02/24 04:28:23 UTC,robotics researcher
2025/02/24 04:32:37 UTC,robotics researcher
2025/02/24 07:09:28 UTC,intern
2025/02/24 07:20:30 UTC,robotics specialist
2025/02/24 08:13:46 UTC,internship
2025/02/24 08:28:05 UTC,robotics researcher
2025/02/24 08:49:04 UTC,robotics researcher
2025/02/24 08:59:01 UTC,ihub robotics
2025/02/24 10:33:58 UTC,intern
2025/02/24 10:43:29 UTC,intern
2025/02/24 11:12:06 UTC,intern
2025/02/24 11:19:18 UTC,intern
2025/02/24 11:21:07 UTC,robotics engineer
2025/02/24 11:28:10 UTC,robotics intern
2025/02/24 11:28:51 UTC,internship
2025/02/24 11:33:07 UTC,robotics internship
2025/02/24 11:34:04 UTC,robotics intern
2025/02/24 11:41:04 UTC,robotics engineer
2025/02/24 11:41:50 UTC,research intern
2025/02/24 11:45:04 UTC,robotics specialist
2025/02/24 13:19:32 UTC,robotics engineer
2025/02/24 14:20:59 UTC,robotics engineer
2025/02/24 16:17:01 UTC,robotics engineer
2025/02/24 17:19:08 UTC,robotics intern
2025/02/24 17:27:06 UTC,robotics intern
2025/02/24 17:28:06 UTC,robotics engineer
2025/02/24 17:28:48 UTC,research intern
2025/02/24 17:36:30 UTC,intern
2025/02/24 17:45:23 UTC,robotics intern
2025/02/24 19:45:27 UTC,intern
2025/02/24 20:26:57 UTC,robotics internship
2025/02/24 23:15:16 UTC,Research Technician
2025/02/25 01:26:38 UTC,ihub robotics
2025/02/25 01:28:50 UTC,ihub robotics
2025/02/25 02:38:55 UTC,robotics engineer
2025/02/25 03:21:03 UTC,robotics engineer
2025/02/25 04:13:34 UTC,robotics researcher
2025/02/25 04:15:52 UTC,robotics researcher
2025/02/25 04:20:23 UTC,robotics researcher
2025/02/25 04:27:52 UTC,robotics researcher
2025/02/25 07:09:06 UTC,intern
2025/02/25 07:09:15 UTC,robotics specialist
2025/02/25 07:10:05 UTC,robotics specialist
2025/02/25 08:17:35 UTC,internship
2025/02/25 10:26:52 UTC,intern
2025/02/25 10:47:09 UTC,intern
2025/02/25 10:53:09 UTC,robotics researcher
2025/02/25 11:14:44 UTC,robotics researcher
2025/02/25 11:23:47 UTC,ihub robotics
2025/02/25 12:08:45 UTC,robotics engineer
2025/02/25 13:38:48 UTC,intern
2025/02/25 13:40:23 UTC,robotics engineer
2025/02/25 13:45:19 UTC,intern
2025/02/25 13:52:15 UTC,internship
2025/02/25 13:53:41 UTC,robotics intern
2025/02/25 13:57:19 UTC,robotics intern
2025/02/25 13:58:25 UTC,robotics internship
2025/02/25 14:06:01 UTC,research intern
2025/02/25 14:10:10 UTC,robotics specialist
2025/02/25 14:26:48 UTC,robotics engineer
2025/02/25 14:29:54 UTC,Robotics Engineer
2025/02/25 15:15:03 UTC,Robotics Engineer
2025/02/25 17:14:36 UTC,research intern
2025/02/25 17:14:41 UTC,robotics intern
2025/02/25 17:22:41 UTC,intern
2025/02/25 17:23:12 UTC,robotics intern
2025/02/25 17:52:04 UTC,robotics internship
2025/02/25 19:54:24 UTC,robotics engineer
2025/02/25 21:15:10 UTC,Robotics Engineer
2025/02/25 22:08:42 UTC,intern
2025/02/26 01:19:50 UTC,ihub robotics
2025/02/26 01:29:55 UTC,ihub robotics
2025/02/26 03:15:02 UTC,Human Resources Intern
2025/02/26 04:18:31 UTC,robotics researcher
2025/02/26 04:19:37 UTC,robotics researcher
2025/02/26 04:22:14 UTC,robotics researcher
2025/02/26 04:44:12 UTC,robotics researcher
2025/02/26 05:04:58 UTC,robotics engineer
2025/02/26 05:15:08 UTC,Growth Specialist
2025/02/26 05:46:04 UTC,robotics engineer
2025/02/26 07:07:57 UTC,robotics specialist
2025/02/26 07:08:55 UTC,robotics specialist
2025/02/26 07:16:44 UTC,intern
2025/02/26 08:22:07 UTC,internship
2025/02/26 10:15:37 UTC,intern
2025/02/26 10:38:05 UTC,intern
2025/02/26 11:19:59 UTC,robotics engineer
2025/02/26 13:11:00 UTC,robotics engineer
2025/02/26 13:15:09 UTC,Robotics Engineer
2025/02/26 13:18:26 UTC,robotics researcher
2025/02/26 13:27:12 UTC,robotics engineer
2025/02/26 13:42:59 UTC,robotics researcher
2025/02/26 13:49:48 UTC,ihub robotics
2025/02/26 14:30:38 UTC,robotics engineer
2025/02/26 14:34:48 UTC,robotics engineer
2025/02/26 16:03:49 UTC,intern
2025/02/26 16:13:00 UTC,intern
2025/02/26 16:17:20 UTC,internship
2025/02/26 16:20:44 UTC,robotics intern
2025/02/26 16:24:16 UTC,robotics intern
2025/02/26 16:24:46 UTC,robotics internship
2025/02/26 16:34:15 UTC,research intern
2025/02/26 16:36:16 UTC,robotics specialist
2025/02/26 17:18:37 UTC,robotics intern
2025/02/26 17:19:15 UTC,robotics internship
2025/02/26 17:27:05 UTC,robotics intern
2025/02/26 17:34:21 UTC,research intern
2025/02/26 17:42:34 UTC,robotics intern
2025/02/26 17:50:17 UTC,intern
2025/02/26 17:59:13 UTC,robotics internship
2025/02/26 17:59:13 UTC,robotics internship
2025/02/26 17:59:14 UTC,Execom
2025/02/26 17:59:14 UTC,robotics engineer
2025/02/26 17:59:14 UTC,robotics internship
2025/02/26 17:59:14 UTC,robotics internship
2025/02/26 17:59:17 UTC,Mechatronic
2025/02/26 17:59:19 UTC,research intern
2025/02/26 18:00:49 UTC,Mechatronic
2025/02/26 18:01:29 UTC,Robotics Specialist
2025/02/26 21:15:02 UTC,Automation Engineer
2025/02/26 22:21:05 UTC,robotics engineer
2025/02/27 00:35:53 UTC,intern
2025/02/27 01:09:28 UTC,ihub robotics
2025/02/27 01:10:42 UTC,ihub robotics
2025/02/27 04:16:28 UTC,robotics researcher
2025/02/27 04:17:04 UTC,robotics researcher
2025/02/27 04:18:11 UTC,robotics researcher
2025/02/27 04:28:03 UTC,robotics researcher
2025/02/27 07:22:27 UTC,robotics specialist
2025/02/27 07:26:50 UTC,robotics specialist
2025/02/27 07:31:08 UTC,intern
2025/02/27 07:32:33 UTC,robotics engineer
2025/02/27 08:12:16 UTC,robotics engineer
2025/02/27 08:21:29 UTC,intern
2025/02/27 08:56:51 UTC,internship
2025/02/27 10:40:57 UTC,intern
2025/02/27 10:41:53 UTC,intern
2025/02/27 11:48:40 UTC,robotics engineer
2025/02/27 13:21:48 UTC,robotics engineer
2025/02/27 14:28:03 UTC,robotics engineer
2025/02/27 14:49:42 UTC,robotics engineer
2025/02/27 15:43:02 UTC,robotics researcher
2025/02/27 16:08:36 UTC,robotics researcher
2025/02/27 16:17:07 UTC,ihub robotics
2025/02/27 17:14:55 UTC,Robotics Engineer
2025/02/27 17:20:24 UTC,robotics internship
2025/02/27 17:37:46 UTC,robotics intern
2025/02/27 17:37:49 UTC,intern
2025/02/27 17:41:22 UTC,research intern
2025/02/27 17:44:41 UTC,robotics intern
2025/02/27 18:30:52 UTC,intern
2025/02/27 18:40:06 UTC,intern
2025/02/27 18:42:35 UTC,internship
2025/02/27 18:48:24 UTC,robotics intern
2025/02/27 18:49:46 UTC,robotics internship
2025/02/27 18:50:37 UTC,robotics intern
2025/02/27 18:59:22 UTC,research intern
2025/02/27 19:03:32 UTC,robotics specialist
2025/02/28 00:45:17 UTC,robotics engineer
2025/02/28 01:15:23 UTC,Research Intern
2025/02/28 01:17:35 UTC,ihub robotics
2025/02/28 01:23:37 UTC,ihub robotics
2025/02/28 03:02:13 UTC,intern
2025/02/28 03:14:55 UTC,Business Development Intern
2025/02/28 04:18:10 UTC,robotics researcher
2025/02/28 04:19:17 UTC,robotics researcher
2025/02/28 04:24:51 UTC,robotics researcher
2025/02/28 04:32:53 UTC,robotics researcher
2025/02/28 07:13:10 UTC,intern
2025/02/28 07:30:25 UTC,robotics specialist
2025/02/28 07:34:57 UTC,robotics specialist
2025/02/28 09:05:28 UTC,intern
2025/02/28 09:20:21 UTC,internship
2025/02/28 09:59:34 UTC,robotics engineer
2025/02/28 10:38:23 UTC,robotics engineer
2025/02/28 10:54:03 UTC,intern
2025/02/28 11:28:59 UTC,robotics engineer
2025/02/28 13:30:09 UTC,robotics engineer
2025/02/28 14:31:20 UTC,robotics engineer
2025/02/28 15:41:06 UTC,intern
2025/02/28 16:10:10 UTC,robotics engineer
2025/02/28 17:23:13 UTC,robotics intern
2025/02/28 17:25:50 UTC,research intern
2025/02/28 17:33:13 UTC,robotics internship
2025/02/28 17:36:11 UTC,intern
2025/02/28 17:36:47 UTC,robotics intern
2025/02/28 18:01:16 UTC,robotics intern
2025/02/28 18:07:37 UTC,robotics researcher
2025/02/28 18:33:00 UTC,robotics researcher
2025/02/28 18:44:12 UTC,ihub robotics
2025/02/28 19:15:45 UTC,Researcher
2025/02/28 19:38:01 UTC,Robotics Specialist
2025/02/28 20:47:53 UTC,robotics engineer
2025/02/28 20:50:01 UTC,Robotics Specialist
2025/02/28 20:57:31 UTC,intern
2025/02/28 21:05:57 UTC,intern
2025/02/28 21:09:33 UTC,internship
2025/02/28 21:15:29 UTC,robotics internship
2025/02/28 21:15:59 UTC,robotics intern
2025/02/28 21:16:35 UTC,robotics intern
2025/02/28 21:25:27 UTC,research intern
2025/02/28 21:31:07 UTC,robotics specialist
2025/03/01 01:09:49 UTC,ihub robotics
2025/03/01 03:11:26 UTC,robotics engineer
2025/03/01 03:53:54 UTC,ihub robotics
2025/03/01 04:08:04 UTC,robotics researcher
2025/03/01 04:09:20 UTC,robotics researcher
2025/03/01 05:30:00 UTC,intern
2025/03/01 06:01:10 UTC,robotics researcher
2025/03/01 07:19:20 UTC,robotics specialist
2025/03/01 08:11:07 UTC,robotics researcher
2025/03/01 08:16:05 UTC,internship
2025/03/01 09:17:48 UTC,robotics specialist
2025/03/01 10:29:59 UTC,intern
2025/03/01 11:10:37 UTC,robotics engineer
2025/03/01 11:22:44 UTC,robotics engineer
2025/03/01 12:23:19 UTC,robotics engineer
2025/03/01 12:49:54 UTC,intern
2025/03/01 13:04:44 UTC,robotics engineer
2025/03/01 13:29:37 UTC,robotics engineer
2025/03/01 14:31:19 UTC,robotics engineer
2025/03/01 14:39:00 UTC,robotics engineer
2025/03/01 17:18:15 UTC,intern
2025/03/01 17:21:20 UTC,robotics intern
2025/03/01 17:27:47 UTC,research intern
2025/03/01 17:41:12 UTC,robotics intern
2025/03/01 17:53:06 UTC,robotics internship
2025/03/01 19:42:34 UTC,intern
2025/03/01 20:04:18 UTC,Robotics Specialist
2025/03/01 20:05:50 UTC,robotics engineer
2025/03/01 20:32:20 UTC,robotics researcher
2025/03/01 20:58:28 UTC,robotics researcher
2025/03/01 21:08:48 UTC,ihub robotics
2025/03/01 21:15:08 UTC,Researcher
2025/03/01 23:22:13 UTC,intern
2025/03/01 23:31:07 UTC,intern
2025/03/01 23:33:29 UTC,internship
2025/03/01 23:38:18 UTC,robotics internship
2025/03/01 23:40:53 UTC,robotics intern
2025/03/01 23:43:08 UTC,robotics intern
2025/03/01 23:50:49 UTC,research intern
2025/03/01 23:56:58 UTC,robotics specialist
2025/03/02 01:26:11 UTC,ihub robotics
2025/03/02 04:18:37 UTC,robotics researcher
2025/03/02 05:34:31 UTC,robotics engineer
2025/03/02 06:10:55 UTC,robotics intern
2025/03/02 07:11:57 UTC,robotics specialist
2025/03/02 07:14:01 UTC,intern
2025/03/02 07:50:50 UTC,robotics specialist
2025/03/02 07:55:12 UTC,intern
2025/03/02 08:12:16 UTC,internship
2025/03/02 08:20:17 UTC,robotics internship
2025/03/02 08:57:28 UTC,intern
2025/03/02 10:10:54 UTC,intern
2025/03/02 10:18:10 UTC,intern
2025/03/02 11:27:03 UTC,robotics engineer
2025/03/02 13:18:54 UTC,robotics engineer
2025/03/02 13:30:01 UTC,robotics engineer
2025/03/02 14:48:05 UTC,robotics engineer
2025/03/02 15:10:42 UTC,robotics engineer
2025/03/02 15:30:19 UTC,robotics engineer
2025/03/02 17:15:20 UTC,robotics intern
2025/03/02 17:15:34 UTC,robotics intern
2025/03/02 17:27:39 UTC,robotics intern
2025/03/02 17:28:10 UTC,research intern
2025/03/02 19:14:57 UTC,Intern
2025/03/02 21:04:06 UTC,Robotics Specialist
2025/03/02 22:57:27 UTC,robotics researcher
2025/03/02 23:07:17 UTC,robotics researcher
2025/03/02 23:21:02 UTC,robotics researcher
2025/03/02 23:24:57 UTC,robotics researcher
2025/03/02 23:35:06 UTC,ihub robotics
2025/03/03 01:07:22 UTC,ihub robotics
2025/03/03 01:12:36 UTC,ihub robotics
2025/03/03 01:25:04 UTC,ihub robotics
2025/03/03 01:47:46 UTC,intern
2025/03/03 01:55:28 UTC,intern
2025/03/03 01:57:38 UTC,robotics engineer
2025/03/03 02:00:04 UTC,internship
2025/03/03 02:03:11 UTC,robotics internship
2025/03/03 02:06:43 UTC,robotics intern
2025/03/03 02:10:17 UTC,robotics intern
2025/03/03 02:17:48 UTC,research intern
2025/03/03 02:23:17 UTC,robotics specialist
2025/03/03 04:18:29 UTC,robotics researcher
2025/03/03 04:21:52 UTC,robotics researcher
2025/03/03 04:24:58 UTC,robotics researcher
2025/03/03 04:30:09 UTC,robotics researcher
2025/03/03 04:31:08 UTC,robotics researcher
2025/03/03 07:08:57 UTC,intern
2025/03/03 07:17:03 UTC,robotics specialist
2025/03/03 07:40:07 UTC,robotics engineer
2025/03/03 07:59:29 UTC,robotics engineer
2025/03/03 08:09:31 UTC,internship
2025/03/03 08:59:35 UTC,research intern
2025/03/03 09:13:43 UTC,robotics internship
2025/03/03 09:15:08 UTC,Marketing Analyst
2025/03/03 10:18:02 UTC,intern
2025/03/03 10:21:10 UTC,intern
2025/03/03 11:15:18 UTC,Senior Software Engineer
2025/03/03 11:18:23 UTC,intern
2025/03/03 11:24:11 UTC,robotics engineer
2025/03/03 13:15:06 UTC,Robotics Engineer
2025/03/03 13:30:28 UTC,robotics engineer
2025/03/03 13:32:30 UTC,robotics engineer
2025/03/03 14:44:08 UTC,robotics engineer
2025/03/03 15:26:06 UTC,robotics engineer
2025/03/03 17:12:26 UTC,robotics engineer
2025/03/03 17:32:00 UTC,intern
2025/03/03 17:57:12 UTC,robotics engineer
2025/03/03 18:23:38 UTC,robotics intern
2025/03/03 19:36:34 UTC,robotics intern
2025/03/03 21:14:55 UTC,Mechanical Engineering Intern
2025/03/03 22:50:11 UTC,robotics internship
2025/03/04 01:15:16 UTC,Robotics Specialist
2025/03/04 01:19:36 UTC,ihub robotics
2025/03/04 01:25:02 UTC,robotics researcher
2025/03/04 01:51:19 UTC,robotics researcher
2025/03/04 02:00:09 UTC,ihub robotics
2025/03/04 02:49:21 UTC,ihub robotics
2025/03/04 04:13:26 UTC,intern
2025/03/04 04:16:05 UTC,robotics researcher
2025/03/04 04:19:29 UTC,robotics researcher
2025/03/04 04:22:20 UTC,intern
2025/03/04 04:26:43 UTC,internship
2025/03/04 04:28:36 UTC,robotics researcher
2025/03/04 04:28:42 UTC,robotics internship
2025/03/04 04:29:30 UTC,robotics researcher
2025/03/04 04:35:08 UTC,robotics intern
2025/03/04 04:36:52 UTC,robotics intern
2025/03/04 04:44:48 UTC,research intern
2025/03/04 04:50:37 UTC,robotics specialist
2025/03/04 07:10:39 UTC,robotics specialist
2025/03/04 07:22:40 UTC,robotics specialist
2025/03/04 07:24:24 UTC,intern
2025/03/04 08:24:22 UTC,internship
2025/03/04 10:25:48 UTC,robotics engineer
2025/03/04 10:44:30 UTC,intern
2025/03/04 10:45:17 UTC,intern
2025/03/04 11:33:29 UTC,robotics engineer
2025/03/04 12:47:34 UTC,intern
2025/03/04 13:14:56 UTC,Robotics Engineer
2025/03/04 13:17:24 UTC,robotics engineer
2025/03/04 14:20:22 UTC,robotics engineer
2025/03/04 14:47:03 UTC,robotics engineer
2025/03/04 15:15:15 UTC,Sales Engineer
2025/03/04 17:19:57 UTC,research intern
2025/03/04 17:22:09 UTC,robotics internship
2025/03/04 17:24:35 UTC,robotics intern
2025/03/04 17:25:40 UTC,robotics intern
2025/03/04 17:25:52 UTC,intern
2025/03/04 19:14:58 UTC,Content Creator
2025/03/04 19:40:19 UTC,robotics engineer
2025/03/04 20:25:09 UTC,robotics engineer
2025/03/05 01:13:09 UTC,ihub robotics
2025/03/05 01:15:17 UTC,ihub robotics
2025/03/05 01:15:20 UTC,Intern
2025/03/05 03:14:55 UTC,Business Researcher
2025/03/05 03:52:26 UTC,robotics researcher
2025/03/05 04:18:12 UTC,robotics researcher
2025/03/05 04:20:15 UTC,robotics researcher
2025/03/05 04:20:41 UTC,robotics researcher
2025/03/05 04:27:30 UTC,ihub robotics
2025/03/05 04:27:52 UTC,robotics researcher
2025/03/05 05:05:46 UTC,robotics researcher
2025/03/05 06:42:02 UTC,intern
2025/03/05 06:48:21 UTC,intern
2025/03/05 06:53:02 UTC,internship
2025/03/05 06:56:29 UTC,robotics internship
2025/03/05 07:00:26 UTC,robotics intern
2025/03/05 07:03:14 UTC,robotics intern
2025/03/05 07:06:55 UTC,robotics specialist
2025/03/05 07:11:53 UTC,research intern
2025/03/05 07:12:48 UTC,intern
2025/03/05 07:15:49 UTC,robotics specialist
2025/03/05 08:14:00 UTC,internship
2025/03/05 10:43:16 UTC,intern
2025/03/05 10:45:31 UTC,intern
2025/03/05 11:12:06 UTC,robotics engineer
2025/03/05 12:51:28 UTC,robotics engineer
2025/03/05 13:15:28 UTC,Robotics Engineer
2025/03/05 13:27:57 UTC,robotics engineer
2025/03/05 13:53:37 UTC,robotics engineer
2025/03/05 14:26:21 UTC,robotics engineer
2025/03/05 14:49:15 UTC,robotics engineer
2025/03/05 15:16:36 UTC,intern
2025/03/05 17:14:53 UTC,robotics intern
2025/03/05 17:15:28 UTC,intern
2025/03/05 17:18:04 UTC,research intern
2025/03/05 17:19:58 UTC,robotics internship
2025/03/05 17:23:22 UTC,robotics intern
2025/03/05 19:15:48 UTC,Commercial Leadership Program
2025/03/05 21:15:18 UTC,Robotics Engineer
2025/03/05 22:08:44 UTC,robotics engineer
2025/03/05 22:54:35 UTC,robotics engineer
2025/03/06 01:13:02 UTC,ihub robotics
2025/03/06 01:15:05 UTC,Electrical Engineer
2025/03/06 01:20:00 UTC,ihub robotics
2025/03/06 03:15:02 UTC,Content Researcher
2025/03/06 04:16:52 UTC,robotics researcher
2025/03/06 04:18:34 UTC,robotics researcher
2025/03/06 04:21:39 UTC,robotics researcher
2025/03/06 04:29:11 UTC,robotics researcher
2025/03/06 06:17:57 UTC,robotics researcher
2025/03/06 06:44:46 UTC,robotics researcher
2025/03/06 06:54:31 UTC,ihub robotics
2025/03/06 07:09:11 UTC,intern
2025/03/06 07:11:30 UTC,robotics specialist
2025/03/06 07:25:52 UTC,robotics specialist
2025/03/06 08:43:07 UTC,internship
2025/03/06 09:07:26 UTC,intern
2025/03/06 09:16:55 UTC,intern
2025/03/06 09:21:43 UTC,internship
2025/03/06 09:23:12 UTC,robotics internship
2025/03/06 09:27:57 UTC,robotics intern
2025/03/06 09:30:23 UTC,robotics intern
2025/03/06 09:38:48 UTC,research intern
2025/03/06 09:44:36 UTC,robotics specialist
2025/03/06 10:35:57 UTC,intern
2025/03/06 10:38:53 UTC,intern
2025/03/06 11:11:13 UTC,robotics engineer
2025/03/06 11:15:07 UTC,Control Engineer
2025/03/06 13:28:27 UTC,robotics engineer
2025/03/06 14:30:42 UTC,robotics engineer
2025/03/06 14:46:58 UTC,robotics engineer
2025/03/06 15:19:09 UTC,robotics engineer
2025/03/06 17:12:21 UTC,robotics internship
2025/03/06 17:26:10 UTC,robotics intern
2025/03/06 17:28:21 UTC,research intern
2025/03/06 17:38:58 UTC,intern
2025/03/06 17:42:01 UTC,intern
2025/03/06 17:42:04 UTC,robotics intern
2025/03/06 18:00:12 UTC,robotics intern
2025/03/06 23:15:10 UTC,Legal Researcher
2025/03/07 00:37:24 UTC,robotics engineer
2025/03/07 01:17:28 UTC,ihub robotics
2025/03/07 01:20:04 UTC,ihub robotics
2025/03/07 01:20:31 UTC,robotics engineer
2025/03/07 04:09:51 UTC,robotics researcher
2025/03/07 04:12:23 UTC,robotics researcher
2025/03/07 04:12:51 UTC,robotics researcher
2025/03/07 04:15:15 UTC,robotics researcher
2025/03/07 07:12:03 UTC,robotics specialist
2025/03/07 07:12:07 UTC,robotics specialist
2025/03/07 07:20:50 UTC,intern
2025/03/07 08:07:19 UTC,internship
2025/03/07 08:45:19 UTC,robotics researcher
2025/03/07 09:11:37 UTC,robotics researcher
2025/03/07 09:22:09 UTC,ihub robotics
2025/03/07 10:21:54 UTC,intern
2025/03/07 10:30:20 UTC,intern
2025/03/07 11:16:57 UTC,robotics engineer
2025/03/07 11:36:03 UTC,intern
2025/03/07 11:43:12 UTC,intern
2025/03/07 11:47:42 UTC,internship
2025/03/07 11:49:35 UTC,robotics engineer
2025/03/07 11:50:39 UTC,robotics internship
2025/03/07 11:55:52 UTC,robotics intern
2025/03/07 11:58:39 UTC,robotics intern
2025/03/07 12:05:54 UTC,research intern
2025/03/07 12:10:53 UTC,robotics specialist
2025/03/07 13:17:52 UTC,robotics engineer
2025/03/07 14:24:15 UTC,robotics engineer
2025/03/07 14:29:54 UTC,System Engineer
2025/03/07 14:40:42 UTC,robotics engineer
2025/03/07 17:16:33 UTC,robotics intern
2025/03/07 17:27:43 UTC,robotics internship
2025/03/07 17:28:07 UTC,intern
2025/03/07 17:37:35 UTC,robotics intern
2025/03/07 17:47:44 UTC,robotics engineer
2025/03/07 17:49:30 UTC,research intern
2025/03/07 17:51:59 UTC,research intern
2025/03/07 19:15:31 UTC,Management Intern
2025/03/07 20:08:50 UTC,intern
2025/03/07 21:15:42 UTC,Engineer
2025/03/08 01:18:52 UTC,ihub robotics
2025/03/08 01:19:57 UTC,ihub robotics
2025/03/08 03:04:52 UTC,robotics engineer
2025/03/08 03:49:22 UTC,robotics engineer
2025/03/08 04:07:38 UTC,robotics researcher
2025/03/08 04:08:00 UTC,robotics researcher
2025/03/08 04:14:37 UTC,robotics researcher
2025/03/08 04:22:42 UTC,robotics researcher
2025/03/08 07:08:20 UTC,robotics specialist
2025/03/08 07:12:36 UTC,intern
2025/03/08 07:14:54 UTC,Robotics Specialist
2025/03/08 08:19:28 UTC,internship
2025/03/08 10:18:58 UTC,intern
2025/03/08 10:37:59 UTC,intern
2025/03/08 11:11:13 UTC,robotics researcher
2025/03/08 11:19:54 UTC,robotics engineer
2025/03/08 11:34:56 UTC,robotics engineer
2025/03/08 11:40:23 UTC,robotics researcher
2025/03/08 11:48:18 UTC,ihub robotics
2025/03/08 13:08:07 UTC,robotics engineer
2025/03/08 13:18:56 UTC,robotics engineer
2025/03/08 14:02:35 UTC,intern
2025/03/08 14:11:15 UTC,intern
2025/03/08 14:14:23 UTC,internship
2025/03/08 14:18:27 UTC,robotics internship
2025/03/08 14:19:01 UTC,robotics engineer
2025/03/08 14:22:19 UTC,robotics engineer
2025/03/08 14:24:19 UTC,robotics intern
2025/03/08 14:26:56 UTC,robotics intern
2025/03/08 14:32:27 UTC,research intern
2025/03/08 14:37:50 UTC,robotics specialist
2025/03/08 17:19:59 UTC,robotics internship
2025/03/08 17:24:03 UTC,robotics intern
2025/03/08 17:26:22 UTC,robotics intern
2025/03/08 17:30:52 UTC,intern
2025/03/08 17:32:28 UTC,research intern
2025/03/08 17:33:19 UTC,research intern
2025/03/08 20:12:55 UTC,robotics engineer
2025/03/08 22:34:33 UTC,intern
2025/03/09 01:15:20 UTC,ihub robotics
2025/03/09 01:23:09 UTC,ihub robotics
2025/03/09 03:14:53 UTC,Operations Executive
2025/03/09 04:15:55 UTC,robotics researcher
2025/03/09 04:16:24 UTC,robotics researcher
2025/03/09 04:19:18 UTC,robotics researcher
2025/03/09 04:27:27 UTC,robotics researcher
2025/03/09 05:14:52 UTC,Operations Executive
2025/03/09 05:32:16 UTC,robotics engineer
2025/03/09 06:15:34 UTC,robotics engineer
2025/03/09 07:13:21 UTC,intern
2025/03/09 07:22:40 UTC,robotics specialist
2025/03/09 07:23:52 UTC,robotics specialist
2025/03/09 08:06:52 UTC,internship
2025/03/09 10:13:56 UTC,intern
2025/03/09 10:32:51 UTC,intern
2025/03/09 12:09:55 UTC,robotics engineer
2025/03/09 13:15:24 UTC,Robotics Engineer
2025/03/09 13:28:01 UTC,robotics engineer
2025/03/09 13:34:12 UTC,robotics engineer
2025/03/09 13:38:36 UTC,robotics researcher
2025/03/09 14:07:14 UTC,robotics researcher
2025/03/09 14:13:45 UTC,ihub robotics
2025/03/09 16:11:07 UTC,robotics intern
2025/03/09 16:14:50 UTC,research intern
2025/03/09 16:21:23 UTC,intern
2025/03/09 16:23:00 UTC,robotics intern
2025/03/09 16:30:42 UTC,intern
2025/03/09 16:31:10 UTC,research intern
2025/03/09 16:31:26 UTC,robotics internship
2025/03/09 16:37:57 UTC,intern
2025/03/09 16:39:02 UTC,internship
2025/03/09 16:44:49 UTC,robotics internship
2025/03/09 16:50:47 UTC,robotics intern
2025/03/09 16:52:51 UTC,robotics intern
2025/03/09 16:57:59 UTC,research intern
2025/03/09 17:03:17 UTC,robotics specialist
2025/03/09 17:14:56 UTC,Mechanical Specialist
2025/03/09 18:58:59 UTC,robotics engineer
2025/03/09 19:14:53 UTC,Intern
2025/03/09 22:39:21 UTC,robotics engineer
2025/03/10 00:08:05 UTC,ihub robotics
2025/03/10 00:40:37 UTC,ihub robotics
2025/03/10 00:59:19 UTC,intern
2025/03/10 03:10:33 UTC,robotics researcher
2025/03/10 03:15:03 UTC,robotics researcher
2025/03/10 03:16:46 UTC,robotics researcher
2025/03/10 03:24:26 UTC,robotics researcher
2025/03/10 05:14:53 UTC,Robotics Engineer
2025/03/10 06:06:55 UTC,robotics specialist
2025/03/10 06:18:26 UTC,intern
2025/03/10 07:14:54 UTC,Robotics Specialist
2025/03/10 07:18:25 UTC,internship
2025/03/10 07:58:48 UTC,robotics engineer
2025/03/10 08:42:51 UTC,robotics engineer
2025/03/10 09:20:59 UTC,intern
2025/03/10 09:28:26 UTC,intern
2025/03/10 10:07:55 UTC,robotics engineer
2025/03/10 10:27:25 UTC,robotics engineer
2025/03/10 12:31:36 UTC,robotics engineer
2025/03/10 13:27:46 UTC,robotics engineer
2025/03/10 14:29:55 UTC,Robotics Engineer
2025/03/10 16:05:07 UTC,robotics researcher
2025/03/10 16:19:54 UTC,research intern
2025/03/10 16:34:04 UTC,robotics researcher
2025/03/10 16:37:46 UTC,intern
2025/03/10 16:39:06 UTC,robotics intern
2025/03/10 16:42:24 UTC,ihub robotics
2025/03/10 16:42:50 UTC,robotics intern
2025/03/10 16:46:55 UTC,robotics internship
2025/03/10 18:58:20 UTC,intern
2025/03/10 19:04:51 UTC,intern
2025/03/10 19:06:06 UTC,internship
2025/03/10 19:13:16 UTC,robotics internship
2025/03/10 19:15:08 UTC,Marketing Analyst
2025/03/10 19:18:35 UTC,robotics intern
2025/03/10 19:20:18 UTC,robotics intern
2025/03/10 19:26:21 UTC,research intern
2025/03/10 19:31:39 UTC,robotics specialist
2025/03/10 21:14:58 UTC,Robotics Engineer
2025/03/11 00:12:49 UTC,ihub robotics
2025/03/11 01:05:42 UTC,robotics engineer
2025/03/11 01:14:55 UTC,Research Intern
2025/03/11 02:24:08 UTC,ihub robotics
2025/03/11 03:24:59 UTC,robotics researcher
2025/03/11 03:27:45 UTC,intern
2025/03/11 03:28:44 UTC,robotics researcher
2025/03/11 04:22:31 UTC,robotics researcher
2025/03/11 05:00:59 UTC,robotics researcher
2025/03/11 06:10:16 UTC,intern
2025/03/11 06:24:24 UTC,robotics specialist
2025/03/11 06:31:13 UTC,robotics specialist
2025/03/11 07:15:39 UTC,internship
2025/03/11 09:27:04 UTC,intern
2025/03/11 09:34:53 UTC,intern
2025/03/11 10:25:41 UTC,robotics engineer
2025/03/11 10:48:09 UTC,robotics engineer
2025/03/11 10:49:22 UTC,robotics engineer
2025/03/11 11:10:01 UTC,robotics engineer
2025/03/11 12:20:13 UTC,robotics engineer
2025/03/11 12:49:57 UTC,robotics engineer
2025/03/11 13:32:35 UTC,robotics engineer
2025/03/11 13:35:54 UTC,robotics engineer
2025/03/11 16:24:55 UTC,robotics internship
2025/03/11 16:29:50 UTC,research intern
2025/03/11 16:31:25 UTC,robotics intern
2025/03/11 16:42:03 UTC,robotics intern
2025/03/11 16:49:37 UTC,intern
2025/03/11 16:55:03 UTC,research intern
2025/03/11 17:14:55 UTC,Engineer Intern
2025/03/11 18:31:40 UTC,robotics researcher
2025/03/11 19:01:01 UTC,robotics researcher
2025/03/11 19:12:08 UTC,ihub robotics
2025/03/11 21:15:00 UTC,Engineer Intern
2025/03/11 21:27:14 UTC,intern
2025/03/11 21:30:50 UTC,intern
2025/03/11 21:35:00 UTC,internship
2025/03/11 21:41:29 UTC,robotics internship
2025/03/11 21:47:30 UTC,robotics intern
2025/03/11 21:48:01 UTC,robotics intern
2025/03/11 21:55:26 UTC,research intern
2025/03/11 21:59:06 UTC,robotics specialist
2025/03/11 23:15:22 UTC,Human Resources Intern
2025/03/12 00:06:43 UTC,ihub robotics
2025/03/12 00:20:00 UTC,ihub robotics
2025/03/12 03:13:20 UTC,robotics researcher
2025/03/12 03:19:30 UTC,robotics researcher
2025/03/12 03:22:06 UTC,robotics researcher
2025/03/12 03:31:59 UTC,robotics researcher
2025/03/12 03:40:11 UTC,robotics engineer
2025/03/12 06:02:39 UTC,intern
2025/03/12 06:17:18 UTC,intern
2025/03/12 06:24:13 UTC,robotics specialist
2025/03/12 07:13:08 UTC,internship
2025/03/12 07:15:23 UTC,Robotics Specialist
2025/03/12 09:11:40 UTC,intern
2025/03/12 09:14:03 UTC,intern
2025/03/12 10:16:05 UTC,robotics engineer
2025/03/12 12:24:00 UTC,robotics engineer
2025/03/12 12:26:09 UTC,robotics engineer
2025/03/12 13:00:32 UTC,robotics engineer
2025/03/12 13:13:58 UTC,robotics engineer
2025/03/12 13:18:59 UTC,Robotics Engineer
2025/03/12 13:29:44 UTC,robotics engineer
2025/03/12 13:44:44 UTC,robotics engineer
2025/03/12 16:17:11 UTC,robotics intern
2025/03/12 16:26:33 UTC,intern
2025/03/12 16:30:32 UTC,research intern
2025/03/12 16:32:39 UTC,robotics internship
2025/03/12 16:40:33 UTC,robotics intern
2025/03/12 16:43:40 UTC,robotics intern
2025/03/12 16:49:36 UTC,research intern
2025/03/12 21:08:01 UTC,robotics researcher
2025/03/12 21:37:52 UTC,robotics researcher
2025/03/12 21:48:37 UTC,ihub robotics
2025/03/13 00:05:22 UTC,intern
2025/03/13 00:06:35 UTC,intern
2025/03/13 00:12:42 UTC,internship
2025/03/13 00:18:51 UTC,robotics internship
2025/03/13 00:22:31 UTC,ihub robotics
2025/03/13 00:23:21 UTC,ihub robotics
2025/03/13 00:25:28 UTC,robotics intern
2025/03/13 00:25:39 UTC,robotics intern
2025/03/13 00:31:30 UTC,research intern
2025/03/13 00:34:39 UTC,robotics specialist
2025/03/13 03:11:40 UTC,robotics researcher
2025/03/13 03:17:09 UTC,robotics researcher
2025/03/13 03:17:38 UTC,robotics researcher
2025/03/13 03:23:30 UTC,robotics researcher
2025/03/13 06:09:56 UTC,robotics engineer
2025/03/13 06:14:06 UTC,intern
2025/03/13 06:23:20 UTC,robotics specialist
2025/03/13 07:11:04 UTC,internship
2025/03/13 08:34:33 UTC,intern
2025/03/13 09:18:37 UTC,intern
2025/03/13 09:29:41 UTC,intern
2025/03/13 10:30:47 UTC,robotics engineer
2025/03/13 12:21:15 UTC,robotics engineer
2025/03/13 12:35:33 UTC,robotics engineer
2025/03/13 13:36:04 UTC,robotics engineer
2025/03/13 13:38:22 UTC,robotics engineer
2025/03/13 15:30:45 UTC,robotics engineer
2025/03/13 16:14:54 UTC,robotics engineer
2025/03/13 16:17:23 UTC,robotics internship
2025/03/13 16:17:44 UTC,robotics intern
2025/03/13 16:46:43 UTC,robotics intern
2025/03/13 16:47:03 UTC,intern
2025/03/13 16:47:04 UTC,research intern
2025/03/13 16:48:38 UTC,robotics intern
2025/03/13 16:50:56 UTC,research intern
2025/03/13 19:14:52 UTC,Industrial Design Intern
2025/03/13 21:14:59 UTC,Tutor
2025/03/13 23:36:17 UTC,robotics researcher
2025/03/14 00:08:32 UTC,robotics researcher
2025/03/14 00:14:17 UTC,ihub robotics
2025/03/14 00:16:26 UTC,ihub robotics
2025/03/14 00:19:04 UTC,ihub robotics
2025/03/14 02:33:16 UTC,intern
2025/03/14 02:36:15 UTC,intern
2025/03/14 02:41:27 UTC,internship
2025/03/14 02:49:47 UTC,robotics internship
2025/03/14 02:53:44 UTC,robotics intern
2025/03/14 02:53:46 UTC,robotics intern
2025/03/14 03:01:54 UTC,research intern
2025/03/14 03:03:55 UTC,robotics specialist
2025/03/14 03:19:00 UTC,robotics researcher
2025/03/14 03:21:03 UTC,robotics researcher
2025/03/14 03:51:40 UTC,robotics researcher
2025/03/14 04:11:24 UTC,robotics researcher
2025/03/14 06:35:56 UTC,robotics specialist
2025/03/14 06:53:50 UTC,intern
2025/03/14 07:07:31 UTC,internship
2025/03/14 08:40:34 UTC,robotics engineer
2025/03/14 09:15:13 UTC,intern
2025/03/14 09:44:00 UTC,intern
2025/03/14 10:45:33 UTC,robotics engineer
2025/03/14 10:46:22 UTC,robotics engineer
2025/03/14 11:02:28 UTC,intern
2025/03/14 11:15:10 UTC,Robotics Specialist
2025/03/14 12:40:59 UTC,robotics engineer
2025/03/14 12:49:53 UTC,robotics engineer
2025/03/14 13:32:12 UTC,robotics engineer
2025/03/14 13:42:21 UTC,robotics engineer
2025/03/14 16:27:21 UTC,robotics intern
2025/03/14 16:30:11 UTC,robotics intern
2025/03/14 16:35:10 UTC,robotics internship
2025/03/14 16:42:18 UTC,robotics intern
2025/03/14 16:46:27 UTC,intern
2025/03/14 16:52:39 UTC,research intern
2025/03/14 18:00:37 UTC,robotics engineer
2025/03/14 18:44:55 UTC,robotics engineer
2025/03/14 23:15:08 UTC,Summer Research Intern
2025/03/15 00:12:22 UTC,ihub robotics
2025/03/15 00:12:57 UTC,ihub robotics
2025/03/15 02:04:48 UTC,robotics researcher
2025/03/15 02:37:21 UTC,robotics researcher
2025/03/15 02:48:25 UTC,ihub robotics
2025/03/15 03:08:41 UTC,robotics researcher
2025/03/15 03:17:06 UTC,robotics researcher
2025/03/15 03:21:34 UTC,robotics researcher
2025/03/15 03:24:25 UTC,robotics researcher
2025/03/15 05:04:12 UTC,intern
2025/03/15 05:07:35 UTC,intern
2025/03/15 05:11:06 UTC,internship
2025/03/15 05:18:39 UTC,robotics internship
2025/03/15 05:23:04 UTC,robotics intern
2025/03/15 05:25:24 UTC,robotics intern
2025/03/15 05:31:23 UTC,research intern
2025/03/15 05:34:30 UTC,robotics specialist
2025/03/15 06:19:03 UTC,intern
2025/03/15 06:19:58 UTC,robotics specialist
2025/03/15 06:22:16 UTC,robotics specialist
2025/03/15 07:22:13 UTC,internship
2025/03/15 09:14:08 UTC,intern
2025/03/15 09:20:31 UTC,intern
2025/03/15 10:18:02 UTC,robotics engineer
2025/03/15 10:20:44 UTC,robotics engineer
2025/03/15 11:10:50 UTC,robotics engineer
2025/03/15 12:07:52 UTC,robotics engineer
2025/03/15 12:29:51 UTC,robotics engineer
2025/03/15 13:20:48 UTC,robotics engineer
2025/03/15 13:23:44 UTC,robotics engineer
2025/03/15 13:29:48 UTC,intern
2025/03/15 16:09:48 UTC,robotics intern
2025/03/15 16:09:55 UTC,intern
2025/03/15 16:21:51 UTC,robotics intern
2025/03/15 16:36:43 UTC,research intern
2025/03/15 16:42:37 UTC,robotics internship
2025/03/15 17:14:59 UTC,Research Intern
2025/03/15 20:30:03 UTC,robotics engineer
2025/03/15 21:13:24 UTC,robotics engineer
2025/03/15 23:15:11 UTC,Electronic Engineering Specialist
2025/03/16 00:10:19 UTC,ihub robotics
2025/03/16 00:22:59 UTC,ihub robotics
2025/03/16 03:07:29 UTC,robotics researcher
2025/03/16 03:10:17 UTC,robotics researcher
2025/03/16 03:13:34 UTC,robotics researcher
2025/03/16 03:18:35 UTC,robotics researcher
2025/03/16 04:34:55 UTC,robotics researcher
2025/03/16 05:05:09 UTC,robotics researcher
2025/03/16 05:18:28 UTC,ihub robotics
2025/03/16 06:16:24 UTC,robotics specialist
2025/03/16 06:23:10 UTC,robotics specialist
2025/03/16 06:26:29 UTC,intern
2025/03/16 07:07:25 UTC,internship
2025/03/16 07:33:46 UTC,intern
2025/03/16 07:35:56 UTC,intern
2025/03/16 07:38:08 UTC,internship
2025/03/16 07:46:46 UTC,robotics internship
2025/03/16 07:51:17 UTC,robotics intern
2025/03/16 07:55:16 UTC,robotics intern
2025/03/16 08:00:09 UTC,research intern
2025/03/16 08:04:57 UTC,robotics specialist
2025/03/16 09:26:31 UTC,intern
2025/03/16 09:32:08 UTC,intern
2025/03/16 10:26:21 UTC,robotics engineer
2025/03/16 10:31:12 UTC,robotics engineer
2025/03/16 12:11:16 UTC,robotics engineer
2025/03/16 12:17:02 UTC,robotics engineer
2025/03/16 13:25:39 UTC,robotics engineer
2025/03/16 13:26:13 UTC,robotics engineer
2025/03/16 13:40:20 UTC,robotics engineer
2025/03/16 15:57:50 UTC,intern
2025/03/16 16:12:43 UTC,intern
2025/03/16 16:13:24 UTC,research intern
2025/03/16 16:22:10 UTC,research intern
2025/03/16 16:23:10 UTC,robotics internship
2025/03/16 16:28:59 UTC,robotics intern
2025/03/16 16:42:42 UTC,robotics intern
2025/03/16 18:02:22 UTC,robotics intern
2025/03/16 18:02:22 UTC,robotics intern
2025/03/16 18:02:23 UTC,Execom
2025/03/16 18:02:23 UTC,robotics engineer
2025/03/16 18:02:23 UTC,robotics intern
2025/03/16 18:02:23 UTC,robotics intern
2025/03/16 18:02:24 UTC,robotics intern
2025/03/16 18:02:24 UTC,robotics intern
2025/03/16 18:02:28 UTC,Mechatronic
2025/03/16 21:15:05 UTC,Content Specialist
2025/03/16 22:58:25 UTC,robotics engineer
2025/03/16 23:42:05 UTC,robotics engineer
2025/03/17 00:06:32 UTC,ihub robotics
2025/03/17 00:17:29 UTC,ihub robotics
2025/03/17 03:07:08 UTC,robotics researcher
2025/03/17 03:22:12 UTC,robotics researcher
2025/03/17 03:22:44 UTC,robotics researcher
2025/03/17 03:26:52 UTC,robotics researcher
2025/03/17 06:22:23 UTC,robotics specialist
2025/03/17 06:25:59 UTC,robotics specialist
2025/03/17 06:27:00 UTC,intern
2025/03/17 07:02:18 UTC,robotics researcher
2025/03/17 07:23:52 UTC,internship
2025/03/17 07:31:56 UTC,robotics researcher
2025/03/17 07:45:00 UTC,ihub robotics
2025/03/17 09:17:28 UTC,intern
2025/03/17 09:30:37 UTC,intern
2025/03/17 10:00:29 UTC,intern
2025/03/17 10:02:22 UTC,intern
2025/03/17 10:05:10 UTC,internship
2025/03/17 10:12:46 UTC,robotics internship
2025/03/17 10:18:45 UTC,robotics intern
2025/03/17 10:23:06 UTC,robotics intern
2025/03/17 10:28:28 UTC,research intern
2025/03/17 10:32:52 UTC,robotics specialist
2025/03/17 10:45:31 UTC,robotics engineer
2025/03/17 10:48:34 UTC,robotics engineer
2025/03/17 12:39:17 UTC,robotics engineer
2025/03/17 12:39:55 UTC,robotics engineer
2025/03/17 13:16:16 UTC,robotics engineer
2025/03/17 13:44:23 UTC,robotics engineer
2025/03/17 16:08:15 UTC,robotics engineer
2025/03/17 16:18:32 UTC,research intern
2025/03/17 16:27:51 UTC,robotics intern
2025/03/17 16:30:05 UTC,intern
2025/03/17 16:30:28 UTC,robotics internship
2025/03/17 16:32:16 UTC,robotics intern
2025/03/17 17:00:30 UTC,robotics intern
2025/03/17 17:14:57 UTC,Marketing Analyst
2025/03/17 18:26:28 UTC,intern
2025/03/17 23:14:57 UTC,Mechanical Specialist
2025/03/18 00:37:34 UTC,ihub robotics
2025/03/18 00:38:02 UTC,ihub robotics
2025/03/18 01:16:03 UTC,Mechanical Specialist
2025/03/18 01:27:10 UTC,robotics engineer
2025/03/18 02:11:20 UTC,robotics engineer
2025/03/18 03:10:49 UTC,robotics researcher
2025/03/18 03:12:20 UTC,robotics researcher
2025/03/18 03:18:53 UTC,robotics researcher
2025/03/18 03:27:28 UTC,robotics researcher
2025/03/18 06:16:50 UTC,robotics specialist
2025/03/18 06:29:21 UTC,intern
2025/03/18 07:22:37 UTC,internship
2025/03/18 09:28:20 UTC,intern
2025/03/18 09:30:11 UTC,robotics researcher
2025/03/18 09:38:15 UTC,intern
2025/03/18 09:59:45 UTC,robotics researcher
2025/03/18 10:13:56 UTC,robotics engineer
2025/03/18 10:14:48 UTC,ihub robotics
2025/03/18 10:24:50 UTC,robotics engineer
2025/03/18 12:23:40 UTC,robotics engineer
2025/03/18 12:27:58 UTC,intern
2025/03/18 12:31:43 UTC,intern
2025/03/18 12:32:16 UTC,internship
2025/03/18 12:41:10 UTC,robotics internship
2025/03/18 12:49:39 UTC,robotics intern
2025/03/18 12:50:19 UTC,robotics intern
2025/03/18 12:56:47 UTC,research intern
2025/03/18 12:56:49 UTC,robotics engineer
2025/03/18 13:00:08 UTC,robotics specialist
2025/03/18 13:24:21 UTC,robotics engineer
2025/03/18 13:35:17 UTC,robotics engineer
2025/03/18 15:15:12 UTC,Robotics Specialist
2025/03/18 16:10:06 UTC,intern
2025/03/18 16:13:10 UTC,robotics intern
2025/03/18 16:19:55 UTC,robotics intern
2025/03/18 16:28:19 UTC,robotics internship
2025/03/18 16:29:33 UTC,research intern
2025/03/18 16:58:43 UTC,research intern
2025/03/18 18:37:21 UTC,robotics engineer
2025/03/18 18:59:08 UTC,Mechatronic
2025/03/18 19:14:57 UTC,Design Engineering Intern
2025/03/18 20:46:04 UTC,Mechatronic
2025/03/18 20:53:52 UTC,intern
2025/03/19 00:08:02 UTC,ihub robotics
2025/03/19 00:10:18 UTC,ihub robotics
2025/03/19 03:09:27 UTC,robotics researcher
2025/03/19 03:09:32 UTC,robotics researcher
2025/03/19 03:13:38 UTC,robotics researcher
2025/03/19 03:15:44 UTC,robotics researcher
2025/03/19 03:56:58 UTC,robotics engineer
2025/03/19 04:39:37 UTC,robotics engineer
2025/03/19 06:18:40 UTC,intern
2025/03/19 06:22:00 UTC,robotics specialist
2025/03/19 06:26:56 UTC,robotics specialist
2025/03/19 07:24:23 UTC,internship
2025/03/19 09:27:14 UTC,intern
2025/03/19 09:40:46 UTC,intern
2025/03/19 10:27:49 UTC,robotics engineer
2025/03/19 11:15:25 UTC,Software Engineer
2025/03/19 11:58:31 UTC,robotics researcher
2025/03/19 12:28:16 UTC,robotics researcher
2025/03/19 12:37:25 UTC,robotics engineer
2025/03/19 12:44:39 UTC,ihub robotics
2025/03/19 12:55:28 UTC,robotics engineer
2025/03/19 14:56:41 UTC,intern
2025/03/19 14:59:19 UTC,robotics engineer
2025/03/19 14:59:22 UTC,robotics engineer
2025/03/19 15:00:25 UTC,intern
2025/03/19 15:02:43 UTC,internship
2025/03/19 15:11:23 UTC,robotics internship
2025/03/19 15:18:39 UTC,robotics intern
2025/03/19 15:21:57 UTC,robotics intern
2025/03/19 15:27:06 UTC,research intern
2025/03/19 15:27:39 UTC,robotics specialist
2025/03/19 16:13:23 UTC,robotics intern
2025/03/19 16:18:31 UTC,robotics intern
2025/03/19 16:28:23 UTC,research intern
2025/03/19 16:37:20 UTC,intern
2025/03/19 16:51:09 UTC,robotics internship
2025/03/19 17:15:06 UTC,Graduate Technical Intern
2025/03/19 18:34:19 UTC,robotics intern
2025/03/19 21:06:30 UTC,robotics engineer
2025/03/19 21:16:16 UTC,Product Application Engineer
2025/03/19 23:24:22 UTC,intern
2025/03/19 23:46:33 UTC,Mechatronic
2025/03/20 00:22:38 UTC,ihub robotics
2025/03/20 00:32:46 UTC,ihub robotics
2025/03/20 01:15:01 UTC,Research Intern
2025/03/20 03:15:08 UTC,robotics researcher
2025/03/20 03:15:14 UTC,robotics researcher
2025/03/20 03:21:23 UTC,robotics researcher
2025/03/20 03:23:11 UTC,robotics researcher
2025/03/20 06:22:08 UTC,robotics specialist
2025/03/20 06:27:30 UTC,robotics engineer
2025/03/20 07:10:01 UTC,robotics engineer
2025/03/20 07:11:48 UTC,internship
2025/03/20 07:24:26 UTC,intern
2025/03/20 07:49:53 UTC,robotics specialist
2025/03/20 09:43:07 UTC,intern
2025/03/20 10:42:43 UTC,robotics engineer
2025/03/20 12:35:30 UTC,robotics engineer
2025/03/20 13:04:01 UTC,intern
2025/03/20 13:11:38 UTC,robotics engineer
2025/03/20 13:45:03 UTC,robotics engineer
2025/03/20 13:45:22 UTC,robotics engineer
2025/03/20 14:29:07 UTC,robotics researcher
2025/03/20 14:59:04 UTC,robotics researcher
2025/03/20 15:14:23 UTC,ihub robotics
2025/03/20 15:22:50 UTC,robotics engineer
2025/03/20 15:41:04 UTC,nidhi n
2025/03/20 16:23:10 UTC,robotics intern
2025/03/20 16:28:07 UTC,research intern
2025/03/20 16:29:46 UTC,robotics intern
2025/03/20 16:35:39 UTC,robotics intern
2025/03/20 16:36:25 UTC,intern
2025/03/20 17:03:14 UTC,robotics internship
2025/03/20 17:27:16 UTC,intern
2025/03/20 17:30:35 UTC,intern
2025/03/20 17:32:56 UTC,internship
2025/03/20 17:40:19 UTC,robotics internship
2025/03/20 17:49:13 UTC,robotics intern
2025/03/20 17:53:55 UTC,robotics intern
2025/03/20 17:58:23 UTC,robotics specialist
2025/03/20 17:59:16 UTC,research intern
2025/03/20 19:15:47 UTC,Robotics Technician
2025/03/20 19:53:10 UTC,Mechatronic
2025/03/20 23:15:07 UTC,Research Intern
2025/03/20 23:36:47 UTC,robotics engineer
2025/03/21 00:26:32 UTC,ihub robotics
2025/03/21 00:27:09 UTC,ihub robotics
2025/03/21 01:53:22 UTC,intern
2025/03/21 03:09:24 UTC,robotics researcher
2025/03/21 03:23:53 UTC,robotics researcher
2025/03/21 03:25:05 UTC,robotics researcher
2025/03/21 03:29:30 UTC,robotics researcher
2025/03/21 03:38:51 UTC,research intern
2025/03/21 03:38:51 UTC,research intern
2025/03/21 03:38:52 UTC,Execom
2025/03/21 03:38:52 UTC,research intern
2025/03/21 03:38:52 UTC,research intern
2025/03/21 03:38:52 UTC,research intern
2025/03/21 03:38:52 UTC,robotics engineer
2025/03/21 03:39:23 UTC,Research Intern
2025/03/21 06:13:46 UTC,intern
2025/03/21 06:15:22 UTC,robotics specialist
2025/03/21 06:19:25 UTC,robotics specialist
2025/03/21 07:07:05 UTC,internship
2025/03/21 09:07:56 UTC,robotics engineer
2025/03/21 09:20:16 UTC,intern
2025/03/21 09:45:28 UTC,intern
2025/03/21 09:47:00 UTC,robotics engineer
2025/03/21 10:16:29 UTC,robotics engineer
2025/03/21 11:15:11 UTC,Robotics Engineer
2025/03/21 12:40:48 UTC,robotics engineer
2025/03/21 12:47:27 UTC,robotics engineer
2025/03/21 13:27:50 UTC,robotics engineer
2025/03/21 13:47:58 UTC,robotics engineer
2025/03/21 16:13:57 UTC,robotics intern
2025/03/21 16:13:59 UTC,research intern
2025/03/21 16:31:39 UTC,robotics internship
2025/03/21 16:39:36 UTC,intern
2025/03/21 16:43:09 UTC,robotics intern
2025/03/21 16:53:32 UTC,robotics intern
2025/03/21 17:07:17 UTC,robotics researcher
2025/03/21 17:35:45 UTC,robotics researcher
2025/03/21 17:53:02 UTC,ihub robotics
2025/03/21 20:05:03 UTC,intern
2025/03/21 20:09:58 UTC,intern
2025/03/21 20:12:25 UTC,internship
2025/03/21 20:17:00 UTC,robotics internship
2025/03/21 20:27:20 UTC,robotics intern
2025/03/21 20:33:08 UTC,robotics intern
2025/03/21 20:37:43 UTC,research intern
2025/03/21 20:38:14 UTC,robotics specialist
2025/03/21 21:14:55 UTC,Researcher
2025/03/22 00:20:51 UTC,ihub robotics
2025/03/22 00:22:22 UTC,ihub robotics
2025/03/22 02:15:08 UTC,robotics engineer
2025/03/22 03:11:33 UTC,robotics researcher
2025/03/22 03:11:35 UTC,robotics researcher
2025/03/22 03:23:28 UTC,robotics researcher
2025/03/22 03:27:54 UTC,robotics researcher
2025/03/22 04:32:54 UTC,intern
2025/03/22 06:21:26 UTC,robotics specialist
2025/03/22 06:22:31 UTC,intern
2025/03/22 06:29:37 UTC,robotics specialist
2025/03/22 07:06:49 UTC,internship
2025/03/22 09:17:58 UTC,intern
2025/03/22 09:30:06 UTC,intern
2025/03/22 10:11:18 UTC,robotics engineer
2025/03/22 11:35:49 UTC,robotics engineer
2025/03/22 12:10:17 UTC,robotics engineer
2025/03/22 12:18:35 UTC,robotics engineer
2025/03/22 12:25:40 UTC,robotics engineer
2025/03/22 13:14:54 UTC,Robotics Engineer
2025/03/22 13:27:27 UTC,robotics engineer
2025/03/22 13:33:12 UTC,robotics engineer
2025/03/22 16:08:54 UTC,robotics internship
2025/03/22 16:15:12 UTC,intern
2025/03/22 16:23:36 UTC,robotics intern
2025/03/22 16:43:36 UTC,robotics intern
2025/03/22 16:45:06 UTC,research intern
2025/03/22 19:15:16 UTC,Intern
2025/03/22 19:37:08 UTC,robotics researcher
2025/03/22 20:07:00 UTC,robotics researcher
2025/03/22 20:24:22 UTC,ihub robotics
2025/03/22 22:35:42 UTC,intern
2025/03/22 22:39:04 UTC,intern
2025/03/22 22:43:41 UTC,internship
2025/03/22 22:46:59 UTC,robotics internship
2025/03/22 22:57:47 UTC,robotics intern
2025/03/22 23:02:09 UTC,robotics intern
2025/03/22 23:07:54 UTC,research intern
2025/03/22 23:09:08 UTC,robotics specialist
2025/03/23 00:07:03 UTC,ihub robotics
2025/03/23 00:20:23 UTC,ihub robotics
2025/03/23 01:14:55 UTC,Financial Analyst
2025/03/23 03:08:38 UTC,robotics researcher
2025/03/23 03:13:10 UTC,robotics researcher
2025/03/23 03:17:57 UTC,robotics researcher
2025/03/23 03:22:15 UTC,robotics researcher
2025/03/23 04:47:13 UTC,robotics engineer
2025/03/23 06:07:26 UTC,intern
2025/03/23 06:33:07 UTC,robotics specialist
2025/03/23 07:02:54 UTC,intern
2025/03/23 07:10:12 UTC,internship
2025/03/23 09:14:52 UTC,Robotics Specialist
2025/03/23 09:17:00 UTC,intern
2025/03/23 09:32:34 UTC,intern
2025/03/23 10:25:46 UTC,robotics engineer
2025/03/23 10:33:25 UTC,robotics engineer
2025/03/23 12:08:30 UTC,robotics engineer
2025/03/23 12:30:54 UTC,robotics engineer
2025/03/23 13:18:11 UTC,robotics engineer
2025/03/23 13:28:08 UTC,robotics engineer
2025/03/23 14:05:51 UTC,robotics engineer
2025/03/23 14:47:22 UTC,robotics engineer
2025/03/23 16:13:10 UTC,research intern
2025/03/23 16:14:40 UTC,robotics intern
2025/03/23 16:19:35 UTC,intern
2025/03/23 16:21:27 UTC,robotics internship
2025/03/23 16:39:00 UTC,robotics intern
2025/03/23 17:15:00 UTC,Cyber Security Specialist
2025/03/23 21:14:53 UTC,Legal Researcher
2025/03/23 22:07:58 UTC,robotics researcher
2025/03/23 22:35:54 UTC,robotics researcher
2025/03/23 22:54:22 UTC,ihub robotics
2025/03/23 23:15:28 UTC,Intern
2025/03/24 00:11:04 UTC,ihub robotics
2025/03/24 00:16:21 UTC,ihub robotics
2025/03/24 01:04:00 UTC,intern
2025/03/24 01:10:00 UTC,intern
2025/03/24 01:15:24 UTC,internship
2025/03/24 01:16:28 UTC,robotics internship
2025/03/24 01:27:03 UTC,robotics intern
2025/03/24 01:32:07 UTC,robotics intern
2025/03/24 01:36:45 UTC,research intern
2025/03/24 01:38:03 UTC,robotics specialist
2025/03/24 03:10:25 UTC,robotics researcher
2025/03/24 03:17:09 UTC,robotics researcher
2025/03/24 03:19:22 UTC,robotics researcher
2025/03/24 03:22:32 UTC,robotics researcher
2025/03/24 05:14:53 UTC,Intern
2025/03/24 06:10:39 UTC,robotics specialist
2025/03/24 06:17:27 UTC,intern
2025/03/24 06:31:23 UTC,robotics specialist
2025/03/24 07:07:08 UTC,internship
2025/03/24 07:17:52 UTC,robotics engineer
2025/03/24 09:27:15 UTC,intern
2025/03/24 09:32:37 UTC,intern
2025/03/24 09:32:54 UTC,intern
2025/03/24 10:12:25 UTC,robotics engineer
2025/03/24 12:13:30 UTC,robotics engineer
2025/03/24 12:15:06 UTC,robotics engineer
2025/03/24 13:15:12 UTC,Robotics Engineer
2025/03/24 13:29:18 UTC,robotics engineer
2025/03/24 13:39:36 UTC,robotics engineer
2025/03/24 16:20:34 UTC,robotics intern
2025/03/24 16:29:15 UTC,intern
2025/03/24 16:35:09 UTC,robotics internship
2025/03/24 16:37:31 UTC,robotics engineer
2025/03/24 16:38:41 UTC,robotics intern
2025/03/24 16:43:54 UTC,robotics internship
2025/03/24 16:50:07 UTC,research intern
2025/03/24 17:15:06 UTC,Automation Technician
2025/03/24 17:16:28 UTC,robotics engineer
2025/03/25 00:37:17 UTC,robotics researcher
2025/03/25 01:05:13 UTC,robotics researcher
2025/03/25 01:25:22 UTC,ihub robotics
2025/03/25 03:08:44 UTC,robotics researcher
2025/03/25 03:18:33 UTC,robotics researcher
2025/03/25 03:24:21 UTC,robotics researcher
2025/03/25 03:25:08 UTC,robotics researcher
2025/03/25 03:33:38 UTC,intern
2025/03/25 03:40:31 UTC,intern
2025/03/25 03:47:40 UTC,robotics internship
2025/03/25 03:47:55 UTC,internship
2025/03/25 03:56:21 UTC,robotics intern
2025/03/25 04:03:01 UTC,robotics intern
2025/03/25 04:06:33 UTC,robotics specialist
2025/03/25 04:06:54 UTC,research intern
2025/03/25 06:17:08 UTC,robotics specialist
2025/03/25 06:27:03 UTC,ihub robotics
2025/03/25 06:37:45 UTC,ihub robotics
2025/03/25 06:50:58 UTC,intern
2025/03/25 07:07:52 UTC,internship
2025/03/25 07:54:14 UTC,robotics specialist
2025/03/25 07:59:07 UTC,intern
2025/03/25 09:18:26 UTC,intern
2025/03/25 09:34:23 UTC,intern
2025/03/25 09:49:22 UTC,robotics engineer
2025/03/25 10:11:19 UTC,robotics engineer
2025/03/25 10:17:56 UTC,robotics engineer
2025/03/25 12:02:47 UTC,intern
2025/03/25 12:26:25 UTC,robotics engineer
2025/03/25 12:26:49 UTC,robotics engineer
2025/03/25 13:13:26 UTC,robotics engineer
2025/03/25 16:14:36 UTC,robotics intern
2025/03/25 16:16:16 UTC,intern
2025/03/25 16:25:29 UTC,research intern
2025/03/25 16:32:57 UTC,robotics internship
2025/03/25 16:49:59 UTC,robotics intern
2025/03/25 19:08:29 UTC,robotics engineer
2025/03/25 19:48:07 UTC,robotics engineer
2025/03/26 00:11:26 UTC,ihub robotics
2025/03/26 00:13:50 UTC,ihub robotics
2025/03/26 03:08:20 UTC,robotics researcher
2025/03/26 03:10:11 UTC,robotics researcher
2025/03/26 03:14:09 UTC,robotics researcher
2025/03/26 03:24:51 UTC,robotics researcher
2025/03/26 03:29:14 UTC,robotics researcher
2025/03/26 03:35:22 UTC,robotics researcher
2025/03/26 03:55:16 UTC,ihub robotics
2025/03/26 06:03:53 UTC,intern
2025/03/26 06:11:50 UTC,intern
2025/03/26 06:12:49 UTC,robotics specialist
2025/03/26 06:16:18 UTC,intern
2025/03/26 06:19:23 UTC,internship
2025/03/26 06:19:43 UTC,robotics internship
2025/03/26 06:28:06 UTC,robotics intern
2025/03/26 06:34:07 UTC,robotics intern
2025/03/26 06:34:38 UTC,robotics specialist
2025/03/26 06:37:13 UTC,research intern
2025/03/26 06:37:36 UTC,robotics specialist
2025/03/26 07:12:56 UTC,internship
2025/03/26 09:29:22 UTC,intern
2025/03/26 09:31:51 UTC,intern
2025/03/26 10:36:12 UTC,robotics engineer
2025/03/26 10:40:35 UTC,robotics engineer
2025/03/26 12:19:55 UTC,robotics engineer
2025/03/26 12:37:18 UTC,robotics engineer
2025/03/26 12:52:07 UTC,robotics engineer
2025/03/26 13:14:27 UTC,robotics engineer
2025/03/26 13:41:49 UTC,robotics engineer
2025/03/26 14:36:03 UTC,intern
2025/03/26 14:52:21 UTC,ihub robotics
2025/03/26 16:15:04 UTC,robotics intern
2025/03/26 16:16:00 UTC,intern
2025/03/26 16:19:21 UTC,research intern
2025/03/26 16:45:00 UTC,robotics intern
2025/03/26 16:52:47 UTC,robotics internship
2025/03/26 21:40:03 UTC,robotics engineer
2025/03/26 22:22:19 UTC,robotics engineer
2025/03/27 00:14:11 UTC,ihub robotics
2025/03/27 00:14:21 UTC,ihub robotics
2025/03/27 03:10:46 UTC,robotics researcher
2025/03/27 03:14:07 UTC,robotics researcher
2025/03/27 03:15:00 UTC,robotics researcher
2025/03/27 03:18:03 UTC,robotics researcher
2025/03/27 05:39:06 UTC,robotics researcher
2025/03/27 06:09:05 UTC,robotics researcher
2025/03/27 06:14:50 UTC,intern
2025/03/27 06:23:04 UTC,robotics specialist
2025/03/27 06:24:25 UTC,robotics specialist
2025/03/27 06:27:22 UTC,ihub robotics
2025/03/27 07:12:42 UTC,intern
2025/03/27 07:24:21 UTC,Fathima Ajmal
2025/03/27 07:24:23 UTC,Fathima Ajmal
2025/03/27 07:24:34 UTC,Fathima Ajmal
2025/03/27 07:24:38 UTC,Fathima Ajmal
2025/03/27 08:36:40 UTC,intern
2025/03/27 08:43:29 UTC,intern
2025/03/27 08:52:04 UTC,robotics internship
2025/03/27 08:52:43 UTC,internship
2025/03/27 08:56:49 UTC,Fathima Ajmal
2025/03/27 08:57:30 UTC,hridya syju
2025/03/27 08:57:32 UTC,hrishwan palaparambil sajeev
2025/03/27 09:00:46 UTC,robotics intern
2025/03/27 09:06:23 UTC,robotics intern
2025/03/27 09:09:32 UTC,robotics specialist
2025/03/27 09:09:35 UTC,research intern
2025/03/27 09:27:36 UTC,intern
2025/03/27 09:29:10 UTC,intern
2025/03/27 10:20:23 UTC,robotics engineer
2025/03/27 10:49:55 UTC,robotics engineer
2025/03/27 11:28:07 UTC,Fathima Ajmal
2025/03/27 12:28:55 UTC,robotics engineer
2025/03/27 12:37:01 UTC,robotics engineer
2025/03/27 13:09:00 UTC,Fathima Ajmal
2025/03/27 13:28:35 UTC,robotics engineer
2025/03/27 13:41:12 UTC,robotics engineer
2025/03/27 14:52:29 UTC,robotics engineer
2025/03/27 15:07:42 UTC,internship
2025/03/27 16:27:32 UTC,robotics intern
2025/03/27 16:32:53 UTC,research intern
2025/03/27 16:37:27 UTC,robotics intern
2025/03/27 16:46:47 UTC,intern
2025/03/27 16:53:54 UTC,robotics internship
2025/03/27 17:09:48 UTC,intern
2025/03/28 00:10:51 UTC,robotics engineer
2025/03/28 00:17:55 UTC,ihub robotics
2025/03/28 00:37:35 UTC,ihub robotics
2025/03/28 00:54:48 UTC,robotics engineer
2025/03/28 03:11:05 UTC,robotics researcher
2025/03/28 03:19:20 UTC,robotics researcher
2025/03/28 03:20:55 UTC,robotics researcher
2025/03/28 03:24:53 UTC,robotics researcher
2025/03/28 06:09:59 UTC,intern
2025/03/28 06:25:13 UTC,robotics specialist
2025/03/28 07:14:21 UTC,internship
2025/03/28 08:09:06 UTC,robotics researcher
2025/03/28 08:41:33 UTC,robotics researcher
2025/03/28 08:58:08 UTC,ihub robotics
2025/03/28 09:34:09 UTC,intern
2025/03/28 09:42:10 UTC,intern
2025/03/28 10:21:38 UTC,robotics engineer
2025/03/28 11:09:28 UTC,intern
2025/03/28 11:15:08 UTC,intern
2025/03/28 11:23:39 UTC,internship
2025/03/28 11:24:35 UTC,robotics internship
2025/03/28 11:31:57 UTC,robotics intern
2025/03/28 11:35:55 UTC,robotics intern
2025/03/28 11:42:10 UTC,research intern
2025/03/28 11:42:51 UTC,robotics specialist
2025/03/28 12:35:42 UTC,robotics engineer
2025/03/28 12:39:24 UTC,robotics engineer
2025/03/28 13:10:28 UTC,robotics engineer
2025/03/28 13:48:36 UTC,robotics engineer
2025/03/28 16:12:39 UTC,research intern
2025/03/28 16:32:51 UTC,robotics internship
2025/03/28 16:40:39 UTC,intern
2025/03/28 16:43:56 UTC,robotics intern
2025/03/28 16:45:03 UTC,robotics intern
2025/03/28 16:51:02 UTC,robotics intern
2025/03/28 17:25:27 UTC,robotics engineer
2025/03/28 19:40:03 UTC,intern
2025/03/29 00:20:04 UTC,ihub robotics
2025/03/29 00:20:16 UTC,ihub robotics
2025/03/29 02:48:04 UTC,robotics engineer
2025/03/29 03:16:26 UTC,robotics researcher
2025/03/29 03:18:14 UTC,robotics researcher
2025/03/29 03:21:28 UTC,robotics researcher
2025/03/29 03:30:03 UTC,robotics researcher
2025/03/29 03:34:15 UTC,robotics engineer
2025/03/29 06:16:06 UTC,robotics specialist
2025/03/29 06:20:55 UTC,intern
2025/03/29 06:28:34 UTC,robotics specialist
2025/03/29 07:19:31 UTC,internship
2025/03/29 09:16:32 UTC,intern
2025/03/29 09:17:03 UTC,intern
2025/03/29 10:14:34 UTC,robotics engineer
2025/03/29 10:46:49 UTC,robotics researcher
2025/03/29 11:19:31 UTC,robotics researcher
2025/03/29 11:37:56 UTC,ihub robotics
2025/03/29 12:09:31 UTC,robotics engineer
2025/03/29 13:20:23 UTC,robotics engineer
2025/03/29 13:48:31 UTC,intern
2025/03/29 13:53:31 UTC,intern
2025/03/29 14:02:31 UTC,internship
2025/03/29 14:05:09 UTC,robotics internship
2025/03/29 14:12:53 UTC,robotics intern
2025/03/29 14:13:16 UTC,robotics intern
2025/03/29 14:20:48 UTC,research intern
2025/03/29 14:21:14 UTC,robotics specialist
2025/03/29 16:11:17 UTC,robotics intern
2025/03/29 16:21:08 UTC,robotics internship
2025/03/29 16:24:30 UTC,intern
2025/03/29 16:42:03 UTC,research intern
2025/03/29 16:43:19 UTC,robotics intern
2025/03/29 16:47:40 UTC,robotics intern
2025/03/29 16:50:50 UTC,research intern
2025/03/29 20:04:35 UTC,robotics engineer
2025/03/29 22:20:46 UTC,intern
2025/03/30 00:08:13 UTC,ihub robotics
2025/03/30 00:12:51 UTC,ihub robotics
2025/03/30 03:05:55 UTC,robotics researcher
2025/03/30 03:07:56 UTC,robotics researcher
2025/03/30 03:11:29 UTC,robotics researcher
2025/03/30 03:15:58 UTC,robotics researcher
2025/03/30 05:19:19 UTC,robotics engineer
2025/03/30 06:07:35 UTC,robotics engineer
2025/03/30 06:19:52 UTC,robotics specialist
2025/03/30 06:38:09 UTC,robotics specialist
2025/03/30 06:43:40 UTC,intern
2025/03/30 07:12:03 UTC,internship
2025/03/30 07:42:14 UTC,kartik siddhpura
2025/03/30 07:42:15 UTC,karthikesh robotics private limited
2025/03/30 07:42:16 UTC,karthikesh robotics private limited
2025/03/30 07:42:17 UTC,karthikesh robotics private limited
2025/03/30 09:15:28 UTC,intern
2025/03/30 09:34:51 UTC,intern
2025/03/30 10:39:52 UTC,robotics engineer
2025/03/30 13:18:41 UTC,robotics researcher
2025/03/30 13:23:42 UTC,robotics engineer
2025/03/30 13:41:53 UTC,robotics engineer
2025/03/30 13:52:24 UTC,robotics researcher
2025/03/30 14:10:42 UTC,ihub robotics
2025/03/30 15:31:55 UTC,robotics engineer
2025/03/30 16:04:43 UTC,robotics engineer
2025/03/30 16:15:43 UTC,robotics internship
2025/03/30 16:18:17 UTC,research intern
2025/03/30 16:22:14 UTC,intern
2025/03/30 16:23:21 UTC,Robotics Engineer
2025/03/30 16:26:45 UTC,intern
2025/03/30 16:29:51 UTC,intern
2025/03/30 16:33:36 UTC,internship
2025/03/30 16:34:43 UTC,research intern
2025/03/30 16:35:05 UTC,robotics internship
2025/03/30 16:41:12 UTC,robotics intern
2025/03/30 16:41:37 UTC,robotics intern
2025/03/30 16:44:13 UTC,robotics intern
2025/03/30 16:45:50 UTC,robotics intern
2025/03/30 16:47:43 UTC,robotics intern
2025/03/30 16:51:58 UTC,robotics intern
2025/03/30 16:53:15 UTC,research intern
2025/03/30 16:53:46 UTC,robotics specialist
2025/03/30 17:30:53 UTC,robotics engineer
2025/03/30 17:45:38 UTC,griger paul m v
2025/03/30 17:45:39 UTC,griger paul m v
2025/03/30 22:37:24 UTC,robotics engineer
2025/03/31 00:08:59 UTC,ihub robotics
2025/03/31 00:09:29 UTC,ihub robotics
2025/03/31 00:52:37 UTC,intern
2025/03/31 03:11:28 UTC,robotics researcher
2025/03/31 03:14:32 UTC,robotics researcher
2025/03/31 03:18:39 UTC,robotics researcher
2025/03/31 03:26:23 UTC,robotics researcher
2025/03/31 06:17:08 UTC,robotics specialist
2025/03/31 06:25:22 UTC,intern
2025/03/31 06:27:07 UTC,robotics specialist
2025/03/31 07:25:14 UTC,internship
2025/03/31 07:52:46 UTC,robotics engineer
2025/03/31 08:38:46 UTC,robotics engineer
2025/03/31 09:08:45 UTC,intern
2025/03/31 09:29:23 UTC,intern
2025/03/31 10:20:06 UTC,robotics engineer
2025/03/31 10:41:40 UTC,robotics engineer
2025/03/31 12:40:19 UTC,robotics engineer
2025/03/31 12:46:42 UTC,robotics engineer
2025/03/31 13:28:56 UTC,robotics engineer
2025/03/31 13:36:04 UTC,robotics engineer
2025/03/31 15:26:05 UTC,microrose
2025/03/31 15:26:06 UTC,microros
2025/03/31 15:26:08 UTC,microros
2025/03/31 15:28:11 UTC,microros
2025/03/31 15:30:40 UTC,microros
2025/03/31 15:30:40 UTC,microros
2025/03/31 15:30:41 UTC,microros
2025/03/31 15:30:41 UTC,microros
2025/03/31 15:30:41 UTC,microros
2025/03/31 15:30:54 UTC,microros
2025/03/31 15:30:54 UTC,microros
2025/03/31 15:30:54 UTC,microros
2025/03/31 15:30:58 UTC,microros
2025/03/31 15:31:06 UTC,microrose
2025/03/31 15:31:07 UTC,microrose
2025/03/31 15:31:10 UTC,microrose
2025/03/31 15:31:12 UTC,microrose
2025/03/31 15:31:12 UTC,microrose
2025/03/31 15:31:12 UTC,microrose
2025/03/31 15:31:13 UTC,microrose
2025/03/31 15:31:18 UTC,microros
2025/03/31 15:31:18 UTC,microros
2025/03/31 15:31:18 UTC,microros
2025/03/31 15:31:19 UTC,microros
2025/03/31 15:31:20 UTC,micro ros
2025/03/31 15:31:20 UTC,micro ros
2025/03/31 15:31:20 UTC,microros
2025/03/31 15:31:21 UTC,micro ros
2025/03/31 15:31:25 UTC,micro ros
2025/03/31 15:31:36 UTC,micro ros
2025/03/31 15:31:42 UTC,micro ros
2025/03/31 15:51:08 UTC,robotics researcher
2025/03/31 16:22:42 UTC,robotics internship
2025/03/31 16:24:12 UTC,robotics researcher
2025/03/31 16:26:52 UTC,robotics intern
2025/03/31 16:27:20 UTC,robotics intern
2025/03/31 16:33:21 UTC,research intern
2025/03/31 16:36:01 UTC,intern
2025/03/31 16:43:59 UTC,ihub robotics
2025/03/31 16:45:52 UTC,research intern
2025/03/31 18:55:03 UTC,intern
2025/03/31 19:01:55 UTC,intern
2025/03/31 19:06:28 UTC,internship
2025/03/31 19:08:44 UTC,robotics internship
2025/03/31 19:16:00 UTC,robotics intern
2025/03/31 19:19:03 UTC,robotics intern
2025/03/31 19:25:19 UTC,robotics specialist
2025/03/31 19:26:35 UTC,research intern
2025/04/01 00:17:10 UTC,ihub robotics
2025/04/01 00:21:25 UTC,ihub robotics
2025/04/01 01:10:01 UTC,robotics engineer
2025/04/01 03:13:12 UTC,robotics researcher
2025/04/01 03:16:02 UTC,robotics researcher
2025/04/01 03:24:18 UTC,intern
2025/04/01 03:26:58 UTC,robotics researcher
2025/04/01 03:31:35 UTC,robotics researcher
2025/04/01 06:11:40 UTC,robotics specialist
2025/04/01 06:14:57 UTC,robotics specialist
2025/04/01 06:25:29 UTC,intern
2025/04/01 07:12:25 UTC,internship
2025/04/01 09:22:32 UTC,emil
2025/04/01 09:22:35 UTC,emil
2025/04/01 09:36:28 UTC,intern
2025/04/01 09:37:41 UTC,intern
2025/04/01 10:22:35 UTC,robotics engineer
2025/04/01 10:24:54 UTC,robotics engineer
2025/04/01 11:11:59 UTC,robotics engineer
2025/04/01 12:14:53 UTC,robotics engineer
2025/04/01 12:50:10 UTC,robotics engineer
2025/04/01 13:13:16 UTC,robotics engineer
2025/04/01 13:36:59 UTC,robotics engineer
2025/04/01 16:17:01 UTC,robotics intern
2025/04/01 16:24:17 UTC,robotics intern
2025/04/01 16:31:42 UTC,robotics internship
2025/04/01 16:38:55 UTC,intern
2025/04/01 16:40:30 UTC,research intern
2025/04/01 18:23:22 UTC,robotics researcher
2025/04/01 18:57:27 UTC,robotics researcher
2025/04/01 19:18:10 UTC,ihub robotics
2025/04/01 21:28:00 UTC,intern
2025/04/01 21:36:34 UTC,intern
2025/04/01 21:42:00 UTC,internship
2025/04/01 21:42:30 UTC,robotics internship
2025/04/01 21:48:09 UTC,robotics intern
2025/04/01 21:54:35 UTC,robotics intern
2025/04/01 21:59:14 UTC,research intern
2025/04/01 21:59:36 UTC,robotics specialist
2025/04/02 00:07:42 UTC,ihub robotics
2025/04/02 00:29:23 UTC,ihub robotics
2025/04/02 03:11:08 UTC,robotics researcher
2025/04/02 03:13:54 UTC,robotics researcher
2025/04/02 03:22:34 UTC,robotics researcher
2025/04/02 03:23:10 UTC,robotics researcher
2025/04/02 03:44:37 UTC,robotics engineer
2025/04/02 05:57:42 UTC,intern
2025/04/02 06:18:58 UTC,intern
2025/04/02 06:22:26 UTC,robotics specialist
2025/04/02 07:18:04 UTC,internship
2025/04/02 09:13:11 UTC,intern
2025/04/02 09:15:44 UTC,intern
2025/04/02 11:20:29 UTC,robotics engineer
2025/04/02 11:33:05 UTC,robotics engineer
2025/04/02 12:55:43 UTC,robotics engineer
2025/04/02 13:00:42 UTC,robotics engineer
2025/04/02 13:07:52 UTC,robotics engineer
2025/04/02 13:45:46 UTC,robotics engineer
2025/04/02 14:03:59 UTC,robotics engineer
2025/04/02 14:05:08 UTC,robotics engineer
2025/04/02 16:16:57 UTC,robotics intern
2025/04/02 16:19:45 UTC,research intern
2025/04/02 16:20:25 UTC,intern
2025/04/02 16:30:46 UTC,robotics intern
2025/04/02 16:35:09 UTC,robotics intern
2025/04/02 16:58:09 UTC,robotics internship
2025/04/02 21:03:53 UTC,robotics researcher
2025/04/02 21:37:40 UTC,robotics researcher
2025/04/02 22:00:31 UTC,ihub robotics
2025/04/03 00:08:34 UTC,intern
2025/04/03 00:18:07 UTC,intern
2025/04/03 00:24:00 UTC,internship
2025/04/03 00:24:29 UTC,robotics internship
2025/04/03 00:30:12 UTC,robotics intern
2025/04/03 00:37:00 UTC,robotics intern
2025/04/03 00:40:23 UTC,research intern
2025/04/03 00:41:17 UTC,robotics specialist
2025/04/03 00:41:43 UTC,ihub robotics
2025/04/03 01:54:39 UTC,ihub robotics
2025/04/03 03:15:23 UTC,robotics researcher
2025/04/03 03:20:29 UTC,robotics researcher
2025/04/03 03:25:03 UTC,robotics researcher
2025/04/03 04:12:56 UTC,robotics researcher
2025/04/03 06:19:39 UTC,intern
2025/04/03 06:24:43 UTC,robotics engineer
2025/04/03 06:29:45 UTC,National University of Sciences and Technology (NUST)
2025/04/03 06:29:45 UTC,National University of Sciences and Technology (NUST)
2025/04/03 06:29:46 UTC,National University of Sciences and Technology (NUST)
2025/04/03 06:39:00 UTC,robotics specialist
2025/04/03 07:43:10 UTC,internship
2025/04/03 08:37:56 UTC,intern
2025/04/03 09:30:46 UTC,intern
2025/04/03 09:40:30 UTC,intern
2025/04/03 10:29:38 UTC,robotics engineer
2025/04/03 12:31:15 UTC,robotics engineer
2025/04/03 13:36:53 UTC,robotics engineer
2025/04/03 13:45:25 UTC,robotics engineer
2025/04/03 15:41:38 UTC,robotics engineer
2025/04/03 16:12:25 UTC,research intern
2025/04/03 16:20:32 UTC,robotics intern
2025/04/03 16:23:06 UTC,robotics internship
2025/04/03 16:26:42 UTC,robotics engineer
2025/04/03 16:28:43 UTC,robotics intern
2025/04/03 16:53:27 UTC,robotics intern
2025/04/03 16:54:49 UTC,intern
2025/04/03 23:40:34 UTC,robotics researcher
2025/04/04 00:13:52 UTC,robotics researcher
2025/04/04 00:19:42 UTC,ihub robotics
2025/04/04 00:22:36 UTC,ihub robotics
2025/04/04 00:35:06 UTC,ihub robotics
2025/04/04 02:45:59 UTC,intern
2025/04/04 02:57:31 UTC,intern
2025/04/04 03:01:24 UTC,robotics internship
2025/04/04 03:02:42 UTC,internship
2025/04/04 03:07:27 UTC,robotics intern
2025/04/04 03:13:37 UTC,robotics researcher
2025/04/04 03:14:08 UTC,robotics intern
2025/04/04 03:16:34 UTC,robotics researcher
2025/04/04 03:16:53 UTC,robotics researcher
2025/04/04 03:17:54 UTC,research intern
2025/04/04 03:19:54 UTC,robotics specialist
2025/04/04 03:27:32 UTC,robotics researcher
2025/04/04 06:16:04 UTC,intern
2025/04/04 06:32:46 UTC,robotics specialist
2025/04/04 07:12:07 UTC,internship
2025/04/04 09:02:45 UTC,robotics engineer
2025/04/04 09:14:14 UTC,intern
2025/04/04 09:44:14 UTC,intern
2025/04/04 10:43:02 UTC,robotics engineer
2025/04/04 11:22:00 UTC,intern
2025/04/04 12:19:08 UTC,robotics engineer
2025/04/04 13:50:03 UTC,robotics engineer
2025/04/04 14:04:57 UTC,robotics engineer
2025/04/04 16:26:59 UTC,robotics internship
2025/04/04 16:29:25 UTC,research intern
2025/04/04 16:34:42 UTC,intern
2025/04/04 16:44:52 UTC,robotics intern
2025/04/04 17:01:02 UTC,robotics intern
2025/04/04 18:27:49 UTC,robotics engineer
2025/04/04 19:10:20 UTC,robotics engineer
2025/04/05 00:15:26 UTC,ihub robotics
2025/04/05 00:15:44 UTC,ihub robotics
2025/04/05 02:26:57 UTC,robotics researcher
2025/04/05 03:01:18 UTC,robotics researcher
2025/04/05 03:16:46 UTC,robotics researcher
2025/04/05 03:21:00 UTC,ihub robotics
2025/04/05 03:24:49 UTC,robotics researcher
2025/04/05 03:27:35 UTC,robotics researcher
2025/04/05 03:28:03 UTC,robotics researcher
2025/04/05 05:29:47 UTC,intern
2025/04/05 05:39:41 UTC,intern
2025/04/05 05:43:03 UTC,internship
2025/04/05 05:45:01 UTC,robotics internship
2025/04/05 05:50:27 UTC,robotics intern
2025/04/05 05:57:17 UTC,robotics intern
2025/04/05 06:00:52 UTC,research intern
2025/04/05 06:01:46 UTC,robotics specialist
2025/04/05 06:19:46 UTC,intern
2025/04/05 06:23:21 UTC,robotics specialist
2025/04/05 07:08:00 UTC,internship
2025/04/05 09:09:38 UTC,intern
2025/04/05 09:27:35 UTC,intern
2025/04/05 10:09:43 UTC,robotics engineer
2025/04/05 11:45:03 UTC,robotics engineer
2025/04/05 11:51:26 UTC,research intern
2025/04/05 11:51:30 UTC,Co Lead
2025/04/05 11:51:30 UTC,robotics engineer
2025/04/05 11:51:36 UTC,Co Lead
2025/04/05 12:23:46 UTC,robotics engineer
2025/04/05 13:11:12 UTC,robotics engineer
2025/04/05 13:57:56 UTC,intern
2025/04/05 15:04:19 UTC,ancy john
2025/04/05 15:04:26 UTC,ancy abraham
2025/04/05 15:04:28 UTC,ancy a
2025/04/05 15:04:31 UTC,ancy
2025/04/05 15:04:32 UTC,ancy
2025/04/05 15:04:33 UTC,ancy
2025/04/05 15:05:02 UTC,ancy
2025/04/05 15:05:03 UTC,ancy
2025/04/05 15:05:13 UTC,ancy ea
2025/04/05 15:05:20 UTC,ancy abraham
2025/04/05 15:05:20 UTC,ancy abraham
2025/04/05 15:05:22 UTC,ancy abraham
2025/04/05 15:05:23 UTC,ancy abraham
2025/04/05 15:05:23 UTC,ancy abraham
2025/04/05 15:05:24 UTC,ancy abraham
2025/04/05 15:05:26 UTC,ancy  ab
2025/04/05 15:05:27 UTC,ancy  ab
2025/04/05 15:05:33 UTC,ancy saintgits
2025/04/05 15:05:34 UTC,ancy saintgits
2025/04/05 15:05:40 UTC,ancy saintgits
2025/04/05 15:05:40 UTC,ancy saintgits
2025/04/05 15:05:41 UTC,ancy saintgits
2025/04/05 15:05:42 UTC,ancy saintgits
2025/04/05 15:06:10 UTC,taiwan ceo
2025/04/05 15:06:11 UTC,taiwan union technology
2025/04/05 15:06:17 UTC,taiwan universities in robotics
2025/04/05 15:06:18 UTC,taiwan universities in robotics
2025/04/05 15:08:36 UTC,taiwan universities in robotics
2025/04/05 15:08:36 UTC,taiwan universities in robotics
2025/04/05 16:11:57 UTC,robotics internship
2025/04/05 16:14:17 UTC,research intern
2025/04/05 16:20:12 UTC,robotics intern
2025/04/05 16:22:22 UTC,robotics intern
2025/04/05 16:31:40 UTC,intern
2025/04/05 16:32:39 UTC,aries leadership qualities
2025/04/05 16:32:41 UTC,aries v3
2025/04/05 16:32:42 UTC,aries v3
2025/04/05 16:39:40 UTC,robotics intern
2025/04/05 16:52:18 UTC,robotics intern
2025/04/05 16:52:18 UTC,robotics intern
2025/04/05 16:52:19 UTC,Co Lead
2025/04/05 16:52:19 UTC,robotics engineer
2025/04/05 16:52:19 UTC,robotics intern
2025/04/05 16:52:19 UTC,robotics intern
2025/04/05 16:52:26 UTC,research intern
2025/04/05 16:59:07 UTC,aries v3
2025/04/05 16:59:08 UTC,aries v3
2025/04/05 16:59:11 UTC,vega aries v3
2025/04/05 16:59:12 UTC,vega aries v3
2025/04/05 16:59:15 UTC,vega aries board
2025/04/05 16:59:16 UTC,vega aries board
2025/04/05 16:59:20 UTC,vega aries board
2025/04/05 16:59:20 UTC,vega aries board
2025/04/05 16:59:22 UTC,vega aries board
2025/04/05 16:59:34 UTC,vega aries board
2025/04/05 17:00:07 UTC,vega aries board
2025/04/05 21:04:41 UTC,robotics engineer
2025/04/05 21:46:13 UTC,robotics engineer
2025/04/06 00:20:09 UTC,ihub robotics
2025/04/06 00:20:19 UTC,ihub robotics
2025/04/06 03:12:54 UTC,robotics researcher
2025/04/06 03:19:33 UTC,robotics researcher
2025/04/06 03:25:21 UTC,robotics researcher
2025/04/06 03:28:51 UTC,robotics researcher
2025/04/06 04:48:37 UTC,atlas elektronik gmbh
2025/04/06 04:48:38 UTC,elsa joseph
2025/04/06 04:49:38 UTC,elsa joseph
2025/04/06 05:00:24 UTC,elsa joseph
2025/04/06 05:01:36 UTC,robotics researcher
2025/04/06 05:33:34 UTC,the robotics society asiet
2025/04/06 05:33:37 UTC,the robotics society saintgits
2025/04/06 05:33:38 UTC,the robotics society saintgits
2025/04/06 05:36:10 UTC,the robotics society saintgits
2025/04/06 05:36:23 UTC,the robotics society
2025/04/06 05:36:30 UTC,the robotics society saintgits
2025/04/06 05:36:32 UTC,the robotics society saintgits
2025/04/06 05:37:34 UTC,robotics researcher
2025/04/06 05:55:55 UTC,ihub robotics
2025/04/06 06:16:29 UTC,robotics specialist
2025/04/06 06:17:32 UTC,shawn anish chirappuram
2025/04/06 06:19:56 UTC,ahalya nair
2025/04/06 06:19:58 UTC,ahalya nair
2025/04/06 06:21:17 UTC,Shawn Anish Chirappuram
2025/04/06 06:23:03 UTC,intern
2025/04/06 06:34:13 UTC,robotics specialist
2025/04/06 07:09:34 UTC,internship
2025/04/06 08:04:37 UTC,intern
2025/04/06 08:15:55 UTC,intern
2025/04/06 08:17:36 UTC,internship
2025/04/06 08:20:22 UTC,robotics internship
2025/04/06 08:24:54 UTC,robotics intern
2025/04/06 08:34:20 UTC,robotics intern
2025/04/06 08:34:46 UTC,research intern
2025/04/06 08:34:51 UTC,robotics specialist
2025/04/06 09:18:51 UTC,intern
2025/04/06 09:20:03 UTC,intern
2025/04/06 10:16:12 UTC,robotics engineer
2025/04/06 12:26:58 UTC,robotics engineer
2025/04/06 13:24:21 UTC,robotics engineer
2025/04/06 14:19:40 UTC,robotics engineer
2025/04/06 16:09:59 UTC,intern
2025/04/06 16:17:44 UTC,robotics internship
2025/04/06 16:20:39 UTC,research intern
2025/04/06 16:22:35 UTC,robotics intern
2025/04/06 16:31:43 UTC,intern
2025/04/06 16:41:03 UTC,robotics intern
2025/04/06 23:41:59 UTC,robotics engineer
2025/04/07 00:11:09 UTC,ihub robotics
2025/04/07 00:14:07 UTC,ihub robotics
2025/04/07 00:21:53 UTC,robotics engineer
2025/04/07 03:18:51 UTC,robotics researcher
2025/04/07 03:18:57 UTC,robotics researcher
2025/04/07 03:21:35 UTC,robotics researcher
2025/04/07 03:23:26 UTC,robotics researcher
2025/04/07 06:10:05 UTC,intern
2025/04/07 06:16:17 UTC,robotics specialist
2025/04/07 07:06:43 UTC,internship
2025/04/07 07:38:34 UTC,robotics researcher
2025/04/07 08:13:34 UTC,robotics researcher
2025/04/07 08:30:54 UTC,ihub robotics
2025/04/07 09:21:20 UTC,intern
2025/04/07 09:24:04 UTC,intern
2025/04/07 10:23:07 UTC,robotics engineer
2025/04/07 10:27:50 UTC,robotics engineer
2025/04/07 10:40:57 UTC,intern
2025/04/07 10:52:51 UTC,internship
2025/04/07 10:53:45 UTC,intern
2025/04/07 10:56:04 UTC,robotics internship
2025/04/07 11:00:34 UTC,robotics intern
2025/04/07 11:09:20 UTC,robotics specialist
2025/04/07 11:10:03 UTC,research intern
2025/04/07 11:11:13 UTC,robotics intern
2025/04/07 12:11:43 UTC,robotics engineer
2025/04/07 12:31:19 UTC,robotics engineer
2025/04/07 13:24:58 UTC,robotics engineer
2025/04/07 13:40:08 UTC,robotics engineer
2025/04/07 16:08:54 UTC,robotics intern
2025/04/07 16:11:07 UTC,robotics intern
2025/04/07 16:27:20 UTC,research intern
2025/04/07 16:38:36 UTC,intern
2025/04/07 16:42:27 UTC,robotics internship
2025/04/07 16:43:31 UTC,research intern
2025/04/07 16:54:58 UTC,robotics engineer
2025/04/07 17:00:06 UTC,robotics intern
2025/04/07 17:00:06 UTC,robotics intern
2025/04/07 17:00:06 UTC,robotics intern
2025/04/07 17:00:07 UTC,Co Lead
2025/04/07 17:00:07 UTC,robotics engineer
2025/04/07 17:00:08 UTC,robotics intern
2025/04/07 17:00:08 UTC,robotics intern
2025/04/07 17:00:12 UTC,research intern
2025/04/07 17:00:12 UTC,robotics intern
2025/04/07 19:12:04 UTC,intern
2025/04/08 00:17:10 UTC,ihub robotics
2025/04/08 00:20:40 UTC,ihub robotics
2025/04/08 02:20:03 UTC,robotics engineer
2025/04/08 02:57:41 UTC,robotics engineer
2025/04/08 03:13:32 UTC,robotics researcher
2025/04/08 03:13:48 UTC,robotics researcher
2025/04/08 03:24:52 UTC,robotics researcher
2025/04/08 03:30:55 UTC,robotics researcher
2025/04/08 06:21:11 UTC,robotics specialist
2025/04/08 06:34:22 UTC,intern
2025/04/08 06:34:41 UTC,robotics specialist
2025/04/08 07:22:54 UTC,internship
2025/04/08 09:10:01 UTC,intern
2025/04/08 09:33:57 UTC,intern
2025/04/08 10:15:37 UTC,robotics researcher
2025/04/08 10:24:38 UTC,robotics engineer
2025/04/08 10:57:52 UTC,robotics researcher
2025/04/08 11:14:34 UTC,ihub robotics
2025/04/08 12:29:05 UTC,robotics engineer
2025/04/08 12:45:43 UTC,robotics engineer
2025/04/08 13:25:17 UTC,robotics engineer
2025/04/08 13:31:32 UTC,intern
2025/04/08 13:40:41 UTC,robotics engineer
2025/04/08 13:43:14 UTC,internship
2025/04/08 13:43:47 UTC,robotics internship
2025/04/08 13:45:20 UTC,intern
2025/04/08 13:49:19 UTC,robotics intern
2025/04/08 13:59:38 UTC,robotics specialist
2025/04/08 14:00:47 UTC,research intern
2025/04/08 14:00:51 UTC,robotics intern
2025/04/08 17:13:29 UTC,robotics internship
2025/04/08 17:57:07 UTC,research intern
2025/04/08 17:58:39 UTC,intern
2025/04/08 18:34:03 UTC,robotics intern
2025/04/08 18:45:54 UTC,robotics intern
2025/04/08 19:44:52 UTC,robotics engineer
2025/04/08 21:57:36 UTC,intern
2025/04/09 00:07:22 UTC,ihub robotics
2025/04/09 00:19:03 UTC,ihub robotics
2025/04/09 03:11:06 UTC,robotics researcher
2025/04/09 03:21:38 UTC,robotics researcher
2025/04/09 03:25:49 UTC,robotics researcher
2025/04/09 03:28:13 UTC,robotics researcher
2025/04/09 05:07:02 UTC,robotics engineer
2025/04/09 05:44:49 UTC,robotics engineer
2025/04/09 06:15:05 UTC,robotics specialist
2025/04/09 06:16:20 UTC,intern
2025/04/09 06:32:43 UTC,robotics specialist
2025/04/09 07:09:01 UTC,internship
2025/04/09 09:18:20 UTC,intern
2025/04/09 09:43:25 UTC,intern
2025/04/09 10:36:53 UTC,robotics engineer
2025/04/09 10:58:28 UTC,robotics engineer
2025/04/09 12:31:56 UTC,robotics engineer
2025/04/09 12:44:36 UTC,robotics engineer
2025/04/09 13:03:25 UTC,robotics researcher
2025/04/09 13:29:02 UTC,robotics engineer
2025/04/09 13:39:20 UTC,robotics researcher
2025/04/09 13:42:04 UTC,robotics engineer
2025/04/09 13:57:07 UTC,ihub robotics
2025/04/09 16:09:53 UTC,intern
2025/04/09 16:20:45 UTC,robotics internship
2025/04/09 16:21:15 UTC,internship
2025/04/09 16:23:06 UTC,intern
2025/04/09 16:27:08 UTC,robotics intern
2025/04/09 16:32:49 UTC,robotics intern
2025/04/09 16:37:02 UTC,robotics specialist
2025/04/09 16:39:35 UTC,robotics intern
2025/04/09 16:40:53 UTC,research intern
2025/04/09 16:41:03 UTC,robotics intern
2025/04/09 16:46:08 UTC,intern
2025/04/09 16:52:07 UTC,robotics intern
2025/04/09 16:52:45 UTC,robotics internship
2025/04/09 16:56:31 UTC,research intern
2025/04/09 22:22:14 UTC,robotics engineer
2025/04/10 00:15:55 UTC,ihub robotics
2025/04/10 00:20:56 UTC,ihub robotics
2025/04/10 00:36:50 UTC,intern
2025/04/10 03:12:52 UTC,robotics researcher
2025/04/10 03:14:37 UTC,robotics researcher
2025/04/10 03:16:30 UTC,robotics researcher
2025/04/10 03:20:39 UTC,robotics researcher
2025/04/10 06:13:31 UTC,robotics specialist
2025/04/10 06:21:48 UTC,intern
2025/04/10 07:21:48 UTC,internship
2025/04/10 07:45:52 UTC,robotics engineer
2025/04/10 07:54:06 UTC,robotics specialist
2025/04/10 08:20:37 UTC,robotics engineer
2025/04/10 09:35:42 UTC,intern
2025/04/10 09:41:28 UTC,intern
2025/04/10 10:15:27 UTC,robotics engineer
2025/04/10 10:39:59 UTC,robotics engineer
2025/04/10 12:19:22 UTC,robotics engineer
2025/04/10 13:22:13 UTC,robotics engineer
2025/04/10 13:33:43 UTC,robotics engineer
2025/04/10 15:42:13 UTC,robotics researcher
2025/04/10 16:13:15 UTC,research intern
2025/04/10 16:16:50 UTC,robotics intern
2025/04/10 16:17:25 UTC,robotics researcher
2025/04/10 16:18:42 UTC,robotics intern
2025/04/10 16:29:23 UTC,intern
2025/04/10 16:35:53 UTC,robotics intern
2025/04/10 16:36:46 UTC,ihub robotics
2025/04/10 16:44:21 UTC,robotics internship
2025/04/10 17:47:46 UTC,robotics intern
2025/04/10 17:47:46 UTC,robotics intern
2025/04/10 17:47:47 UTC,Co Lead
2025/04/10 17:47:47 UTC,robotics engineer
2025/04/10 17:47:47 UTC,robotics intern
2025/04/10 17:47:47 UTC,robotics intern
2025/04/10 17:47:58 UTC,research intern
2025/04/10 17:47:58 UTC,robotics engineer
2025/04/10 17:47:58 UTC,robotics intern
2025/04/10 18:48:25 UTC,intern
2025/04/10 18:53:40 UTC,research intern
2025/04/10 18:53:40 UTC,research intern
2025/04/10 18:53:41 UTC,Co Lead
2025/04/10 18:53:41 UTC,research intern
2025/04/10 18:53:41 UTC,research intern
2025/04/10 18:53:41 UTC,research intern
2025/04/10 18:53:41 UTC,robotics engineer
2025/04/10 18:53:43 UTC,Research And Development Intern
2025/04/10 18:58:54 UTC,robotics internship
2025/04/10 19:00:04 UTC,internship
2025/04/10 19:02:49 UTC,intern
2025/04/10 19:04:25 UTC,robotics intern
2025/04/10 19:15:59 UTC,robotics specialist
2025/04/10 19:16:28 UTC,robotics intern
2025/04/10 19:20:39 UTC,research intern
2025/04/11 00:12:56 UTC,ihub robotics
2025/04/11 00:17:16 UTC,ihub robotics
2025/04/11 00:59:38 UTC,robotics engineer
2025/04/11 03:12:18 UTC,robotics researcher
2025/04/11 03:16:59 UTC,intern
2025/04/11 03:23:17 UTC,robotics researcher
2025/04/11 03:25:34 UTC,robotics researcher
2025/04/11 03:28:34 UTC,robotics researcher
2025/04/11 06:08:15 UTC,intern
2025/04/11 06:23:52 UTC,robotics specialist
2025/04/11 07:24:41 UTC,internship
2025/04/11 09:40:29 UTC,intern
2025/04/11 09:49:31 UTC,intern
2025/04/11 10:11:02 UTC,robotics engineer
2025/04/11 10:24:21 UTC,robotics engineer
2025/04/11 10:58:37 UTC,robotics engineer
2025/04/11 12:21:29 UTC,robotics engineer
2025/04/11 13:28:11 UTC,robotics engineer
2025/04/11 16:23:17 UTC,robotics intern
2025/04/11 16:28:11 UTC,intern
2025/04/11 16:30:35 UTC,robotics internship
2025/04/11 16:40:53 UTC,robotics intern
2025/04/11 16:42:23 UTC,research intern
2025/04/11 16:42:51 UTC,research intern
2025/04/11 17:51:38 UTC,manufacturing groups
2025/04/11 17:51:44 UTC,elsa joseph
2025/04/11 17:51:51 UTC,joseph binil
2025/04/11 17:55:17 UTC,joseph binil
2025/04/11 18:19:06 UTC,robotics researcher
2025/04/11 18:56:43 UTC,robotics researcher
2025/04/11 19:17:10 UTC,ihub robotics
2025/04/11 21:27:57 UTC,intern
2025/04/11 21:37:26 UTC,robotics internship
2025/04/11 21:38:31 UTC,internship
2025/04/11 21:41:09 UTC,intern
2025/04/11 21:45:59 UTC,robotics intern
2025/04/11 21:54:13 UTC,robotics specialist
2025/04/11 21:56:04 UTC,robotics intern
2025/04/11 22:00:44 UTC,research intern
2025/04/12 00:11:03 UTC,ihub robotics
2025/04/12 00:23:18 UTC,ihub robotics
2025/04/12 03:17:23 UTC,robotics researcher
2025/04/12 03:17:55 UTC,robotics researcher
2025/04/12 03:19:40 UTC,robotics researcher
2025/04/12 03:24:30 UTC,robotics researcher
2025/04/12 03:37:55 UTC,robotics engineer
2025/04/12 05:56:13 UTC,intern
2025/04/12 06:28:19 UTC,intern
2025/04/12 06:37:19 UTC,robotics specialist
2025/04/12 07:17:46 UTC,internship
2025/04/12 09:22:22 UTC,intern
2025/04/12 09:24:39 UTC,intern
2025/04/12 09:33:58 UTC,research intern
2025/04/12 09:33:58 UTC,robotics engineer
2025/04/12 09:33:58 UTC,robotics intern
2025/04/12 10:18:17 UTC,robotics engineer
2025/04/12 12:11:35 UTC,robotics engineer
2025/04/12 12:30:14 UTC,robotics engineer
2025/04/12 13:02:52 UTC,robotics engineer
2025/04/12 13:11:49 UTC,robotics engineer
2025/04/12 13:13:55 UTC,robotics engineer
2025/04/12 13:36:47 UTC,robotics engineer
2025/04/12 16:09:25 UTC,research intern
2025/04/12 16:10:46 UTC,robotics intern
2025/04/12 16:26:47 UTC,intern
2025/04/12 16:32:55 UTC,robotics intern
2025/04/12 16:35:06 UTC,robotics intern
2025/04/12 16:46:37 UTC,research intern
2025/04/12 16:46:46 UTC,robotics internship
2025/04/12 18:12:01 UTC,Research And Development Intern
2025/04/12 19:57:03 UTC,Research And Development Intern
2025/04/12 20:58:15 UTC,robotics researcher
2025/04/12 21:37:52 UTC,robotics researcher
2025/04/12 21:57:33 UTC,ihub robotics
2025/04/13 00:07:29 UTC,ihub robotics
2025/04/13 00:08:12 UTC,intern
2025/04/13 00:08:30 UTC,ihub robotics
2025/04/13 00:15:14 UTC,robotics internship
2025/04/13 00:17:13 UTC,internship
2025/04/13 00:21:08 UTC,intern
2025/04/13 00:25:36 UTC,robotics intern
2025/04/13 00:33:51 UTC,robotics specialist
2025/04/13 00:36:26 UTC,robotics intern
2025/04/13 00:40:20 UTC,research intern
2025/04/13 03:12:02 UTC,robotics researcher
2025/04/13 03:13:36 UTC,robotics researcher
2025/04/13 03:19:58 UTC,robotics researcher
2025/04/13 03:27:27 UTC,robotics researcher
2025/04/13 06:16:29 UTC,robotics engineer
2025/04/13 06:19:42 UTC,intern
2025/04/13 06:36:50 UTC,robotics specialist
2025/04/13 07:24:11 UTC,internship
2025/04/13 08:44:45 UTC,intern
2025/04/13 09:14:06 UTC,intern
2025/04/13 09:18:10 UTC,intern
2025/04/13 10:26:25 UTC,robotics engineer
2025/04/13 10:27:24 UTC,robotics engineer
2025/04/13 12:17:47 UTC,robotics engineer
2025/04/13 13:23:22 UTC,robotics engineer
2025/04/13 13:27:51 UTC,robotics engineer
2025/04/13 15:48:09 UTC,robotics engineer
2025/04/13 16:08:16 UTC,robotics intern
2025/04/13 16:11:37 UTC,robotics intern
2025/04/13 16:13:40 UTC,robotics internship
2025/04/13 16:23:03 UTC,robotics engineer
2025/04/13 16:24:00 UTC,research intern
2025/04/13 16:26:42 UTC,intern
2025/04/13 16:44:16 UTC,research intern
2025/04/13 23:42:37 UTC,robotics researcher
2025/04/14 00:14:40 UTC,ihub robotics
2025/04/14 00:16:28 UTC,ihub robotics
2025/04/14 00:20:54 UTC,robotics researcher
2025/04/14 00:42:44 UTC,ihub robotics
2025/04/14 02:54:11 UTC,intern
2025/04/14 03:00:16 UTC,robotics internship
2025/04/14 03:03:00 UTC,internship
2025/04/14 03:04:33 UTC,intern
2025/04/14 03:11:19 UTC,robotics intern
2025/04/14 03:12:39 UTC,robotics researcher
2025/04/14 03:19:15 UTC,robotics specialist
2025/04/14 03:20:51 UTC,robotics researcher
2025/04/14 03:21:54 UTC,robotics intern
2025/04/14 03:22:59 UTC,robotics researcher
2025/04/14 03:25:02 UTC,research intern
2025/04/14 03:33:10 UTC,robotics researcher
2025/04/14 03:37:12 UTC,robotics researcher
2025/04/14 06:20:16 UTC,intern
2025/04/14 06:38:30 UTC,robotics specialist
2025/04/14 07:15:39 UTC,internship
2025/04/14 07:34:51 UTC,robotics specialist
2025/04/14 08:09:14 UTC,intern
2025/04/14 09:00:32 UTC,robotics engineer
2025/04/14 09:09:11 UTC,intern
2025/04/14 09:11:55 UTC,robotics specialist
2025/04/14 09:28:37 UTC,intern
2025/04/14 10:35:00 UTC,robotics engineer
2025/04/14 11:22:26 UTC,intern
2025/04/14 12:47:14 UTC,robotics engineer
2025/04/14 14:34:13 UTC,robotics engineer
2025/04/14 16:11:47 UTC,robotics internship
2025/04/14 16:17:23 UTC,research intern
2025/04/14 16:23:19 UTC,robotics intern
2025/04/14 16:26:24 UTC,intern
2025/04/14 16:38:22 UTC,robotics intern
2025/04/14 16:44:07 UTC,research intern
2025/04/14 16:55:45 UTC,robotics engineer
2025/04/14 18:31:01 UTC,robotics engineer
2025/04/14 19:02:00 UTC,robotics engineer
2025/04/14 20:15:01 UTC,robotics engineer
2025/04/14 20:53:15 UTC,robotics engineer
2025/04/15 00:11:35 UTC,robotics intern
2025/04/15 00:22:42 UTC,ihub robotics
2025/04/15 00:26:30 UTC,ihub robotics
2025/04/15 02:22:50 UTC,robotics researcher
2025/04/15 03:00:48 UTC,robotics researcher
2025/04/15 03:10:42 UTC,robotics researcher
2025/04/15 03:13:46 UTC,robotics researcher
2025/04/15 03:14:10 UTC,robotics researcher
2025/04/15 03:23:58 UTC,ihub robotics
2025/04/15 04:28:15 UTC,robotics researcher
2025/04/15 05:32:57 UTC,intern
2025/04/15 05:38:36 UTC,robotics internship
2025/04/15 05:40:43 UTC,internship
2025/04/15 05:42:54 UTC,intern
2025/04/15 05:50:00 UTC,robotics intern
2025/04/15 05:59:22 UTC,robotics specialist
2025/04/15 06:01:06 UTC,robotics intern
2025/04/15 06:03:40 UTC,research intern
2025/04/15 06:08:11 UTC,robotics specialist
2025/04/15 06:16:27 UTC,intern
2025/04/15 06:52:59 UTC,robotics intern
2025/04/15 07:04:40 UTC,robotics specialist
2025/04/15 07:07:56 UTC,intern
2025/04/15 07:23:46 UTC,internship
2025/04/15 09:34:27 UTC,intern
2025/04/15 09:42:49 UTC,intern
2025/04/15 10:41:46 UTC,robotics engineer
2025/04/15 11:41:57 UTC,robotics engineer
2025/04/15 12:14:53 UTC,robotics engineer
2025/04/15 13:44:28 UTC,robotics engineer
2025/04/15 14:04:28 UTC,intern
2025/04/15 16:27:13 UTC,robotics intern
2025/04/15 16:32:24 UTC,research intern
2025/04/15 16:36:06 UTC,intern
2025/04/15 16:41:27 UTC,robotics intern
2025/04/15 16:44:20 UTC,robotics internship
2025/04/15 16:53:54 UTC,robotics intern
2025/04/15 21:10:30 UTC,robotics engineer
2025/04/15 21:40:36 UTC,robotics engineer
2025/04/16 00:22:18 UTC,ihub robotics
2025/04/16 02:35:42 UTC,ihub robotics
2025/04/16 03:14:37 UTC,robotics researcher
2025/04/16 03:22:04 UTC,robotics researcher
2025/04/16 03:24:04 UTC,robotics researcher
2025/04/16 03:25:58 UTC,robotics researcher
2025/04/16 05:05:30 UTC,robotics researcher
2025/04/16 05:44:17 UTC,robotics researcher
2025/04/16 06:07:06 UTC,ihub robotics
2025/04/16 06:07:40 UTC,intern
2025/04/16 06:22:10 UTC,robotics specialist
2025/04/16 07:17:40 UTC,internship
2025/04/16 08:16:00 UTC,intern
2025/04/16 08:18:43 UTC,robotics internship
2025/04/16 08:21:09 UTC,internship
2025/04/16 08:24:59 UTC,intern
2025/04/16 08:32:55 UTC,robotics intern
2025/04/16 08:42:11 UTC,robotics specialist
2025/04/16 08:42:51 UTC,robotics intern
2025/04/16 08:45:48 UTC,research intern
2025/04/16 09:16:23 UTC,intern
2025/04/16 09:41:30 UTC,intern
2025/04/16 10:25:07 UTC,robotics engineer
2025/04/16 12:30:13 UTC,robotics engineer
2025/04/16 13:13:54 UTC,robotics engineer
2025/04/16 13:30:48 UTC,robotics engineer
2025/04/16 14:26:13 UTC,robotics engineer
2025/04/16 16:37:27 UTC,robotics intern
2025/04/16 16:41:56 UTC,intern
2025/04/16 16:44:42 UTC,robotics intern
2025/04/16 16:45:52 UTC,robotics internship
2025/04/16 16:47:40 UTC,intern
2025/04/16 16:58:39 UTC,robotics intern
2025/04/16 17:09:33 UTC,research intern
2025/04/16 17:11:37 UTC,research intern
2025/04/16 23:55:25 UTC,robotics engineer
2025/04/17 00:11:51 UTC,ihub robotics
2025/04/17 00:22:18 UTC,ihub robotics
2025/04/17 00:26:49 UTC,robotics engineer
2025/04/17 03:19:34 UTC,robotics researcher
2025/04/17 03:23:53 UTC,robotics researcher
2025/04/17 03:28:46 UTC,robotics researcher
2025/04/17 03:31:43 UTC,robotics researcher
2025/04/17 06:11:34 UTC,intern
2025/04/17 06:19:12 UTC,robotics specialist
2025/04/17 07:49:42 UTC,robotics researcher
2025/04/17 08:09:53 UTC,internship
2025/04/17 08:26:44 UTC,robotics researcher
2025/04/17 08:50:42 UTC,ihub robotics
2025/04/17 09:24:53 UTC,intern
2025/04/17 09:44:43 UTC,intern
2025/04/17 10:17:46 UTC,robotics engineer
2025/04/17 10:59:33 UTC,intern
2025/04/17 11:01:59 UTC,robotics internship
2025/04/17 11:06:46 UTC,internship
2025/04/17 11:08:42 UTC,intern
2025/04/17 11:15:25 UTC,robotics intern
2025/04/17 11:25:51 UTC,robotics specialist
2025/04/17 11:26:17 UTC,robotics intern
2025/04/17 11:27:46 UTC,research intern
2025/04/17 12:19:20 UTC,robotics engineer
2025/04/17 12:37:51 UTC,robotics engineer
2025/04/17 13:38:23 UTC,robotics engineer
2025/04/17 13:45:50 UTC,robotics engineer
2025/04/17 16:09:20 UTC,robotics intern
2025/04/17 16:12:57 UTC,research intern
2025/04/17 16:15:06 UTC,robotics intern
2025/04/17 16:31:31 UTC,robotics internship
2025/04/17 16:33:05 UTC,intern
2025/04/17 16:46:34 UTC,research intern
2025/04/17 17:05:40 UTC,robotics engineer
2025/04/17 19:26:15 UTC,intern
2025/04/18 00:13:43 UTC,ihub robotics
2025/04/18 00:14:01 UTC,ihub robotics
2025/04/18 02:37:17 UTC,robotics engineer
2025/04/18 03:06:51 UTC,robotics engineer
2025/04/18 03:11:26 UTC,robotics researcher
2025/04/18 03:15:34 UTC,robotics researcher
2025/04/18 03:20:34 UTC,robotics researcher
2025/04/18 03:25:51 UTC,robotics researcher
2025/04/18 06:11:19 UTC,intern
2025/04/18 06:13:22 UTC,robotics specialist
2025/04/18 06:25:03 UTC,robotics specialist
2025/04/18 07:12:58 UTC,internship
2025/04/18 09:08:58 UTC,intern
2025/04/18 09:37:17 UTC,intern
2025/04/18 10:31:54 UTC,robotics researcher
2025/04/18 10:35:47 UTC,robotics engineer
2025/04/18 10:53:53 UTC,robotics engineer
2025/04/18 11:10:17 UTC,robotics researcher
2025/04/18 11:33:35 UTC,ihub robotics
2025/04/18 12:13:09 UTC,robotics engineer
2025/04/18 12:17:00 UTC,robotics engineer
2025/04/18 13:38:17 UTC,robotics engineer
2025/04/18 13:41:34 UTC,intern
2025/04/18 13:43:07 UTC,robotics internship
2025/04/18 13:43:34 UTC,robotics engineer
2025/04/18 13:49:03 UTC,internship
2025/04/18 13:50:24 UTC,intern
2025/04/18 13:55:34 UTC,robotics intern
2025/04/18 14:07:57 UTC,robotics intern
2025/04/18 14:09:42 UTC,robotics specialist
2025/04/18 14:09:56 UTC,research intern
2025/04/18 16:18:18 UTC,robotics internship
2025/04/18 16:18:28 UTC,robotics intern
2025/04/18 16:36:23 UTC,intern
2025/04/18 16:46:50 UTC,robotics intern
2025/04/18 16:55:22 UTC,research intern
2025/04/18 19:47:41 UTC,robotics engineer
2025/04/18 22:07:38 UTC,intern
2025/04/19 00:15:21 UTC,ihub robotics
2025/04/19 00:30:36 UTC,ihub robotics
2025/04/19 00:56:36 UTC,ihub robotics
2025/04/19 01:32:31 UTC,ihub robotics
2025/04/19 03:07:20 UTC,robotics researcher
2025/04/19 03:10:30 UTC,robotics researcher
2025/04/19 03:12:49 UTC,robotics researcher
2025/04/19 03:17:58 UTC,robotics researcher
2025/04/19 05:16:09 UTC,robotics engineer
2025/04/19 05:46:56 UTC,robotics engineer
2025/04/19 06:28:30 UTC,robotics specialist
2025/04/19 06:32:40 UTC,intern
2025/04/19 07:10:51 UTC,internship
2025/04/19 09:17:51 UTC,intern
2025/04/19 09:21:13 UTC,intern
2025/04/19 10:26:32 UTC,robotics engineer
2025/04/19 10:54:37 UTC,micro ros
2025/04/19 10:54:39 UTC,diya susan mathew
2025/04/19 10:54:45 UTC,mathew george chunkathil
2025/04/19 11:53:20 UTC,crossclimb, by linkedin
2025/04/19 11:53:20 UTC,levin jeejan
2025/04/19 11:53:22 UTC,chandandeep singh
2025/04/19 11:54:57 UTC,Chandandeep Singh 10 ros projects
2025/04/19 11:54:58 UTC,Chandandeep Singh 10 ros projects
2025/04/19 11:55:00 UTC,Chandandeep Singh 10 ros projects
2025/04/19 11:55:02 UTC,Chandandeep Singh 10 ros projects
2025/04/19 12:10:57 UTC,chandandeep singh 10 ros projects
2025/04/19 12:10:58 UTC,chandandeep singh 10 ros projects
2025/04/19 12:11:03 UTC,chandandeep singh 10 ros projects beginner
2025/04/19 12:11:05 UTC,chandandeep singh 10 ros projects beginner
2025/04/19 12:11:10 UTC,chandandeep singh 10 ros projects beginner
2025/04/19 12:11:11 UTC,chandandeep singh 10 ros projects beginner
2025/04/19 12:20:31 UTC,robotics engineer
2025/04/19 12:29:57 UTC,robotics engineer
2025/04/19 12:58:21 UTC,tharun oommen jacob
2025/04/19 13:05:56 UTC,robotics researcher
2025/04/19 13:11:27 UTC,robotics engineer
2025/04/19 13:24:08 UTC,robotics engineer
2025/04/19 13:45:33 UTC,robotics researcher
2025/04/19 14:11:21 UTC,ihub robotics
2025/04/19 16:11:40 UTC,research intern
2025/04/19 16:14:10 UTC,robotics intern
2025/04/19 16:18:53 UTC,robotics internship
2025/04/19 16:18:55 UTC,intern
2025/04/19 16:19:24 UTC,robotics internship
2025/04/19 16:22:33 UTC,robotics intern
2025/04/19 16:26:28 UTC,internship
2025/04/19 16:27:12 UTC,intern
2025/04/19 16:29:34 UTC,intern
2025/04/19 16:32:16 UTC,robotics intern
2025/04/19 16:44:02 UTC,robotics intern
2025/04/19 16:45:57 UTC,robotics specialist
2025/04/19 16:46:38 UTC,research intern
2025/04/19 22:24:36 UTC,robotics engineer
2025/04/20 00:18:23 UTC,ihub robotics
2025/04/20 00:22:26 UTC,ihub robotics
2025/04/20 00:42:08 UTC,intern
2025/04/20 03:10:03 UTC,robotics researcher
2025/04/20 03:11:16 UTC,robotics researcher
2025/04/20 03:11:32 UTC,robotics researcher
2025/04/20 03:21:48 UTC,robotics researcher
2025/04/20 06:17:13 UTC,robotics specialist
2025/04/20 06:26:15 UTC,intern
2025/04/20 06:26:15 UTC,intern
2025/04/20 06:32:55 UTC,robotics specialist
2025/04/20 07:25:43 UTC,internship
2025/04/20 07:50:43 UTC,robotics engineer
2025/04/20 08:22:20 UTC,robotics engineer
2025/04/20 09:21:35 UTC,intern
2025/04/20 09:24:05 UTC,intern
2025/04/20 10:28:59 UTC,robotics engineer
2025/04/20 10:42:06 UTC,robotics engineer
2025/04/20 12:14:22 UTC,robotics engineer
2025/04/20 12:29:19 UTC,robotics engineer
2025/04/20 13:11:14 UTC,robotics engineer
2025/04/20 13:17:07 UTC,robotics engineer
2025/04/20 15:41:48 UTC,robotics researcher
2025/04/20 16:11:17 UTC,research intern
2025/04/20 16:15:38 UTC,intern
2025/04/20 16:18:57 UTC,robotics researcher
2025/04/20 16:22:30 UTC,robotics intern
2025/04/20 16:36:46 UTC,robotics intern
2025/04/20 16:38:27 UTC,robotics internship
2025/04/20 16:39:10 UTC,research intern
2025/04/20 16:47:33 UTC,robotics intern
2025/04/20 16:48:52 UTC,ihub robotics
2025/04/20 18:54:25 UTC,intern
2025/04/20 18:56:08 UTC,robotics internship
2025/04/20 19:03:02 UTC,internship
2025/04/20 19:05:37 UTC,intern
2025/04/20 19:11:36 UTC,robotics intern
2025/04/20 19:20:34 UTC,robotics intern
2025/04/20 19:23:09 UTC,robotics specialist
2025/04/20 19:24:12 UTC,research intern
2025/04/21 00:07:30 UTC,ihub robotics
2025/04/21 00:09:51 UTC,ihub robotics
2025/04/21 01:00:36 UTC,robotics engineer
2025/04/21 03:12:56 UTC,robotics researcher
2025/04/21 03:15:46 UTC,robotics researcher
2025/04/21 03:16:36 UTC,robotics researcher
2025/04/21 03:18:58 UTC,robotics researcher
2025/04/21 03:20:39 UTC,intern
2025/04/21 06:13:16 UTC,intern
2025/04/21 06:29:51 UTC,robotics specialist
2025/04/21 07:19:38 UTC,internship
2025/04/21 09:01:31 UTC,fathima ajmal
2025/04/21 09:26:06 UTC,Fathima Ajmal
2025/04/21 09:30:21 UTC,intern
2025/04/21 09:35:55 UTC,intern
2025/04/21 10:15:21 UTC,robotics engineer
2025/04/21 10:32:55 UTC,robotics engineer
2025/04/21 10:42:41 UTC,robotics engineer
2025/04/21 11:02:37 UTC,robotics engineer
2025/04/21 11:49:36 UTC,self employed
2025/04/21 11:49:42 UTC,self emplyoed
2025/04/21 11:49:47 UTC,self employed
2025/04/21 11:49:47 UTC,self employed
2025/04/21 11:49:49 UTC,self employed
2025/04/21 11:49:53 UTC,self employed
2025/04/21 12:17:30 UTC,robotics engineer
2025/04/21 12:45:19 UTC,robotics engineer
2025/04/21 13:19:38 UTC,robotics engineer
2025/04/21 13:23:06 UTC,robotics engineer
2025/04/21 16:09:29 UTC,robotics intern
2025/04/21 16:13:32 UTC,intern
2025/04/21 16:23:49 UTC,research intern
2025/04/21 16:39:19 UTC,robotics intern
2025/04/21 16:39:44 UTC,robotics internship
2025/04/21 16:42:58 UTC,research intern
2025/04/21 18:08:26 UTC,midhun mathew
2025/04/21 18:22:03 UTC,robotics researcher
2025/04/21 19:02:10 UTC,robotics researcher
2025/04/21 19:29:30 UTC,ihub robotics
2025/04/21 21:36:08 UTC,robotics internship
2025/04/21 21:36:17 UTC,intern
2025/04/21 21:43:22 UTC,internship
2025/04/21 21:45:22 UTC,intern
2025/04/21 21:50:54 UTC,robotics intern
2025/04/21 21:59:50 UTC,robotics intern
2025/04/21 22:03:06 UTC,research intern
2025/04/21 22:04:01 UTC,robotics specialist
2025/04/22 00:06:04 UTC,ihub robotics
2025/04/22 00:27:57 UTC,ihub robotics
2025/04/22 03:05:31 UTC,robotics researcher
2025/04/22 03:15:43 UTC,robotics researcher
2025/04/22 03:26:24 UTC,robotics researcher
2025/04/22 03:27:18 UTC,robotics researcher
2025/04/22 03:41:44 UTC,robotics engineer
2025/04/22 06:03:58 UTC,intern
2025/04/22 06:17:44 UTC,robotics specialist
2025/04/22 06:20:29 UTC,intern
2025/04/22 07:14:33 UTC,internship
2025/04/22 07:26:06 UTC,robotics specialist
2025/04/22 07:34:59 UTC,intern
2025/04/22 07:50:39 UTC,internship
2025/04/22 07:50:39 UTC,internship
2025/04/22 07:50:41 UTC,internship
2025/04/22 09:21:08 UTC,intern
2025/04/22 09:35:36 UTC,intern
2025/04/22 10:21:16 UTC,The Robotics Society Saintgits
2025/04/22 10:22:54 UTC,robotics engineer
2025/04/22 12:15:30 UTC,robotics engineer
2025/04/22 12:20:53 UTC,robotics engineer
2025/04/22 13:12:35 UTC,robotics engineer
2025/04/22 13:20:07 UTC,robotics engineer
2025/04/22 13:32:38 UTC,robotics engineer
2025/04/22 13:42:58 UTC,robotics engineer
2025/04/22 16:13:15 UTC,research intern
2025/04/22 16:25:55 UTC,robotics intern
2025/04/22 16:35:03 UTC,robotics internship
2025/04/22 16:38:34 UTC,intern
2025/04/22 16:54:45 UTC,robotics intern
2025/04/22 17:31:51 UTC,dr. hyunkoo kim
2025/04/22 17:31:54 UTC,chinthaka premachandra (ph.d)
2025/04/22 17:31:56 UTC,chinthaka premachandra (ph.d)
2025/04/22 21:10:30 UTC,robotics researcher
2025/04/22 21:51:43 UTC,robotics researcher
2025/04/22 22:19:33 UTC,ihub robotics
2025/04/23 00:07:19 UTC,ihub robotics
2025/04/23 00:14:30 UTC,ihub robotics
2025/04/23 00:25:12 UTC,robotics internship
2025/04/23 00:25:29 UTC,intern
2025/04/23 00:33:58 UTC,internship
2025/04/23 00:35:08 UTC,intern
2025/04/23 00:39:30 UTC,robotics intern
2025/04/23 00:48:15 UTC,robotics intern
2025/04/23 00:51:16 UTC,research intern
2025/04/23 00:52:24 UTC,robotics specialist
2025/04/23 03:31:12 UTC,robotics researcher
2025/04/23 03:37:40 UTC,robotics researcher
2025/04/23 03:45:22 UTC,robotics researcher
2025/04/23 03:47:00 UTC,robotics researcher
2025/04/23 06:14:34 UTC,robotics specialist
2025/04/23 06:29:50 UTC,robotics engineer
2025/04/23 06:32:39 UTC,intern
2025/04/23 07:11:10 UTC,internship
2025/04/23 07:56:54 UTC,internship
2025/04/23 07:56:54 UTC,internship
2025/04/23 07:56:56 UTC,internship
2025/04/23 07:56:59 UTC,internship
2025/04/23 07:56:59 UTC,research intern
2025/04/23 07:56:59 UTC,robotics intern
2025/04/23 07:56:59 UTC,self employed
2025/04/23 08:48:59 UTC,intern
2025/04/23 09:15:40 UTC,intern
2025/04/23 09:19:39 UTC,intern
2025/04/23 10:13:21 UTC,robotics engineer
2025/04/23 10:32:06 UTC,robotics engineer
2025/04/23 12:14:31 UTC,robotics engineer
2025/04/23 13:42:51 UTC,robotics engineer
2025/04/23 13:49:02 UTC,robotics engineer
2025/04/23 16:02:17 UTC,robotics engineer
2025/04/23 16:21:16 UTC,robotics intern
2025/04/23 16:30:18 UTC,robotics internship
2025/04/23 16:32:26 UTC,robotics intern
2025/04/23 16:33:36 UTC,robotics engineer
2025/04/23 16:36:22 UTC,research intern
2025/04/23 16:47:52 UTC,intern
2025/04/23 17:20:02 UTC,#robots
2025/04/23 18:43:41 UTC,aleks santari
2025/04/23 18:44:10 UTC,anandhu pradeep
2025/04/23 18:44:15 UTC,pradeep saintvits
2025/04/23 18:44:17 UTC,pradeep saintvits
2025/04/23 18:44:18 UTC,pradeep saintgits
2025/04/23 18:44:19 UTC,pradeep saintgits
2025/04/23 23:50:54 UTC,robotics researcher
2025/04/24 00:19:31 UTC,ihub robotics
2025/04/24 00:21:11 UTC,ihub robotics
2025/04/24 00:32:17 UTC,robotics researcher
2025/04/24 01:00:41 UTC,ihub robotics
2025/04/24 03:06:00 UTC,robotics internship
2025/04/24 03:06:03 UTC,intern
2025/04/24 03:13:15 UTC,internship
2025/04/24 03:14:23 UTC,intern
2025/04/24 03:19:22 UTC,robotics intern
2025/04/24 03:26:17 UTC,robotics researcher
2025/04/24 03:27:57 UTC,robotics intern
2025/04/24 03:31:17 UTC,research intern
2025/04/24 03:32:45 UTC,robotics specialist
2025/04/24 03:41:46 UTC,robotics researcher
2025/04/24 03:51:32 UTC,robotics researcher
2025/04/24 04:08:48 UTC,robotics researcher
2025/04/24 06:16:16 UTC,intern
2025/04/24 06:21:28 UTC,robotics specialist
2025/04/24 06:32:17 UTC,robotics specialist
2025/04/24 07:17:16 UTC,internship
2025/04/24 09:10:23 UTC,robotics engineer
2025/04/24 09:29:51 UTC,intern
2025/04/24 09:37:23 UTC,intern
2025/04/24 10:19:45 UTC,fathima ajmal
2025/04/24 10:19:45 UTC,fti consulting
2025/04/24 10:36:04 UTC,robotics engineer
2025/04/24 10:54:35 UTC,robotics engineer
2025/04/24 11:32:25 UTC,intern
2025/04/24 12:35:59 UTC,robotics engineer
2025/04/24 13:30:08 UTC,robotics engineer
2025/04/24 13:39:40 UTC,robotics engineer
2025/04/24 16:33:16 UTC,research intern
2025/04/24 16:33:56 UTC,robotics intern
2025/04/24 16:36:21 UTC,robotics intern
2025/04/24 16:44:59 UTC,intern
2025/04/24 16:47:37 UTC,robotics internship
2025/04/24 16:57:11 UTC,research intern
2025/04/24 18:41:07 UTC,robotics engineer
2025/04/24 19:12:25 UTC,robotics engineer
2025/04/25 01:53:56 UTC,ihub robotics
2025/04/25 02:29:39 UTC,robotics researcher
2025/04/25 03:11:46 UTC,robotics researcher
2025/04/25 03:12:37 UTC,robotics researcher
2025/04/25 03:38:54 UTC,ihub robotics
2025/04/25 03:42:56 UTC,robotics researcher
2025/04/25 03:53:31 UTC,robotics researcher
2025/04/25 05:44:44 UTC,robotics internship
2025/04/25 05:45:34 UTC,intern
2025/04/25 05:51:52 UTC,internship
2025/04/25 05:54:58 UTC,intern
2025/04/25 06:03:11 UTC,robotics intern
2025/04/25 06:10:09 UTC,robotics intern
2025/04/25 06:12:19 UTC,research intern
2025/04/25 06:14:36 UTC,robotics specialist
2025/04/25 06:14:56 UTC,robotics specialist
2025/04/25 06:35:30 UTC,intern
2025/04/25 07:07:35 UTC,robotics specialist
2025/04/25 09:41:16 UTC,intern
2025/04/25 10:05:45 UTC,intern
2025/04/25 10:13:04 UTC,robotics engineer
2025/04/25 10:18:43 UTC,ihub robotics
2025/04/25 11:51:27 UTC,robotics engineer
2025/04/25 12:18:26 UTC,robotics engineer
2025/04/25 13:06:36 UTC,robotics researcher
2025/04/25 13:52:40 UTC,robotics engineer
2025/04/25 14:14:24 UTC,intern
2025/04/25 16:10:23 UTC,robotics intern
2025/04/25 16:36:59 UTC,robotics intern
2025/04/25 16:58:41 UTC,intern
2025/04/25 17:02:04 UTC,robotics internship
2025/04/25 17:33:21 UTC,robotics intern
2025/04/25 17:33:22 UTC,robotics intern
2025/04/25 17:33:25 UTC,robotisim
2025/04/25 17:33:26 UTC,robotisim
2025/04/25 17:36:51 UTC,robotisim
2025/04/25 17:39:57 UTC,robotisim
2025/04/25 17:39:58 UTC,robotisim
2025/04/25 21:21:48 UTC,robotics engineer
2025/04/25 21:53:03 UTC,robotics engineer
2025/04/26 00:07:02 UTC,ihub robotics
2025/04/26 00:58:51 UTC,internship
2025/04/26 01:51:11 UTC,intern
2025/04/26 02:05:33 UTC,ihub robotics
2025/04/26 03:15:01 UTC,robotics researcher
2025/04/26 03:17:23 UTC,robotics researcher
2025/04/26 03:19:04 UTC,robotics researcher
2025/04/26 03:34:58 UTC,robotics researcher
2025/04/26 05:11:48 UTC,robotics researcher
2025/04/26 05:53:22 UTC,robotics researcher
2025/04/26 06:17:31 UTC,robotics specialist
2025/04/26 06:19:10 UTC,ihub robotics
2025/04/26 06:21:31 UTC,robotics engineer
2025/04/26 07:26:10 UTC,internship
2025/04/26 08:25:47 UTC,robotics internship
2025/04/26 08:27:57 UTC,intern
2025/04/26 08:33:33 UTC,internship
2025/04/26 08:35:03 UTC,intern
2025/04/26 08:43:10 UTC,robotics intern
2025/04/26 08:49:11 UTC,robotics intern
2025/04/26 08:50:40 UTC,research intern
2025/04/26 08:52:44 UTC,robotics specialist
2025/04/26 09:13:06 UTC,intern
2025/04/26 09:15:26 UTC,intern
2025/04/26 10:08:22 UTC,robotics engineer
2025/04/26 12:10:10 UTC,robotics engineer
2025/04/26 12:27:13 UTC,robotics engineer
2025/04/26 12:49:47 UTC,robotics engineer
2025/04/26 13:14:22 UTC,robotics engineer
2025/04/26 13:15:18 UTC,robotics engineer
2025/04/26 14:20:15 UTC,robotics engineer
2025/04/26 14:31:43 UTC,robotics engineer
2025/04/26 16:13:22 UTC,intern
2025/04/26 16:28:25 UTC,robotics internship
2025/04/26 16:32:52 UTC,robotics internship
2025/04/26 16:34:52 UTC,robotics intern
2025/04/26 16:37:01 UTC,robotics intern
2025/04/26 16:43:28 UTC,robotics intern
2025/04/26 16:43:30 UTC,robotics intern
2025/04/26 16:44:41 UTC,research intern
2025/04/26 16:51:39 UTC,intern
2025/04/26 16:54:55 UTC,research intern
2025/04/26 18:13:04 UTC,research intern
2025/04/26 19:22:53 UTC,research intern
2025/04/26 23:58:16 UTC,robotics engineer
2025/04/27 00:11:28 UTC,ihub robotics
2025/04/27 00:22:05 UTC,ihub robotics
2025/04/27 00:33:30 UTC,robotics engineer
2025/04/27 03:09:13 UTC,robotics researcher
2025/04/27 03:13:36 UTC,robotics researcher
2025/04/27 03:18:09 UTC,robotics researcher
2025/04/27 03:24:11 UTC,robotics researcher
2025/04/27 06:08:03 UTC,intern
2025/04/27 06:20:46 UTC,robotics specialist
2025/04/27 06:51:05 UTC,okay
2025/04/27 06:51:06 UTC,oka rakita exploration
2025/04/27 06:51:07 UTC,internet of things
2025/04/27 06:51:07 UTC,jonathan oktaviano frizzy
2025/04/27 06:51:11 UTC,top 10 coos india
2025/04/27 06:51:20 UTC,top 10 machine learning chandan deep singh
2025/04/27 06:51:21 UTC,top 10 machine learning chandan deep singh
2025/04/27 06:51:28 UTC,chandandeep singh 10 ros projects beginner
2025/04/27 06:51:31 UTC,chandandeep singh 10 ros projects
2025/04/27 06:51:35 UTC,chandandeep singh 10 rml projects
2025/04/27 06:51:36 UTC,chandandeep singh 10 rml projects
2025/04/27 06:51:36 UTC,chandandeep singh 10 rml projects
2025/04/27 06:51:38 UTC,chandandeep singh 10 rml projects
2025/04/27 06:51:44 UTC,chandandeep singh 10 projects
2025/04/27 06:51:45 UTC,chandandeep singh 10 projects
2025/04/27 07:07:49 UTC,internship
2025/04/27 07:49:19 UTC,robotics researcher
2025/04/27 08:30:37 UTC,robotics researcher
2025/04/27 08:58:11 UTC,ihub robotics
2025/04/27 09:08:38 UTC,intern
2025/04/27 09:21:55 UTC,intern
2025/04/27 10:08:19 UTC,robotics engineer
2025/04/27 11:05:32 UTC,robotics internship
2025/04/27 11:06:06 UTC,intern
2025/04/27 11:13:26 UTC,intern
2025/04/27 11:13:29 UTC,internship
2025/04/27 11:20:48 UTC,robotics intern
2025/04/27 11:28:08 UTC,robotics intern
2025/04/27 11:28:53 UTC,research intern
2025/04/27 11:31:39 UTC,robotics specialist
2025/04/27 12:19:24 UTC,robotics engineer
2025/04/27 12:26:23 UTC,robotics engineer
2025/04/27 13:28:54 UTC,robotics engineer
2025/04/27 13:33:37 UTC,robotics engineer
2025/04/27 16:19:26 UTC,robotics intern
2025/04/27 16:21:07 UTC,research intern
2025/04/27 16:27:28 UTC,robotics internship
2025/04/27 16:40:13 UTC,intern
2025/04/27 16:44:15 UTC,robotics intern
2025/04/27 17:10:02 UTC,robotics engineer
2025/04/27 19:30:14 UTC,intern
2025/04/28 00:04:14 UTC,ihub robotics
2025/04/28 01:57:12 UTC,ihub robotics
2025/04/28 02:36:06 UTC,robotics engineer
2025/04/28 03:09:08 UTC,robotics engineer
2025/04/28 03:12:16 UTC,robotics researcher
2025/04/28 03:26:26 UTC,robotics researcher
2025/04/28 03:28:24 UTC,robotics researcher
2025/04/28 04:20:33 UTC,robotics researcher
2025/04/28 04:44:49 UTC,intel internship
2025/04/28 04:44:51 UTC,intel internship
2025/04/28 04:44:51 UTC,intel internship
2025/04/28 04:44:52 UTC,intel internship
2025/04/28 04:44:52 UTC,internship
2025/04/28 04:44:52 UTC,research intern
2025/04/28 04:44:52 UTC,robotics intern
2025/04/28 04:44:52 UTC,self employed
2025/04/28 06:07:09 UTC,intern
2025/04/28 06:12:22 UTC,robotics specialist
2025/04/28 06:22:03 UTC,robotics specialist
2025/04/28 07:11:35 UTC,internship
2025/04/28 09:31:31 UTC,intern
2025/04/28 09:34:54 UTC,intern
2025/04/28 10:08:31 UTC,robotics engineer
2025/04/28 10:29:35 UTC,robotics researcher
2025/04/28 11:11:38 UTC,robotics researcher
2025/04/28 11:38:30 UTC,ihub robotics
2025/04/28 12:10:31 UTC,robotics engineer
2025/04/28 12:36:58 UTC,robotics engineer
2025/04/28 13:17:36 UTC,robotics engineer
2025/04/28 13:38:49 UTC,robotics engineer
2025/04/28 13:46:21 UTC,robotics internship
2025/04/28 13:48:15 UTC,intern
2025/04/28 13:55:55 UTC,internship
2025/04/28 13:55:59 UTC,intern
2025/04/28 14:02:44 UTC,robotics intern
2025/04/28 14:06:38 UTC,robotics intern
2025/04/28 14:10:54 UTC,research intern
2025/04/28 14:11:59 UTC,robotics specialist
2025/04/28 16:36:08 UTC,intern
2025/04/28 16:47:42 UTC,robotics internship
2025/04/28 16:48:15 UTC,research intern
2025/04/28 17:05:34 UTC,robotics intern
2025/04/28 19:51:46 UTC,robotics engineer
2025/04/28 22:12:09 UTC,intern
2025/04/28 23:44:08 UTC,robotics intern
2025/04/29 00:18:41 UTC,ihub robotics
2025/04/29 03:13:25 UTC,robotics researcher
2025/04/29 03:26:32 UTC,robotics researcher
2025/04/29 04:14:36 UTC,robotics researcher
2025/04/29 05:18:36 UTC,robotics engineer
2025/04/29 05:21:54 UTC,ihub robotics
2025/04/29 05:54:05 UTC,robotics engineer
2025/04/29 06:11:49 UTC,intern
2025/04/29 06:42:02 UTC,robotics specialist
2025/04/29 07:13:36 UTC,intern
2025/04/29 07:18:45 UTC,internship
2025/04/29 09:31:13 UTC,intern
2025/04/29 10:00:35 UTC,robotics researcher
2025/04/29 11:11:01 UTC,intern
2025/04/29 12:52:40 UTC,robotics engineer
2025/04/29 13:13:50 UTC,robotics researcher
2025/04/29 13:22:18 UTC,robotics engineer
2025/04/29 13:54:15 UTC,robotics researcher
2025/04/29 14:03:52 UTC,robotics engineer
2025/04/29 14:21:26 UTC,ihub robotics
2025/04/29 16:26:44 UTC,robotics intern
2025/04/29 16:28:00 UTC,robotics internship
2025/04/29 16:30:32 UTC,intern
2025/04/29 16:30:53 UTC,research intern
2025/04/29 16:35:37 UTC,robotics intern
2025/04/29 16:37:59 UTC,intern
2025/04/29 16:39:47 UTC,internship
2025/04/29 16:46:03 UTC,robotics intern
2025/04/29 16:48:53 UTC,robotics intern
2025/04/29 16:49:08 UTC,research intern
2025/04/29 16:51:30 UTC,robotics internship
2025/04/29 16:53:20 UTC,research intern
2025/04/29 16:55:09 UTC,robotics specialist
2025/04/29 17:00:08 UTC,intern
2025/04/29 17:26:09 UTC,robotics intern
2025/04/29 22:36:13 UTC,robotics engineer
2025/04/30 00:12:22 UTC,ihub robotics
2025/04/30 00:20:04 UTC,ihub robotics
2025/04/30 00:55:01 UTC,intern
2025/04/30 03:07:45 UTC,robotics researcher
2025/04/30 03:09:45 UTC,robotics researcher
2025/04/30 03:10:44 UTC,robotics researcher
2025/04/30 03:25:30 UTC,robotics researcher
2025/04/30 06:07:26 UTC,robotics specialist
2025/04/30 06:40:36 UTC,intern
2025/04/30 06:46:53 UTC,robotics specialist
2025/04/30 07:15:17 UTC,internship
2025/04/30 08:01:56 UTC,robotics engineer
2025/04/30 08:32:33 UTC,taiwan
2025/04/30 08:32:36 UTC,taiwan ceo
2025/04/30 08:32:36 UTC,taiwan tech arena (tta)
2025/04/30 08:32:41 UTC,taiwan robotics
2025/04/30 08:32:42 UTC,taiwan robotics
2025/04/30 08:36:21 UTC,robotics engineer
2025/04/30 09:21:27 UTC,intern
2025/04/30 09:30:07 UTC,intern
2025/04/30 10:36:33 UTC,robotics engineer
2025/04/30 10:42:59 UTC,robotics engineer
2025/04/30 12:12:42 UTC,robotics engineer
2025/04/30 13:27:22 UTC,robotics engineer
2025/04/30 13:34:23 UTC,robotics engineer
2025/04/30 14:45:09 UTC,fathima ajmal
2025/04/30 14:45:12 UTC,abhishek gupta
2025/04/30 14:45:19 UTC,abhishek saini
2025/04/30 14:45:21 UTC,abhishek Saintgits
2025/04/30 14:45:22 UTC,abhishek Saintgits
2025/04/30 14:45:30 UTC,saintgits iedc
2025/04/30 14:45:34 UTC,bdes Saintgits
2025/04/30 14:45:35 UTC,bdes Saintgits
2025/04/30 14:46:05 UTC,bdes Saintgits
2025/04/30 14:46:05 UTC,bdes Saintgits
2025/04/30 15:35:13 UTC,#School
2025/04/30 15:36:30 UTC,university of michigan robotics department
2025/04/30 15:36:31 UTC,university of michigan robotics department
2025/04/30 15:36:32 UTC,university of michigan robotics department
2025/04/30 15:39:03 UTC,university of michigan robotics department
2025/04/30 15:40:14 UTC,university of michigan robotics department
2025/04/30 15:40:18 UTC,heerthi raja h
2025/04/30 15:40:18 UTC,hrishwan palaparambil sajeev
2025/04/30 15:40:21 UTC,micro ros
2025/04/30 15:40:23 UTC,top 10 machine learning chandan deep singh
2025/04/30 15:40:30 UTC,robotics taiwan universities
2025/04/30 15:40:31 UTC,robotics taiwan universities
2025/04/30 15:41:42 UTC,robotics taiwan universities
2025/04/30 15:41:55 UTC,robotics japan universities
2025/04/30 15:41:56 UTC,robotics japan universities
2025/04/30 15:42:28 UTC,robotics japan universities
2025/04/30 15:42:28 UTC,robotics japan universities
2025/04/30 15:42:29 UTC,robotics japan universities
2025/04/30 15:42:30 UTC,robotics japan universities
2025/04/30 15:53:40 UTC,robotics researcher
2025/04/30 16:13:57 UTC,research intern
2025/04/30 16:29:55 UTC,robotics intern
2025/04/30 16:31:20 UTC,robotics intern
2025/04/30 16:35:14 UTC,robotics researcher
2025/04/30 16:45:22 UTC,robotics intern
2025/04/30 16:48:53 UTC,intern
2025/04/30 16:57:23 UTC,robotics internship
2025/04/30 17:01:53 UTC,ihub robotics
2025/04/30 19:11:45 UTC,robotics internship
2025/04/30 19:14:09 UTC,intern
2025/04/30 19:21:49 UTC,intern
2025/04/30 19:23:26 UTC,internship
2025/04/30 19:28:47 UTC,robotics intern
2025/04/30 19:31:53 UTC,robotics intern
2025/04/30 19:37:13 UTC,research intern
2025/04/30 19:40:16 UTC,robotics specialist
2025/05/01 00:09:19 UTC,ihub robotics
2025/05/01 00:15:38 UTC,ihub robotics
2025/05/01 01:20:27 UTC,robotics engineer
2025/05/01 03:11:45 UTC,robotics researcher
2025/05/01 03:21:17 UTC,robotics researcher
2025/05/01 03:38:28 UTC,intern
2025/05/01 04:03:59 UTC,robotics researcher
2025/05/01 04:27:59 UTC,robotics researcher
2025/05/01 06:12:32 UTC,intern
2025/05/01 06:14:54 UTC,robotics specialist
2025/05/01 07:59:12 UTC,internship
2025/05/01 09:34:55 UTC,intern
2025/05/01 10:15:44 UTC,robotics engineer
2025/05/01 10:43:08 UTC,robotics engineer
2025/05/01 11:21:13 UTC,robotics engineer
2025/05/01 12:27:06 UTC,robotics engineer
2025/05/01 13:11:59 UTC,robotics engineer
2025/05/01 13:15:04 UTC,karthikesh robotics private limited
2025/05/01 13:15:05 UTC,karthikesh robotics private limited
2025/05/01 13:32:16 UTC,enzo ghisoni
2025/05/01 13:42:08 UTC,enzo ghisoni
2025/05/01 13:45:21 UTC,enzo ghisoni
2025/05/01 15:43:52 UTC,KarthiKesh Robotics Private Limited
2025/05/01 15:43:53 UTC,KarthiKesh Robotics Private Limited
2025/05/01 16:17:13 UTC,robotics intern
2025/05/01 16:21:31 UTC,robotics internship
2025/05/01 16:24:21 UTC,robotics intern
2025/05/01 16:28:44 UTC,1st phorm international
2025/05/01 16:31:42 UTC,research intern
2025/05/01 16:45:41 UTC,intern
2025/05/01 16:47:34 UTC,robotics intern
2025/05/01 17:09:50 UTC,robotics internship
2025/05/01 18:34:36 UTC,robotics researcher
2025/05/01 19:18:26 UTC,robotics researcher
2025/05/01 19:44:14 UTC,ihub robotics
2025/05/01 21:52:05 UTC,robotics internship
2025/05/01 21:54:01 UTC,intern
2025/05/01 22:01:34 UTC,intern
2025/05/01 22:03:05 UTC,internship
2025/05/01 22:08:57 UTC,robotics intern
2025/05/01 22:09:56 UTC,robotics intern
2025/05/01 22:10:30 UTC,robotics engineer
2025/05/01 22:10:34 UTC,robotics engineer
2025/05/01 22:10:47 UTC,robotics researcher
2025/05/01 22:11:06 UTC,internship
2025/05/01 22:13:58 UTC,intern
2025/05/01 22:14:51 UTC,intern
2025/05/01 22:15:15 UTC,ihub robotics
2025/05/01 22:15:44 UTC,robotics specialist
2025/05/01 22:18:24 UTC,research intern
2025/05/01 22:19:27 UTC,robotics internship
2025/05/01 22:19:46 UTC,robotics specialist
2025/05/01 22:25:01 UTC,robotics intern
2025/05/01 22:25:07 UTC,robotics researcher
2025/05/01 23:04:16 UTC,robotics engineer
2025/05/02 00:16:22 UTC,ihub robotics
2025/05/02 03:09:51 UTC,robotics researcher
2025/05/02 03:21:41 UTC,robotics researcher
2025/05/02 04:02:04 UTC,robotics engineer
2025/05/02 06:21:18 UTC,intern
2025/05/02 07:18:27 UTC,internship
2025/05/02 09:11:21 UTC,intern
2025/05/02 10:13:24 UTC,robotics engineer
2025/05/02 12:30:39 UTC,robotics engineer
2025/05/02 13:15:00 UTC,robotics engineer
2025/05/02 13:26:52 UTC,robotics engineer
2025/05/02 14:02:10 UTC,robotics engineer
2025/05/02 16:28:01 UTC,research intern
2025/05/02 16:30:49 UTC,robotics intern
2025/05/02 16:45:54 UTC,intern
2025/05/02 16:51:03 UTC,robotics intern
2025/05/02 16:56:34 UTC,robotics internship
2025/05/02 21:18:18 UTC,robotics researcher
2025/05/02 22:01:06 UTC,robotics researcher
2025/05/02 22:21:11 UTC,intern
2025/05/02 22:25:07 UTC,internship
2025/05/02 22:25:45 UTC,robotics engineer
2025/05/02 22:25:58 UTC,ihub robotics
2025/05/02 22:26:22 UTC,intern
2025/05/02 22:28:16 UTC,robotics researcher
2025/05/02 22:29:31 UTC,ihub robotics
2025/05/02 22:30:02 UTC,robotics specialist
2025/05/03 00:11:16 UTC,ihub robotics
2025/05/03 00:37:12 UTC,robotics internship
2025/05/03 00:38:07 UTC,intern
2025/05/03 00:40:44 UTC,robotics specialist
2025/05/03 00:44:47 UTC,intern
2025/05/03 00:46:41 UTC,internship
2025/05/03 00:51:28 UTC,robotics intern
2025/05/03 00:55:44 UTC,robotics intern
2025/05/03 01:02:09 UTC,research intern
2025/05/03 01:02:21 UTC,robotics specialist
2025/05/03 01:59:29 UTC,robotics researcher
2025/05/03 03:16:57 UTC,robotics researcher
2025/05/03 03:19:50 UTC,robotics researcher
2025/05/03 06:31:11 UTC,robotics specialist
2025/05/03 06:43:56 UTC,robotics engineer
2025/05/03 07:33:59 UTC,internship
2025/05/03 09:01:04 UTC,intern
2025/05/03 09:10:54 UTC,intern
2025/05/03 10:37:08 UTC,robotics engineer
2025/05/03 12:20:11 UTC,robotics engineer
2025/05/03 13:19:50 UTC,robotics engineer
2025/05/03 16:08:26 UTC,intern
2025/05/03 16:08:31 UTC,robotics engineer
2025/05/03 16:11:13 UTC,robotics intern
2025/05/03 16:22:14 UTC,robotics internship
2025/05/03 16:29:23 UTC,research intern
2025/05/03 16:34:15 UTC,robotics intern
2025/05/03 16:43:40 UTC,robotics engineer
2025/05/03 22:13:36 UTC,intern
2025/05/03 22:18:41 UTC,internship
2025/05/03 22:19:21 UTC,ihub robotics
2025/05/03 22:21:03 UTC,intern
2025/05/03 22:24:25 UTC,robotics specialist
2025/05/03 22:32:30 UTC,robotics engineer
2025/05/03 22:33:19 UTC,robotics researcher
2025/05/03 22:36:19 UTC,robotics engineer
2025/05/03 23:57:37 UTC,robotics researcher
2025/05/04 00:25:10 UTC,ihub robotics
2025/05/04 00:41:36 UTC,robotics researcher
2025/05/04 01:07:27 UTC,ihub robotics
2025/05/04 03:15:12 UTC,robotics internship
2025/05/04 03:16:19 UTC,intern
2025/05/04 03:17:53 UTC,robotics researcher
2025/05/04 03:22:12 UTC,robotics researcher
2025/05/04 03:22:51 UTC,intern
2025/05/04 03:23:34 UTC,internship
2025/05/04 03:28:23 UTC,robotics intern
2025/05/04 03:34:16 UTC,robotics intern
2025/05/04 03:38:28 UTC,research intern
2025/05/04 03:41:22 UTC,robotics specialist
2025/05/04 06:29:34 UTC,abhishek saintgits
2025/05/04 06:29:38 UTC,abhishek saintgits
2025/05/04 06:29:45 UTC,abhishek s
2025/05/04 06:29:46 UTC,abhishek s
2025/05/04 06:32:15 UTC,robotics specialist
2025/05/04 07:14:07 UTC,internship
2025/05/04 09:25:04 UTC,robotics engineer
2025/05/04 09:28:36 UTC,intern
2025/05/04 10:09:24 UTC,robotics engineer
2025/05/04 11:42:20 UTC,intern
2025/05/04 12:13:18 UTC,robotics engineer
2025/05/04 16:17:24 UTC,robotics internship
2025/05/04 16:20:55 UTC,intern
2025/05/04 16:24:17 UTC,robotics intern
2025/05/04 16:31:26 UTC,robotics intern
2025/05/04 16:35:31 UTC,research intern
2025/05/04 18:47:59 UTC,robotics engineer
2025/05/04 19:24:22 UTC,robotics engineer
2025/05/04 22:09:54 UTC,robotics engineer
2025/05/04 22:16:02 UTC,internship
2025/05/04 22:17:21 UTC,robotics researcher
2025/05/04 22:19:03 UTC,robotics engineer
2025/05/04 22:26:17 UTC,ihub robotics
2025/05/04 22:26:49 UTC,research intern
2025/05/04 22:27:15 UTC,robotics specialist
2025/05/04 22:27:54 UTC,robotics researcher
2025/05/04 22:28:23 UTC,robotics engineer
2025/05/04 22:28:41 UTC,intern
2025/05/04 22:29:49 UTC,intern
2025/05/05 00:11:05 UTC,ihub robotics
2025/05/05 02:37:03 UTC,robotics researcher
2025/05/05 03:21:50 UTC,robotics researcher
2025/05/05 03:27:16 UTC,robotics researcher
2025/05/05 03:33:03 UTC,robotics researcher
2025/05/05 03:46:58 UTC,ihub robotics
2025/05/05 05:53:48 UTC,robotics internship
2025/05/05 05:58:30 UTC,intern
2025/05/05 06:01:27 UTC,intern
2025/05/05 06:06:08 UTC,internship
2025/05/05 06:10:12 UTC,robotics intern
2025/05/05 06:15:52 UTC,robotics intern
2025/05/05 06:18:42 UTC,research intern
2025/05/05 06:23:19 UTC,robotics specialist
2025/05/05 07:26:18 UTC,internship
2025/05/05 09:28:54 UTC,intern
2025/05/05 10:12:37 UTC,robotics engineer
2025/05/05 12:06:08 UTC,robotics engineer
2025/05/05 12:40:56 UTC,robotics engineer
2025/05/05 13:25:46 UTC,robotics engineer
2025/05/05 14:22:07 UTC,intern
2025/05/05 16:17:23 UTC,research intern
2025/05/05 16:36:55 UTC,robotics internship
2025/05/05 16:49:13 UTC,intern
2025/05/05 16:50:33 UTC,robotics intern
2025/05/05 19:28:05 UTC,robotics researcher
2025/05/05 21:27:49 UTC,robotics engineer
2025/05/05 22:00:49 UTC,robotics engineer
2025/05/05 22:05:55 UTC,robotics engineer
2025/05/05 22:07:53 UTC,robotics engineer
2025/05/05 22:11:13 UTC,robotics researcher
2025/05/05 22:17:39 UTC,ihub robotics
2025/05/05 22:19:45 UTC,robotics intern
2025/05/05 22:19:53 UTC,robotics engineer
2025/05/05 22:24:24 UTC,robotics researcher
2025/05/05 22:25:57 UTC,intern
2025/05/05 22:26:53 UTC,robotics engineer
2025/05/05 22:28:20 UTC,robotics specialist
2025/05/05 22:28:56 UTC,internship
2025/05/05 22:33:12 UTC,intern
2025/05/05 22:33:26 UTC,research intern
2025/05/06 00:21:50 UTC,ihub robotics
2025/05/06 03:25:34 UTC,robotics researcher
2025/05/06 04:11:23 UTC,robotics researcher
2025/05/06 05:18:29 UTC,robotics researcher
2025/05/06 06:02:09 UTC,robotics researcher
2025/05/06 06:13:21 UTC,robotics specialist
2025/05/06 06:29:36 UTC,ihub robotics
2025/05/06 07:25:51 UTC,internship
2025/05/06 08:37:40 UTC,robotics internship
2025/05/06 08:42:01 UTC,intern
2025/05/06 08:45:22 UTC,intern
2025/05/06 08:49:46 UTC,internship
2025/05/06 08:54:50 UTC,robotics intern
2025/05/06 08:58:57 UTC,robotics intern
2025/05/06 09:02:32 UTC,research intern
2025/05/06 09:08:12 UTC,robotics specialist
2025/05/06 09:36:04 UTC,intern
2025/05/06 10:34:08 UTC,robotics engineer
2025/05/06 12:26:07 UTC,robotics engineer
2025/05/06 13:24:33 UTC,robotics engineer
2025/05/06 14:47:25 UTC,robotics engineer
2025/05/06 16:10:58 UTC,intern
2025/05/06 16:13:56 UTC,robotics intern
2025/05/06 16:23:31 UTC,robotics intern
2025/05/06 16:29:12 UTC,research intern
2025/05/06 16:31:50 UTC,robotics internship
2025/05/06 17:05:04 UTC,intern
2025/05/06 22:13:24 UTC,intern
2025/05/06 22:15:24 UTC,internship
2025/05/06 22:19:16 UTC,intern
2025/05/06 22:21:02 UTC,robotics researcher
2025/05/06 22:22:00 UTC,robotics engineer
2025/05/06 22:28:19 UTC,robotics researcher
2025/05/06 22:30:49 UTC,ihub robotics
2025/05/06 22:34:21 UTC,robotics specialist
2025/05/07 00:08:29 UTC,robotics engineer
2025/05/07 00:36:44 UTC,ihub robotics
2025/05/07 00:46:25 UTC,robotics engineer
2025/05/07 03:12:22 UTC,robotics researcher
2025/05/07 03:14:01 UTC,robotics researcher
2025/05/07 07:57:51 UTC,intern
2025/05/07 07:59:25 UTC,robotics researcher
2025/05/07 08:42:50 UTC,robotics researcher
2025/05/07 09:03:09 UTC,robotics intern
2025/05/07 09:12:24 UTC,ihub robotics
2025/05/07 09:17:35 UTC,internship
2025/05/07 09:38:57 UTC,intern
2025/05/07 10:19:39 UTC,robotics engineer
2025/05/07 11:18:08 UTC,robotics internship
2025/05/07 11:22:29 UTC,intern
2025/05/07 11:25:30 UTC,intern
2025/05/07 11:29:56 UTC,internship
2025/05/07 11:34:02 UTC,robotics intern
2025/05/07 11:37:50 UTC,robotics intern
2025/05/07 11:41:26 UTC,research intern
2025/05/07 11:48:52 UTC,robotics specialist
2025/05/07 12:30:27 UTC,robotics engineer
2025/05/07 13:45:13 UTC,robotics engineer
2025/05/07 16:38:49 UTC,robotics intern
2025/05/07 16:48:38 UTC,intern
2025/05/07 16:51:06 UTC,robotics internship
2025/05/07 16:53:00 UTC,research intern
2025/05/07 17:04:57 UTC,jognic's
2025/05/07 17:04:58 UTC,dr. roshy john
2025/05/07 17:05:00 UTC,john felix
2025/05/07 17:05:01 UTC,john felix
2025/05/07 17:05:03 UTC,john felix
2025/05/07 17:10:33 UTC,ibm
2025/05/07 17:10:37 UTC,international internships
2025/05/07 17:10:53 UTC,international internships robotics
2025/05/07 17:12:05 UTC,international internships robotics
2025/05/07 17:12:07 UTC,international internships robotics
2025/05/07 17:12:08 UTC,international internships robotics
2025/05/07 17:12:09 UTC,international internships robotics
2025/05/07 17:12:11 UTC,international internships robotics
2025/05/07 17:12:12 UTC,international internships robotics
2025/05/07 17:35:38 UTC,robotics engineer
2025/05/07 19:13:56 UTC,john felix
2025/05/07 19:13:58 UTC,john felix
2025/05/07 19:54:30 UTC,intern
2025/05/07 22:11:41 UTC,robotics specialist
2025/05/07 22:15:21 UTC,robotics researcher
2025/05/07 22:21:15 UTC,robotics intern
2025/05/07 22:21:42 UTC,robotics researcher
2025/05/07 22:21:55 UTC,intern
2025/05/07 22:23:26 UTC,robotics engineer
2025/05/07 22:24:49 UTC,research intern
2025/05/07 22:30:10 UTC,robotics intern
2025/05/08 00:23:49 UTC,ihub robotics
2025/05/08 01:53:15 UTC,robotics engineer
2025/05/08 02:03:37 UTC,ihub robotics
2025/05/08 03:02:15 UTC,robotics engineer
2025/05/08 03:03:34 UTC,internship
2025/05/08 03:06:24 UTC,intern
2025/05/08 03:27:24 UTC,robotics researcher
2025/05/08 03:37:36 UTC,robotics engineer
2025/05/08 04:12:38 UTC,robotics engineer
2025/05/08 06:29:27 UTC,robotics specialist
2025/05/08 06:50:59 UTC,robotics researcher
2025/05/08 07:11:15 UTC,internship
2025/05/08 09:31:30 UTC,intern
2025/05/08 10:37:56 UTC,robotics engineer
2025/05/08 10:50:34 UTC,robotics researcher
2025/05/08 11:33:36 UTC,robotics researcher
2025/05/08 12:05:43 UTC,ihub robotics
2025/05/08 12:36:18 UTC,robotics engineer
2025/05/08 13:30:49 UTC,robotics engineer
2025/05/08 14:10:04 UTC,robotics internship
2025/05/08 14:15:04 UTC,intern
2025/05/08 14:18:17 UTC,intern
2025/05/08 14:21:44 UTC,internship
2025/05/08 14:25:55 UTC,robotics intern
2025/05/08 14:30:31 UTC,robotics intern
2025/05/08 14:33:19 UTC,research intern
2025/05/08 14:39:32 UTC,robotics specialist
2025/05/08 16:32:12 UTC,intern
2025/05/08 16:34:21 UTC,robotics internship
2025/05/08 16:45:49 UTC,research intern
2025/05/08 16:48:46 UTC,robotics intern
2025/05/08 16:52:45 UTC,robotics intern
2025/05/08 20:20:27 UTC,robotics engineer
2025/05/08 22:08:16 UTC,ihub robotics
2025/05/08 22:11:10 UTC,robotics researcher
2025/05/08 22:14:24 UTC,robotics intern
2025/05/08 22:14:59 UTC,internship
2025/05/08 22:15:53 UTC,robotics researcher
2025/05/08 22:19:15 UTC,robotics engineer
2025/05/08 22:22:14 UTC,intern
2025/05/08 22:24:12 UTC,intern
2025/05/08 22:25:18 UTC,robotics specialist
2025/05/08 22:39:55 UTC,robotics engineer
2025/05/08 23:00:18 UTC,intern
2025/05/09 02:37:50 UTC,ihub robotics
2025/05/09 03:42:06 UTC,robotics researcher
2025/05/09 05:38:43 UTC,robotics researcher
2025/05/09 06:00:39 UTC,robotics engineer
2025/05/09 06:35:07 UTC,robotics engineer
2025/05/09 07:12:30 UTC,internship
2025/05/09 08:16:18 UTC,internship
2025/05/09 08:16:18 UTC,internship
2025/05/09 08:16:34 UTC,internship
2025/05/09 09:38:33 UTC,intern
2025/05/09 10:22:34 UTC,robotics engineer
2025/05/09 12:56:06 UTC,robotics engineer
2025/05/09 13:34:03 UTC,robotics engineer
2025/05/09 14:18:05 UTC,robotics researcher
2025/05/09 14:59:18 UTC,robotics researcher
2025/05/09 15:33:34 UTC,ihub robotics
2025/05/09 16:25:45 UTC,robotics intern
2025/05/09 16:47:28 UTC,intern
2025/05/09 16:49:05 UTC,research intern
2025/05/09 16:50:13 UTC,robotics intern
2025/05/09 16:55:32 UTC,robotics internship
2025/05/09 17:39:03 UTC,robotics internship
2025/05/09 17:43:25 UTC,intern
2025/05/09 17:45:34 UTC,intern
2025/05/09 17:48:17 UTC,internship
2025/05/09 17:53:12 UTC,robotics intern
2025/05/09 17:59:54 UTC,robotics intern
2025/05/09 18:01:22 UTC,research intern
2025/05/09 18:06:12 UTC,robotics specialist
2025/05/09 22:07:29 UTC,robotics researcher
2025/05/09 22:07:46 UTC,robotics engineer
2025/05/09 22:09:45 UTC,robotics engineer
2025/05/09 22:12:27 UTC,intern
2025/05/09 22:14:52 UTC,ihub robotics
2025/05/09 22:15:01 UTC,robotics researcher
2025/05/09 22:23:58 UTC,robotics engineer
2025/05/09 22:26:07 UTC,intern
2025/05/09 22:28:56 UTC,internship
2025/05/09 22:29:03 UTC,robotics specialist
2025/05/09 23:43:54 UTC,robotics engineer
2025/05/10 00:24:43 UTC,ihub robotics
2025/05/10 02:04:34 UTC,intern
2025/05/10 03:17:20 UTC,robotics researcher
2025/05/10 03:19:19 UTC,robotics researcher
2025/05/10 07:30:53 UTC,internship
2025/05/10 09:04:19 UTC,robotics engineer
2025/05/10 09:29:03 UTC,intern
2025/05/10 09:38:33 UTC,robotics engineer
2025/05/10 10:39:54 UTC,robotics engineer
2025/05/10 12:32:44 UTC,robotics engineer
2025/05/10 13:30:42 UTC,robotics engineer
2025/05/10 16:11:13 UTC,robotics intern
2025/05/10 16:16:28 UTC,robotics internship
2025/05/10 16:24:04 UTC,research intern
2025/05/10 16:24:30 UTC,intern
2025/05/10 16:25:30 UTC,robotics intern
2025/05/10 16:54:51 UTC,robotics researcher
2025/05/10 17:34:34 UTC,robotics researcher
2025/05/10 18:08:27 UTC,ihub robotics
2025/05/10 20:12:57 UTC,robotics internship
2025/05/10 20:19:17 UTC,intern
2025/05/10 20:21:17 UTC,intern
2025/05/10 20:24:35 UTC,internship
2025/05/10 20:28:25 UTC,robotics intern
2025/05/10 20:34:05 UTC,robotics intern
2025/05/10 20:35:33 UTC,research intern
2025/05/10 20:42:54 UTC,robotics specialist
2025/05/10 22:09:47 UTC,internship
2025/05/10 22:15:49 UTC,robotics researcher
2025/05/10 22:21:21 UTC,robotics specialist
2025/05/10 22:23:12 UTC,intern
2025/05/10 22:23:49 UTC,robotics engineer
2025/05/10 22:26:18 UTC,ihub robotics
2025/05/10 22:28:02 UTC,robotics researcher
2025/05/10 22:29:34 UTC,robotics engineer
2025/05/10 22:29:41 UTC,intern
2025/05/11 00:14:35 UTC,ihub robotics
2025/05/11 02:18:09 UTC,robotics engineer
2025/05/11 03:17:19 UTC,robotics researcher
2025/05/11 03:19:48 UTC,robotics researcher
2025/05/11 04:36:45 UTC,intern
2025/05/11 07:18:48 UTC,internship
2025/05/11 09:16:26 UTC,intern
2025/05/11 10:22:12 UTC,robotics engineer
2025/05/11 11:36:29 UTC,robotics engineer
2025/05/11 12:12:30 UTC,robotics engineer
2025/05/11 12:12:49 UTC,robotics engineer
2025/05/11 13:10:56 UTC,robotics engineer
2025/05/11 16:24:43 UTC,robotics intern
2025/05/11 16:31:26 UTC,research intern
2025/05/11 16:33:03 UTC,robotics internship
2025/05/11 16:39:51 UTC,robotics intern
2025/05/11 16:45:43 UTC,intern
2025/05/11 19:29:38 UTC,robotics researcher
2025/05/11 20:08:43 UTC,robotics researcher
2025/05/11 20:43:03 UTC,ihub robotics
2025/05/11 22:09:32 UTC,robotics engineer
2025/05/11 22:09:47 UTC,robotics engineer
2025/05/11 22:11:28 UTC,robotics intern
2025/05/11 22:13:21 UTC,robotics specialist
2025/05/11 22:15:12 UTC,robotics researcher
2025/05/11 22:16:03 UTC,intern
2025/05/11 22:17:13 UTC,intern
2025/05/11 22:21:47 UTC,robotics researcher
2025/05/11 22:23:27 UTC,research intern
2025/05/11 22:26:12 UTC,robotics engineer
2025/05/11 22:28:16 UTC,ihub robotics
2025/05/11 22:28:32 UTC,internship
2025/05/11 22:45:31 UTC,robotics internship
2025/05/11 22:54:25 UTC,intern
2025/05/11 22:55:57 UTC,intern
2025/05/11 22:59:03 UTC,internship
2025/05/11 23:00:01 UTC,robotics intern
2025/05/11 23:09:24 UTC,research intern
2025/05/11 23:09:30 UTC,robotics intern
2025/05/11 23:17:00 UTC,robotics specialist
2025/05/12 00:16:38 UTC,ihub robotics
2025/05/12 03:20:23 UTC,robotics researcher
2025/05/12 03:29:29 UTC,robotics researcher
2025/05/12 04:58:55 UTC,robotics engineer
2025/05/12 06:12:48 UTC,robotics specialist
2025/05/12 07:10:24 UTC,internship
2025/05/12 07:26:29 UTC,intern
2025/05/12 09:36:11 UTC,intern
2025/05/12 10:36:29 UTC,robotics engineer
2025/05/12 12:55:01 UTC,robotics engineer
2025/05/12 13:27:57 UTC,robotics engineer
2025/05/12 14:27:50 UTC,robotics engineer
2025/05/12 15:03:30 UTC,robotics engineer
2025/05/12 16:23:12 UTC,intern
2025/05/12 16:33:11 UTC,robotics intern
2025/05/12 16:44:25 UTC,robotics intern
2025/05/12 16:47:15 UTC,robotics internship
2025/05/12 16:58:57 UTC,research intern
2025/05/12 22:07:00 UTC,robotics intern
2025/05/12 22:09:13 UTC,intern
2025/05/12 22:11:04 UTC,robotics researcher
2025/05/12 22:16:17 UTC,robotics engineer
2025/05/12 22:18:25 UTC,robotics engineer
2025/05/12 22:19:04 UTC,robotics researcher
2025/05/12 22:19:10 UTC,ihub robotics
2025/05/12 22:20:12 UTC,intern
2025/05/12 22:25:36 UTC,robotics researcher
2025/05/12 22:28:00 UTC,internship
2025/05/12 22:29:15 UTC,robotics specialist
2025/05/12 23:03:49 UTC,robotics researcher
2025/05/12 23:35:35 UTC,ihub robotics
2025/05/13 00:15:03 UTC,ihub robotics
2025/05/13 01:39:40 UTC,robotics internship
2025/05/13 01:49:36 UTC,intern
2025/05/13 01:50:19 UTC,intern
2025/05/13 01:51:01 UTC,internship
2025/05/13 01:54:37 UTC,robotics intern
2025/05/13 02:04:03 UTC,research intern
2025/05/13 02:06:03 UTC,robotics intern
2025/05/13 02:10:06 UTC,robotics specialist
2025/05/13 04:10:25 UTC,robotics researcher
2025/05/13 04:18:03 UTC,robotics researcher
2025/05/13 07:09:43 UTC,internship
2025/05/13 07:48:12 UTC,robotics engineer
2025/05/13 09:22:30 UTC,intern
2025/05/13 10:04:42 UTC,intern
2025/05/13 10:31:11 UTC,robotics engineer
2025/05/13 12:53:44 UTC,robotics engineer
2025/05/13 13:23:04 UTC,robotics engineer
2025/05/13 16:14:01 UTC,intern
2025/05/13 16:31:46 UTC,research intern
2025/05/13 16:32:14 UTC,robotics internship
2025/05/13 16:37:54 UTC,robotics intern
2025/05/13 16:51:37 UTC,robotics intern
2025/05/13 17:11:15 UTC,robotics engineer
2025/05/13 17:45:36 UTC,robotics engineer
2025/05/13 22:10:43 UTC,internship
2025/05/13 22:20:48 UTC,robotics intern
2025/05/13 22:20:48 UTC,robotics specialist
2025/05/13 22:21:07 UTC,intern
2025/05/13 22:23:11 UTC,robotics engineer
2025/05/13 22:42:53 UTC,robotics researcher
2025/05/13 23:23:52 UTC,ihub robotics
2025/05/13 23:24:05 UTC,intern
2025/05/13 23:25:16 UTC,robotics engineer
2025/05/13 23:48:22 UTC,robotics researcher
2025/05/14 00:12:55 UTC,ihub robotics
2025/05/14 01:28:54 UTC,robotics researcher
2025/05/14 02:08:05 UTC,robotics researcher
2025/05/14 02:42:19 UTC,ihub robotics
2025/05/14 03:20:49 UTC,robotics researcher
2025/05/14 03:29:23 UTC,robotics researcher
2025/05/14 04:44:59 UTC,robotics internship
2025/05/14 04:53:50 UTC,intern
2025/05/14 04:54:45 UTC,intern
2025/05/14 04:56:27 UTC,internship
2025/05/14 04:59:42 UTC,robotics intern
2025/05/14 05:10:40 UTC,robotics intern
2025/05/14 05:11:14 UTC,research intern
2025/05/14 05:14:39 UTC,robotics specialist
2025/05/14 07:17:03 UTC,internship
2025/05/14 09:07:46 UTC,intern
2025/05/14 10:19:15 UTC,robotics engineer
2025/05/14 10:50:39 UTC,robotics engineer
2025/05/14 12:17:01 UTC,robotics engineer
2025/05/14 13:08:57 UTC,robotics engineer
2025/05/14 13:12:48 UTC,intern
2025/05/14 16:54:14 UTC,robotics intern
2025/05/14 16:55:52 UTC,robotics internship
2025/05/14 17:00:23 UTC,intern
2025/05/14 17:03:48 UTC,robotics intern
2025/05/14 17:20:13 UTC,research intern
2025/05/14 20:17:02 UTC,robotics engineer
2025/05/14 20:52:10 UTC,robotics engineer
2025/05/14 22:08:11 UTC,intern
2025/05/14 22:09:11 UTC,robotics intern
2025/05/14 22:13:26 UTC,internship
2025/05/14 22:13:43 UTC,robotics researcher
2025/05/14 22:13:59 UTC,robotics engineer
2025/05/14 22:16:31 UTC,robotics engineer
2025/05/14 22:17:21 UTC,ihub robotics
2025/05/14 22:19:09 UTC,robotics researcher
2025/05/14 22:20:49 UTC,intern
2025/05/14 22:24:46 UTC,robotics engineer
2025/05/14 22:27:20 UTC,robotics specialist
2025/05/14 22:28:55 UTC,research intern
2025/05/15 00:19:36 UTC,ihub robotics
2025/05/15 03:23:12 UTC,robotics researcher
2025/05/15 03:25:49 UTC,robotics researcher
2025/05/15 04:09:52 UTC,robotics researcher
2025/05/15 04:47:05 UTC,robotics researcher
2025/05/15 05:33:29 UTC,ihub robotics
2025/05/15 06:35:30 UTC,robotics specialist
2025/05/15 07:43:33 UTC,robotics internship
2025/05/15 07:55:18 UTC,intern
2025/05/15 07:55:39 UTC,internship
2025/05/15 07:56:13 UTC,intern
2025/05/15 07:56:37 UTC,internship
2025/05/15 08:00:53 UTC,robotics intern
2025/05/15 08:11:06 UTC,robotics intern
2025/05/15 08:11:33 UTC,research intern
2025/05/15 08:15:41 UTC,robotics specialist
2025/05/15 09:25:16 UTC,intern
2025/05/15 10:50:20 UTC,robotics engineer
2025/05/15 12:37:29 UTC,robotics engineer
2025/05/15 13:37:09 UTC,robotics engineer
2025/05/15 14:40:33 UTC,robotics engineer
2025/05/15 16:14:52 UTC,robotics intern
2025/05/15 16:23:06 UTC,robotics internship
2025/05/15 16:24:08 UTC,research intern
2025/05/15 16:39:48 UTC,robotics intern
2025/05/15 16:49:42 UTC,intern
2025/05/15 16:57:21 UTC,intern
2025/05/15 22:09:00 UTC,intern
2025/05/15 22:15:01 UTC,robotics specialist
2025/05/15 22:16:45 UTC,internship
2025/05/15 22:16:55 UTC,ihub robotics
2025/05/15 22:17:04 UTC,robotics engineer
2025/05/15 22:17:30 UTC,robotics researcher
2025/05/15 22:21:30 UTC,intern
2025/05/15 22:26:30 UTC,robotics engineer
2025/05/15 22:27:20 UTC,robotics researcher
2025/05/15 22:30:05 UTC,robotics engineer
2025/05/16 00:01:16 UTC,robotics engineer
2025/05/16 00:36:33 UTC,robotics engineer
2025/05/16 00:56:15 UTC,ihub robotics
2025/05/16 03:10:19 UTC,robotics researcher
2025/05/16 03:12:49 UTC,robotics researcher
2025/05/16 07:18:45 UTC,internship
2025/05/16 07:56:20 UTC,robotics researcher
2025/05/16 08:33:15 UTC,robotics researcher
2025/05/16 09:07:51 UTC,ihub robotics
2025/05/16 09:34:07 UTC,intern
2025/05/16 10:10:23 UTC,fablab engineering india pvt ltd
2025/05/16 10:10:28 UTC,fablab baramati
2025/05/16 10:18:20 UTC,robotics engineer
2025/05/16 11:09:18 UTC,robotics internship
2025/05/16 11:21:10 UTC,internship
2025/05/16 11:22:04 UTC,intern
2025/05/16 11:23:02 UTC,intern
2025/05/16 11:26:41 UTC,robotics intern
2025/05/16 11:37:04 UTC,research intern
2025/05/16 11:38:02 UTC,robotics intern
2025/05/16 11:42:03 UTC,robotics specialist
2025/05/16 12:54:59 UTC,robotics engineer
2025/05/16 13:33:10 UTC,robotics engineer
2025/05/16 16:15:40 UTC,robotics internship
2025/05/16 16:33:15 UTC,research intern
2025/05/16 16:38:36 UTC,robotics intern
2025/05/16 16:39:51 UTC,robotics intern
2025/05/16 16:57:15 UTC,intern
2025/05/16 16:59:49 UTC,open robotics
2025/05/16 16:59:49 UTC,opencv
2025/05/16 16:59:50 UTC,open robotics
2025/05/16 17:18:55 UTC,robotics engineer
2025/05/16 19:37:28 UTC,intern
2025/05/16 22:12:52 UTC,robotics engineer
2025/05/16 22:14:54 UTC,research intern
2025/05/16 22:15:15 UTC,robotics researcher
2025/05/16 22:17:44 UTC,intern
2025/05/16 22:24:22 UTC,robotics specialist
2025/05/16 22:24:23 UTC,robotics engineer
2025/05/16 22:28:07 UTC,internship
2025/05/16 22:38:21 UTC,robotics researcher
2025/05/16 22:42:07 UTC,intern
2025/05/16 22:48:43 UTC,ihub robotics
2025/05/17 00:09:06 UTC,ihub robotics
2025/05/17 02:51:17 UTC,robotics engineer
2025/05/17 03:23:10 UTC,robotics researcher
2025/05/17 03:23:22 UTC,robotics researcher
2025/05/17 03:25:58 UTC,robotics engineer
2025/05/17 07:22:33 UTC,internship
2025/05/17 09:16:58 UTC,intern
2025/05/17 10:32:34 UTC,robotics engineer
2025/05/17 10:40:16 UTC,robotics researcher
2025/05/17 11:20:13 UTC,robotics researcher
2025/05/17 11:51:58 UTC,ihub robotics
2025/05/17 12:09:36 UTC,robotics engineer
2025/05/17 13:25:54 UTC,robotics engineer
2025/05/17 13:54:50 UTC,robotics internship
2025/05/17 14:07:06 UTC,internship
2025/05/17 14:08:39 UTC,intern
2025/05/17 14:08:53 UTC,intern
2025/05/17 14:11:47 UTC,robotics intern
2025/05/17 14:22:31 UTC,research intern
2025/05/17 14:24:45 UTC,robotics intern
2025/05/17 14:25:33 UTC,robotics specialist
2025/05/17 16:18:57 UTC,robotics intern
2025/05/17 16:19:07 UTC,robotics intern
2025/05/17 16:33:37 UTC,robotics internship
2025/05/17 16:35:04 UTC,intern
2025/05/17 16:44:56 UTC,research intern
2025/05/17 20:05:34 UTC,robotics engineer
2025/05/17 22:08:07 UTC,intern
2025/05/17 22:10:09 UTC,robotics engineer
2025/05/17 22:10:37 UTC,internship
2025/05/17 22:13:02 UTC,robotics researcher
2025/05/17 22:17:29 UTC,research intern
2025/05/17 22:20:33 UTC,robotics intern
2025/05/17 22:22:10 UTC,ihub robotics
2025/05/17 22:23:30 UTC,intern
2025/05/17 22:24:18 UTC,robotics specialist
2025/05/17 22:26:45 UTC,robotics researcher
2025/05/17 22:27:49 UTC,intern
2025/05/18 00:23:47 UTC,ihub robotics
2025/05/18 03:32:34 UTC,robotics researcher
2025/05/18 03:34:40 UTC,robotics researcher
2025/05/18 05:28:55 UTC,robotics engineer
2025/05/18 06:03:30 UTC,robotics engineer
2025/05/18 07:19:21 UTC,internship
2025/05/18 09:09:52 UTC,intern
2025/05/18 10:34:53 UTC,robotics engineer
2025/05/18 12:13:14 UTC,robotics engineer
2025/05/18 12:18:42 UTC,ABaja Saintgits
2025/05/18 12:18:43 UTC,ABaja Saintgits
2025/05/18 12:18:55 UTC,The Robotics Society SAINTGITS
2025/05/18 13:21:34 UTC,robotics researcher
2025/05/18 13:31:53 UTC,robotics engineer
2025/05/18 13:59:29 UTC,robotics researcher
2025/05/18 14:33:09 UTC,ihub robotics
2025/05/18 16:14:14 UTC,robotics intern
2025/05/18 16:25:11 UTC,intern
2025/05/18 16:28:57 UTC,robotics intern
2025/05/18 16:29:49 UTC,robotics internship
2025/05/18 16:35:06 UTC,robotics internship
2025/05/18 16:45:11 UTC,research intern
2025/05/18 16:47:36 UTC,internship
2025/05/18 16:48:49 UTC,intern
2025/05/18 16:48:51 UTC,intern
2025/05/18 16:49:11 UTC,robotics intern
2025/05/18 17:02:49 UTC,research intern
2025/05/18 17:05:24 UTC,robotics intern
2025/05/18 17:06:35 UTC,robotics specialist
2025/05/18 22:25:36 UTC,robotics researcher
2025/05/18 22:26:00 UTC,robotics engineer
2025/05/18 22:28:19 UTC,intern
2025/05/18 22:29:50 UTC,robotics researcher
2025/05/18 22:39:36 UTC,research intern
2025/05/18 22:39:52 UTC,robotics specialist
2025/05/18 22:39:55 UTC,robotics engineer
2025/05/18 22:40:23 UTC,intern
2025/05/18 22:40:23 UTC,internship
2025/05/18 22:43:30 UTC,robotics engineer
2025/05/18 22:45:53 UTC,ihub robotics
2025/05/18 22:46:39 UTC,robotics engineer
2025/05/19 00:30:43 UTC,ihub robotics
2025/05/19 01:05:12 UTC,intern
2025/05/19 03:25:38 UTC,robotics researcher
2025/05/19 03:26:58 UTC,robotics researcher
2025/05/19 06:16:37 UTC,robotics specialist
2025/05/19 07:36:09 UTC,internship
2025/05/19 08:08:45 UTC,robotics engineer
2025/05/19 08:46:20 UTC,robotics engineer
2025/05/19 09:34:16 UTC,intern
2025/05/19 10:14:41 UTC,robotics engineer
2025/05/19 12:21:00 UTC,robotics engineer
2025/05/19 13:45:15 UTC,robotics engineer
2025/05/19 15:59:50 UTC,robotics researcher
2025/05/19 16:11:12 UTC,intern
2025/05/19 16:12:29 UTC,research intern
2025/05/19 16:14:12 UTC,robotics intern
2025/05/19 16:17:49 UTC,robotics intern
2025/05/19 16:36:46 UTC,robotics internship
2025/05/19 16:40:24 UTC,robotics researcher
2025/05/19 17:12:16 UTC,ihub robotics
2025/05/19 19:18:43 UTC,robotics internship
2025/05/19 19:30:07 UTC,robotics intern
2025/05/19 19:30:09 UTC,internship
2025/05/19 19:30:53 UTC,intern
2025/05/19 19:32:01 UTC,intern
2025/05/19 19:46:33 UTC,research intern
2025/05/19 19:47:41 UTC,robotics intern
2025/05/19 19:48:14 UTC,robotics specialist
2025/05/19 22:13:33 UTC,robotics specialist
2025/05/19 22:13:34 UTC,robotics researcher
2025/05/19 22:15:51 UTC,internship
2025/05/19 22:16:04 UTC,intern
2025/05/19 22:21:27 UTC,robotics engineer
2025/05/19 22:22:36 UTC,intern
2025/05/19 22:23:21 UTC,robotics engineer
2025/05/19 22:25:06 UTC,research intern
2025/05/19 22:27:33 UTC,robotics researcher
2025/05/19 22:27:51 UTC,ihub robotics
2025/05/20 00:17:31 UTC,ihub robotics
2025/05/20 01:32:05 UTC,robotics engineer
2025/05/20 03:17:45 UTC,robotics researcher
2025/05/20 03:27:20 UTC,robotics researcher
2025/05/20 03:52:23 UTC,intern
2025/05/20 07:29:38 UTC,internship
2025/05/20 07:45:43 UTC,robotics specialist
2025/05/20 09:15:46 UTC,intern
2025/05/20 10:13:48 UTC,robotics engineer
2025/05/20 10:52:54 UTC,robotics engineer
2025/05/20 11:29:02 UTC,robotics engineer
2025/05/20 12:15:00 UTC,robotics engineer
2025/05/20 13:11:55 UTC,robotics engineer
2025/05/20 16:11:01 UTC,robotics intern
2025/05/20 16:24:08 UTC,research intern
2025/05/20 16:27:14 UTC,robotics intern
2025/05/20 16:32:26 UTC,robotics internship
2025/05/20 16:46:20 UTC,intern
2025/05/20 19:03:35 UTC,robotics researcher
2025/05/20 19:43:08 UTC,robotics researcher
2025/05/20 20:13:19 UTC,ihub robotics
2025/05/20 22:18:29 UTC,robotics internship
2025/05/20 22:22:39 UTC,robotics researcher
2025/05/20 22:28:01 UTC,robotics engineer
2025/05/20 22:29:05 UTC,robotics intern
2025/05/20 22:29:05 UTC,robotics researcher
2025/05/20 22:29:10 UTC,internship
2025/05/20 22:30:45 UTC,intern
2025/05/20 22:30:46 UTC,intern
2025/05/20 22:32:27 UTC,research intern
2025/05/20 22:33:15 UTC,intern
2025/05/20 22:36:08 UTC,internship
2025/05/20 22:36:36 UTC,robotics intern
2025/05/20 22:38:25 UTC,robotics specialist
2025/05/20 22:46:37 UTC,robotics intern
2025/05/20 22:47:37 UTC,research intern
2025/05/20 22:47:40 UTC,robotics specialist
2025/05/20 22:49:37 UTC,robotics engineer
2025/05/20 22:53:45 UTC,ihub robotics
2025/05/20 22:53:55 UTC,intern
2025/05/20 23:19:48 UTC,robotics engineer
2025/05/21 00:13:05 UTC,ihub robotics
2025/05/21 03:20:56 UTC,robotics researcher
2025/05/21 03:21:31 UTC,robotics researcher
2025/05/21 04:33:11 UTC,robotics engineer
2025/05/21 06:51:48 UTC,intern
2025/05/21 07:14:23 UTC,internship
2025/05/21 09:32:57 UTC,intern
2025/05/21 10:20:37 UTC,robotics engineer
2025/05/21 12:44:39 UTC,robotics engineer
2025/05/21 13:29:06 UTC,robotics engineer
2025/05/21 13:52:32 UTC,robotics engineer
2025/05/21 14:28:18 UTC,robotics engineer
2025/05/21 16:33:00 UTC,intern
2025/05/21 16:38:21 UTC,research intern
2025/05/21 16:40:02 UTC,robotics intern
2025/05/21 16:42:01 UTC,robotics internship
2025/05/21 17:19:13 UTC,robotics intern
2025/05/21 21:48:25 UTC,robotics researcher
2025/05/21 22:14:20 UTC,robotics researcher
2025/05/21 22:15:20 UTC,robotics intern
2025/05/21 22:16:45 UTC,intern
2025/05/21 22:18:56 UTC,robotics internship
2025/05/21 22:25:03 UTC,robotics engineer
2025/05/21 22:25:26 UTC,robotics engineer
2025/05/21 22:27:27 UTC,ihub robotics
2025/05/21 22:30:09 UTC,internship
2025/05/21 22:30:36 UTC,robotics researcher
2025/05/21 22:31:31 UTC,robotics specialist
2025/05/21 22:37:15 UTC,robotics engineer
2025/05/21 22:43:31 UTC,robotics researcher
2025/05/21 22:57:50 UTC,ihub robotics
2025/05/22 00:14:51 UTC,ihub robotics
2025/05/22 01:02:45 UTC,robotics internship
2025/05/22 01:12:29 UTC,robotics intern
2025/05/22 01:12:52 UTC,internship
2025/05/22 01:16:01 UTC,intern
2025/05/22 01:19:33 UTC,intern
2025/05/22 01:30:17 UTC,robotics intern
2025/05/22 01:32:49 UTC,robotics specialist
2025/05/22 01:34:31 UTC,research intern
2025/05/22 03:17:23 UTC,robotics researcher
2025/05/22 03:18:15 UTC,robotics researcher
2025/05/22 04:58:46 UTC,intern
2025/05/22 06:08:06 UTC,chandandeep singh
2025/05/22 06:08:47 UTC,enzo ghisoni
2025/05/22 06:08:49 UTC,emersion cyriac
2025/05/22 06:39:55 UTC,robotics specialist
2025/05/22 07:13:38 UTC,robotics engineer
2025/05/22 07:53:54 UTC,internship
2025/05/22 09:27:17 UTC,intern
2025/05/22 09:32:02 UTC,intern
2025/05/22 10:49:30 UTC,robotics engineer
2025/05/22 12:33:53 UTC,robotics engineer
2025/05/22 13:17:50 UTC,robotics engineer
2025/05/22 15:57:17 UTC,karthikesh robotics private limited
2025/05/22 15:57:19 UTC,karthikesh j g
2025/05/22 15:57:19 UTC,karthikesh robotics private limited
2025/05/22 15:57:20 UTC,karthikesh robotics private limited
2025/05/22 15:57:21 UTC,karthikesh robotics private limited
2025/05/22 16:13:47 UTC,robotics intern
2025/05/22 16:23:34 UTC,intern
2025/05/22 16:31:21 UTC,robotics internship
2025/05/22 16:36:49 UTC,robotics engineer
2025/05/22 16:47:41 UTC,robotics intern
2025/05/22 16:48:38 UTC,research intern
2025/05/22 16:53:21 UTC,sidhan shamil m
2025/05/22 16:53:21 UTC,sidharth sajith
2025/05/22 16:53:25 UTC,siddhant kumar
2025/05/22 16:53:28 UTC,siddhant k more
2025/05/22 16:53:28 UTC,snigdha sidhan
2025/05/22 16:53:32 UTC,snigdha sidhan
2025/05/22 17:10:53 UTC,robotics engineer
2025/05/22 23:15:42 UTC,robotics specialist
2025/05/22 23:17:47 UTC,robotics researcher
2025/05/22 23:31:02 UTC,robotics engineer
2025/05/23 00:10:26 UTC,ihub robotics
2025/05/23 00:31:25 UTC,robotics researcher
2025/05/23 00:31:56 UTC,internship
2025/05/23 01:12:16 UTC,robotics researcher
2025/05/23 01:40:31 UTC,ihub robotics
2025/05/23 03:22:16 UTC,robotics researcher
2025/05/23 03:24:38 UTC,robotics researcher
2025/05/23 03:39:53 UTC,robotics engineer
2025/05/23 03:46:36 UTC,robotics internship
2025/05/23 03:53:47 UTC,robotics intern
2025/05/23 03:56:24 UTC,internship
2025/05/23 03:58:43 UTC,intern
2025/05/23 04:01:38 UTC,intern
2025/05/23 04:05:39 UTC,robotics intern
2025/05/23 04:11:35 UTC,robotics intern
2025/05/23 04:13:13 UTC,robotics specialist
2025/05/23 04:17:20 UTC,research intern
2025/05/23 04:25:55 UTC,ihub robotics
2025/05/23 04:35:08 UTC,intern
2025/05/23 06:03:27 UTC,intern
2025/05/23 06:28:27 UTC,robotics specialist
2025/05/23 07:36:36 UTC,internship
2025/05/23 07:56:08 UTC,robotics engineer
2025/05/23 08:02:49 UTC,intern
2025/05/23 09:42:26 UTC,intern
2025/05/23 09:51:46 UTC,robotics engineer
2025/05/23 10:31:00 UTC,naremdrq modi
2025/05/23 10:31:02 UTC,naremdrq modi
2025/05/23 10:31:02 UTC,naremdrq modi
2025/05/23 10:31:03 UTC,naremdrq modi
2025/05/23 10:33:47 UTC,robotics researcher
2025/05/23 10:34:17 UTC,robotics engineer
2025/05/23 12:21:00 UTC,intern
2025/05/23 12:42:57 UTC,robotics engineer
2025/05/23 12:42:57 UTC,robotics engineer
2025/05/23 12:42:57 UTC,robotics engineer
2025/05/23 12:42:57 UTC,robotics engineer
2025/05/23 12:42:59 UTC,robotics engineer
2025/05/23 12:43:00 UTC,robotics engineer
2025/05/23 13:12:52 UTC,robotics engineer
2025/05/23 16:23:52 UTC,robotics internship
2025/05/23 16:38:11 UTC,robotics intern
2025/05/23 16:41:24 UTC,robotics intern
2025/05/23 16:50:04 UTC,intern
2025/05/23 16:51:24 UTC,research intern
2025/05/23 19:41:28 UTC,robotics engineer
2025/05/23 19:52:25 UTC,robotics engineer
2025/05/23 20:33:54 UTC,robotics engineer
2025/05/23 22:06:19 UTC,research intern
2025/05/23 22:10:23 UTC,robotics specialist
2025/05/23 22:13:50 UTC,robotics engineer
2025/05/23 22:14:17 UTC,internship
2025/05/23 22:19:05 UTC,robotics researcher
2025/05/23 22:20:51 UTC,robotics researcher
2025/05/23 22:22:25 UTC,intern
2025/05/23 22:26:25 UTC,intern
2025/05/23 22:27:00 UTC,ihub robotics
2025/05/24 00:11:09 UTC,ihub robotics
2025/05/24 03:06:56 UTC,robotics researcher
2025/05/24 03:21:16 UTC,robotics researcher
2025/05/24 03:59:18 UTC,robotics researcher
2025/05/24 04:38:49 UTC,robotics researcher
2025/05/24 05:08:15 UTC,ihub robotics
2025/05/24 07:13:04 UTC,robotics internship
2025/05/24 07:20:27 UTC,robotics intern
2025/05/24 07:22:54 UTC,internship
2025/05/24 07:25:48 UTC,intern
2025/05/24 07:28:21 UTC,intern
2025/05/24 07:29:42 UTC,internship
2025/05/24 07:38:53 UTC,robotics intern
2025/05/24 07:41:02 UTC,robotics specialist
2025/05/24 07:43:04 UTC,research intern
2025/05/24 09:28:42 UTC,intern
2025/05/24 10:32:24 UTC,robotics engineer
2025/05/24 12:09:49 UTC,robotics engineer
2025/05/24 13:22:52 UTC,robotics engineer
2025/05/24 13:31:37 UTC,robotics engineer
2025/05/24 15:43:02 UTC,intern
2025/05/24 16:13:22 UTC,robotics intern
2025/05/24 16:28:37 UTC,robotics internship
2025/05/24 16:29:39 UTC,intern
2025/05/24 16:33:34 UTC,robotics intern
2025/05/24 16:38:40 UTC,research intern
2025/05/24 22:07:26 UTC,ihub robotics
2025/05/24 22:11:07 UTC,robotics engineer
2025/05/24 22:11:39 UTC,robotics engineer
2025/05/24 22:13:24 UTC,intern
2025/05/24 22:16:38 UTC,internship
2025/05/24 22:18:50 UTC,robotics researcher
2025/05/24 22:22:38 UTC,robotics specialist
2025/05/24 22:25:44 UTC,robotics researcher
2025/05/24 22:26:32 UTC,intern
2025/05/24 22:45:29 UTC,robotics engineer
2025/05/24 23:19:19 UTC,robotics engineer
2025/05/25 00:21:07 UTC,ihub robotics
2025/05/25 03:11:48 UTC,robotics researcher
2025/05/25 03:27:25 UTC,robotics researcher
2025/05/25 06:37:41 UTC,robotics researcher
2025/05/25 07:13:58 UTC,internship
2025/05/25 07:15:47 UTC,robotics researcher
2025/05/25 07:48:22 UTC,ihub robotics
2025/05/25 09:13:19 UTC,intern
2025/05/25 09:50:09 UTC,robotics internship
2025/05/25 09:59:20 UTC,robotics intern
2025/05/25 10:02:20 UTC,internship
2025/05/25 10:04:58 UTC,intern
2025/05/25 10:06:47 UTC,intern
2025/05/25 10:18:27 UTC,robotics intern
2025/05/25 10:19:42 UTC,robotics specialist
2025/05/25 10:21:46 UTC,robotics engineer
2025/05/25 10:22:27 UTC,research intern
2025/05/25 12:15:15 UTC,robotics engineer
2025/05/25 13:13:28 UTC,robotics engineer
2025/05/25 16:00:37 UTC,robotics engineer
2025/05/25 16:09:33 UTC,research intern
2025/05/25 16:11:23 UTC,robotics intern
2025/05/25 16:19:04 UTC,intern
2025/05/25 16:23:29 UTC,robotics internship
2025/05/25 16:44:13 UTC,robotics intern
2025/05/25 18:21:00 UTC,intern
2025/05/25 22:10:38 UTC,robotics researcher
2025/05/25 22:11:58 UTC,robotics engineer
2025/05/25 22:13:05 UTC,robotics researcher
2025/05/25 22:14:32 UTC,intern
2025/05/25 22:17:30 UTC,research intern
2025/05/25 22:31:55 UTC,robotics specialist
2025/05/25 22:35:40 UTC,intern
2025/05/25 22:40:23 UTC,ihub robotics
2025/05/25 22:42:21 UTC,robotics engineer
2025/05/25 22:42:33 UTC,robotics engineer
2025/05/25 22:42:38 UTC,internship
2025/05/26 00:11:43 UTC,ihub robotics
2025/05/26 01:25:03 UTC,robotics engineer
2025/05/26 02:00:07 UTC,robotics engineer
2025/05/26 03:16:04 UTC,robotics researcher
2025/05/26 03:28:23 UTC,robotics researcher
2025/05/26 05:57:30 UTC,The Robotics Society SAINTGITS
2025/05/26 06:04:50 UTC,the robotics society of india - saintgits chapter
2025/05/26 06:04:52 UTC,the robotics society of india - saintgits chapter
2025/05/26 06:04:53 UTC,the robotics society of india - saintgits chapter
2025/05/26 06:38:11 UTC,the robotics society of india - saintgits chapter
2025/05/26 06:38:17 UTC,rov groups
2025/05/26 06:38:22 UTC,the robotics society saintgits
2025/05/26 06:38:22 UTC,the robotics society saintgits
2025/05/26 06:39:50 UTC,the robotics society of india - saintgits chapter
2025/05/26 06:39:50 UTC,the robotics society of india - saintgits chapter
2025/05/26 07:16:13 UTC,internship
2025/05/26 08:01:18 UTC,abaja saintgits
2025/05/26 08:01:18 UTC,abaja saintgits
2025/05/26 08:01:27 UTC,the robotics society of india - saintgits chapter
2025/05/26 08:01:28 UTC,the robotics society of india - saintgits chapter
2025/05/26 08:01:28 UTC,the robotics society of india - saintgits chapter
2025/05/26 08:18:29 UTC,the robotics society asiet
2025/05/26 08:18:29 UTC,the robotics society asiet
2025/05/26 08:18:30 UTC,the robotics society asiet
2025/05/26 08:18:39 UTC,the robotics society of india - saintgits chapter
2025/05/26 09:17:34 UTC,ABaja Saintgits
2025/05/26 09:17:35 UTC,ABaja Saintgits
2025/05/26 09:17:37 UTC,ABaja Saintgits
2025/05/26 09:19:51 UTC,robotics researcher
2025/05/26 09:22:08 UTC,intern
2025/05/26 09:54:26 UTC,robotics researcher
2025/05/26 10:27:19 UTC,robotics engineer
2025/05/26 10:27:20 UTC,ihub robotics
2025/05/26 12:17:12 UTC,the robotics society of india - saintgits chapter
2025/05/26 12:17:14 UTC,robotics saintgits
2025/05/26 12:17:14 UTC,robotics saintgits
2025/05/26 12:30:22 UTC,robotics internship
2025/05/26 12:35:40 UTC,robotics intern
2025/05/26 12:39:57 UTC,internship
2025/05/26 12:43:31 UTC,intern
2025/05/26 12:44:09 UTC,intern
2025/05/26 12:50:35 UTC,robotics engineer
2025/05/26 12:56:57 UTC,robotics intern
2025/05/26 12:56:58 UTC,robotics specialist
2025/05/26 12:57:36 UTC,research intern
2025/05/26 13:31:13 UTC,the robotics society of india - saintgits chapter
2025/05/26 13:31:14 UTC,the robotics society of india - saintgits chapter
2025/05/26 13:31:15 UTC,the robotics society of india - saintgits chapter
2025/05/26 13:33:22 UTC,robotics saintgits
2025/05/26 13:33:23 UTC,robotics saintgits
2025/05/26 13:33:45 UTC,The Robotics Society of India - SAINTGITS Chapter
2025/05/26 13:33:45 UTC,The Robotics Society of India - SAINTGITS Chapter
2025/05/26 13:33:46 UTC,The Robotics Society of India - SAINTGITS Chapter
2025/05/26 13:33:54 UTC,robotics engineer
2025/05/26 14:24:41 UTC,The Robotics Society of India - SAINTGITS Chapter
2025/05/26 14:24:42 UTC,The Robotics Society of India - SAINTGITS Chapter
2025/05/26 14:24:43 UTC,The Robotics Society of India - SAINTGITS Chapter
2025/05/26 14:55:50 UTC,The Robotics Society of India - SAINTGITS Chapter
2025/05/26 14:55:51 UTC,The Robotics Society of India - SAINTGITS Chapter
2025/05/26 14:55:52 UTC,The Robotics Society of India - SAINTGITS Chapter
2025/05/26 16:17:49 UTC,research intern
2025/05/26 16:24:49 UTC,robotics intern
2025/05/26 16:30:42 UTC,robotics intern
2025/05/26 16:41:34 UTC,robotics internship
2025/05/26 16:45:35 UTC,intern
2025/05/26 18:46:29 UTC,robotics engineer
2025/05/26 21:08:13 UTC,intern
2025/05/26 22:06:45 UTC,robotics engineer
2025/05/26 22:06:56 UTC,robotics researcher
2025/05/26 22:07:12 UTC,research intern
2025/05/26 22:08:35 UTC,internship
2025/05/26 22:08:53 UTC,intern
2025/05/26 22:08:55 UTC,intern
2025/05/26 22:11:15 UTC,robotics specialist
2025/05/26 22:20:00 UTC,robotics intern
2025/05/26 22:21:32 UTC,ihub robotics
2025/05/26 22:22:50 UTC,robotics engineer
2025/05/26 22:23:17 UTC,robotics engineer
2025/05/26 22:23:32 UTC,robotics researcher
2025/05/27 00:25:21 UTC,ihub robotics
2025/05/27 03:18:49 UTC,robotics researcher
2025/05/27 03:19:36 UTC,robotics researcher
2025/05/27 04:09:23 UTC,robotics engineer
2025/05/27 04:42:04 UTC,robotics engineer
2025/05/27 06:22:03 UTC,robotics specialist
2025/05/27 07:26:51 UTC,internship
2025/05/27 09:39:00 UTC,intern
2025/05/27 09:43:45 UTC,#LeadershipDevelopment
2025/05/27 10:03:28 UTC,Robotics SAINTGITS
2025/05/27 10:30:38 UTC,robotics engineer
2025/05/27 11:59:29 UTC,robotics researcher
2025/05/27 12:36:44 UTC,robotics researcher
2025/05/27 12:40:03 UTC,robotics engineer
2025/05/27 13:05:56 UTC,ihub robotics
2025/05/27 13:16:53 UTC,The Robotics Society of India - SAINTGITS Chapter
2025/05/27 13:16:54 UTC,The Robotics Society of India - SAINTGITS Chapter
2025/05/27 13:16:55 UTC,The Robotics Society of India - SAINTGITS Chapter
2025/05/27 13:16:57 UTC,The Robotics Society of India - SAINTGITS Chapter
2025/05/27 13:17:01 UTC,The Robotics Society ASIET
2025/05/27 13:17:20 UTC,Robotics SAINTGITS
2025/05/27 13:18:41 UTC,Robotics SAINTGITS
2025/05/27 13:27:32 UTC,robotics engineer
2025/05/27 15:10:38 UTC,robotics internship
2025/05/27 15:16:52 UTC,robotics intern
2025/05/27 15:19:13 UTC,internship
2025/05/27 15:24:29 UTC,intern
2025/05/27 15:25:41 UTC,intern
2025/05/27 15:37:32 UTC,research intern
2025/05/27 15:37:53 UTC,robotics intern
2025/05/27 15:39:00 UTC,robotics specialist
2025/05/27 16:14:25 UTC,research intern
2025/05/27 16:27:17 UTC,robotics internship
2025/05/27 16:30:52 UTC,intern
2025/05/27 16:43:16 UTC,robotics intern
2025/05/27 16:47:31 UTC,robotics intern
2025/05/27 17:35:12 UTC,Robotics SAINTGITS
2025/05/27 17:35:16 UTC,Robotics SAINTGITS
2025/05/27 17:35:18 UTC,Robotics SAINTGITS
2025/05/27 17:36:03 UTC,fathima ajmal
2025/05/27 21:19:04 UTC,robotics engineer
2025/05/27 22:10:01 UTC,internship
2025/05/27 22:16:47 UTC,robotics intern
2025/05/27 22:20:32 UTC,robotics engineer
2025/05/27 22:21:49 UTC,intern
2025/05/27 22:23:51 UTC,ihub robotics
2025/05/27 22:24:08 UTC,robotics engineer
2025/05/27 22:24:30 UTC,robotics engineer
2025/05/27 22:27:10 UTC,robotics specialist
2025/05/27 22:27:35 UTC,robotics researcher
2025/05/27 22:28:19 UTC,robotics researcher
2025/05/27 22:35:19 UTC,intern
2025/05/27 23:39:37 UTC,intern
2025/05/28 00:20:11 UTC,ihub robotics
2025/05/28 03:13:22 UTC,robotics researcher
2025/05/28 03:16:52 UTC,robotics researcher
2025/05/28 06:42:31 UTC,robotics engineer
2025/05/28 07:13:54 UTC,robotics engineer
2025/05/28 07:24:23 UTC,internship
2025/05/28 09:29:15 UTC,intern
2025/05/28 10:27:51 UTC,robotics engineer
2025/05/28 12:27:05 UTC,robotics engineer
2025/05/28 12:31:47 UTC,Fathima Ajmal
2025/05/28 13:18:52 UTC,robotics engineer
2025/05/28 14:29:36 UTC,robotics researcher
2025/05/28 15:08:24 UTC,robotics researcher
2025/05/28 15:37:42 UTC,ihub robotics
2025/05/28 16:16:41 UTC,robotics internship
2025/05/28 16:27:02 UTC,robotics intern
2025/05/28 16:31:10 UTC,ganesh kethe
2025/05/28 16:31:12 UTC,ketamine anesthesia induction
2025/05/28 16:31:12 UTC,ketha surya prakash reddy
2025/05/28 16:31:12 UTC,yogesh thiagu m.k
2025/05/28 16:31:13 UTC,kerala startup mission
2025/05/28 16:31:14 UTC,katherine scott
2025/05/28 16:45:18 UTC,research intern
2025/05/28 16:54:31 UTC,intern
2025/05/28 17:43:24 UTC,robotics internship
2025/05/28 17:49:03 UTC,robotics intern
2025/05/28 17:51:42 UTC,internship
2025/05/28 17:56:28 UTC,intern
2025/05/28 17:57:21 UTC,intern
2025/05/28 18:10:28 UTC,research intern
2025/05/28 18:10:33 UTC,robotics specialist
2025/05/28 18:10:45 UTC,robotics intern
2025/05/28 19:04:50 UTC,robotics intern
2025/05/28 22:40:35 UTC,intern
2025/05/28 22:42:48 UTC,robotics researcher
2025/05/28 22:54:01 UTC,internship
2025/05/28 22:54:49 UTC,intern
2025/05/28 22:57:28 UTC,robotics researcher
2025/05/28 23:05:02 UTC,robotics engineer
2025/05/28 23:37:25 UTC,ihub robotics
2025/05/28 23:59:58 UTC,robotics engineer
2025/05/29 00:10:14 UTC,ihub robotics
2025/05/29 02:45:24 UTC,intern
2025/05/29 03:18:33 UTC,robotics researcher
2025/05/29 03:40:17 UTC,robotics researcher
2025/05/29 06:30:37 UTC,robotics engineer
2025/05/29 06:59:45 UTC,robotics intern
2025/05/29 07:04:47 UTC,robotics engineer
2025/05/29 07:04:47 UTC,robotics specialist
2025/05/29 09:46:24 UTC,robotics engineer
2025/05/29 09:48:25 UTC,intern
2025/05/29 10:20:54 UTC,robotics engineer
2025/05/29 10:21:20 UTC,robotics engineer
2025/05/29 12:36:49 UTC,robotics engineer
2025/05/29 13:29:39 UTC,robotics engineer
2025/05/29 16:36:20 UTC,robotics internship
2025/05/29 16:42:08 UTC,intern
2025/05/29 16:47:01 UTC,robotics intern
2025/05/29 16:52:37 UTC,robotics intern
2025/05/29 16:54:52 UTC,research intern
2025/05/29 17:07:48 UTC,sidharth sajith
2025/05/29 17:34:59 UTC,robotics researcher
2025/05/29 17:43:28 UTC,intern
2025/05/29 18:00:43 UTC,internship
2025/05/29 18:14:47 UTC,robotics researcher
2025/05/29 18:42:09 UTC,ihub robotics
2025/05/29 20:49:46 UTC,robotics internship
2025/05/29 20:56:24 UTC,robotics intern
2025/05/29 20:57:40 UTC,internship
2025/05/29 21:02:28 UTC,intern
2025/05/29 21:04:04 UTC,intern
2025/05/29 21:14:57 UTC,robotics specialist
2025/05/29 21:15:22 UTC,robotics intern
2025/05/29 21:17:09 UTC,research intern
2025/05/29 22:22:39 UTC,robotics intern
2025/05/29 22:24:37 UTC,robotics engineer
2025/05/29 22:29:47 UTC,robotics researcher
2025/05/29 22:29:49 UTC,robotics engineer
2025/05/29 22:29:57 UTC,robotics researcher
2025/05/29 22:31:05 UTC,robotics specialist
2025/05/29 22:35:37 UTC,intern
2025/05/29 23:02:53 UTC,ihub robotics
2025/05/29 23:05:10 UTC,robotics engineer
2025/05/30 00:46:40 UTC,ihub robotics
2025/05/30 02:57:22 UTC,robotics engineer
2025/05/30 03:18:07 UTC,robotics researcher
2025/05/30 03:29:42 UTC,robotics researcher
2025/05/30 05:21:27 UTC,intern
2025/05/30 06:23:31 UTC,intern
2025/05/30 06:42:40 UTC,robotics specialist
2025/05/30 07:07:47 UTC,internship
2025/05/30 09:30:01 UTC,intern
2025/05/30 10:53:55 UTC,robotics engineer
2025/05/30 12:10:51 UTC,robotics engineer
2025/05/30 12:19:36 UTC,robotics engineer
2025/05/30 12:53:56 UTC,robotics engineer
2025/05/30 13:21:23 UTC,robotics engineer
2025/05/30 15:19:46 UTC,robotics engineer
2025/05/30 16:18:39 UTC,robotics intern
2025/05/30 16:22:23 UTC,research intern
2025/05/30 16:32:26 UTC,intern
2025/05/30 16:59:13 UTC,robotics internship
2025/05/30 17:05:13 UTC,robotics intern
2025/05/30 20:07:58 UTC,robotics researcher
2025/05/30 20:51:07 UTC,robotics researcher
2025/05/30 21:15:27 UTC,ihub robotics
2025/05/30 22:13:48 UTC,robotics researcher
2025/05/30 22:15:22 UTC,robotics engineer
2025/05/30 22:22:14 UTC,robotics specialist
2025/05/30 22:23:30 UTC,internship
2025/05/30 22:24:39 UTC,intern
2025/05/30 22:25:40 UTC,robotics engineer
2025/05/30 22:25:48 UTC,ihub robotics
2025/05/30 22:28:06 UTC,intern
2025/05/30 22:28:09 UTC,robotics engineer
2025/05/30 22:32:49 UTC,robotics researcher
2025/05/30 23:23:18 UTC,robotics internship
2025/05/30 23:30:16 UTC,robotics intern
2025/05/30 23:30:44 UTC,internship
2025/05/30 23:35:21 UTC,intern
2025/05/30 23:38:03 UTC,intern
2025/05/30 23:49:38 UTC,robotics specialist
2025/05/30 23:50:09 UTC,robotics intern
2025/05/30 23:51:30 UTC,research intern
2025/05/31 00:14:31 UTC,ihub robotics
2025/05/31 03:28:17 UTC,robotics researcher
2025/05/31 03:28:29 UTC,robotics researcher
2025/05/31 05:28:56 UTC,robotics engineer
2025/05/31 07:18:14 UTC,internship
2025/05/31 07:52:39 UTC,intern
2025/05/31 10:50:22 UTC,robotics engineer
2025/05/31 10:57:59 UTC,intern
2025/05/31 12:34:43 UTC,robotics engineer
2025/05/31 13:32:19 UTC,robotics engineer
2025/05/31 14:54:02 UTC,robotics engineer
2025/05/31 15:25:58 UTC,robotics engineer
2025/05/31 16:23:38 UTC,robotics intern
2025/05/31 16:25:21 UTC,intern
2025/05/31 16:29:13 UTC,robotics internship
2025/05/31 17:16:43 UTC,robotics intern
2025/05/31 18:10:36 UTC,research intern
2025/05/31 22:09:35 UTC,robotics engineer
2025/05/31 22:09:44 UTC,robotics engineer
2025/05/31 22:15:39 UTC,robotics intern
2025/05/31 22:15:44 UTC,intern
2025/05/31 22:16:03 UTC,intern
2025/05/31 22:17:38 UTC,robotics engineer
2025/05/31 22:18:19 UTC,ihub robotics
2025/05/31 22:24:25 UTC,robotics specialist
2025/05/31 22:25:51 UTC,internship
2025/05/31 22:26:35 UTC,robotics researcher
2025/05/31 22:26:52 UTC,robotics researcher
2025/05/31 22:41:35 UTC,robotics researcher
2025/05/31 23:22:02 UTC,robotics researcher
2025/05/31 23:47:01 UTC,ihub robotics
2025/06/01 00:19:16 UTC,ihub robotics
2025/06/01 01:58:35 UTC,robotics internship
2025/06/01 02:05:31 UTC,robotics intern
2025/06/01 02:07:35 UTC,internship
2025/06/01 02:11:38 UTC,intern
2025/06/01 02:14:58 UTC,intern
2025/06/01 02:24:19 UTC,robotics intern
2025/06/01 02:24:47 UTC,robotics specialist
2025/06/01 02:26:23 UTC,research intern
2025/06/01 03:21:57 UTC,robotics researcher
2025/06/01 03:34:31 UTC,robotics researcher
2025/06/01 03:42:11 UTC,robotics researcher
2025/06/01 05:19:38 UTC,andrew ng
2025/06/01 05:19:53 UTC,andrewjos sebastian
2025/06/01 05:19:54 UTC,andrewjos sebastian
2025/06/01 07:24:42 UTC,internship
2025/06/01 08:06:10 UTC,robotics engineer
2025/06/01 09:16:18 UTC,intern
2025/06/01 09:45:25 UTC,#HardwareProject
2025/06/01 10:24:49 UTC,intern
2025/06/01 10:43:44 UTC,robotics engineer
2025/06/01 12:09:30 UTC,robotics engineer
2025/06/01 13:27:54 UTC,robotics engineer
2025/06/01 16:09:33 UTC,robotics intern
2025/06/01 16:25:13 UTC,robotics internship
2025/06/01 16:28:02 UTC,research intern
2025/06/01 16:33:06 UTC,robotics intern
2025/06/01 16:46:38 UTC,intern
2025/06/01 17:24:23 UTC,robotics engineer
2025/06/01 17:59:48 UTC,robotics engineer
2025/06/01 22:11:55 UTC,robotics researcher
2025/06/01 22:12:03 UTC,robotics engineer
2025/06/01 22:12:36 UTC,internship
2025/06/01 22:14:33 UTC,robotics engineer
2025/06/01 22:15:50 UTC,research intern
2025/06/01 22:20:26 UTC,robotics researcher
2025/06/01 22:21:49 UTC,robotics specialist
2025/06/01 22:23:02 UTC,intern
2025/06/01 22:27:14 UTC,ihub robotics
2025/06/01 22:29:18 UTC,intern
2025/06/02 00:23:31 UTC,ihub robotics
2025/06/02 01:13:04 UTC,robotics researcher
2025/06/02 01:51:53 UTC,robotics researcher
2025/06/02 02:17:42 UTC,ihub robotics
2025/06/02 03:12:40 UTC,robotics researcher
2025/06/02 03:24:11 UTC,robotics researcher
2025/06/02 04:27:07 UTC,robotics internship
2025/06/02 04:34:25 UTC,robotics intern
2025/06/02 04:37:23 UTC,internship
2025/06/02 04:41:46 UTC,intern
2025/06/02 04:44:47 UTC,intern
2025/06/02 04:54:03 UTC,research intern
2025/06/02 04:54:21 UTC,robotics intern
2025/06/02 04:54:23 UTC,robotics specialist
2025/06/02 06:40:12 UTC,robotics specialist
2025/06/02 07:26:40 UTC,internship
2025/06/02 09:22:41 UTC,intern
2025/06/02 10:29:58 UTC,robotics engineer
2025/06/02 10:34:24 UTC,robotics engineer
2025/06/02 12:34:32 UTC,robotics engineer
2025/06/02 12:53:29 UTC,intern
2025/06/02 13:21:16 UTC,robotics engineer
2025/06/02 16:16:16 UTC,robotics intern
2025/06/02 16:23:44 UTC,research intern
2025/06/02 16:32:43 UTC,robotics internship
2025/06/02 16:34:23 UTC,robotics intern
2025/06/02 16:37:43 UTC,intern
2025/06/02 19:54:20 UTC,robotics engineer
2025/06/02 20:31:28 UTC,robotics engineer
2025/06/02 22:07:55 UTC,robotics intern
2025/06/02 22:09:51 UTC,intern
2025/06/02 22:12:37 UTC,robotics engineer
2025/06/02 22:13:44 UTC,robotics engineer
2025/06/02 22:18:14 UTC,robotics researcher
2025/06/02 22:22:25 UTC,ihub robotics
2025/06/02 22:22:34 UTC,intern
2025/06/02 22:23:28 UTC,robotics intern
2025/06/02 22:25:44 UTC,research intern
2025/06/02 22:25:51 UTC,internship
2025/06/02 22:25:57 UTC,robotics researcher
2025/06/02 22:29:12 UTC,robotics specialist
2025/06/03 00:02:23 UTC,emersion cyriac
2025/06/03 00:02:24 UTC,emil phil vinod
2025/06/03 00:17:48 UTC,ihub robotics
2025/06/03 03:22:23 UTC,robotics researcher
2025/06/03 03:40:19 UTC,robotics researcher
2025/06/03 03:45:13 UTC,robotics researcher
2025/06/03 04:26:04 UTC,robotics researcher
2025/06/03 04:50:01 UTC,ihub robotics
2025/06/03 06:19:17 UTC,robotics specialist
2025/06/03 06:58:58 UTC,robotics internship
2025/06/03 07:05:05 UTC,robotics intern
2025/06/03 07:08:25 UTC,internship
2025/06/03 07:14:16 UTC,intern
2025/06/03 07:15:18 UTC,intern
2025/06/03 07:24:12 UTC,internship
2025/06/03 07:26:25 UTC,robotics intern
2025/06/03 07:27:37 UTC,robotics specialist
2025/06/03 07:27:42 UTC,research intern
2025/06/03 09:24:19 UTC,intern
2025/06/03 10:49:59 UTC,robotics engineer
2025/06/03 12:44:53 UTC,emil phil vinod
2025/06/03 12:59:04 UTC,robotics engineer
2025/06/03 13:07:25 UTC,robotics engineer
2025/06/03 13:28:41 UTC,robotics engineer
2025/06/03 15:24:11 UTC,intern
2025/06/03 16:14:06 UTC,robotics intern
2025/06/03 16:25:36 UTC,intern
2025/06/03 16:32:12 UTC,robotics internship
2025/06/03 16:35:50 UTC,robotics intern
2025/06/03 16:45:26 UTC,research intern
2025/06/03 18:41:09 UTC,robotics intern
2025/06/03 22:08:52 UTC,robotics researcher
2025/06/03 22:09:10 UTC,robotics intern
2025/06/03 22:15:30 UTC,robotics specialist
2025/06/03 22:15:48 UTC,intern
2025/06/03 22:22:47 UTC,robotics engineer
2025/06/03 23:01:17 UTC,robotics engineer
2025/06/03 23:49:55 UTC,internship
2025/06/04 00:19:07 UTC,ihub robotics
2025/06/04 00:23:52 UTC,robotics researcher
2025/06/04 03:19:15 UTC,robotics researcher
2025/06/04 03:26:01 UTC,robotics researcher
2025/06/04 04:31:41 UTC,intern
2025/06/04 04:51:38 UTC,ihub robotics
2025/06/04 05:01:00 UTC,robotics engineer
2025/06/04 05:05:22 UTC,intern
2025/06/04 05:06:06 UTC,robotics engineer
2025/06/04 05:06:51 UTC,robotics engineer
2025/06/04 06:16:47 UTC,robotics researcher
2025/06/04 06:59:10 UTC,robotics researcher
2025/06/04 07:22:02 UTC,ihub robotics
2025/06/04 07:23:42 UTC,internship
2025/06/04 09:17:17 UTC,intern
2025/06/04 09:32:02 UTC,robotics internship
2025/06/04 09:36:43 UTC,robotics intern
2025/06/04 09:39:24 UTC,internship
2025/06/04 09:43:56 UTC,intern
2025/06/04 09:47:51 UTC,intern
2025/06/04 09:57:33 UTC,robotics intern
2025/06/04 10:00:38 UTC,robotics specialist
2025/06/04 10:01:13 UTC,research intern
2025/06/04 10:37:23 UTC,robotics engineer
2025/06/04 12:46:06 UTC,robotics engineer
2025/06/04 13:37:12 UTC,robotics engineer
2025/06/04 15:37:22 UTC,robotics engineer
2025/06/04 16:11:20 UTC,robotics intern
2025/06/04 16:12:59 UTC,robotics internship
2025/06/04 16:19:22 UTC,research intern
2025/06/04 16:58:56 UTC,robotics intern
2025/06/04 17:00:38 UTC,intern
2025/06/04 17:58:39 UTC,intern
2025/06/04 22:07:56 UTC,robotics researcher
2025/06/04 22:08:31 UTC,internship
2025/06/04 22:11:29 UTC,robotics specialist
2025/06/04 22:12:41 UTC,ihub robotics
2025/06/04 22:15:10 UTC,robotics researcher
2025/06/04 22:22:23 UTC,robotics engineer
2025/06/04 22:23:40 UTC,robotics engineer
2025/06/04 22:25:48 UTC,intern
2025/06/04 22:29:16 UTC,intern
2025/06/04 22:31:16 UTC,robotics engineer
2025/06/05 00:21:37 UTC,ihub robotics
2025/06/05 01:00:50 UTC,robotics engineer
2025/06/05 01:40:10 UTC,robotics engineer
2025/06/05 03:17:19 UTC,robotics researcher
2025/06/05 03:25:06 UTC,robotics researcher
2025/06/05 07:23:42 UTC,internship
2025/06/05 08:51:18 UTC,robotics researcher
2025/06/05 09:31:54 UTC,robotics researcher
2025/06/05 09:39:16 UTC,intern
2025/06/05 09:55:11 UTC,ihub robotics
2025/06/05 10:24:28 UTC,robotics engineer
2025/06/05 12:06:27 UTC,robotics internship
2025/06/05 12:11:22 UTC,robotics intern
2025/06/05 12:14:44 UTC,internship
2025/06/05 12:16:25 UTC,intern
2025/06/05 12:22:45 UTC,intern
2025/06/05 12:31:11 UTC,robotics intern
2025/06/05 12:34:15 UTC,robotics engineer
2025/06/05 12:34:27 UTC,research intern
2025/06/05 12:34:38 UTC,robotics specialist
2025/06/05 13:14:03 UTC,robotics engineer
2025/06/05 16:32:04 UTC,research intern
2025/06/05 16:38:28 UTC,robotics internship
2025/06/05 16:41:01 UTC,robotics intern
2025/06/05 16:41:21 UTC,Fathima Ajmal
2025/06/05 16:41:43 UTC,robotics intern
2025/06/05 16:41:50 UTC,Saintgits college chenganasshery
2025/06/05 16:41:51 UTC,Saintgits college chenganasshery
2025/06/05 16:42:02 UTC,Saintgits college chenganasshery
2025/06/05 16:45:57 UTC,intern
2025/06/05 18:18:41 UTC,robotics engineer
2025/06/05 20:37:34 UTC,intern
2025/06/05 22:07:23 UTC,robotics specialist
2025/06/05 22:08:08 UTC,robotics researcher
2025/06/05 22:10:32 UTC,robotics engineer
2025/06/05 22:12:26 UTC,internship
2025/06/05 22:21:35 UTC,robotics researcher
2025/06/05 22:23:13 UTC,robotics engineer
2025/06/05 22:23:54 UTC,intern
2025/06/05 22:24:54 UTC,ihub robotics
2025/06/05 22:25:57 UTC,intern
2025/06/05 22:37:12 UTC,robotics intern
2025/06/06 00:23:13 UTC,ihub robotics
2025/06/06 03:18:34 UTC,robotics researcher
2025/06/06 03:24:14 UTC,robotics researcher
2025/06/06 03:38:08 UTC,robotics engineer
2025/06/06 04:16:47 UTC,robotics engineer
2025/06/06 06:09:36 UTC,robotics specialist
2025/06/06 07:17:38 UTC,internship
2025/06/06 09:44:42 UTC,intern
2025/06/06 10:31:27 UTC,robotics engineer
2025/06/06 11:25:52 UTC,robotics researcher
2025/06/06 12:06:47 UTC,robotics researcher
2025/06/06 12:18:55 UTC,nazim filzer
2025/06/06 12:18:56 UTC,nazim filzer
2025/06/06 12:18:57 UTC,filzfelt
2025/06/06 12:18:57 UTC,tobias fischer
2025/06/06 12:18:59 UTC,muhammed rulshid .s
2025/06/06 12:19:06 UTC,muhammed fiyas
2025/06/06 12:19:09 UTC,fawaz group
2025/06/06 12:19:11 UTC,fathima ajmal
2025/06/06 12:19:18 UTC,filzer
2025/06/06 12:20:55 UTC,robotics engineer
2025/06/06 12:30:50 UTC,ihub robotics
2025/06/06 13:21:39 UTC,robotics engineer
2025/06/06 14:35:11 UTC,Emil Phil Vinod
2025/06/06 14:43:17 UTC,robotics internship
2025/06/06 14:46:05 UTC,robotics intern
2025/06/06 14:49:26 UTC,intern
2025/06/06 14:49:28 UTC,internship
2025/06/06 14:59:11 UTC,intern
2025/06/06 15:08:07 UTC,robotics intern
2025/06/06 15:12:55 UTC,research intern
2025/06/06 15:14:10 UTC,robotics specialist
2025/06/06 17:01:10 UTC,research intern
2025/06/06 17:01:36 UTC,robotics internship
2025/06/06 19:00:28 UTC,robotics intern
2025/06/06 19:11:35 UTC,robotics intern
2025/06/06 20:07:23 UTC,intern
2025/06/06 20:21:59 UTC,rtutor r code
2025/06/06 20:22:00 UTC,rta dubai
2025/06/06 20:22:06 UTC,RTAB map
2025/06/06 20:22:58 UTC,RTAB map
2025/06/06 20:22:59 UTC,RTAB map
2025/06/06 20:22:59 UTC,RTAB map
2025/06/06 20:23:01 UTC,RTAB map
2025/06/06 20:23:02 UTC,RTAB map
2025/06/06 20:23:38 UTC,RTAB map
2025/06/06 20:23:44 UTC,RTAB map
2025/06/06 20:35:28 UTC,ydo
2025/06/06 20:35:35 UTC,YD lidar HP60C
2025/06/06 20:35:37 UTC,YD lidar HP60C
2025/06/06 20:35:38 UTC,YD lidar HP60C
2025/06/06 20:35:39 UTC,YD lidar HP60C
2025/06/06 20:37:08 UTC,YD lidar HP60C
2025/06/06 20:37:10 UTC,YD lidar HP60C
2025/06/06 20:37:11 UTC,YD lidar HP60C
2025/06/06 20:49:29 UTC,robotics engineer
2025/06/06 22:10:55 UTC,intern
2025/06/06 22:13:22 UTC,internship
2025/06/06 22:13:43 UTC,robotics specialist
2025/06/06 22:24:20 UTC,robotics engineer
2025/06/06 22:28:33 UTC,ihub robotics
2025/06/06 22:28:44 UTC,intern
2025/06/06 22:33:45 UTC,robotics engineer
2025/06/06 22:42:42 UTC,robotics researcher
2025/06/06 23:08:14 UTC,intern
2025/06/06 23:51:35 UTC,robotics researcher
2025/06/07 00:25:19 UTC,ihub robotics
2025/06/07 02:27:50 UTC,nidhi n
2025/06/07 02:34:36 UTC,nidhi n
2025/06/07 03:27:41 UTC,robotics researcher
2025/06/07 03:30:57 UTC,robotics researcher
2025/06/07 06:09:42 UTC,robotics engineer
2025/06/07 06:20:37 UTC,robotics specialist
2025/06/07 06:48:50 UTC,robotics engineer
2025/06/07 07:26:55 UTC,internship
2025/06/07 08:46:03 UTC,Research Intern
2025/06/07 08:46:07 UTC,intel internship
2025/06/07 08:46:07 UTC,internship
2025/06/07 08:46:07 UTC,robotics engineer
2025/06/07 08:46:11 UTC,intel internship
2025/06/07 08:46:11 UTC,internship
2025/06/07 08:46:11 UTC,robotics engineer
2025/06/07 09:07:47 UTC,intern
2025/06/07 10:22:21 UTC,robotics engineer
2025/06/07 12:29:12 UTC,robotics engineer
2025/06/07 13:33:56 UTC,robotics engineer
2025/06/07 14:00:08 UTC,robotics researcher
2025/06/07 14:41:46 UTC,robotics researcher
2025/06/07 15:04:32 UTC,ihub robotics
2025/06/07 16:10:19 UTC,robotics internship
2025/06/07 16:10:58 UTC,robotics intern
2025/06/07 16:16:24 UTC,robotics intern
2025/06/07 16:29:01 UTC,research intern
2025/06/07 16:35:21 UTC,intern
2025/06/07 17:17:00 UTC,robotics internship
2025/06/07 17:19:51 UTC,robotics intern
2025/06/07 17:23:36 UTC,intern
2025/06/07 17:24:10 UTC,internship
2025/06/07 17:33:17 UTC,intern
2025/06/07 17:39:00 UTC,robotics intern
2025/06/07 17:45:11 UTC,robotics specialist
2025/06/07 17:46:01 UTC,research intern
2025/06/07 22:18:48 UTC,ihub robotics
2025/06/07 22:19:54 UTC,robotics intern
2025/06/07 22:20:07 UTC,robotics intern
2025/06/07 22:21:41 UTC,internship
2025/06/07 22:24:22 UTC,robotics researcher
2025/06/07 22:26:20 UTC,intern
2025/06/07 22:26:36 UTC,robotics engineer
2025/06/07 22:28:12 UTC,robotics researcher
2025/06/07 22:28:46 UTC,robotics specialist
2025/06/07 22:29:44 UTC,robotics engineer
2025/06/07 22:30:52 UTC,intern
2025/06/07 23:20:19 UTC,robotics engineer
2025/06/08 00:17:45 UTC,ihub robotics
2025/06/08 01:38:19 UTC,intern
2025/06/08 03:16:08 UTC,robotics researcher
2025/06/08 03:21:32 UTC,robotics researcher
2025/06/08 06:11:29 UTC,robotics specialist
2025/06/08 07:14:26 UTC,internship
2025/06/08 08:42:23 UTC,robotics engineer
2025/06/08 09:08:49 UTC,intern
2025/06/08 09:22:39 UTC,robotics engineer
2025/06/08 10:16:11 UTC,robotics engineer
2025/06/08 12:31:20 UTC,robotics engineer
2025/06/08 13:12:51 UTC,robotics engineer
2025/06/08 16:32:22 UTC,robotics researcher
2025/06/08 17:05:50 UTC,research intern
2025/06/08 17:11:45 UTC,robotics researcher
2025/06/08 17:34:45 UTC,ihub robotics
2025/06/08 17:37:47 UTC,robotics intern
2025/06/08 17:39:14 UTC,intern
2025/06/08 17:45:26 UTC,robotics internship
2025/06/08 17:48:30 UTC,robotics intern
2025/06/08 19:52:25 UTC,robotics internship
2025/06/08 19:53:30 UTC,robotics intern
2025/06/08 19:55:43 UTC,intern
2025/06/08 19:57:52 UTC,internship
2025/06/08 20:06:48 UTC,intern
2025/06/08 20:11:06 UTC,robotics intern
2025/06/08 20:18:55 UTC,research intern
2025/06/08 20:18:59 UTC,robotics specialist
2025/06/08 22:08:55 UTC,intern
2025/06/08 22:09:46 UTC,robotics researcher
2025/06/08 22:11:29 UTC,ihub robotics
2025/06/08 22:15:41 UTC,robotics engineer
2025/06/08 22:17:03 UTC,robotics researcher
2025/06/08 22:20:19 UTC,robotics specialist
2025/06/08 22:20:42 UTC,robotics engineer
2025/06/08 22:25:33 UTC,intern
2025/06/08 22:26:56 UTC,research intern
2025/06/08 22:28:21 UTC,internship
2025/06/08 22:31:16 UTC,robotics engineer
2025/06/09 00:23:09 UTC,ihub robotics
2025/06/09 01:52:26 UTC,robotics engineer
2025/06/09 03:17:26 UTC,robotics researcher
2025/06/09 03:20:27 UTC,robotics researcher
2025/06/09 04:10:21 UTC,intern
2025/06/09 07:28:55 UTC,internship
2025/06/09 09:37:06 UTC,intern
2025/06/09 10:29:35 UTC,robotics engineer
2025/06/09 11:15:49 UTC,robotics engineer
2025/06/09 11:57:44 UTC,robotics engineer
2025/06/09 12:19:54 UTC,robotics engineer
2025/06/09 13:15:34 UTC,robotics engineer
2025/06/09 13:55:34 UTC,muhammed bilal s
2025/06/09 13:55:40 UTC,bilal ashraf
2025/06/09 13:55:46 UTC,bilaad realty
2025/06/09 13:55:49 UTC,bilaal ashraf
2025/06/09 16:25:26 UTC,research intern
2025/06/09 16:28:29 UTC,robotics internship
2025/06/09 16:34:27 UTC,robotics intern
2025/06/09 16:38:33 UTC,robotics intern
2025/06/09 16:45:43 UTC,intern
2025/06/09 17:02:58 UTC,Shahazad Abdulla
2025/06/09 17:03:17 UTC,Emil Phil Vinod
2025/06/09 19:06:35 UTC,robotics researcher
2025/06/09 19:44:30 UTC,robotics researcher
2025/06/09 20:08:49 UTC,ihub robotics
2025/06/09 22:07:38 UTC,robotics specialist
2025/06/09 22:08:23 UTC,ihub robotics
2025/06/09 22:08:43 UTC,intern
2025/06/09 22:09:53 UTC,intern
2025/06/09 22:16:22 UTC,robotics intern
2025/06/09 22:20:14 UTC,internship
2025/06/09 22:21:27 UTC,robotics engineer
2025/06/09 22:21:47 UTC,robotics researcher
2025/06/09 22:22:18 UTC,robotics researcher
2025/06/09 22:23:31 UTC,robotics internship
2025/06/09 22:23:33 UTC,robotics engineer
2025/06/09 22:26:25 UTC,robotics internship
2025/06/09 22:27:55 UTC,robotics intern
2025/06/09 22:28:50 UTC,intern
2025/06/09 22:31:17 UTC,robotics engineer
2025/06/09 22:33:08 UTC,internship
2025/06/09 22:38:54 UTC,intern
2025/06/09 22:44:46 UTC,robotics intern
2025/06/09 22:52:15 UTC,robotics specialist
2025/06/09 22:53:30 UTC,research intern
2025/06/10 00:16:37 UTC,ihub robotics
2025/06/10 03:25:14 UTC,robotics researcher
2025/06/10 03:32:48 UTC,robotics researcher
2025/06/10 04:25:00 UTC,robotics engineer
2025/06/10 06:43:50 UTC,intern
2025/06/10 07:23:13 UTC,internship
2025/06/10 09:52:22 UTC,intern
2025/06/10 10:15:59 UTC,robotics engineer
2025/06/10 12:41:08 UTC,robotics engineer
2025/06/10 13:37:24 UTC,robotics engineer
2025/06/10 13:46:56 UTC,robotics engineer
2025/06/10 14:28:45 UTC,robotics engineer
2025/06/10 16:30:11 UTC,intern
2025/06/10 16:30:24 UTC,robotics internship
2025/06/10 16:33:01 UTC,robotics intern
2025/06/10 16:35:57 UTC,research intern
2025/06/10 16:36:09 UTC,robotics intern
2025/06/10 21:42:25 UTC,robotics researcher
2025/06/10 22:18:48 UTC,robotics researcher
2025/06/10 22:20:57 UTC,internship
2025/06/10 22:21:14 UTC,robotics researcher
2025/06/10 22:22:16 UTC,intern
2025/06/10 22:22:38 UTC,robotics researcher
2025/06/10 22:23:12 UTC,robotics engineer
2025/06/10 22:31:14 UTC,ihub robotics
2025/06/10 22:31:28 UTC,robotics engineer
2025/06/10 22:33:20 UTC,intern
2025/06/10 22:37:53 UTC,robotics specialist
2025/06/10 22:44:05 UTC,ihub robotics
2025/06/11 00:21:38 UTC,ihub robotics
2025/06/11 00:58:14 UTC,robotics internship
2025/06/11 00:58:17 UTC,robotics intern
2025/06/11 01:01:22 UTC,intern
2025/06/11 01:04:50 UTC,internship
2025/06/11 01:12:49 UTC,intern
2025/06/11 01:16:42 UTC,robotics intern
2025/06/11 01:24:30 UTC,robotics specialist
2025/06/11 01:25:38 UTC,research intern
2025/06/11 02:49:06 UTC,#100DaysOfRobotics
2025/06/11 02:49:07 UTC,#100DaysOfRobotics
2025/06/11 02:49:40 UTC,#100DaysOfRobotics
2025/06/11 02:49:40 UTC,#100DaysOfRobotics
2025/06/11 06:58:31 UTC,robotics engineer
2025/06/11 07:00:24 UTC,robotics specialist
2025/06/11 09:15:43 UTC,intern
2025/06/11 09:26:14 UTC,intern
2025/06/11 10:56:07 UTC,robotics engineer
2025/06/11 12:48:02 UTC,robotics engineer
2025/06/11 14:11:30 UTC,robotics engineer
2025/06/11 16:09:21 UTC,internship
2025/06/11 16:20:54 UTC,robotics engineer
2025/06/11 16:22:38 UTC,#DIYRobot
2025/06/11 16:22:48 UTC,addison sears-collins
2025/06/11 16:22:53 UTC,automatic addison
2025/06/11 16:22:53 UTC,automatic addison
2025/06/11 16:22:55 UTC,automatic addison
2025/06/11 16:31:23 UTC,intern
2025/06/11 16:35:11 UTC,robotics intern
2025/06/11 16:37:14 UTC,robotics intern
2025/06/11 16:39:59 UTC,robotics internship
2025/06/11 16:43:27 UTC,research intern
2025/06/11 17:00:49 UTC,robotics engineer
2025/06/11 17:10:16 UTC,robotics researcher
2025/06/11 17:24:13 UTC,robotics researcher
2025/06/11 22:32:55 UTC,robotics researcher
2025/06/11 22:42:11 UTC,robotics engineer
2025/06/11 22:43:15 UTC,ihub robotics
2025/06/11 22:57:48 UTC,robotics engineer
2025/06/11 22:59:10 UTC,intern
2025/06/11 23:00:39 UTC,intern
2025/06/11 23:00:39 UTC,robotics specialist
2025/06/11 23:08:48 UTC,research intern
2025/06/11 23:11:52 UTC,robotics engineer
2025/06/11 23:35:32 UTC,robotics researcher
2025/06/11 23:54:49 UTC,robotics intern
2025/06/12 00:11:54 UTC,robotics researcher
2025/06/12 00:14:07 UTC,ihub robotics
2025/06/12 00:50:01 UTC,robotics researcher
2025/06/12 01:13:34 UTC,ihub robotics
2025/06/12 03:27:20 UTC,robotics researcher
2025/06/12 03:27:50 UTC,robotics internship
2025/06/12 03:29:49 UTC,robotics intern
2025/06/12 03:32:40 UTC,intern
2025/06/12 03:33:30 UTC,internship
2025/06/12 03:42:35 UTC,intern
2025/06/12 03:46:17 UTC,robotics researcher
2025/06/12 03:46:46 UTC,robotics intern
2025/06/12 03:55:27 UTC,robotics specialist
2025/06/12 03:55:31 UTC,research intern
2025/06/12 07:38:03 UTC,internship
2025/06/12 09:10:03 UTC,intern
2025/06/12 09:30:38 UTC,robotics engineer
2025/06/12 10:27:35 UTC,robotics engineer
2025/06/12 11:50:30 UTC,intern
2025/06/12 12:19:50 UTC,Emil Phil Vinod
2025/06/12 12:35:32 UTC,robotics engineer
2025/06/12 13:22:55 UTC,robotics engineer
2025/06/12 16:25:46 UTC,intern
2025/06/12 16:26:19 UTC,robotics intern
2025/06/12 16:28:15 UTC,robotics internship
2025/06/12 16:29:30 UTC,research intern
2025/06/12 16:37:09 UTC,robotics intern
2025/06/12 18:51:04 UTC,robotics engineer
2025/06/12 19:31:50 UTC,robotics engineer
2025/06/12 21:11:35 UTC,rtab map
2025/06/12 21:11:36 UTC,rtab
2025/06/12 21:13:12 UTC,rtab
2025/06/12 22:09:06 UTC,ihub robotics
2025/06/12 22:12:36 UTC,intern
2025/06/12 22:13:18 UTC,intern
2025/06/12 22:15:35 UTC,robotics engineer
2025/06/12 22:16:53 UTC,robotics researcher
2025/06/12 22:20:20 UTC,internship
2025/06/12 22:27:55 UTC,robotics engineer
2025/06/12 22:30:27 UTC,robotics specialist
2025/06/12 22:31:45 UTC,robotics engineer
2025/06/12 22:34:34 UTC,robotics researcher
2025/06/13 00:33:00 UTC,ihub robotics
2025/06/13 03:09:21 UTC,robotics researcher
2025/06/13 03:33:27 UTC,robotics researcher
2025/06/13 03:43:44 UTC,robotics researcher
2025/06/13 03:54:10 UTC,robotics researcher
2025/06/13 04:20:51 UTC,ihub robotics
2025/06/13 06:07:53 UTC,robotics specialist
2025/06/13 06:32:43 UTC,robotics internship
2025/06/13 06:35:41 UTC,robotics intern
2025/06/13 06:39:02 UTC,internship
2025/06/13 06:39:28 UTC,intern
2025/06/13 06:49:28 UTC,intern
2025/06/13 06:50:51 UTC,robotics intern
2025/06/13 07:01:34 UTC,research intern
2025/06/13 07:02:16 UTC,robotics specialist
2025/06/13 07:11:03 UTC,internship
2025/06/13 09:43:59 UTC,intern
2025/06/13 10:22:55 UTC,robotics engineer
2025/06/13 10:47:49 UTC,nick hafner
2025/06/13 12:37:07 UTC,robotics engineer
2025/06/13 12:56:46 UTC,robotics engineer
2025/06/13 12:59:23 UTC,trs staffing solutions
2025/06/13 12:59:24 UTC,trushant adeshara
2025/06/13 12:59:24 UTC,📍 tech startup ceos & investors\: artificial intelligence, machine learning, fintech, saas, chatgpt
2025/06/13 12:59:26 UTC,the robotics society of india - saintgits chapter
2025/06/13 12:59:27 UTC,the robotics society of india - saintgits chapter
2025/06/13 12:59:28 UTC,the robotics society of india - saintgits chapter
2025/06/13 13:13:02 UTC,robotics engineer
2025/06/13 14:52:43 UTC,intern
2025/06/13 16:09:40 UTC,intern
2025/06/13 16:10:48 UTC,research intern
2025/06/13 16:15:12 UTC,robotics internship
2025/06/13 16:43:41 UTC,robotics intern
2025/06/13 16:50:06 UTC,robotics intern
2025/06/13 21:52:03 UTC,robotics engineer
2025/06/13 22:08:14 UTC,robotics engineer
2025/06/13 22:09:36 UTC,robotics researcher
2025/06/13 22:11:06 UTC,intern
2025/06/13 22:12:55 UTC,intern
2025/06/13 22:16:55 UTC,robotics engineer
2025/06/13 22:18:08 UTC,robotics specialist
2025/06/13 22:19:03 UTC,internship
2025/06/13 22:24:39 UTC,robotics researcher
2025/06/13 22:26:45 UTC,ihub robotics
2025/06/13 22:32:56 UTC,robotics engineer
2025/06/14 00:11:08 UTC,ihub robotics
2025/06/14 03:18:01 UTC,robotics researcher
2025/06/14 03:20:14 UTC,robotics researcher
2025/06/14 04:04:45 UTC,Robotics Engineer
2025/06/14 05:47:02 UTC,robotics researcher
2025/06/14 06:25:05 UTC,robotics researcher
2025/06/14 06:50:54 UTC,ihub robotics
2025/06/14 07:15:54 UTC,internship
2025/06/14 09:01:48 UTC,robotics internship
2025/06/14 09:06:35 UTC,robotics intern
2025/06/14 09:07:51 UTC,intern
2025/06/14 09:08:58 UTC,internship
2025/06/14 09:15:42 UTC,intern
2025/06/14 09:17:42 UTC,intern
2025/06/14 09:21:13 UTC,robotics intern
2025/06/14 09:30:52 UTC,robotics specialist
2025/06/14 09:31:32 UTC,research intern
2025/06/14 10:35:59 UTC,robotics engineer
2025/06/14 12:09:26 UTC,robotics engineer
2025/06/14 13:16:36 UTC,robotics engineer
2025/06/14 15:06:21 UTC,robotics engineer
2025/06/14 16:09:16 UTC,robotics internship
2025/06/14 16:16:30 UTC,robotics intern
2025/06/14 16:33:48 UTC,robotics intern
2025/06/14 16:34:11 UTC,research intern
2025/06/14 16:37:31 UTC,intern
2025/06/14 16:56:53 UTC,andrewjos sebastian
2025/06/14 17:24:18 UTC,intern
2025/06/14 22:07:39 UTC,robotics researcher
2025/06/14 22:07:41 UTC,intern
2025/06/14 22:09:58 UTC,research intern
2025/06/14 22:11:28 UTC,internship
2025/06/14 22:13:15 UTC,robotics researcher
2025/06/14 22:13:29 UTC,robotics engineer
2025/06/14 22:14:32 UTC,robotics specialist
2025/06/14 22:18:14 UTC,robotics engineer
2025/06/14 22:19:10 UTC,robotics intern
2025/06/14 22:22:06 UTC,intern
2025/06/14 22:29:58 UTC,ihub robotics
2025/06/15 00:10:45 UTC,ihub robotics
2025/06/15 00:24:43 UTC,robotics engineer
2025/06/15 01:04:22 UTC,robotics engineer
2025/06/15 03:08:45 UTC,robotics researcher
2025/06/15 03:31:21 UTC,robotics researcher
2025/06/15 06:22:40 UTC,robotics specialist
2025/06/15 07:29:52 UTC,internship
2025/06/15 08:15:51 UTC,robotics researcher
2025/06/15 08:54:05 UTC,robotics researcher
2025/06/15 09:15:47 UTC,intern
2025/06/15 09:19:18 UTC,ihub robotics
2025/06/15 10:24:31 UTC,robotics engineer
2025/06/15 11:29:55 UTC,robotics internship
2025/06/15 11:35:19 UTC,robotics intern
2025/06/15 11:36:53 UTC,internship
2025/06/15 11:38:45 UTC,intern
2025/06/15 11:46:07 UTC,intern
2025/06/15 11:50:39 UTC,robotics intern
2025/06/15 12:00:11 UTC,robotics specialist
2025/06/15 12:01:47 UTC,research intern
2025/06/15 12:28:55 UTC,robotics engineer
2025/06/15 12:55:03 UTC,intel internship
2025/06/15 12:55:03 UTC,intel internship
2025/06/15 12:55:03 UTC,internship
2025/06/15 12:55:03 UTC,internship
2025/06/15 12:55:03 UTC,internship
2025/06/15 12:55:03 UTC,internship
2025/06/15 12:55:03 UTC,research intern
2025/06/15 12:55:03 UTC,research intern
2025/06/15 12:55:03 UTC,robotics engineer
2025/06/15 12:55:03 UTC,robotics engineer
2025/06/15 12:55:03 UTC,robotics engineer
2025/06/15 12:55:03 UTC,robotics intern
2025/06/15 12:55:03 UTC,robotics intern
2025/06/15 12:55:03 UTC,self employed
2025/06/15 12:55:03 UTC,self employed
2025/06/15 13:16:33 UTC,robotics engineer
2025/06/15 16:13:07 UTC,intern
2025/06/15 16:14:01 UTC,research intern
2025/06/15 16:21:43 UTC,robotics internship
2025/06/15 16:36:38 UTC,robotics intern
2025/06/15 16:37:49 UTC,robotics intern
2025/06/15 17:34:52 UTC,robotics engineer
2025/06/15 17:57:23 UTC,adithya satheesh
2025/06/15 18:30:23 UTC,Robotics Engineer
2025/06/15 19:18:13 UTC,Robotics Engineer
2025/06/15 19:51:03 UTC,intern
2025/06/15 22:11:29 UTC,robotics engineer
2025/06/15 22:16:26 UTC,research intern
2025/06/15 22:17:00 UTC,robotics intern
2025/06/15 22:18:21 UTC,internship
2025/06/15 22:18:38 UTC,robotics researcher
2025/06/15 22:19:13 UTC,intern
2025/06/15 22:22:35 UTC,ihub robotics
2025/06/15 22:25:31 UTC,robotics researcher
2025/06/15 22:26:17 UTC,robotics engineer
2025/06/15 22:26:21 UTC,robotics specialist
2025/06/15 22:26:56 UTC,intern
2025/06/15 22:27:59 UTC,robotics engineer
2025/06/16 00:26:40 UTC,ihub robotics
2025/06/16 02:52:03 UTC,robotics engineer
2025/06/16 03:24:55 UTC,robotics researcher
2025/06/16 03:29:07 UTC,robotics researcher
2025/06/16 03:29:13 UTC,robotics engineer
2025/06/16 06:25:18 UTC,robotics specialist
2025/06/16 07:11:32 UTC,internship
2025/06/16 09:10:10 UTC,intern
2025/06/16 10:23:56 UTC,robotics engineer
2025/06/16 10:45:19 UTC,robotics researcher
2025/06/16 11:21:11 UTC,robotics researcher
2025/06/16 11:47:47 UTC,ihub robotics
2025/06/16 12:29:01 UTC,robotics engineer
2025/06/16 12:41:42 UTC,Robotics Engineer
2025/06/16 13:37:23 UTC,robotics engineer
2025/06/16 13:58:10 UTC,robotics internship
2025/06/16 14:05:42 UTC,internship
2025/06/16 14:06:01 UTC,robotics intern
2025/06/16 14:07:55 UTC,intern
2025/06/16 14:14:33 UTC,intern
2025/06/16 14:20:25 UTC,robotics intern
2025/06/16 14:29:27 UTC,robotics specialist
2025/06/16 14:30:12 UTC,research intern
2025/06/16 16:08:21 UTC,robotics internship
2025/06/16 16:22:54 UTC,research intern
2025/06/16 16:27:17 UTC,robotics intern
2025/06/16 16:28:59 UTC,intern
2025/06/16 16:33:51 UTC,robotics intern
2025/06/16 18:27:26 UTC,Robotics Engineer
2025/06/16 20:04:44 UTC,robotics engineer
2025/06/16 22:07:04 UTC,internship
2025/06/16 22:10:27 UTC,robotics researcher
2025/06/16 22:17:40 UTC,robotics specialist
2025/06/16 22:18:00 UTC,intern
2025/06/16 22:18:50 UTC,intern
2025/06/16 23:23:08 UTC,robotics researcher
2025/06/16 23:32:32 UTC,robotics engineer
2025/06/16 23:54:39 UTC,ihub robotics
2025/06/17 00:09:24 UTC,intern
2025/06/17 00:34:43 UTC,ihub robotics
2025/06/17 00:42:36 UTC,robotics engineer
2025/06/17 01:21:00 UTC,robotics engineer
2025/06/17 03:10:05 UTC,robotics researcher
2025/06/17 04:16:17 UTC,robotics researcher
2025/06/17 05:23:48 UTC,robotics engineer
2025/06/17 06:02:55 UTC,robotics engineer
2025/06/17 09:15:38 UTC,intern
2025/06/17 10:24:49 UTC,robotics specialist
2025/06/17 10:34:50 UTC,robotics engineer
2025/06/17 11:13:42 UTC,internship
2025/06/17 12:26:44 UTC,Robotics Engineer
2025/06/17 13:16:34 UTC,robotics researcher
2025/06/17 13:29:50 UTC,robotics engineer
2025/06/17 13:53:31 UTC,robotics researcher
2025/06/17 14:21:30 UTC,ihub robotics
2025/06/17 14:32:28 UTC,robotics engineer
2025/06/17 16:28:28 UTC,robotics intern
2025/06/17 16:30:59 UTC,robotics internship
2025/06/17 16:38:48 UTC,intern
2025/06/17 16:38:50 UTC,robotics intern
2025/06/17 16:39:33 UTC,internship
2025/06/17 16:42:08 UTC,intern
2025/06/17 16:47:30 UTC,intern
2025/06/17 16:47:40 UTC,research intern
2025/06/17 16:50:50 UTC,robotics intern
2025/06/17 16:57:06 UTC,robotics intern
2025/06/17 16:57:29 UTC,robotics internship
2025/06/17 17:01:07 UTC,research intern
2025/06/17 17:01:53 UTC,robotics specialist
2025/06/17 19:30:53 UTC,Robotics Engineer
2025/06/17 22:10:21 UTC,robotics researcher
2025/06/17 22:17:14 UTC,ihub robotics
2025/06/17 22:18:00 UTC,robotics engineer
2025/06/17 22:18:22 UTC,robotics engineer
2025/06/17 22:27:16 UTC,intern
2025/06/17 22:27:55 UTC,intern
2025/06/17 22:35:33 UTC,robotics researcher
2025/06/17 22:36:16 UTC,robotics engineer
2025/06/17 22:37:26 UTC,robotics engineer
2025/06/17 22:38:52 UTC,research intern
2025/06/18 00:14:21 UTC,ihub robotics
2025/06/18 00:49:26 UTC,intern
2025/06/18 03:24:31 UTC,robotics researcher
2025/06/18 03:33:54 UTC,robotics researcher
2025/06/18 06:59:06 UTC,robotics specialist
2025/06/18 07:57:03 UTC,robotics engineer
2025/06/18 08:12:37 UTC,intern
2025/06/18 08:34:27 UTC,robotics engineer
2025/06/18 09:36:23 UTC,intern
2025/06/18 10:59:31 UTC,robotics engineer
2025/06/18 11:37:33 UTC,internship
2025/06/18 12:39:15 UTC,Robotics Engineer
2025/06/18 13:43:43 UTC,robotics engineer
2025/06/18 15:24:17 UTC,robotics engineer
2025/06/18 15:50:32 UTC,robotics researcher
2025/06/18 16:26:37 UTC,robotics researcher
2025/06/18 16:30:13 UTC,research intern
2025/06/18 16:46:59 UTC,robotics intern
2025/06/18 16:49:03 UTC,robotics intern
2025/06/18 16:52:23 UTC,ihub robotics
2025/06/18 16:54:46 UTC,intern
2025/06/18 16:55:42 UTC,robotics internship
2025/06/18 19:04:06 UTC,robotics internship
2025/06/18 19:12:27 UTC,robotics intern
2025/06/18 19:13:10 UTC,internship
2025/06/18 19:14:14 UTC,intern
2025/06/18 19:20:31 UTC,intern
2025/06/18 19:23:30 UTC,robotics intern
2025/06/18 19:34:22 UTC,research intern
2025/06/18 19:35:55 UTC,robotics specialist
2025/06/18 22:33:13 UTC,robotics specialist
2025/06/18 22:40:14 UTC,ihub robotics
2025/06/18 22:44:01 UTC,research intern
2025/06/18 23:13:26 UTC,intern
2025/06/19 01:01:19 UTC,robotics intern
2025/06/19 01:09:38 UTC,robotics engineer
2025/06/19 01:21:53 UTC,ihub robotics
2025/06/19 03:11:18 UTC,research intern
2025/06/19 03:23:41 UTC,intern
2025/06/19 05:18:38 UTC,internship
2025/06/19 06:13:44 UTC,robotics researcher
2025/06/19 06:17:39 UTC,robotics engineer
2025/06/19 06:17:47 UTC,intern
2025/06/19 07:36:41 UTC,robotics researcher
2025/06/19 07:40:08 UTC,intern
2025/06/19 07:41:45 UTC,robotics engineer
2025/06/19 07:47:22 UTC,robotics intern
2025/06/19 10:39:42 UTC,robotics engineer
2025/06/19 11:14:58 UTC,robotics engineer
2025/06/19 12:48:46 UTC,robotics researcher
2025/06/19 14:51:08 UTC,ihub robotics
2025/06/19 18:05:35 UTC,intern
2025/06/19 18:28:55 UTC,robotics researcher
2025/06/19 19:05:10 UTC,robotics researcher
2025/06/19 19:32:13 UTC,ihub robotics
2025/06/19 21:45:42 UTC,robotics internship
2025/06/19 21:53:11 UTC,internship
2025/06/19 21:53:54 UTC,robotics intern
2025/06/19 21:55:25 UTC,intern
2025/06/19 22:00:31 UTC,intern
2025/06/19 22:03:37 UTC,robotics intern
2025/06/19 22:12:30 UTC,robotics intern
2025/06/19 22:14:34 UTC,robotics internship
2025/06/19 22:15:07 UTC,research intern
2025/06/19 22:16:44 UTC,robotics intern
2025/06/19 22:17:21 UTC,robotics specialist
2025/06/19 22:18:52 UTC,research intern
2025/06/19 22:23:15 UTC,robotics engineer
2025/06/19 22:23:54 UTC,robotics specialist
2025/06/19 22:29:10 UTC,robotics researcher
2025/06/19 22:30:14 UTC,robotics engineer
2025/06/19 22:36:31 UTC,robotics engineer
2025/06/20 01:11:54 UTC,research intern
2025/06/20 01:24:12 UTC,robotics engineer
2025/06/20 03:50:40 UTC,robotics engineer
2025/06/20 05:08:18 UTC,internship
2025/06/20 06:05:46 UTC,intern
2025/06/20 09:34:21 UTC,intern
2025/06/20 11:01:05 UTC,robotics intern
2025/06/20 12:16:38 UTC,Robotics Specialist
2025/06/20 12:16:59 UTC,intern
2025/06/20 13:05:10 UTC,robotics researcher
2025/06/20 13:13:34 UTC,robotics engineer
2025/06/20 13:48:48 UTC,robotics engineer
2025/06/20 14:22:05 UTC,ihub robotics
2025/06/20 14:45:10 UTC,robotics intern
2025/06/20 17:37:55 UTC,intern
2025/06/20 21:03:50 UTC,karissa stisser
2025/06/20 21:03:52 UTC,karissa stisser
2025/06/20 21:19:18 UTC,robotics researcher
2025/06/20 21:56:58 UTC,robotics researcher
2025/06/20 22:10:15 UTC,research intern
2025/06/20 22:11:19 UTC,robotics specialist
2025/06/20 22:14:53 UTC,robotics researcher
2025/06/20 22:20:19 UTC,ihub robotics
2025/06/20 22:20:20 UTC,robotics engineer
2025/06/20 22:28:15 UTC,internship
2025/06/20 22:30:39 UTC,robotics engineer
2025/06/20 22:32:17 UTC,robotics engineer
2025/06/20 22:38:36 UTC,intern
2025/06/20 22:51:25 UTC,robotics researcher
2025/06/21 00:41:35 UTC,robotics internship
2025/06/21 00:47:54 UTC,internship
2025/06/21 00:49:22 UTC,robotics intern
2025/06/21 00:51:56 UTC,intern
2025/06/21 00:56:33 UTC,intern
2025/06/21 00:58:44 UTC,robotics intern
2025/06/21 01:07:54 UTC,research intern
2025/06/21 01:11:48 UTC,robotics specialist
2025/06/21 01:16:30 UTC,robotics intern
2025/06/21 01:43:33 UTC,intern
2025/06/21 01:56:26 UTC,ihub robotics
2025/06/21 05:08:35 UTC,robotics internship
2025/06/21 05:45:43 UTC,robotics researcher
2025/06/21 06:42:56 UTC,robotics engineer
2025/06/21 07:40:34 UTC,robotics internship
2025/06/21 08:41:21 UTC,research intern
2025/06/21 08:59:14 UTC,intern
2025/06/21 09:38:39 UTC,intern
2025/06/21 09:39:22 UTC,robotics engineer
2025/06/21 11:13:50 UTC,robotics researcher
2025/06/21 11:42:33 UTC,robotics engineer
2025/06/21 12:12:55 UTC,robotics researcher
2025/06/21 12:28:50 UTC,internship
2025/06/21 12:34:02 UTC,intern
2025/06/21 12:36:17 UTC,robotics researcher
2025/06/21 12:37:31 UTC,Robotics Specialist
2025/06/21 12:39:42 UTC,#challenge
2025/06/21 12:50:03 UTC,intern
2025/06/21 14:31:19 UTC,robotics intern
2025/06/21 14:31:54 UTC,ihub robotics
2025/06/21 16:12:11 UTC,robotics engineer
2025/06/21 16:20:19 UTC,robotics engineer
2025/06/21 16:49:37 UTC,robotics engineer
2025/06/21 17:50:40 UTC,intern
2025/06/21 19:32:22 UTC,ihub robotics
2025/06/21 21:25:22 UTC,robotics researcher
2025/06/21 22:10:26 UTC,robotics researcher
2025/06/21 22:12:33 UTC,robotics engineer
2025/06/21 22:24:46 UTC,robotics researcher
2025/06/21 22:25:38 UTC,robotics specialist
2025/06/21 22:25:42 UTC,robotics engineer
2025/06/21 22:29:59 UTC,robotics internship
2025/06/21 22:32:53 UTC,robotics intern
2025/06/21 22:35:43 UTC,intern
2025/06/21 22:37:22 UTC,robotics intern
2025/06/21 22:39:47 UTC,robotics engineer
2025/06/21 23:36:05 UTC,research intern
2025/06/21 23:43:52 UTC,ihub robotics
2025/06/22 00:04:50 UTC,robotics researcher
2025/06/22 00:42:25 UTC,robotics researcher
2025/06/22 01:05:16 UTC,ihub robotics
2025/06/22 01:39:06 UTC,robotics engineer
2025/06/22 03:19:10 UTC,robotics engineer
2025/06/22 03:21:51 UTC,robotics internship
2025/06/22 03:27:42 UTC,internship
2025/06/22 03:28:16 UTC,robotics intern
2025/06/22 03:32:53 UTC,intern
2025/06/22 03:33:15 UTC,intern
2025/06/22 03:37:23 UTC,robotics intern
2025/06/22 03:46:41 UTC,research intern
2025/06/22 03:48:57 UTC,robotics specialist
2025/06/22 05:33:30 UTC,internship
2025/06/22 07:26:58 UTC,robotics specialist
2025/06/22 09:30:01 UTC,robotics engineer
2025/06/22 09:30:37 UTC,intern
2025/06/22 11:09:09 UTC,robotics intern
2025/06/22 11:45:29 UTC,intern
2025/06/22 12:27:17 UTC,robotics researcher
2025/06/22 12:35:41 UTC,Robotics Specialist
2025/06/22 14:11:30 UTC,ihub robotics
2025/06/22 15:18:22 UTC,Fathima Ajmal
2025/06/22 15:20:44 UTC,Fathima Ajmal
2025/06/22 15:20:46 UTC,Fathima Ajmal
2025/06/22 16:25:04 UTC,AGRO DESIGN AND RESEARCH INNOVATIONS
2025/06/22 17:38:11 UTC,intern
2025/06/22 18:12:51 UTC,#StructuralEngineering
2025/06/22 18:53:04 UTC,robotics engineer
2025/06/22 19:28:49 UTC,robotics engineer
2025/06/22 20:17:58 UTC,robotics engineer
2025/06/22 20:20:47 UTC,robotics researcher
2025/06/22 20:35:32 UTC,intern
2025/06/22 22:10:11 UTC,robotics researcher
2025/06/22 22:15:39 UTC,robotics engineer
2025/06/22 22:23:23 UTC,robotics engineer
2025/06/22 22:23:49 UTC,ihub robotics
2025/06/22 22:24:17 UTC,robotics researcher
2025/06/22 22:25:53 UTC,intern
2025/06/22 22:27:11 UTC,robotics internship
2025/06/22 22:31:10 UTC,research intern
2025/06/22 22:31:22 UTC,internship
2025/06/22 22:31:33 UTC,robotics intern
2025/06/22 22:37:00 UTC,robotics specialist
2025/06/22 22:38:56 UTC,robotics engineer
2025/06/23 01:14:10 UTC,robotics engineer
2025/06/23 01:30:33 UTC,research intern
2025/06/23 02:42:29 UTC,robotics researcher
2025/06/23 03:21:23 UTC,robotics researcher
2025/06/23 03:34:20 UTC,robotics engineer
2025/06/23 03:45:10 UTC,ihub robotics
2025/06/23 05:41:58 UTC,robotics specialist
2025/06/23 06:00:25 UTC,robotics internship
2025/06/23 06:07:32 UTC,robotics intern
2025/06/23 06:08:01 UTC,internship
2025/06/23 06:12:00 UTC,intern
2025/06/23 06:12:09 UTC,intern
2025/06/23 06:14:51 UTC,robotics engineer
2025/06/23 06:14:57 UTC,robotics intern
2025/06/23 06:25:02 UTC,research intern
2025/06/23 06:27:41 UTC,robotics specialist
2025/06/23 09:43:57 UTC,intern
2025/06/23 12:05:45 UTC,robotics engineer
2025/06/23 12:23:27 UTC,Robotics Specialist
2025/06/23 12:38:40 UTC,robotics researcher
2025/06/23 14:23:35 UTC,robotics intern
2025/06/23 14:33:58 UTC,ihub robotics
2025/06/23 14:36:08 UTC,intern
2025/06/23 16:20:39 UTC,Fathima Ajmal
2025/06/23 17:24:02 UTC,robotisim
2025/06/23 17:24:03 UTC,robotics summit & expo
2025/06/23 17:24:04 UTC,hai robotics
2025/06/23 17:24:05 UTC,robotics Japan
2025/06/23 17:24:36 UTC,robotics Japan
2025/06/23 17:24:36 UTC,robotics Japan
2025/06/23 17:24:37 UTC,robotics Japan
2025/06/23 17:24:37 UTC,robotics Japan
2025/06/23 17:24:38 UTC,robotics Japan
2025/06/23 17:24:44 UTC,robotics Japan
2025/06/23 17:24:44 UTC,robotics Japan
2025/06/23 17:24:45 UTC,robotics Japan
2025/06/23 17:26:30 UTC,robotics Japan
2025/06/23 17:26:33 UTC,robotics Japan
2025/06/23 17:26:39 UTC,robotics Japan
2025/06/23 17:30:23 UTC,intern
2025/06/23 18:18:13 UTC,robotics researcher
2025/06/23 20:31:01 UTC,robotics Japan
2025/06/23 20:31:02 UTC,robotics jobs japan china & asia-pacific
2025/06/23 20:31:08 UTC,india robotics Japan
2025/06/23 20:32:12 UTC,intern
2025/06/23 21:42:17 UTC,robotics engineer
2025/06/23 22:07:06 UTC,robotics researcher
2025/06/23 22:11:59 UTC,robotics engineer
2025/06/23 22:15:16 UTC,robotics internship
2025/06/23 22:16:47 UTC,robotics engineer
2025/06/23 22:18:02 UTC,internship
2025/06/23 22:20:26 UTC,ihub robotics
2025/06/23 22:21:28 UTC,research intern
2025/06/23 22:24:46 UTC,robotics intern
2025/06/23 22:25:04 UTC,intern
2025/06/23 22:26:20 UTC,robotics specialist
2025/06/23 22:27:18 UTC,robotics engineer
2025/06/23 22:35:25 UTC,robotics engineer
2025/06/24 01:22:45 UTC,robotics engineer
2025/06/24 01:23:18 UTC,robotics researcher
2025/06/24 03:35:46 UTC,robotics engineer
2025/06/24 05:30:51 UTC,robotics researcher
2025/06/24 06:11:42 UTC,robotics researcher
2025/06/24 06:33:57 UTC,ihub robotics
2025/06/24 08:49:36 UTC,robotics internship
2025/06/24 08:56:18 UTC,robotics intern
2025/06/24 08:56:24 UTC,internship
2025/06/24 08:59:55 UTC,intern
2025/06/24 09:00:12 UTC,intern
2025/06/24 09:04:54 UTC,robotics intern
2025/06/24 09:13:55 UTC,research intern
2025/06/24 09:16:14 UTC,robotics specialist
2025/06/24 09:48:41 UTC,intern
2025/06/24 12:27:40 UTC,robotics researcher
2025/06/24 12:45:23 UTC,Robotics Specialist
2025/06/24 14:14:33 UTC,robotics intern
2025/06/24 14:22:46 UTC,ihub robotics
2025/06/24 14:53:57 UTC,robotics engineer
2025/06/24 17:10:04 UTC,intern
2025/06/24 17:45:24 UTC,intern
2025/06/24 18:23:15 UTC,robotics researcher
2025/06/24 20:09:49 UTC,intern
2025/06/24 22:08:38 UTC,robotics specialist
2025/06/24 22:10:43 UTC,robotics researcher
2025/06/24 22:14:23 UTC,intern
2025/06/24 22:19:17 UTC,robotics researcher
2025/06/24 22:24:45 UTC,robotics engineer
2025/06/24 22:26:32 UTC,robotics internship
2025/06/24 22:27:57 UTC,research intern
2025/06/24 22:28:11 UTC,robotics engineer
2025/06/24 22:32:37 UTC,robotics intern
2025/06/24 22:35:40 UTC,ihub robotics
2025/06/24 22:35:57 UTC,robotics intern
2025/06/24 22:37:24 UTC,internship
2025/06/24 22:38:26 UTC,robotics engineer
2025/06/25 00:16:29 UTC,robotics engineer
2025/06/25 00:54:08 UTC,robotics engineer
2025/06/25 01:25:44 UTC,robotics engineer
2025/06/25 03:19:57 UTC,robotics engineer
2025/06/25 05:34:44 UTC,robotics specialist
2025/06/25 08:02:45 UTC,robotics researcher
2025/06/25 08:44:34 UTC,robotics researcher
2025/06/25 09:06:42 UTC,ihub robotics
2025/06/25 09:48:01 UTC,intern
2025/06/25 11:26:31 UTC,robotics internship
2025/06/25 11:33:15 UTC,internship
2025/06/25 11:33:54 UTC,robotics intern
2025/06/25 11:36:32 UTC,intern
2025/06/25 11:38:00 UTC,intern
2025/06/25 11:41:26 UTC,robotics intern
2025/06/25 11:50:47 UTC,research intern
2025/06/25 11:50:59 UTC,robotics specialist
2025/06/25 12:27:16 UTC,Robotics Specialist
2025/06/25 13:05:50 UTC,robotics researcher
2025/06/25 14:21:10 UTC,ihub robotics
2025/06/25 14:30:24 UTC,robotics intern
2025/06/25 17:32:34 UTC,robotics engineer
2025/06/25 17:55:28 UTC,intern
2025/06/25 18:38:08 UTC,robotics researcher
2025/06/25 19:47:02 UTC,intern
2025/06/25 20:14:50 UTC,intern
2025/06/25 22:09:07 UTC,robotics intern
2025/06/25 22:09:23 UTC,robotics internship
2025/06/25 22:10:08 UTC,robotics engineer
2025/06/25 22:10:16 UTC,robotics specialist
2025/06/25 22:12:16 UTC,robotics engineer
2025/06/25 22:13:42 UTC,internship
2025/06/25 22:13:47 UTC,research intern
2025/06/25 22:22:32 UTC,intern
2025/06/25 22:28:02 UTC,robotics engineer
2025/06/25 22:36:56 UTC,ihub robotics
2025/06/25 22:38:34 UTC,robotics researcher
2025/06/25 22:39:03 UTC,robotics researcher
2025/06/26 01:07:53 UTC,research intern
2025/06/26 02:57:01 UTC,robotics engineer
2025/06/26 03:33:52 UTC,robotics engineer
2025/06/26 05:40:19 UTC,robotics specialist
2025/06/26 07:07:40 UTC,robotics engineer
2025/06/26 09:38:19 UTC,intern
2025/06/26 10:44:55 UTC,robotics researcher
2025/06/26 11:25:51 UTC,robotics researcher
2025/06/26 11:50:03 UTC,ihub robotics
2025/06/26 12:59:40 UTC,fathima ajmal
2025/06/26 13:19:35 UTC,robotics researcher
2025/06/26 14:10:04 UTC,robotics internship
2025/06/26 14:15:01 UTC,internship
2025/06/26 14:17:09 UTC,robotics intern
2025/06/26 14:19:06 UTC,intern
2025/06/26 14:20:43 UTC,intern
2025/06/26 14:23:17 UTC,robotics intern
2025/06/26 14:24:37 UTC,robotics intern
2025/06/26 14:31:51 UTC,robotics specialist
2025/06/26 14:33:30 UTC,research intern
2025/06/26 14:58:23 UTC,inker robotics
2025/06/26 14:58:25 UTC,inker robotics
2025/06/26 15:08:40 UTC,inker robotics
2025/06/26 15:49:57 UTC,ihub robotics
2025/06/26 17:52:11 UTC,intern
2025/06/26 18:13:25 UTC,robotics researcher
2025/06/26 20:14:28 UTC,robotics engineer
2025/06/26 20:17:25 UTC,intern
2025/06/26 22:20:07 UTC,robotics specialist
2025/06/26 22:26:27 UTC,ihub robotics
2025/06/26 22:28:49 UTC,intern
2025/06/26 22:28:50 UTC,robotics researcher
2025/06/26 22:30:26 UTC,robotics internship
2025/06/26 22:34:42 UTC,robotics engineer
2025/06/26 22:42:48 UTC,intern
2025/06/26 22:46:45 UTC,robotics engineer
2025/06/26 22:50:53 UTC,robotics engineer
2025/06/26 22:51:33 UTC,research intern
2025/06/26 22:52:04 UTC,robotics intern
2025/06/26 23:06:45 UTC,robotics researcher
2025/06/26 23:07:26 UTC,internship
2025/06/27 01:36:50 UTC,robotics engineer
2025/06/27 03:13:55 UTC,robotics engineer
2025/06/27 05:36:12 UTC,robotics engineer
2025/06/27 06:15:27 UTC,robotics engineer
2025/06/27 09:34:08 UTC,intern
2025/06/27 12:50:15 UTC,sidharth sajith
2025/06/27 12:50:17 UTC,sidharth sajith
2025/06/27 12:55:43 UTC,sidharth sajith
2025/06/27 13:05:21 UTC,robotics researcher
2025/06/27 13:50:01 UTC,robotics researcher
2025/06/27 14:38:41 UTC,robotics intern
2025/06/27 14:40:10 UTC,robotics researcher
2025/06/27 14:47:22 UTC,ihub robotics
2025/06/27 15:02:57 UTC,ihub robotics
2025/06/27 17:20:31 UTC,robotics internship
2025/06/27 17:26:36 UTC,internship
2025/06/27 17:28:05 UTC,intern
2025/06/27 17:29:13 UTC,robotics intern
2025/06/27 17:31:10 UTC,intern
2025/06/27 17:33:26 UTC,robotics intern
2025/06/27 17:41:15 UTC,robotics specialist
2025/06/27 17:42:52 UTC,research intern
2025/06/27 20:04:16 UTC,intern
2025/06/27 20:25:15 UTC,robotics researcher
2025/06/27 20:27:42 UTC,intern
2025/06/27 22:10:16 UTC,robotics specialist
2025/06/27 22:10:40 UTC,robotics engineer
2025/06/27 22:14:52 UTC,robotics researcher
2025/06/27 22:14:55 UTC,internship
2025/06/27 22:16:25 UTC,intern
2025/06/27 22:19:41 UTC,robotics engineer
2025/06/27 22:22:51 UTC,research intern
2025/06/27 22:24:45 UTC,robotics engineer
2025/06/27 22:25:08 UTC,robotics internship
2025/06/27 22:26:25 UTC,robotics intern
2025/06/27 22:31:39 UTC,ihub robotics
2025/06/27 22:37:58 UTC,robotics intern
2025/06/27 22:39:47 UTC,robotics researcher
2025/06/27 23:22:47 UTC,robotics engineer
2025/06/28 01:26:58 UTC,robotics engineer
2025/06/28 01:36:01 UTC,intern
2025/06/28 01:39:33 UTC,research intern
2025/06/28 03:27:46 UTC,robotics engineer
2025/06/28 06:12:24 UTC,robotics engineer
2025/06/28 08:42:26 UTC,robotics engineer
2025/06/28 09:22:38 UTC,robotics engineer
2025/06/28 09:33:22 UTC,intern
2025/06/28 12:18:45 UTC,robotics researcher
2025/06/28 14:17:01 UTC,ihub robotics
2025/06/28 14:35:39 UTC,robotics intern
2025/06/28 16:29:17 UTC,robotics researcher
2025/06/28 17:10:23 UTC,robotics researcher
2025/06/28 17:33:18 UTC,ihub robotics
2025/06/28 17:52:20 UTC,intern
2025/06/28 18:52:55 UTC,robotics researcher
2025/06/28 19:51:15 UTC,robotics internship
2025/06/28 19:56:27 UTC,internship
2025/06/28 19:58:25 UTC,robotics intern
2025/06/28 20:00:48 UTC,intern
2025/06/28 20:02:06 UTC,intern
2025/06/28 20:03:37 UTC,robotics intern
2025/06/28 20:12:57 UTC,robotics specialist
2025/06/28 20:15:43 UTC,research intern
2025/06/28 21:07:20 UTC,intern
2025/06/28 22:11:37 UTC,robotics internship
2025/06/28 22:19:37 UTC,robotics engineer
2025/06/28 22:35:19 UTC,robotics engineer
2025/06/28 22:36:04 UTC,intern
2025/06/28 22:37:32 UTC,ihub robotics
2025/06/28 22:39:27 UTC,robotics engineer
2025/06/28 22:43:32 UTC,robotics researcher
2025/06/28 22:50:26 UTC,robotics researcher
2025/06/28 22:53:00 UTC,research intern
2025/06/28 22:53:37 UTC,robotics specialist
2025/06/28 23:00:26 UTC,robotics intern
2025/06/28 23:00:58 UTC,internship
2025/06/28 23:03:39 UTC,robotics intern
2025/06/29 01:35:19 UTC,robotics engineer
2025/06/29 01:37:14 UTC,research intern
2025/06/29 01:57:16 UTC,robotics engineer
2025/06/29 03:21:20 UTC,robotics engineer
2025/06/29 04:10:10 UTC,intern
2025/06/29 05:38:51 UTC,robotics specialist
2025/06/29 06:16:27 UTC,robotics engineer
2025/06/29 09:14:12 UTC,intern
2025/06/29 11:25:48 UTC,robotics engineer
2025/06/29 11:52:12 UTC,amdre gmbh
2025/06/29 11:52:13 UTC,amdrodd technologies llc.
2025/06/29 11:52:14 UTC,agro design and research innovations
2025/06/29 11:52:14 UTC,amd genetic testing overview
2025/06/29 11:52:14 UTC,ameena muhammed a
2025/06/29 11:52:15 UTC,andrewjos sebastian
2025/06/29 11:53:55 UTC,emil phil vinod
2025/06/29 11:55:19 UTC,mohammad farhan thangal
2025/06/29 11:55:19 UTC,tharun poobalan
2025/06/29 11:55:20 UTC,the better india
2025/06/29 11:55:20 UTC,📍 tech startup ceos & investors\: artificial intelligence, machine learning, fintech, saas, chatgpt
2025/06/29 11:55:23 UTC,nidhin jyothi
2025/06/29 12:03:29 UTC,robotics engineer
2025/06/29 12:17:10 UTC,robotics researcher
2025/06/29 14:15:49 UTC,robotics intern
2025/06/29 14:26:07 UTC,ihub robotics
2025/06/29 18:04:02 UTC,intern
2025/06/29 18:21:44 UTC,robotics researcher
2025/06/29 19:12:19 UTC,robotics researcher
2025/06/29 19:51:06 UTC,robotics researcher
2025/06/29 20:16:17 UTC,ihub robotics
2025/06/29 20:39:59 UTC,intern
2025/06/29 22:06:29 UTC,robotics researcher
2025/06/29 22:08:10 UTC,intern
2025/06/29 22:10:58 UTC,robotics intern
2025/06/29 22:14:23 UTC,robotics internship
2025/06/29 22:14:40 UTC,robotics engineer
2025/06/29 22:16:30 UTC,ihub robotics
2025/06/29 22:16:34 UTC,robotics engineer
2025/06/29 22:18:25 UTC,robotics engineer
2025/06/29 22:27:06 UTC,robotics specialist
2025/06/29 22:33:31 UTC,robotics internship
2025/06/29 22:34:00 UTC,robotics researcher
2025/06/29 22:36:30 UTC,internship
2025/06/29 22:36:55 UTC,research intern
2025/06/29 22:40:30 UTC,internship
2025/06/29 22:43:28 UTC,robotics intern
2025/06/29 22:45:22 UTC,intern
2025/06/29 22:47:36 UTC,robotics intern
2025/06/29 22:48:16 UTC,intern
2025/06/29 22:58:23 UTC,robotics specialist
2025/06/29 22:59:45 UTC,research intern
2025/06/30 01:24:10 UTC,robotics engineer
2025/06/30 03:07:15 UTC,robotics engineer
2025/06/30 04:45:30 UTC,robotics engineer
2025/06/30 06:10:04 UTC,robotics engineer
2025/06/30 07:00:32 UTC,intern
2025/06/30 09:42:50 UTC,intern
2025/06/30 13:31:00 UTC,robotics researcher
2025/06/30 14:17:10 UTC,robotics intern
2025/06/30 14:25:53 UTC,robotics engineer
2025/06/30 14:39:37 UTC,ihub robotics
2025/06/30 15:00:38 UTC,robotics engineer
2025/06/30 17:28:40 UTC,intern
2025/06/30 18:53:14 UTC,robotics researcher
2025/06/30 20:12:30 UTC,intern
2025/06/30 22:09:23 UTC,robotics engineer
2025/06/30 22:10:24 UTC,robotics researcher
2025/06/30 22:12:32 UTC,robotics intern
2025/06/30 22:18:55 UTC,robotics engineer
2025/06/30 22:19:19 UTC,intern
2025/06/30 22:22:58 UTC,robotics engineer
2025/06/30 22:23:47 UTC,internship
2025/06/30 22:28:08 UTC,robotics researcher
2025/06/30 22:29:04 UTC,research intern
2025/06/30 22:31:43 UTC,robotics researcher
2025/06/30 22:34:35 UTC,robotics intern
2025/06/30 22:35:38 UTC,robotics internship
2025/06/30 22:37:49 UTC,ihub robotics
2025/06/30 22:40:09 UTC,robotics specialist
2025/06/30 22:49:09 UTC,robotics researcher
2025/06/30 23:15:24 UTC,ihub robotics
2025/07/01 01:07:39 UTC,robotics engineer
2025/07/01 01:43:38 UTC,robotics internship
2025/07/01 01:52:11 UTC,internship
2025/07/01 01:54:02 UTC,robotics intern
2025/07/01 01:57:31 UTC,intern
2025/07/01 02:08:55 UTC,intern
2025/07/01 02:09:16 UTC,robotics intern
2025/07/01 02:19:34 UTC,robotics specialist
2025/07/01 02:19:46 UTC,research intern
2025/07/01 03:27:07 UTC,robotics engineer
2025/07/01 06:12:29 UTC,robotics engineer
2025/07/01 07:55:18 UTC,robotics engineer
2025/07/01 09:23:17 UTC,intern
2025/07/01 10:11:41 UTC,intern
2025/07/01 12:21:17 UTC,robotics researcher
2025/07/01 14:21:37 UTC,ihub robotics
2025/07/01 14:28:21 UTC,robotics intern
2025/07/01 17:19:48 UTC,robotics engineer
2025/07/01 17:22:00 UTC,intern
2025/07/01 17:52:42 UTC,robotics engineer
2025/07/01 18:11:04 UTC,robotics researcher
2025/07/01 20:38:43 UTC,intern
2025/07/01 22:08:50 UTC,robotics internship
2025/07/01 22:08:56 UTC,ihub robotics
2025/07/01 22:09:23 UTC,robotics engineer
2025/07/01 22:09:31 UTC,robotics researcher
2025/07/01 22:10:59 UTC,robotics intern
2025/07/01 22:15:00 UTC,robotics specialist
2025/07/01 22:23:38 UTC,robotics researcher
2025/07/01 22:25:11 UTC,research intern
2025/07/01 22:25:52 UTC,robotics engineer
2025/07/01 22:29:55 UTC,intern
2025/07/01 22:30:07 UTC,robotics intern
2025/07/01 22:30:12 UTC,robotics engineer
2025/07/01 22:32:43 UTC,internship
2025/07/02 01:04:03 UTC,robotics researcher
2025/07/02 01:40:15 UTC,robotics researcher
2025/07/02 02:10:27 UTC,ihub robotics
2025/07/02 04:20:49 UTC,robotics internship
2025/07/02 04:29:27 UTC,internship
2025/07/02 04:30:44 UTC,robotics intern
2025/07/02 04:36:04 UTC,intern
2025/07/02 04:37:11 UTC,intern
2025/07/02 04:37:50 UTC,robotics intern
2025/07/02 04:48:32 UTC,robotics specialist
2025/07/02 04:49:18 UTC,research intern
2025/07/02 05:08:48 UTC,robotics specialist
2025/07/02 09:29:57 UTC,intern
2025/07/02 10:23:27 UTC,robotics engineer
2025/07/02 12:38:43 UTC,intern
2025/07/02 13:04:56 UTC,robotics researcher
2025/07/02 14:20:31 UTC,robotics intern
2025/07/02 14:21:07 UTC,ihub robotics
2025/07/02 17:40:46 UTC,intern
2025/07/02 18:18:39 UTC,robotics researcher
2025/07/02 20:26:42 UTC,intern
2025/07/02 20:32:12 UTC,robotics engineer
2025/07/02 21:06:08 UTC,robotics engineer
2025/07/02 22:10:01 UTC,robotics intern
2025/07/02 22:16:47 UTC,robotics intern
2025/07/02 22:16:51 UTC,robotics specialist
2025/07/02 22:18:05 UTC,internship
2025/07/02 22:18:21 UTC,robotics engineer
2025/07/02 22:18:46 UTC,robotics internship
2025/07/02 22:19:08 UTC,robotics engineer
2025/07/02 22:19:30 UTC,research intern
2025/07/02 22:20:28 UTC,robotics researcher
2025/07/02 22:20:51 UTC,robotics researcher
2025/07/02 22:24:22 UTC,intern
2025/07/02 22:38:15 UTC,robotics engineer
2025/07/02 22:38:50 UTC,ihub robotics
2025/07/03 01:38:00 UTC,robotics engineer
2025/07/03 03:14:52 UTC,robotics engineer
2025/07/03 04:33:04 UTC,robotics researcher
2025/07/03 05:10:29 UTC,robotics researcher
2025/07/03 05:41:13 UTC,ihub robotics
2025/07/03 06:17:08 UTC,robotics engineer
2025/07/03 07:50:06 UTC,robotics internship
2025/07/03 07:57:21 UTC,internship
2025/07/03 08:01:44 UTC,robotics intern
2025/07/03 08:05:21 UTC,intern
2025/07/03 08:05:33 UTC,intern
2025/07/03 08:06:39 UTC,robotics intern
2025/07/03 08:16:21 UTC,robotics specialist
2025/07/03 08:18:39 UTC,research intern
2025/07/03 09:27:35 UTC,intern
2025/07/03 10:51:07 UTC,Research Intern
2025/07/03 12:46:57 UTC,robotics researcher
2025/07/03 13:52:21 UTC,robotics engineer
2025/07/03 14:26:16 UTC,ihub robotics
2025/07/03 14:33:23 UTC,robotics intern
2025/07/03 16:38:49 UTC,intern
2025/07/03 16:48:02 UTC,intern
2025/07/03 17:16:30 UTC,intern
2025/07/03 18:29:00 UTC,robotics researcher
2025/07/03 20:28:45 UTC,intern
2025/07/03 22:08:21 UTC,robotics researcher
2025/07/03 22:08:27 UTC,internship
2025/07/03 22:10:37 UTC,robotics internship
2025/07/03 22:10:57 UTC,robotics specialist
2025/07/03 22:13:22 UTC,intern
2025/07/03 22:17:15 UTC,robotics researcher
2025/07/03 22:18:02 UTC,robotics intern
2025/07/03 22:18:10 UTC,ihub robotics
2025/07/03 22:19:03 UTC,robotics engineer
2025/07/03 22:21:07 UTC,robotics intern
2025/07/03 22:22:41 UTC,robotics engineer
2025/07/03 22:25:28 UTC,robotics engineer
2025/07/03 22:30:48 UTC,research intern
2025/07/04 00:02:59 UTC,robotics engineer
2025/07/04 00:36:18 UTC,robotics engineer
2025/07/04 01:19:04 UTC,robotics engineer
2025/07/04 03:34:36 UTC,robotics engineer
2025/07/04 06:37:25 UTC,robotics engineer
2025/07/04 08:21:53 UTC,robotics researcher
2025/07/04 09:00:44 UTC,robotics researcher
2025/07/04 09:21:31 UTC,intern
2025/07/04 09:30:19 UTC,ihub robotics
2025/07/04 11:40:55 UTC,robotics internship
2025/07/04 11:46:56 UTC,internship
2025/07/04 11:50:46 UTC,robotics intern
2025/07/04 11:55:55 UTC,intern
2025/07/04 11:56:22 UTC,intern
2025/07/04 11:56:34 UTC,robotics intern
2025/07/04 12:05:13 UTC,robotics specialist
2025/07/04 12:08:58 UTC,research intern
2025/07/04 12:51:39 UTC,robotics researcher
2025/07/04 14:46:32 UTC,ihub robotics
2025/07/04 14:50:29 UTC,robotics intern
2025/07/04 17:20:42 UTC,intern
2025/07/04 17:42:46 UTC,robotics engineer
2025/07/04 18:51:35 UTC,robotics researcher
2025/07/04 20:04:55 UTC,intern
2025/07/04 20:50:40 UTC,intern
2025/07/04 22:12:25 UTC,robotics researcher
2025/07/04 22:12:59 UTC,robotics engineer
2025/07/04 22:14:17 UTC,internship
2025/07/04 22:14:59 UTC,robotics intern
2025/07/04 22:18:11 UTC,intern
2025/07/04 22:19:39 UTC,robotics engineer
2025/07/04 22:26:22 UTC,robotics internship
2025/07/04 22:26:51 UTC,robotics specialist
2025/07/04 22:30:08 UTC,research intern
2025/07/04 22:32:34 UTC,ihub robotics
2025/07/04 22:38:27 UTC,robotics engineer
2025/07/04 22:40:24 UTC,robotics researcher
2025/07/05 01:24:05 UTC,research intern
2025/07/05 01:25:18 UTC,robotics engineer
2025/07/05 03:09:21 UTC,robotics engineer
2025/07/05 03:26:36 UTC,robotics engineer
2025/07/05 03:42:00 UTC,robotics engineer
2025/07/05 09:29:05 UTC,intern
2025/07/05 10:54:13 UTC,robotics researcher
2025/07/05 11:35:09 UTC,robotics researcher
2025/07/05 12:04:01 UTC,ihub robotics
2025/07/05 12:24:00 UTC,robotics researcher
2025/07/05 14:10:41 UTC,robotics intern
2025/07/05 14:15:33 UTC,robotics internship
2025/07/05 14:22:31 UTC,ihub robotics
2025/07/05 14:22:46 UTC,internship
2025/07/05 14:24:20 UTC,robotics intern
2025/07/05 14:29:02 UTC,robotics intern
2025/07/05 14:29:03 UTC,intern
2025/07/05 14:30:07 UTC,intern
2025/07/05 14:39:43 UTC,robotics specialist
2025/07/05 14:43:23 UTC,research intern
2025/07/05 17:31:20 UTC,intern
2025/07/05 18:49:23 UTC,robotics researcher
2025/07/05 20:17:38 UTC,robotics engineer
2025/07/05 20:50:39 UTC,intern
2025/07/05 22:10:47 UTC,internship
2025/07/05 22:12:38 UTC,robotics engineer
2025/07/05 22:16:18 UTC,ihub robotics
2025/07/05 22:18:09 UTC,robotics intern
2025/07/05 22:18:39 UTC,research intern
2025/07/05 22:20:57 UTC,robotics researcher
2025/07/05 22:28:19 UTC,robotics engineer
2025/07/05 22:30:06 UTC,robotics internship
2025/07/05 22:31:01 UTC,robotics engineer
2025/07/05 22:34:36 UTC,robotics researcher
2025/07/05 22:38:57 UTC,intern
2025/07/05 22:39:50 UTC,intern
2025/07/05 22:42:07 UTC,robotics specialist
2025/07/06 01:28:09 UTC,robotics engineer
2025/07/06 03:25:09 UTC,robotics engineer
2025/07/06 05:15:16 UTC,robotics specialist
2025/07/06 05:44:04 UTC,robotics engineer
2025/07/06 06:17:17 UTC,robotics engineer
2025/07/06 06:28:12 UTC,robotics engineer
2025/07/06 08:28:40 UTC,suraj c s
2025/07/06 08:28:42 UTC,suraj remanan
2025/07/06 08:30:50 UTC,cibhi adhinath padmanaban
2025/07/06 08:30:51 UTC,adithya satheesh
2025/07/06 08:30:56 UTC,adhira anilkumar pillai
2025/07/06 08:30:57 UTC,adhira sudhan
2025/07/06 08:30:57 UTC,adhira sudhan
2025/07/06 09:28:21 UTC,intern
2025/07/06 12:37:43 UTC,robotics researcher
2025/07/06 13:44:38 UTC,robotics researcher
2025/07/06 14:33:38 UTC,robotics intern
2025/07/06 14:33:54 UTC,robotics researcher
2025/07/06 14:42:18 UTC,ihub robotics
2025/07/06 15:02:48 UTC,ihub robotics
2025/07/06 17:15:26 UTC,robotics internship
2025/07/06 17:22:41 UTC,robotics intern
2025/07/06 17:24:06 UTC,internship
2025/07/06 17:27:56 UTC,intern
2025/07/06 17:28:04 UTC,intern
2025/07/06 17:28:57 UTC,robotics intern
2025/07/06 17:33:24 UTC,intern
2025/07/06 17:39:23 UTC,robotics specialist
2025/07/06 17:43:02 UTC,research intern
2025/07/06 18:46:39 UTC,robotics researcher
2025/07/06 20:38:43 UTC,intern
2025/07/06 22:08:06 UTC,robotics engineer
2025/07/06 22:09:25 UTC,internship
2025/07/06 22:11:48 UTC,robotics engineer
2025/07/06 22:15:48 UTC,intern
2025/07/06 22:16:57 UTC,robotics specialist
2025/07/06 22:17:17 UTC,robotics engineer
2025/07/06 22:20:59 UTC,ihub robotics
2025/07/06 22:22:28 UTC,robotics internship
2025/07/06 22:27:40 UTC,research intern
2025/07/06 22:30:49 UTC,robotics researcher
2025/07/06 22:31:02 UTC,robotics intern
2025/07/06 22:38:28 UTC,robotics intern
2025/07/06 22:39:22 UTC,robotics researcher
2025/07/06 23:33:14 UTC,robotics engineer
2025/07/07 01:20:11 UTC,robotics engineer
2025/07/07 01:25:40 UTC,research intern
2025/07/07 01:54:44 UTC,intern
2025/07/07 02:31:38 UTC,robotics internship
2025/07/07 03:17:56 UTC,robotics engineer
2025/07/07 05:08:52 UTC,robotics specialist
2025/07/07 06:12:35 UTC,robotics engineer
2025/07/07 08:59:50 UTC,robotics engineer
2025/07/07 09:28:08 UTC,intern
2025/07/07 09:32:43 UTC,robotics engineer
2025/07/07 12:45:07 UTC,robotics researcher
2025/07/07 14:20:19 UTC,ihub robotics
2025/07/07 14:33:23 UTC,robotics intern
2025/07/07 16:43:47 UTC,robotics researcher
2025/07/07 17:24:05 UTC,robotics researcher
2025/07/07 17:27:08 UTC,intern
2025/07/07 17:53:34 UTC,ihub robotics
2025/07/07 18:26:33 UTC,robotics researcher
2025/07/07 20:07:53 UTC,robotics internship
2025/07/07 20:11:51 UTC,robotics intern
2025/07/07 20:15:42 UTC,internship
2025/07/07 20:19:51 UTC,robotics intern
2025/07/07 20:19:52 UTC,intern
2025/07/07 20:20:39 UTC,intern
2025/07/07 20:31:22 UTC,robotics specialist
2025/07/07 20:31:44 UTC,research intern
2025/07/07 20:35:28 UTC,intern
2025/07/07 22:10:23 UTC,robotics researcher
2025/07/07 22:10:41 UTC,robotics intern
2025/07/07 22:14:28 UTC,intern
2025/07/07 22:14:51 UTC,robotics internship
2025/07/07 22:26:42 UTC,robotics specialist
2025/07/07 22:27:58 UTC,robotics engineer
2025/07/07 22:30:05 UTC,internship
2025/07/07 22:30:09 UTC,robotics researcher
2025/07/07 22:30:20 UTC,robotics engineer
2025/07/07 22:39:03 UTC,robotics engineer
2025/07/07 22:41:34 UTC,robotics intern
2025/07/07 22:41:43 UTC,ihub robotics
2025/07/07 22:42:46 UTC,research intern
2025/07/08 01:39:35 UTC,robotics engineer
2025/07/08 02:09:27 UTC,robotics engineer
2025/07/08 03:45:15 UTC,robotics engineer
2025/07/08 04:55:54 UTC,intern
2025/07/08 09:09:06 UTC,intern
2025/07/08 12:10:50 UTC,robotics engineer
2025/07/08 12:42:08 UTC,robotics engineer
2025/07/08 12:53:39 UTC,robotics researcher
2025/07/08 14:40:53 UTC,ihub robotics
2025/07/08 14:43:13 UTC,robotics intern
2025/07/08 17:35:19 UTC,intern
2025/07/08 18:32:43 UTC,robotics researcher
2025/07/08 20:28:05 UTC,robotics researcher
2025/07/08 21:05:44 UTC,robotics researcher
2025/07/08 21:37:28 UTC,ihub robotics
2025/07/08 22:19:17 UTC,robotics researcher
2025/07/08 22:22:47 UTC,ihub robotics
2025/07/08 22:30:04 UTC,robotics intern
2025/07/08 22:36:41 UTC,research intern
2025/07/08 22:39:11 UTC,intern
2025/07/08 22:43:01 UTC,internship
2025/07/08 23:50:37 UTC,robotics internship
2025/07/08 23:56:25 UTC,robotics intern
2025/07/08 23:58:59 UTC,internship
2025/07/09 00:02:15 UTC,intern
2025/07/09 00:03:51 UTC,robotics intern
2025/07/09 00:04:15 UTC,intern
2025/07/09 00:16:09 UTC,robotics specialist
2025/07/09 00:17:01 UTC,research intern
2025/07/09 00:55:07 UTC,intern
2025/07/09 01:17:20 UTC,research intern
2025/07/09 01:47:16 UTC,robotics internship
2025/07/09 02:10:40 UTC,robotics researcher
2025/07/09 02:10:40 UTC,robotics researcher
2025/07/09 02:19:07 UTC,robotics engineer
2025/07/09 02:21:43 UTC,robotics intern
2025/07/09 02:21:43 UTC,robotics intern
2025/07/09 02:26:15 UTC,robotics engineer
2025/07/09 02:28:35 UTC,robotics engineer
2025/07/09 02:32:54 UTC,robotics specialist
2025/07/09 04:09:12 UTC,robotics engineer
2025/07/09 05:57:27 UTC,robotics engineer
2025/07/09 08:18:20 UTC,intern
2025/07/09 10:48:01 UTC,robotics intern
2025/07/09 11:41:14 UTC,robotics engineer
2025/07/09 13:24:42 UTC,robotics specialist
2025/07/09 14:06:20 UTC,internship
2025/07/09 14:39:31 UTC,ihub robotics
2025/07/09 14:39:32 UTC,ihub robotics
2025/07/09 14:48:16 UTC,robotics intern
2025/07/09 14:48:16 UTC,robotics intern
2025/07/09 15:59:42 UTC,robotics engineer
2025/07/09 16:31:15 UTC,robotics engineer
2025/07/09 16:50:25 UTC,intern
2025/07/09 18:58:07 UTC,robotics researcher
2025/07/09 18:58:07 UTC,robotics researcher
2025/07/09 19:15:33 UTC,robotics researcher
2025/07/09 19:15:33 UTC,robotics researcher
2025/07/09 19:30:38 UTC,intern
2025/07/09 21:28:59 UTC,intern
2025/07/09 22:15:00 UTC,robotics internship
2025/07/09 22:32:20 UTC,robotics researcher
2025/07/09 22:32:20 UTC,robotics researcher
2025/07/09 22:36:44 UTC,intern
2025/07/09 22:38:48 UTC,robotics engineer
2025/07/09 23:03:41 UTC,robotics engineer
2025/07/09 23:41:26 UTC,robotics researcher
2025/07/10 00:19:42 UTC,robotics researcher
2025/07/10 00:50:48 UTC,ihub robotics
2025/07/10 01:10:38 UTC,research intern
2025/07/10 01:10:38 UTC,research intern
2025/07/10 01:14:43 UTC,robotics intern
2025/07/10 01:25:34 UTC,robotics engineer
2025/07/10 03:03:14 UTC,robotics internship
2025/07/10 03:08:56 UTC,robotics intern
2025/07/10 03:11:29 UTC,internship
2025/07/10 03:15:56 UTC,robotics intern
2025/07/10 03:16:12 UTC,intern
2025/07/10 03:18:11 UTC,intern
2025/07/10 03:28:55 UTC,research intern
2025/07/10 03:29:16 UTC,robotics specialist
2025/07/10 05:39:46 UTC,internship
2025/07/10 06:54:53 UTC,robotics specialist
2025/07/10 09:03:42 UTC,robotics engineer
2025/07/10 11:11:40 UTC,intern
2025/07/10 11:24:42 UTC,intern
2025/07/10 12:54:15 UTC,robotics researcher
2025/07/10 12:54:15 UTC,robotics researcher
2025/07/10 13:41:19 UTC,intern
2025/07/10 15:00:13 UTC,ihub robotics
2025/07/10 15:28:15 UTC,robotics intern
2025/07/10 15:28:15 UTC,robotics intern
2025/07/10 15:32:39 UTC,robotics specialist
2025/07/10 15:51:57 UTC,research intern
2025/07/10 15:51:57 UTC,research intern
2025/07/10 16:00:01 UTC,robotics researcher
2025/07/10 16:00:01 UTC,robotics researcher
2025/07/10 16:08:49 UTC,fathima ajmal
2025/07/10 16:08:51 UTC,ajmal a
2025/07/10 16:08:52 UTC,ajmal a
2025/07/10 18:34:42 UTC,robotics engineer
2025/07/10 19:09:12 UTC,robotics engineer
2025/07/10 21:25:32 UTC,robotics researcher
2025/07/10 21:25:32 UTC,robotics researcher
2025/07/10 21:35:26 UTC,robotics researcher
2025/07/10 21:35:26 UTC,robotics researcher
2025/07/10 22:11:36 UTC,intern
2025/07/11 00:07:56 UTC,robotics internship
2025/07/11 00:07:56 UTC,robotics internship
2025/07/11 00:41:37 UTC,research intern
2025/07/11 00:46:29 UTC,intern
2025/07/11 01:13:28 UTC,robotics researcher
2025/07/11 01:15:00 UTC,robotics intern
2025/07/11 01:15:01 UTC,robotics intern
2025/07/11 01:31:49 UTC,robotics engineer
2025/07/11 02:18:59 UTC,robotics researcher
2025/07/11 02:52:37 UTC,internship
2025/07/11 02:53:09 UTC,robotics engineer
2025/07/11 02:56:15 UTC,robotics researcher
2025/07/11 03:03:58 UTC,intern
2025/07/11 03:26:54 UTC,ihub robotics
2025/07/11 03:32:06 UTC,robotics engineer
2025/07/11 05:38:43 UTC,robotics internship
2025/07/11 05:45:46 UTC,robotics intern
2025/07/11 05:48:23 UTC,internship
2025/07/11 05:50:04 UTC,robotics intern
2025/07/11 05:53:41 UTC,intern
2025/07/11 05:54:19 UTC,intern
2025/07/11 06:05:12 UTC,research intern
2025/07/11 06:05:46 UTC,robotics specialist
2025/07/11 06:07:29 UTC,robotics specialist
2025/07/11 10:07:36 UTC,intern
2025/07/11 11:38:22 UTC,robotics engineer
2025/07/11 12:07:24 UTC,Cambridge P.U College
2025/07/11 12:07:25 UTC,Cambridge P.U College
2025/07/11 12:39:20 UTC,robotics researcher
2025/07/11 13:16:45 UTC,robotics engineer
2025/07/11 14:03:47 UTC,intern
2025/07/11 14:26:27 UTC,robotics intern
2025/07/11 17:58:34 UTC,intern
2025/07/11 18:12:28 UTC,robotics researcher
2025/07/11 18:12:28 UTC,robotics researcher
2025/07/11 19:59:22 UTC,ihub robotics
2025/07/11 20:47:47 UTC,intern
2025/07/11 21:12:15 UTC,robotics engineer
2025/07/11 21:47:12 UTC,robotics engineer
2025/07/11 22:16:02 UTC,robotics intern
2025/07/11 22:37:43 UTC,intern
2025/07/11 22:40:30 UTC,robotics engineer
2025/07/12 01:40:07 UTC,research intern
2025/07/12 01:42:22 UTC,robotics engineer
2025/07/12 02:11:57 UTC,robotics internship
2025/07/12 03:18:42 UTC,robotics engineer
2025/07/12 04:19:34 UTC,internship
2025/07/12 04:21:44 UTC,robotics researcher
2025/07/12 04:21:44 UTC,robotics researcher
2025/07/12 04:56:01 UTC,robotics researcher
2025/07/12 05:28:50 UTC,robotics specialist
2025/07/12 05:32:55 UTC,robotics researcher
2025/07/12 06:02:55 UTC,ihub robotics
2025/07/12 06:48:30 UTC,robotics researcher
2025/07/12 06:48:30 UTC,robotics researcher
2025/07/12 07:35:29 UTC,robotics specialist
2025/07/12 08:03:45 UTC,robotics intern
2025/07/12 08:08:23 UTC,robotics internship
2025/07/12 08:16:52 UTC,robotics internship
2025/07/12 08:22:59 UTC,robotics intern
2025/07/12 08:25:19 UTC,internship
2025/07/12 08:26:33 UTC,robotics intern
2025/07/12 08:30:33 UTC,intern
2025/07/12 08:32:08 UTC,intern
2025/07/12 08:41:30 UTC,research intern
2025/07/12 08:43:27 UTC,robotics specialist
2025/07/12 08:59:40 UTC,robotics engineer
2025/07/12 09:26:00 UTC,intern
2025/07/12 11:18:46 UTC,intern
2025/07/12 12:10:14 UTC,robotics researcher
2025/07/12 12:10:15 UTC,robotics researcher
2025/07/12 12:31:58 UTC,robotics engineer
2025/07/12 14:11:59 UTC,ihub robotics
2025/07/12 14:11:59 UTC,ihub robotics
2025/07/12 14:17:23 UTC,robotics engineer
2025/07/12 14:30:46 UTC,robotics intern
2025/07/12 14:30:46 UTC,robotics intern
2025/07/12 14:55:28 UTC,robotics researcher
2025/07/12 14:55:28 UTC,robotics researcher
2025/07/12 16:43:31 UTC,intern
2025/07/12 17:29:55 UTC,intern
2025/07/12 17:36:01 UTC,robotics engineer
2025/07/12 18:34:59 UTC,robotics researcher
2025/07/12 18:34:59 UTC,robotics researcher
2025/07/12 22:11:28 UTC,robotics engineer
2025/07/12 22:13:03 UTC,internship
2025/07/12 22:18:19 UTC,robotics intern
2025/07/12 22:19:34 UTC,robotics internship
2025/07/12 22:22:58 UTC,research intern
2025/07/12 22:22:58 UTC,research intern
2025/07/12 22:35:05 UTC,intern
2025/07/12 22:38:13 UTC,ihub robotics
2025/07/12 22:38:13 UTC,ihub robotics
2025/07/12 22:40:58 UTC,robotics specialist
2025/07/12 23:41:21 UTC,robotics researcher
2025/07/12 23:41:21 UTC,robotics researcher
2025/07/12 23:49:01 UTC,robotics engineer
2025/07/13 00:25:09 UTC,robotics engineer
2025/07/13 00:58:58 UTC,robotics researcher
2025/07/13 00:58:59 UTC,robotics researcher
2025/07/13 01:40:28 UTC,robotics engineer
2025/07/13 02:49:04 UTC,robotics engineer
2025/07/13 02:49:04 UTC,robotics engineer
2025/07/13 03:34:45 UTC,robotics engineer
2025/07/13 03:34:45 UTC,robotics engineer
2025/07/13 04:18:32 UTC,robotics intern
2025/07/13 06:43:15 UTC,robotics engineer
2025/07/13 07:35:23 UTC,robotics researcher
2025/07/13 08:13:07 UTC,robotics researcher
2025/07/13 08:41:22 UTC,ihub robotics
2025/07/13 09:09:34 UTC,intern
2025/07/13 10:58:16 UTC,robotics internship
2025/07/13 11:01:20 UTC,robotics intern
2025/07/13 11:04:08 UTC,robotics intern
2025/07/13 11:04:09 UTC,internship
2025/07/13 11:10:08 UTC,intern
2025/07/13 11:11:39 UTC,intern
2025/07/13 11:20:32 UTC,research intern
2025/07/13 11:23:36 UTC,robotics specialist
2025/07/13 12:19:13 UTC,robotics researcher
2025/07/13 12:19:13 UTC,robotics researcher
2025/07/13 13:37:46 UTC,robotics engineer
2025/07/13 14:08:34 UTC,robotics intern
2025/07/13 14:12:41 UTC,ihub robotics
2025/07/13 16:52:33 UTC,robotics engineer
2025/07/13 17:39:00 UTC,intern
2025/07/13 18:14:17 UTC,chabeel tradition benefits
2025/07/13 18:14:17 UTC,changwoo son
2025/07/13 18:14:18 UTC,chandandeep singh
2025/07/13 18:34:31 UTC,robotics researcher
2025/07/13 18:34:31 UTC,robotics researcher
2025/07/13 19:21:28 UTC,intern
2025/07/13 20:36:41 UTC,intern
2025/07/13 22:10:03 UTC,robotics internship
2025/07/13 22:13:08 UTC,robotics engineer
2025/07/13 22:18:54 UTC,robotics specialist
2025/07/13 22:20:23 UTC,robotics intern
2025/07/13 22:23:13 UTC,robotics researcher
2025/07/13 22:23:14 UTC,robotics researcher
2025/07/13 22:23:47 UTC,robotics engineer
2025/07/13 22:27:24 UTC,intern
2025/07/13 22:27:35 UTC,research intern
2025/07/13 22:27:35 UTC,research intern
2025/07/13 22:28:22 UTC,robotics engineer
2025/07/13 22:28:24 UTC,robotics researcher
2025/07/13 22:28:24 UTC,robotics researcher
2025/07/13 22:32:19 UTC,internship
2025/07/14 01:20:10 UTC,research intern
2025/07/14 01:20:10 UTC,research intern
2025/07/14 01:28:45 UTC,robotics engineer
2025/07/14 02:25:40 UTC,robotics engineer
2025/07/14 03:02:02 UTC,robotics engineer
2025/07/14 09:35:39 UTC,intern
2025/07/14 10:12:28 UTC,robotics researcher
2025/07/14 10:22:54 UTC,Research Intern
2025/07/14 10:22:58 UTC,robotics engineer
2025/07/14 10:52:02 UTC,robotics researcher
2025/07/14 11:18:35 UTC,ihub robotics
2025/07/14 12:45:02 UTC,robotics researcher
2025/07/14 12:45:02 UTC,robotics researcher
2025/07/14 13:35:20 UTC,robotics internship
2025/07/14 13:38:12 UTC,robotics intern
2025/07/14 13:43:33 UTC,internship
2025/07/14 13:43:49 UTC,robotics intern
2025/07/14 13:48:46 UTC,intern
2025/07/14 13:51:25 UTC,intern
2025/07/14 13:59:03 UTC,research intern
2025/07/14 14:00:42 UTC,robotics specialist
2025/07/14 14:38:17 UTC,ihub robotics
2025/07/14 14:47:50 UTC,robotics intern
2025/07/14 17:47:48 UTC,intern
2025/07/14 18:34:19 UTC,robotics researcher
2025/07/14 18:34:19 UTC,robotics researcher
2025/07/14 19:30:18 UTC,robotics engineer
2025/07/14 20:48:05 UTC,intern
2025/07/14 21:59:12 UTC,intern
2025/07/14 22:18:52 UTC,intern
2025/07/14 22:19:20 UTC,robotics researcher
2025/07/14 22:19:20 UTC,robotics researcher
2025/07/14 22:22:07 UTC,research intern
2025/07/14 22:22:07 UTC,research intern
2025/07/14 22:26:41 UTC,robotics internship
2025/07/14 22:29:58 UTC,robotics intern
2025/07/14 22:33:57 UTC,ihub robotics
2025/07/14 22:33:57 UTC,ihub robotics
2025/07/14 22:38:15 UTC,robotics researcher
2025/07/14 22:38:15 UTC,robotics researcher
2025/07/14 22:41:09 UTC,robotics engineer
2025/07/14 22:44:22 UTC,robotics engineer
2025/07/14 23:10:08 UTC,internship
2025/07/15 05:42:25 UTC,robotics engineer
2025/07/15 09:40:06 UTC,Embedded Software Engineer
2025/07/15 09:48:26 UTC,intern
2025/07/15 12:11:12 UTC,robotics engineer
2025/07/15 12:50:34 UTC,robotics researcher
2025/07/15 13:23:15 UTC,robotics researcher
2025/07/15 13:23:15 UTC,robotics researcher
2025/07/15 13:28:04 UTC,robotics researcher
2025/07/15 13:57:38 UTC,ihub robotics
2025/07/15 14:37:38 UTC,ihub robotics
2025/07/15 16:16:31 UTC,robotics internship
2025/07/15 16:24:28 UTC,internship
2025/07/15 16:24:42 UTC,robotics intern
2025/07/15 16:28:23 UTC,intern
2025/07/15 16:39:47 UTC,research intern
2025/07/15 17:33:21 UTC,intern
2025/07/15 18:50:44 UTC,robotics researcher
2025/07/15 18:50:44 UTC,robotics researcher
2025/07/15 22:13:25 UTC,research intern
2025/07/15 22:13:25 UTC,research intern
2025/07/15 22:17:49 UTC,robotics internship
2025/07/15 22:28:18 UTC,robotics engineer
2025/07/15 22:33:28 UTC,robotics researcher
2025/07/15 22:33:28 UTC,robotics researcher
2025/07/15 22:33:48 UTC,intern
2025/07/15 22:34:58 UTC,robotics engineer
2025/07/15 22:38:38 UTC,robotics intern
2025/07/15 22:38:46 UTC,internship
2025/07/15 23:13:42 UTC,robotics researcher
2025/07/15 23:13:42 UTC,robotics researcher
2025/07/16 00:58:48 UTC,intern
2025/07/16 03:20:25 UTC,robotics engineer
2025/07/16 05:00:00 UTC,#intelunnati
2025/07/16 05:00:00 UTC,#intelunnati
2025/07/16 05:00:01 UTC,#intelunnati
2025/07/16 06:37:22 UTC,robotics engineer
2025/07/16 08:40:11 UTC,robotics engineer
2025/07/16 09:47:00 UTC,intern
2025/07/16 12:33:19 UTC,robotics researcher
2025/07/16 12:33:19 UTC,robotics researcher
2025/07/16 14:15:05 UTC,ihub robotics
2025/07/16 15:49:51 UTC,robotics researcher
2025/07/16 16:25:53 UTC,robotics researcher
2025/07/16 16:56:42 UTC,ihub robotics
2025/07/16 17:47:42 UTC,intern
2025/07/16 19:01:12 UTC,robotics researcher
2025/07/16 19:01:12 UTC,robotics researcher
2025/07/16 19:15:48 UTC,robotics internship
2025/07/16 19:24:21 UTC,internship
2025/07/16 19:24:55 UTC,robotics intern
2025/07/16 19:27:14 UTC,intern
2025/07/16 19:38:12 UTC,research intern
2025/07/16 22:10:52 UTC,intern
2025/07/16 22:13:12 UTC,research intern
2025/07/16 22:13:12 UTC,research intern
2025/07/16 22:19:41 UTC,robotics internship
2025/07/16 22:20:51 UTC,robotics intern
2025/07/16 22:24:24 UTC,internship
2025/07/16 22:25:07 UTC,robotics engineer
2025/07/16 22:28:24 UTC,robotics engineer
2025/07/16 22:32:47 UTC,robotics researcher
2025/07/16 22:32:47 UTC,robotics researcher
2025/07/16 22:41:03 UTC,robotics researcher
2025/07/16 22:41:03 UTC,robotics researcher
2025/07/17 01:09:25 UTC,robotics engineer
2025/07/17 01:32:39 UTC,research intern
2025/07/17 03:45:29 UTC,intern
2025/07/17 08:36:37 UTC,robotics engineer
2025/07/17 09:50:36 UTC,intern
2025/07/17 11:24:39 UTC,robotics engineer
2025/07/17 12:22:52 UTC,robotics researcher
2025/07/17 12:22:52 UTC,robotics researcher
2025/07/17 14:31:19 UTC,ihub robotics
2025/07/17 18:34:26 UTC,robotics researcher
2025/07/17 18:49:14 UTC,robotics researcher
2025/07/17 18:49:14 UTC,robotics researcher
2025/07/17 19:09:41 UTC,robotics researcher
2025/07/17 19:42:18 UTC,ihub robotics
2025/07/17 21:59:21 UTC,robotics internship
2025/07/17 22:08:40 UTC,robotics intern
2025/07/17 22:09:28 UTC,internship
2025/07/17 22:10:36 UTC,internship
2025/07/17 22:19:09 UTC,robotics engineer
2025/07/17 22:20:18 UTC,research intern
2025/07/17 22:24:29 UTC,research intern
2025/07/17 22:25:20 UTC,robotics engineer
2025/07/17 22:32:42 UTC,robotics researcher
2025/07/17 22:32:42 UTC,robotics researcher
2025/07/17 22:32:44 UTC,robotics internship
2025/07/17 22:33:50 UTC,intern
2025/07/17 22:41:56 UTC,robotics researcher
2025/07/17 22:41:56 UTC,robotics researcher
2025/07/17 23:16:50 UTC,robotics intern
2025/07/18 03:53:05 UTC,robotics engineer
2025/07/18 06:29:51 UTC,intern
2025/07/18 09:38:51 UTC,intern
2025/07/18 12:19:54 UTC,Robotics Specialist
2025/07/18 12:26:27 UTC,robotics researcher
2025/07/18 12:26:27 UTC,robotics researcher
2025/07/18 14:08:18 UTC,robotics engineer
2025/07/18 14:22:16 UTC,Emil Phil Vinod
2025/07/18 14:44:59 UTC,ihub robotics
2025/07/18 14:54:11 UTC,#𝑉𝑖𝑟𝑡𝑢𝑎𝑙𝑅𝑜𝑢𝑛𝑑𝑆𝑢𝑐𝑐𝑒𝑠𝑠
2025/07/18 14:54:11 UTC,#𝑉𝑖𝑟𝑡𝑢𝑎𝑙𝑅𝑜𝑢𝑛𝑑𝑆𝑢𝑐𝑐𝑒𝑠𝑠
2025/07/18 19:08:55 UTC,robotics researcher
2025/07/18 19:08:55 UTC,robotics researcher
2025/07/18 21:23:39 UTC,robotics researcher
2025/07/18 21:58:51 UTC,robotics researcher
2025/07/18 22:07:29 UTC,robotics engineer
2025/07/18 22:09:34 UTC,robotics internship
2025/07/18 22:18:07 UTC,robotics researcher
2025/07/18 22:18:07 UTC,robotics researcher
2025/07/18 22:19:35 UTC,robotics engineer
2025/07/18 22:28:34 UTC,research intern
2025/07/18 22:28:34 UTC,research intern
2025/07/18 22:29:32 UTC,ihub robotics
2025/07/18 22:35:48 UTC,robotics researcher
2025/07/18 22:35:48 UTC,robotics researcher
2025/07/18 22:39:25 UTC,internship
2025/07/18 22:40:15 UTC,intern
2025/07/18 22:41:00 UTC,robotics intern
2025/07/19 00:48:07 UTC,robotics internship
2025/07/19 01:01:13 UTC,internship
2025/07/19 01:02:22 UTC,robotics intern
2025/07/19 01:16:43 UTC,research intern
2025/07/19 07:15:13 UTC,robotics engineer
2025/07/19 09:33:24 UTC,intern
2025/07/19 09:50:48 UTC,intern
2025/07/19 12:23:25 UTC,Robotics Specialist
2025/07/19 12:33:50 UTC,robotics researcher
2025/07/19 12:33:50 UTC,robotics researcher
2025/07/19 14:37:09 UTC,ihub robotics
2025/07/19 17:25:07 UTC,robotics engineer
2025/07/19 18:35:22 UTC,robotics researcher
2025/07/19 18:35:22 UTC,robotics researcher
2025/07/19 22:10:35 UTC,robotics researcher
2025/07/19 22:10:35 UTC,robotics researcher
2025/07/19 22:13:49 UTC,internship
2025/07/19 22:22:08 UTC,research intern
2025/07/19 22:22:08 UTC,research intern
2025/07/19 22:22:53 UTC,robotics researcher
2025/07/19 22:22:53 UTC,robotics researcher
2025/07/19 22:26:51 UTC,robotics engineer
2025/07/19 22:35:35 UTC,robotics engineer
2025/07/19 22:42:06 UTC,robotics internship
2025/07/19 22:42:17 UTC,intern
2025/07/19 23:08:35 UTC,robotics intern
2025/07/19 23:08:35 UTC,robotics intern
2025/07/20 00:40:56 UTC,robotics researcher
2025/07/20 01:15:45 UTC,robotics researcher
2025/07/20 01:47:36 UTC,ihub robotics
2025/07/20 03:52:52 UTC,agro design and research innovations
2025/07/20 03:52:52 UTC,agro design and research innovations
2025/07/20 03:52:54 UTC,andrewjos sebastian
2025/07/20 03:52:55 UTC,answer engine optimization benefits
2025/07/20 03:52:55 UTC,answer engine optimization benefits
2025/07/20 03:52:56 UTC,answer engine optimization benefits
2025/07/20 03:52:59 UTC,robotics japan
2025/07/20 03:52:59 UTC,robotics japan
2025/07/20 03:52:59 UTC,suraj remanan
2025/07/20 03:53:59 UTC,japanese groups
2025/07/20 03:53:59 UTC,japanese groups
2025/07/20 03:54:00 UTC,jithin george
2025/07/20 03:54:01 UTC,japjot singh
2025/07/20 03:54:03 UTC,ros-industrial
2025/07/20 03:54:03 UTC,ros-industrial
2025/07/20 03:54:08 UTC,ros japanese
2025/07/20 03:54:08 UTC,ros japanese
2025/07/20 03:54:08 UTC,ross japanese
2025/07/20 03:54:09 UTC,ros japanese
2025/07/20 03:54:50 UTC,ros japanese
2025/07/20 04:06:17 UTC,robotics internship
2025/07/20 04:13:51 UTC,internship
2025/07/20 04:14:42 UTC,robotics intern
2025/07/20 04:28:53 UTC,research intern
2025/07/20 09:11:51 UTC,intern
2025/07/20 09:58:13 UTC,robotics engineer
2025/07/20 12:12:08 UTC,Robotics Specialist
2025/07/20 12:13:55 UTC,robotics researcher
2025/07/20 12:13:55 UTC,robotics researcher
2025/07/20 12:33:40 UTC,intern
2025/07/20 14:29:50 UTC,ihub robotics
2025/07/20 18:41:47 UTC,robotics researcher
2025/07/20 18:41:47 UTC,robotics researcher
2025/07/20 20:19:23 UTC,robotics engineer
2025/07/20 22:11:08 UTC,robotics internship
2025/07/20 22:11:15 UTC,research intern
2025/07/20 22:11:15 UTC,research intern
2025/07/20 22:17:13 UTC,robotics engineer
2025/07/20 22:17:49 UTC,robotics researcher
2025/07/20 22:17:49 UTC,robotics researcher
2025/07/20 22:19:48 UTC,internship
2025/07/20 22:20:24 UTC,robotics engineer
2025/07/20 22:20:24 UTC,robotics engineer
2025/07/20 22:29:08 UTC,robotics researcher
2025/07/20 22:29:08 UTC,robotics researcher
2025/07/20 22:35:31 UTC,intern
2025/07/20 22:36:39 UTC,robotics intern
2025/07/21 01:31:31 UTC,research intern
2025/07/21 01:31:31 UTC,research intern
2025/07/21 03:31:52 UTC,robotics researcher
2025/07/21 03:41:31 UTC,robotics engineer
2025/07/21 03:41:31 UTC,robotics engineer
2025/07/21 04:05:52 UTC,robotics researcher
2025/07/21 04:39:55 UTC,ihub robotics
2025/07/21 06:55:53 UTC,robotics internship
2025/07/21 07:04:24 UTC,robotics intern
2025/07/21 07:04:57 UTC,internship
2025/07/21 07:19:29 UTC,research intern
2025/07/21 09:33:12 UTC,intern
2025/07/21 12:36:42 UTC,Robotics Specialist
2025/07/21 12:46:47 UTC,robotics engineer
2025/07/21 13:02:42 UTC,robotics researcher
2025/07/21 13:02:42 UTC,robotics researcher
2025/07/21 14:23:28 UTC,ihub robotics
2025/07/21 15:24:34 UTC,intern
2025/07/21 18:26:50 UTC,robotics researcher
2025/07/21 18:26:50 UTC,robotics researcher
2025/07/21 22:18:23 UTC,robotics engineer
2025/07/21 22:19:24 UTC,robotics researcher
2025/07/21 22:19:24 UTC,robotics researcher
2025/07/21 22:21:29 UTC,robotics internship
2025/07/21 22:25:56 UTC,internship
2025/07/21 22:25:57 UTC,robotics engineer
2025/07/21 22:27:50 UTC,robotics intern
2025/07/21 22:37:33 UTC,research intern
2025/07/21 22:43:13 UTC,intern
2025/07/21 22:44:28 UTC,robotics researcher
2025/07/21 22:44:28 UTC,robotics researcher
2025/07/21 23:02:44 UTC,robotics engineer
2025/07/22 06:19:10 UTC,robotics researcher
2025/07/22 06:52:58 UTC,robotics researcher
2025/07/22 07:25:26 UTC,ihub robotics
2025/07/22 09:33:28 UTC,intern
2025/07/22 09:48:29 UTC,robotics internship
2025/07/22 09:54:28 UTC,robotics intern
2025/07/22 09:55:51 UTC,internship
2025/07/22 10:09:22 UTC,research intern
2025/07/22 12:55:06 UTC,robotics researcher
2025/07/22 12:55:06 UTC,robotics researcher
2025/07/22 13:57:57 UTC,Robotics Specialist
2025/07/22 14:18:13 UTC,Robotics Specialist
2025/07/22 14:20:45 UTC,ihub robotics
2025/07/22 15:46:41 UTC,robotics engineer
2025/07/22 18:23:26 UTC,intern
2025/07/22 22:15:06 UTC,intern
2025/07/22 22:16:44 UTC,internship
2025/07/22 22:20:43 UTC,robotics researcher
2025/07/22 22:20:43 UTC,robotics researcher
2025/07/22 22:22:46 UTC,research intern
2025/07/22 22:22:46 UTC,research intern
2025/07/22 22:23:52 UTC,robotics intern
2025/07/22 22:23:55 UTC,robotics internship
2025/07/22 22:26:50 UTC,ihub robotics
2025/07/22 22:37:44 UTC,robotics researcher
2025/07/22 22:37:44 UTC,robotics researcher
2025/07/22 22:50:27 UTC,robotics engineer
2025/07/22 23:11:35 UTC,robotics researcher
2025/07/22 23:11:35 UTC,robotics researcher
2025/07/22 23:29:02 UTC,robotics engineer
2025/07/23 01:57:33 UTC,robotics engineer
2025/07/23 09:15:58 UTC,robotics researcher
2025/07/23 09:43:23 UTC,intern
2025/07/23 09:50:08 UTC,robotics researcher
2025/07/23 10:19:51 UTC,ihub robotics
2025/07/23 12:35:56 UTC,robotics internship
2025/07/23 12:43:10 UTC,internship
2025/07/23 12:43:31 UTC,robotics intern
2025/07/23 12:55:51 UTC,research intern
2025/07/23 14:45:51 UTC,ihub robotics
2025/07/23 17:40:24 UTC,robotics researcher
2025/07/23 17:40:25 UTC,robotics researcher
2025/07/23 18:29:27 UTC,robotics engineer
2025/07/23 19:35:05 UTC,robotics researcher
2025/07/23 19:35:05 UTC,robotics researcher
2025/07/23 21:06:44 UTC,intern
2025/07/23 22:20:32 UTC,robotics intern
2025/07/23 22:22:18 UTC,robotics researcher
2025/07/23 22:22:19 UTC,robotics researcher
2025/07/23 22:29:34 UTC,robotics engineer
2025/07/23 22:34:50 UTC,robotics internship
2025/07/23 22:34:56 UTC,intern
2025/07/23 22:38:33 UTC,research intern
2025/07/23 22:38:33 UTC,research intern
2025/07/23 22:39:44 UTC,internship
2025/07/23 22:40:25 UTC,robotics researcher
2025/07/23 22:40:26 UTC,robotics researcher
2025/07/23 22:45:46 UTC,robotics engineer
2025/07/24 04:41:15 UTC,robotics engineer
2025/07/24 09:39:31 UTC,intern
2025/07/24 11:59:42 UTC,robotics researcher
2025/07/24 12:32:12 UTC,robotics researcher
2025/07/24 12:40:16 UTC,robotics researcher
2025/07/24 12:40:16 UTC,robotics researcher
2025/07/24 13:04:29 UTC,ihub robotics
2025/07/24 14:44:46 UTC,ihub robotics
2025/07/24 15:20:13 UTC,robotics internship
2025/07/24 15:27:03 UTC,robotics intern
2025/07/24 15:27:40 UTC,internship
2025/07/24 15:39:43 UTC,research intern
2025/07/24 20:12:54 UTC,robotics researcher
2025/07/24 20:12:54 UTC,robotics researcher
2025/07/24 21:12:43 UTC,robotics engineer
2025/07/24 22:15:08 UTC,robotics researcher
2025/07/24 22:15:08 UTC,robotics researcher
2025/07/24 22:25:08 UTC,robotics researcher
2025/07/24 22:25:08 UTC,robotics researcher
2025/07/24 22:27:48 UTC,intern
2025/07/24 22:30:57 UTC,robotics engineer
2025/07/24 22:34:18 UTC,internship
2025/07/24 22:40:57 UTC,robotics internship
2025/07/24 23:03:09 UTC,research intern
2025/07/24 23:03:09 UTC,research intern
2025/07/24 23:34:25 UTC,robotics engineer
2025/07/24 23:49:50 UTC,intern
2025/07/25 00:13:58 UTC,robotics intern
2025/07/25 07:30:01 UTC,robotics engineer
2025/07/25 09:35:19 UTC,intern
2025/07/25 12:24:06 UTC,robotics researcher
2025/07/25 12:24:06 UTC,robotics researcher
2025/07/25 14:31:41 UTC,ihub robotics
2025/07/25 14:31:41 UTC,ihub robotics
2025/07/25 14:47:00 UTC,robotics researcher
2025/07/25 15:18:36 UTC,robotics researcher
2025/07/25 15:52:06 UTC,ihub robotics
2025/07/25 18:08:56 UTC,robotics internship
2025/07/25 18:13:52 UTC,robotics intern
2025/07/25 18:15:07 UTC,internship
2025/07/25 18:25:20 UTC,research intern
2025/07/25 18:37:41 UTC,robotics researcher
2025/07/25 18:37:41 UTC,robotics researcher
2025/07/25 22:14:08 UTC,robotics researcher
2025/07/25 22:14:08 UTC,robotics researcher
2025/07/25 22:22:59 UTC,robotics researcher
2025/07/25 22:22:59 UTC,robotics researcher
2025/07/25 22:25:34 UTC,robotics engineer
2025/07/25 22:27:43 UTC,intern
2025/07/25 22:32:27 UTC,robotics internship
2025/07/25 22:35:46 UTC,robotics intern
2025/07/25 22:35:46 UTC,robotics intern
2025/07/25 22:36:55 UTC,research intern
2025/07/25 22:36:55 UTC,research intern
2025/07/25 22:40:05 UTC,internship
2025/07/26 02:39:25 UTC,intern
2025/07/26 09:38:53 UTC,intern
2025/07/26 10:17:37 UTC,robotics engineer
2025/07/26 12:19:09 UTC,robotics researcher
2025/07/26 12:19:09 UTC,robotics researcher
2025/07/26 18:03:28 UTC,robotics researcher
2025/07/26 20:55:44 UTC,robotics internship
2025/07/26 21:00:54 UTC,internship
2025/07/26 21:01:57 UTC,robotics intern
2025/07/26 21:10:58 UTC,research intern
2025/07/26 22:14:32 UTC,intern
2025/07/26 22:22:38 UTC,robotics internship
2025/07/26 22:30:04 UTC,research intern
2025/07/26 22:30:04 UTC,research intern
2025/07/26 22:33:09 UTC,robotics intern
2025/07/26 22:38:31 UTC,robotics engineer
2025/07/26 22:38:31 UTC,robotics engineer
2025/07/26 22:41:02 UTC,internship
2025/07/27 01:17:34 UTC,research intern
2025/07/27 01:17:34 UTC,research intern
2025/07/27 03:24:44 UTC,robotics engineer
2025/07/27 03:24:44 UTC,robotics engineer
2025/07/27 05:23:03 UTC,intern
2025/07/27 09:32:17 UTC,intern
2025/07/27 13:00:52 UTC,robotics engineer
2025/07/27 22:09:49 UTC,robotics internship
2025/07/27 22:18:16 UTC,internship
2025/07/27 22:32:49 UTC,research intern
2025/07/27 22:32:49 UTC,research intern
2025/07/27 22:33:07 UTC,robotics intern
2025/07/27 22:37:27 UTC,intern
2025/07/27 22:37:53 UTC,robotics engineer
2025/07/27 23:38:54 UTC,robotics internship
2025/07/27 23:44:22 UTC,internship
2025/07/27 23:44:51 UTC,robotics intern
2025/07/27 23:54:21 UTC,research intern
2025/07/28 01:34:01 UTC,research intern
2025/07/28 01:34:01 UTC,research intern
2025/07/28 08:07:37 UTC,intern
2025/07/28 09:24:08 UTC,intern
2025/07/28 15:42:21 UTC,robotics engineer
2025/07/28 22:18:13 UTC,robotics internship
2025/07/28 22:36:58 UTC,robotics intern
2025/07/28 22:40:47 UTC,internship
2025/07/28 22:47:46 UTC,intern
2025/07/28 22:48:13 UTC,robotics engineer
2025/07/28 23:49:12 UTC,research intern
2025/07/28 23:49:12 UTC,research intern
2025/07/29 02:21:10 UTC,robotics internship
2025/07/29 02:28:19 UTC,robotics intern
2025/07/29 02:28:34 UTC,internship
2025/07/29 02:39:11 UTC,research intern
2025/07/29 09:35:13 UTC,intern
2025/07/29 10:49:39 UTC,intern
2025/07/29 10:58:06 UTC,internship
2025/07/29 18:27:16 UTC,robotics engineer
2025/07/29 22:18:29 UTC,intern
2025/07/29 22:27:19 UTC,robotics engineer
2025/07/29 22:28:28 UTC,robotics intern
2025/07/29 22:42:36 UTC,robotics internship
2025/07/29 23:16:30 UTC,research intern
2025/07/29 23:16:30 UTC,research intern
2025/07/30 05:07:59 UTC,robotics internship
2025/07/30 05:14:44 UTC,robotics intern
2025/07/30 05:15:55 UTC,internship
2025/07/30 05:17:59 UTC,internship
2025/07/30 05:26:01 UTC,research intern
2025/07/30 09:22:27 UTC,intern
2025/07/30 13:37:44 UTC,intern
2025/07/30 21:13:57 UTC,robotics engineer
2025/07/30 22:27:14 UTC,robotics internship
2025/07/30 22:29:58 UTC,robotics intern
2025/07/30 22:40:13 UTC,research intern
2025/07/30 22:40:13 UTC,research intern
2025/07/30 22:41:49 UTC,internship
2025/07/30 22:43:36 UTC,robotics engineer
2025/07/30 22:45:18 UTC,intern
2025/07/31 07:53:13 UTC,robotics internship
2025/07/31 08:02:09 UTC,robotics intern
2025/07/31 08:02:47 UTC,internship
2025/07/31 08:12:08 UTC,research intern
2025/07/31 11:31:17 UTC,internship
2025/07/31 16:20:22 UTC,intern
2025/07/31 19:03:33 UTC,intern
2025/07/31 22:09:51 UTC,robotics intern
2025/07/31 22:11:03 UTC,robotics internship
2025/07/31 22:12:57 UTC,intern
2025/07/31 23:56:45 UTC,robotics engineer
2025/08/01 00:42:32 UTC,research intern
2025/08/01 00:42:32 UTC,research intern
2025/08/01 01:39:20 UTC,robotics engineer
2025/08/01 02:26:49 UTC,research intern
2025/08/01 02:26:49 UTC,research intern
2025/08/01 05:25:59 UTC,internship
2025/08/01 09:46:37 UTC,intern
2025/08/01 10:37:00 UTC,robotics internship
2025/08/01 10:44:46 UTC,internship
2025/08/01 10:45:18 UTC,robotics intern
2025/08/01 10:55:27 UTC,research intern
2025/08/01 12:35:34 UTC,robotics internship
2025/08/01 12:35:34 UTC,robotics internship
2025/08/01 12:36:39 UTC,robotics internship
2025/08/01 19:07:21 UTC,intern
2025/08/01 22:16:51 UTC,robotics intern
2025/08/01 22:23:23 UTC,intern
2025/08/01 22:34:25 UTC,robotics internship
2025/08/01 22:35:10 UTC,internship
2025/08/01 22:37:10 UTC,research intern
2025/08/01 22:37:10 UTC,research intern
2025/08/01 22:41:39 UTC,robotics engineer
2025/08/02 01:40:45 UTC,research intern
2025/08/02 01:40:46 UTC,research intern
2025/08/02 02:40:39 UTC,robotics engineer
2025/08/02 09:37:26 UTC,intern
2025/08/02 13:19:23 UTC,robotics internship
2025/08/02 13:26:23 UTC,robotics intern
2025/08/02 13:27:09 UTC,internship
2025/08/02 13:38:08 UTC,research intern
2025/08/02 21:51:04 UTC,intern
2025/08/02 22:15:15 UTC,internship
2025/08/02 22:19:17 UTC,intern
2025/08/02 22:33:16 UTC,research intern
2025/08/02 22:33:16 UTC,research intern
2025/08/02 22:34:06 UTC,robotics intern
2025/08/02 22:35:50 UTC,robotics engineer
2025/08/02 22:35:50 UTC,robotics engineer
2025/08/02 22:37:46 UTC,robotics internship
2025/08/03 03:39:20 UTC,robotics engineer
2025/08/03 03:39:20 UTC,robotics engineer
2025/08/03 05:25:24 UTC,robotics engineer
2025/08/03 09:24:19 UTC,intern
2025/08/03 11:41:11 UTC,Robotics Specialist
2025/08/03 11:43:23 UTC,robotics internship
2025/08/03 11:43:34 UTC,robotics internship
2025/08/03 11:43:38 UTC,robotics internship remote
2025/08/03 11:43:43 UTC,Automation Specialist
2025/08/03 11:43:46 UTC,robotics internship remote
2025/08/03 11:44:04 UTC,kesan
2025/08/03 11:44:07 UTC,robotics internship
2025/08/03 11:44:16 UTC,kesan
2025/08/03 11:44:16 UTC,kesan
2025/08/03 16:05:39 UTC,robotics internship
2025/08/03 16:11:26 UTC,robotics intern
2025/08/03 16:13:13 UTC,internship
2025/08/03 16:22:22 UTC,research intern
2025/08/03 22:14:27 UTC,robotics intern
2025/08/03 22:15:06 UTC,intern
2025/08/03 22:15:31 UTC,robotics internship
2025/08/03 22:24:26 UTC,research intern
2025/08/03 22:24:26 UTC,research intern
2025/08/03 22:37:36 UTC,internship
2025/08/03 22:38:36 UTC,robotics engineer
2025/08/03 22:38:36 UTC,robotics engineer
2025/08/04 00:36:18 UTC,intern
2025/08/04 01:13:52 UTC,research intern
2025/08/04 01:13:52 UTC,research intern
2025/08/04 03:09:27 UTC,robotics engineer
2025/08/04 08:09:37 UTC,robotics engineer
2025/08/04 09:33:37 UTC,intern
2025/08/04 18:51:29 UTC,robotics internship
2025/08/04 18:59:42 UTC,internship
2025/08/04 18:59:55 UTC,robotics intern
2025/08/04 19:09:38 UTC,research intern
2025/08/04 22:47:13 UTC,intern
2025/08/04 22:54:39 UTC,internship
2025/08/04 22:55:50 UTC,robotics engineer
2025/08/04 22:56:25 UTC,robotics internship
2025/08/04 22:57:24 UTC,robotics intern
2025/08/04 23:13:34 UTC,research intern
2025/08/04 23:13:34 UTC,research intern
2025/08/05 01:37:53 UTC,research intern
2025/08/05 01:37:53 UTC,research intern
2025/08/05 03:22:43 UTC,intern
2025/08/05 10:54:28 UTC,robotics engineer
2025/08/05 13:34:02 UTC,intern
2025/08/05 18:26:36 UTC,Automation Specialist
2025/08/05 19:11:30 UTC,Automation Specialist
2025/08/05 21:37:28 UTC,robotics internship
2025/08/05 21:47:24 UTC,robotics intern
2025/08/05 21:48:00 UTC,internship
2025/08/05 21:53:47 UTC,research intern
2025/08/05 22:19:30 UTC,intern
2025/08/05 22:20:44 UTC,robotics internship
2025/08/05 22:25:19 UTC,internship
2025/08/05 22:27:04 UTC,robotics intern
2025/08/05 22:35:26 UTC,research intern
2025/08/05 22:35:26 UTC,research intern
2025/08/05 22:39:16 UTC,robotics engineer
2025/08/06 01:33:38 UTC,research intern
2025/08/06 01:33:38 UTC,research intern
2025/08/06 06:10:10 UTC,intern
2025/08/06 12:27:28 UTC,intern
2025/08/06 12:28:57 UTC,Automation Specialist
2025/08/06 13:37:26 UTC,robotics engineer
2025/08/06 18:33:39 UTC,halkbank
2025/08/06 18:33:39 UTC,halkbank
2025/08/06 18:33:44 UTC,interpersonal skills
2025/08/06 18:33:44 UTC,interpersonal skills
2025/08/06 18:34:06 UTC,haks
2025/08/06 18:34:06 UTC,haks
2025/08/06 18:35:05 UTC,Automation Specialist
2025/08/06 18:47:05 UTC,crossclimb, a puzzle by linkedin
2025/08/06 18:47:05 UTC,crossclimb, a puzzle by linkedin
2025/08/06 18:47:12 UTC,levin
2025/08/06 18:47:12 UTC,levin
2025/08/06 18:47:17 UTC,levin
2025/08/06 18:47:17 UTC,levin
2025/08/06 18:47:19 UTC,levin
2025/08/06 18:47:20 UTC,levin
2025/08/06 18:47:21 UTC,levin
2025/08/06 18:47:24 UTC,levin
2025/08/06 18:47:32 UTC,levin Saintgits
2025/08/06 18:47:33 UTC,levin Saintgits
2025/08/06 22:13:23 UTC,intern
2025/08/06 22:24:16 UTC,robotics internship
2025/08/06 22:30:22 UTC,robotics engineer
2025/08/06 22:43:25 UTC,internship
2025/08/07 00:35:37 UTC,robotics internship
2025/08/07 00:44:06 UTC,robotics intern
2025/08/07 00:45:32 UTC,internship
2025/08/07 00:48:53 UTC,research intern
2025/08/07 01:09:57 UTC,robotics intern
2025/08/07 02:13:03 UTC,research intern
2025/08/07 02:13:03 UTC,research intern
2025/08/07 07:45:30 UTC,robotics intern
2025/08/07 09:04:25 UTC,intern
2025/08/07 11:33:10 UTC,intern
2025/08/07 12:25:43 UTC,Automation Specialist
2025/08/07 16:32:16 UTC,robotics engineer
2025/08/07 19:00:35 UTC,Automation Specialist
2025/08/07 19:53:21 UTC,research intern
2025/08/07 19:53:21 UTC,research intern
2025/08/07 22:11:26 UTC,intern
2025/08/07 22:19:34 UTC,robotics internship
2025/08/07 22:19:49 UTC,robotics engineer
2025/08/07 22:33:35 UTC,internship
2025/08/07 23:13:42 UTC,robotics intern
2025/08/08 03:19:10 UTC,robotics internship
2025/08/08 03:27:57 UTC,internship
2025/08/08 03:29:14 UTC,robotics intern
2025/08/08 03:33:47 UTC,research intern
2025/08/08 07:37:12 UTC,robotics engineer
2025/08/08 09:45:53 UTC,intern
2025/08/08 11:50:26 UTC,intern
2025/08/08 19:17:27 UTC,robotics engineer
2025/08/08 22:12:28 UTC,research intern
2025/08/08 22:12:28 UTC,research intern
2025/08/08 22:13:13 UTC,robotics intern
2025/08/08 22:16:54 UTC,robotics internship
2025/08/08 22:23:08 UTC,intern
2025/08/08 22:36:11 UTC,internship
2025/08/08 22:47:30 UTC,robotics engineer
2025/08/09 01:20:44 UTC,research intern
2025/08/09 01:20:44 UTC,research intern
2025/08/09 06:02:53 UTC,robotics internship
2025/08/09 06:13:31 UTC,internship
2025/08/09 06:14:58 UTC,robotics intern
2025/08/09 06:18:59 UTC,research intern
2025/08/09 09:40:42 UTC,intern
2025/08/09 14:47:33 UTC,intern
2025/08/09 22:12:10 UTC,internship
2025/08/09 22:13:45 UTC,robotics engineer
2025/08/09 22:14:59 UTC,robotics internship
2025/08/09 22:16:09 UTC,robotics engineer
2025/08/09 22:20:45 UTC,intern
2025/08/09 22:22:11 UTC,research intern
2025/08/09 22:22:11 UTC,research intern
2025/08/09 22:25:47 UTC,robotics intern
2025/08/10 01:25:25 UTC,research intern
2025/08/10 01:25:26 UTC,research intern
2025/08/10 08:55:50 UTC,robotics internship
2025/08/10 09:05:45 UTC,internship
2025/08/10 09:08:01 UTC,robotics intern
2025/08/10 09:12:49 UTC,research intern
2025/08/10 09:25:02 UTC,intern
2025/08/10 17:29:40 UTC,intern
2025/08/10 22:14:14 UTC,internship
2025/08/10 22:22:09 UTC,robotics internship
2025/08/10 22:27:50 UTC,intern
2025/08/10 22:31:28 UTC,research intern
2025/08/10 22:31:28 UTC,research intern
2025/08/10 22:36:06 UTC,robotics engineer
2025/08/10 22:38:57 UTC,robotics intern
2025/08/11 00:55:15 UTC,robotics engineer
2025/08/11 10:16:56 UTC,intern
2025/08/11 11:39:28 UTC,robotics internship
2025/08/11 11:50:29 UTC,internship
2025/08/11 11:54:08 UTC,robotics intern
2025/08/11 11:58:25 UTC,research intern
2025/08/11 20:20:49 UTC,intern
2025/08/11 22:10:55 UTC,intern
2025/08/11 22:11:21 UTC,robotics internship
2025/08/11 22:13:00 UTC,internship
2025/08/11 22:19:25 UTC,research intern
2025/08/11 22:19:25 UTC,research intern
2025/08/11 22:26:50 UTC,robotics engineer
2025/08/11 22:30:49 UTC,robotics intern
2025/08/12 02:21:22 UTC,research intern
2025/08/12 02:21:22 UTC,research intern
2025/08/12 03:45:24 UTC,robotics engineer
2025/08/12 14:34:04 UTC,robotics internship
2025/08/12 14:43:52 UTC,internship
2025/08/12 14:46:48 UTC,robotics intern
2025/08/12 14:52:22 UTC,research intern
2025/08/12 19:25:32 UTC,intern
2025/08/12 22:30:49 UTC,internship
2025/08/12 22:35:12 UTC,intern
2025/08/12 22:43:06 UTC,robotics intern
2025/08/12 22:50:41 UTC,robotics engineer
2025/08/12 23:10:39 UTC,intern
2025/08/12 23:15:29 UTC,research intern
2025/08/12 23:31:20 UTC,robotics internship
2025/08/13 06:37:36 UTC,robotics engineer
2025/08/13 07:06:23 UTC,internship
2025/08/13 17:56:23 UTC,robotics internship
2025/08/13 18:07:00 UTC,internship
2025/08/13 18:10:04 UTC,robotics intern
2025/08/13 18:14:15 UTC,research intern
2025/08/13 23:52:36 UTC,intern
2025/08/14 01:51:44 UTC,research intern
2025/08/14 01:51:44 UTC,research intern
2025/08/14 02:01:22 UTC,robotics intern
2025/08/14 02:37:41 UTC,intern
2025/08/14 04:07:59 UTC,robotics engineer
2025/08/14 05:00:03 UTC,robotics internship
2025/08/14 05:56:33 UTC,intern
2025/08/14 07:06:06 UTC,robotics engineer
2025/08/14 08:30:53 UTC,robotics intern
2025/08/14 10:03:37 UTC,robotics engineer
2025/08/14 11:13:36 UTC,robotics internship
2025/08/14 12:11:10 UTC,internship
2025/08/14 12:17:13 UTC,intern
2025/08/14 19:11:28 UTC,intern
2025/08/14 20:45:44 UTC,robotics internship
2025/08/14 20:48:40 UTC,research intern
2025/08/14 20:48:40 UTC,research intern
2025/08/14 20:54:30 UTC,internship
2025/08/14 20:59:04 UTC,robotics intern
2025/08/14 21:04:07 UTC,research intern
2025/08/14 21:32:41 UTC,intern
2025/08/15 00:22:42 UTC,internship
2025/08/15 00:30:09 UTC,robotics intern
2025/08/15 02:39:12 UTC,robotics internship
2025/08/15 04:06:39 UTC,intern
2025/08/15 05:09:21 UTC,robotics engineer
2025/08/15 05:20:14 UTC,intern
2025/08/15 10:29:58 UTC,intern
2025/08/15 12:45:36 UTC,robotics engineer
2025/08/15 18:19:11 UTC,robotics internship
2025/08/15 19:25:21 UTC,research intern
2025/08/15 19:25:21 UTC,research intern
2025/08/15 22:41:12 UTC,robotics engineer
2025/08/15 22:51:26 UTC,robotics intern
2025/08/15 23:01:05 UTC,robotics engineer
2025/08/15 23:31:56 UTC,robotics internship
2025/08/15 23:40:29 UTC,internship
2025/08/15 23:42:55 UTC,intern
2025/08/15 23:43:10 UTC,robotics intern
2025/08/15 23:48:40 UTC,research intern
2025/08/16 00:14:36 UTC,internship
2025/08/16 01:09:56 UTC,intern
2025/08/16 02:13:30 UTC,robotics engineer
2025/08/16 07:12:44 UTC,research intern
2025/08/16 07:12:44 UTC,research intern
2025/08/16 07:32:31 UTC,research intern
2025/08/16 07:32:32 UTC,research intern
2025/08/16 07:40:09 UTC,robotics internship
2025/08/16 07:42:11 UTC,robotics engineer
2025/08/16 08:00:51 UTC,intern
2025/08/16 10:42:34 UTC,research intern
2025/08/16 10:42:34 UTC,research intern
2025/08/16 12:16:57 UTC,intern
2025/08/16 12:16:57 UTC,internship
2025/08/16 12:16:57 UTC,research intern
2025/08/16 12:16:57 UTC,research intern
2025/08/16 12:16:57 UTC,robotics intern
2025/08/16 14:10:25 UTC,intern
2025/08/16 15:28:05 UTC,robotics engineer
2025/08/16 15:29:22 UTC,intern
2025/08/17 02:09:38 UTC,robotics internship
2025/08/17 02:38:52 UTC,robotics internship
2025/08/17 02:48:36 UTC,internship
2025/08/17 02:50:06 UTC,robotics intern
2025/08/17 02:56:40 UTC,research intern
2025/08/17 03:18:18 UTC,robotics engineer
2025/08/17 03:18:19 UTC,robotics engineer
2025/08/17 03:21:39 UTC,robotics engineer
2025/08/17 04:40:37 UTC,research intern
2025/08/17 04:40:37 UTC,research intern
2025/08/17 05:11:25 UTC,robotics intern
2025/08/17 05:11:25 UTC,robotics intern
2025/08/17 06:24:21 UTC,internship
2025/08/17 09:06:28 UTC,robotics remote internship
2025/08/17 09:06:28 UTC,robotics remote internship
2025/08/17 09:06:48 UTC,robotics remote internship
2025/08/17 09:06:48 UTC,robotics remote internship
2025/08/17 09:07:15 UTC,robotics remote internship
2025/08/17 09:07:15 UTC,robotics remote internship
2025/08/17 09:07:27 UTC,Robotics Specialist
2025/08/17 09:25:54 UTC,intern
2025/08/17 11:08:35 UTC,intern
2025/08/17 12:16:46 UTC,intern
2025/08/17 12:16:46 UTC,research intern
2025/08/17 12:16:47 UTC,internship
2025/08/17 12:16:47 UTC,research intern
2025/08/17 12:16:47 UTC,robotics engineer
2025/08/17 12:16:47 UTC,robotics intern
2025/08/17 12:16:47 UTC,robotics internship
2025/08/17 18:39:25 UTC,robotics engineer
2025/08/18 01:12:34 UTC,robotics intern
2025/08/18 01:12:34 UTC,robotics intern
2025/08/18 01:23:45 UTC,research intern
2025/08/18 01:23:45 UTC,research intern
2025/08/18 02:40:02 UTC,robotics internship
2025/08/18 02:40:02 UTC,robotics internship
2025/08/18 03:29:32 UTC,robotics engineer
2025/08/18 03:29:32 UTC,robotics engineer
2025/08/18 05:23:57 UTC,robotics internship
2025/08/18 05:33:15 UTC,internship
2025/08/18 05:34:01 UTC,internship
2025/08/18 05:35:38 UTC,robotics intern
2025/08/18 05:42:50 UTC,research intern
2025/08/18 08:20:34 UTC,ros kerala
2025/08/18 08:20:34 UTC,ros kerala
2025/08/18 08:20:37 UTC,ros kerala
2025/08/18 09:27:13 UTC,intern
2025/08/18 12:23:31 UTC,intern
2025/08/18 12:23:31 UTC,internship
2025/08/18 12:23:31 UTC,research intern
2025/08/18 12:23:31 UTC,research intern
2025/08/18 12:23:31 UTC,robotics engineer
2025/08/18 12:23:31 UTC,robotics intern
2025/08/18 12:23:31 UTC,robotics intern
2025/08/18 12:23:31 UTC,robotics internship
2025/08/18 12:23:31 UTC,robotics internship
2025/08/18 14:02:48 UTC,intern
2025/08/18 21:27:03 UTC,robotics engineer
2025/08/19 01:12:54 UTC,robotics intern
2025/08/19 01:15:31 UTC,research intern
2025/08/19 01:15:32 UTC,research intern
2025/08/19 02:16:04 UTC,robotics internship
2025/08/19 04:17:08 UTC,robotics engineer
2025/08/19 06:34:08 UTC,internship
2025/08/19 08:12:02 UTC,robotics internship
2025/08/19 08:22:14 UTC,internship
2025/08/19 08:24:50 UTC,robotics intern
2025/08/19 08:33:33 UTC,research intern
2025/08/19 09:30:29 UTC,intern
2025/08/19 12:16:15 UTC,intern
2025/08/19 12:16:15 UTC,internship
2025/08/19 12:16:15 UTC,research intern
2025/08/19 12:16:15 UTC,research intern
2025/08/19 12:16:15 UTC,robotics engineer
2025/08/19 12:16:15 UTC,robotics intern
2025/08/19 12:16:15 UTC,robotics internship
2025/08/19 16:45:13 UTC,intern
2025/08/19 17:53:53 UTC,google summer of code ros
2025/08/19 17:53:53 UTC,google summer of code ros
2025/08/19 17:53:53 UTC,google summer of code ross
2025/08/19 17:53:55 UTC,google summer of code ros
2025/08/19 17:53:58 UTC,google summer of code ros
2025/08/19 17:54:13 UTC,google summer of code ros
2025/08/19 17:54:58 UTC,google summer of code ros
2025/08/19 17:55:11 UTC,google summer of code ros
2025/08/19 17:55:49 UTC,google summer of code ros
2025/08/19 17:55:56 UTC,google summer of code ros
2025/08/19 17:56:05 UTC,google summer of code ros
2025/08/19 17:56:16 UTC,ros kerala
2025/08/19 17:56:16 UTC,ros kerala
2025/08/19 17:56:17 UTC,ros international
2025/08/19 17:56:17 UTC,ros international
2025/08/19 17:56:20 UTC,ros internship remote
2025/08/19 17:56:20 UTC,ros internship remote
2025/08/19 17:56:20 UTC,ross internship remote
2025/08/19 17:56:31 UTC,ros internship remote
2025/08/19 17:56:51 UTC,ros internship remote
2025/08/19 17:57:20 UTC,Robotics Engineer
2025/08/19 17:57:26 UTC,ros internship remote
2025/08/19 17:57:31 UTC,nvidia
2025/08/19 17:57:31 UTC,nvidia
2025/08/19 17:57:35 UTC,nvidia remote internship
2025/08/19 17:57:35 UTC,nvidia remote internship
2025/08/20 00:10:26 UTC,robotics engineer
2025/08/20 01:11:57 UTC,robotics intern
2025/08/20 01:11:57 UTC,robotics intern
2025/08/20 01:41:42 UTC,research intern
2025/08/20 01:41:42 UTC,research intern
2025/08/20 02:22:43 UTC,robotics internship
2025/08/20 05:17:41 UTC,robotics engineer
2025/08/20 05:23:08 UTC,internship
2025/08/20 09:37:51 UTC,intern
2025/08/20 10:56:45 UTC,robotics internship
2025/08/20 11:07:03 UTC,internship
2025/08/20 11:10:15 UTC,robotics intern
2025/08/20 11:19:48 UTC,research intern
2025/08/20 12:24:19 UTC,intern
2025/08/20 12:24:19 UTC,research intern
2025/08/20 12:24:20 UTC,internship
2025/08/20 12:24:20 UTC,research intern
2025/08/20 12:24:20 UTC,robotics engineer
2025/08/20 12:24:20 UTC,robotics intern
2025/08/20 12:24:20 UTC,robotics intern
2025/08/20 12:24:20 UTC,robotics internship
2025/08/20 19:32:15 UTC,intern
2025/08/21 01:36:35 UTC,robotics intern
2025/08/21 01:44:48 UTC,research intern
2025/08/21 01:44:49 UTC,research intern
2025/08/21 02:18:58 UTC,robotics internship
2025/08/21 02:22:27 UTC,robotics intern
2025/08/21 02:22:27 UTC,robotics intern
2025/08/21 02:22:28 UTC,Technical Team Member
2025/08/21 02:22:28 UTC,intern
2025/08/21 02:22:28 UTC,robotics intern
2025/08/21 02:22:28 UTC,robotics intern
2025/08/21 02:22:36 UTC,Robotics Specialist
2025/08/21 03:14:53 UTC,robotics engineer
2025/08/21 03:45:15 UTC,robotics engineer
2025/08/21 03:45:16 UTC,robotics engineer
2025/08/21 09:31:58 UTC,internship
2025/08/21 09:45:12 UTC,intern
2025/08/21 12:22:51 UTC,intern
2025/08/21 12:22:52 UTC,research intern
2025/08/21 12:22:52 UTC,research intern
2025/08/21 12:22:52 UTC,robotics engineer
2025/08/21 12:22:52 UTC,robotics intern
2025/08/21 12:22:52 UTC,robotics intern
2025/08/21 12:22:52 UTC,robotics internship
2025/08/21 13:54:31 UTC,robotics internship
2025/08/21 14:03:56 UTC,internship
2025/08/21 14:08:10 UTC,robotics intern
2025/08/21 14:16:05 UTC,research intern
2025/08/21 22:32:32 UTC,intern
2025/08/22 01:36:31 UTC,robotics intern
2025/08/22 01:41:17 UTC,research intern
2025/08/22 01:41:17 UTC,research intern
2025/08/22 02:20:39 UTC,robotics internship
2025/08/22 03:31:00 UTC,robotics engineer
2025/08/22 05:12:54 UTC,internship
2025/08/22 05:55:47 UTC,robotics engineer
2025/08/22 09:17:17 UTC,intern
2025/08/22 12:24:14 UTC,intern
2025/08/22 12:24:14 UTC,internship
2025/08/22 12:24:14 UTC,research intern
2025/08/22 12:24:14 UTC,robotics engineer
2025/08/22 12:24:14 UTC,robotics intern
2025/08/22 12:24:14 UTC,robotics internship
2025/08/22 12:24:15 UTC,research intern
2025/08/22 12:24:15 UTC,robotics engineer
2025/08/22 12:24:15 UTC,robotics intern
2025/08/22 16:38:53 UTC,robotics internship
2025/08/22 16:49:04 UTC,internship
2025/08/22 16:50:08 UTC,robotics intern
2025/08/22 17:01:41 UTC,research intern
2025/08/22 18:26:12 UTC,Robotics Specialist
2025/08/22 19:54:22 UTC,Robotics Specialist
2025/08/23 01:14:48 UTC,intern
2025/08/23 01:26:14 UTC,robotics intern
2025/08/23 01:36:05 UTC,research intern
2025/08/23 01:36:06 UTC,research intern
2025/08/23 02:25:21 UTC,robotics internship
2025/08/23 03:35:08 UTC,robotics engineer
2025/08/23 05:50:57 UTC,internship
2025/08/23 08:39:03 UTC,robotics engineer
2025/08/23 11:11:13 UTC,intern
2025/08/23 12:14:06 UTC,intern
2025/08/23 12:14:06 UTC,internship
2025/08/23 12:14:06 UTC,research intern
2025/08/23 12:14:06 UTC,research intern
2025/08/23 12:14:06 UTC,robotics engineer
2025/08/23 12:14:06 UTC,robotics intern
2025/08/23 12:14:06 UTC,robotics intern
2025/08/23 12:14:06 UTC,robotics internship
2025/08/23 12:14:06 UTC,robotics internship
2025/08/23 19:05:39 UTC,Robotics Specialist
2025/08/23 19:23:21 UTC,robotics internship
2025/08/23 19:34:18 UTC,internship
2025/08/23 19:34:19 UTC,robotics intern
2025/08/23 19:45:40 UTC,research intern
2025/08/24 01:19:50 UTC,research intern
2025/08/24 01:19:50 UTC,research intern
2025/08/24 02:10:22 UTC,robotics internship
2025/08/24 02:22:42 UTC,robotics intern
2025/08/24 03:35:05 UTC,robotics engineer
2025/08/24 03:56:55 UTC,intern
2025/08/24 05:30:40 UTC,internship
2025/08/24 09:35:03 UTC,intern
2025/08/24 11:23:45 UTC,robotics engineer
2025/08/24 12:13:17 UTC,intern
2025/08/24 12:13:17 UTC,internship
2025/08/24 12:13:17 UTC,research intern
2025/08/24 12:13:17 UTC,robotics intern
2025/08/24 12:13:17 UTC,robotics internship
2025/08/24 12:13:18 UTC,research intern
2025/08/24 12:13:18 UTC,robotics engineer
2025/08/24 22:06:14 UTC,robotics internship
2025/08/24 22:16:13 UTC,internship
2025/08/24 22:16:35 UTC,robotics intern
2025/08/24 22:27:39 UTC,research intern
2025/08/25 01:15:32 UTC,research intern
2025/08/25 01:15:32 UTC,research intern
2025/08/25 01:16:55 UTC,robotics intern
2025/08/25 01:16:55 UTC,robotics intern
2025/08/25 02:27:44 UTC,robotics internship
2025/08/25 02:27:44 UTC,robotics internship
2025/08/25 03:29:57 UTC,robotics engineer
2025/08/25 05:12:19 UTC,internship
2025/08/25 06:45:13 UTC,intern
2025/08/25 09:12:02 UTC,intern
2025/08/25 12:12:38 UTC,intern
2025/08/25 12:12:38 UTC,internship
2025/08/25 12:12:38 UTC,research intern
2025/08/25 12:12:38 UTC,research intern
2025/08/25 12:12:38 UTC,robotics engineer
2025/08/25 12:12:38 UTC,robotics intern
2025/08/25 12:12:38 UTC,robotics internship
2025/08/25 12:12:38 UTC,robotics internship
2025/08/25 14:10:55 UTC,robotics engineer
2025/08/26 00:56:28 UTC,robotics internship
2025/08/26 01:05:24 UTC,internship
2025/08/26 01:06:28 UTC,robotics intern
2025/08/26 01:16:51 UTC,research intern
2025/08/26 01:18:10 UTC,robotics intern
2025/08/26 01:21:05 UTC,research intern
2025/08/26 01:21:05 UTC,research intern
2025/08/26 02:55:14 UTC,robotics internship
2025/08/26 03:18:12 UTC,robotics engineer
2025/08/26 05:36:30 UTC,internship
2025/08/26 09:27:37 UTC,intern
2025/08/26 10:12:33 UTC,intern
2025/08/26 12:07:43 UTC,intern
2025/08/26 12:07:43 UTC,internship
2025/08/26 12:07:43 UTC,research intern
2025/08/26 12:07:43 UTC,research intern
2025/08/26 12:07:43 UTC,robotics engineer
2025/08/26 12:07:43 UTC,robotics intern
2025/08/26 12:07:43 UTC,robotics internship
2025/08/26 16:57:50 UTC,robotics engineer
2025/08/27 01:34:33 UTC,robotics intern
2025/08/27 01:40:06 UTC,research intern
2025/08/27 01:40:06 UTC,research intern
2025/08/27 02:37:53 UTC,robotics internship
2025/08/27 03:43:20 UTC,robotics internship
2025/08/27 03:49:55 UTC,internship
2025/08/27 03:54:15 UTC,robotics intern
2025/08/27 04:03:26 UTC,robotics engineer
2025/08/27 04:04:06 UTC,research intern
2025/08/27 06:27:48 UTC,internship
2025/08/27 09:13:49 UTC,intern
2025/08/27 12:09:31 UTC,intern
2025/08/27 12:09:31 UTC,internship
2025/08/27 12:09:31 UTC,research intern
2025/08/27 12:09:31 UTC,research intern
2025/08/27 12:09:31 UTC,robotics engineer
2025/08/27 12:09:31 UTC,robotics intern
2025/08/27 12:09:31 UTC,robotics intern
2025/08/27 12:09:31 UTC,robotics internship
2025/08/27 12:09:31 UTC,robotics internship
2025/08/27 12:21:40 UTC,intern
2025/08/27 19:48:24 UTC,robotics engineer
2025/08/28 02:39:56 UTC,research intern
2025/08/28 02:39:56 UTC,research intern
2025/08/28 02:57:24 UTC,robotics internship
2025/08/28 03:51:34 UTC,robotics engineer
2025/08/28 05:12:59 UTC,internship
2025/08/28 06:30:46 UTC,robotics internship
2025/08/28 06:38:59 UTC,internship
2025/08/28 06:40:58 UTC,robotics intern
2025/08/28 06:51:15 UTC,research intern
2025/08/28 09:24:12 UTC,robotics intern
2025/08/28 09:55:26 UTC,intern
2025/08/28 12:23:04 UTC,intern
2025/08/28 12:23:04 UTC,internship
2025/08/28 12:23:04 UTC,research intern
2025/08/28 12:23:04 UTC,research intern
2025/08/28 12:23:04 UTC,robotics engineer
2025/08/28 12:23:04 UTC,robotics engineer
2025/08/28 12:23:04 UTC,robotics intern
2025/08/28 12:23:04 UTC,robotics intern
2025/08/28 12:23:04 UTC,robotics internship
2025/08/28 15:01:47 UTC,intern
2025/08/28 22:46:49 UTC,robotics engineer
2025/08/29 01:27:58 UTC,research intern
2025/08/29 01:27:58 UTC,research intern
2025/08/29 01:50:55 UTC,robotics intern
2025/08/29 02:56:06 UTC,robotics internship
2025/08/29 03:36:42 UTC,robotics engineer
2025/08/29 05:30:06 UTC,internship
2025/08/29 09:50:42 UTC,intern
2025/08/29 09:56:08 UTC,robotics internship
2025/08/29 10:04:47 UTC,internship
2025/08/29 10:08:18 UTC,robotics intern
2025/08/29 10:17:13 UTC,research intern
2025/08/29 12:18:27 UTC,intern
2025/08/29 12:18:27 UTC,internship
2025/08/29 12:18:27 UTC,research intern
2025/08/29 12:18:27 UTC,research intern
2025/08/29 12:18:27 UTC,robotics engineer
2025/08/29 12:18:27 UTC,robotics intern
2025/08/29 12:18:27 UTC,robotics internship
2025/08/29 18:50:26 UTC,intern
2025/08/30 01:36:43 UTC,robotics intern
2025/08/30 01:42:04 UTC,research intern
2025/08/30 01:42:04 UTC,research intern
2025/08/30 02:13:51 UTC,robotics internship
2025/08/30 02:21:43 UTC,robotics engineer
2025/08/30 03:49:31 UTC,robotics engineer
2025/08/30 05:30:56 UTC,internship
2025/08/30 09:35:24 UTC,intern
2025/08/30 12:13:28 UTC,intern
2025/08/30 12:13:28 UTC,internship
2025/08/30 12:13:28 UTC,research intern
2025/08/30 12:13:28 UTC,research intern
2025/08/30 12:13:28 UTC,robotics engineer
2025/08/30 12:13:28 UTC,robotics intern
2025/08/30 12:13:28 UTC,robotics internship
2025/08/30 13:00:27 UTC,robotics internship
2025/08/30 13:10:59 UTC,internship
2025/08/30 13:13:56 UTC,robotics intern
2025/08/30 13:23:53 UTC,research intern
2025/08/30 21:44:08 UTC,intern
2025/08/31 01:12:59 UTC,robotics intern
2025/08/31 01:30:56 UTC,research intern
2025/08/31 01:30:56 UTC,research intern
2025/08/31 02:13:36 UTC,robotics internship
2025/08/31 02:13:36 UTC,robotics internship
2025/08/31 03:35:01 UTC,robotics engineer
2025/08/31 03:35:02 UTC,robotics engineer
2025/08/31 05:08:14 UTC,robotics engineer
2025/08/31 05:29:05 UTC,internship
2025/08/31 09:43:20 UTC,intern
2025/08/31 12:10:13 UTC,intern
2025/08/31 12:10:13 UTC,internship
2025/08/31 12:10:13 UTC,research intern
2025/08/31 12:10:13 UTC,research intern
2025/08/31 12:10:13 UTC,robotics engineer
2025/08/31 12:10:13 UTC,robotics intern
2025/08/31 12:10:13 UTC,robotics intern
2025/08/31 12:10:13 UTC,robotics internship
2025/08/31 12:10:13 UTC,robotics internship
2025/08/31 15:51:45 UTC,robotics internship
2025/08/31 16:03:33 UTC,internship
2025/08/31 16:04:45 UTC,robotics intern
2025/08/31 16:15:56 UTC,research intern
2025/09/01 00:26:18 UTC,intern
2025/09/01 01:30:42 UTC,robotics intern
2025/09/01 01:39:42 UTC,research intern
2025/09/01 01:39:42 UTC,research intern
2025/09/01 02:30:50 UTC,robotics internship
2025/09/01 02:30:50 UTC,robotics internship
2025/09/01 03:44:14 UTC,robotics engineer
2025/09/01 05:14:02 UTC,internship
2025/09/01 07:49:10 UTC,robotics engineer
2025/09/01 09:25:25 UTC,intern
2025/09/01 12:20:05 UTC,intern
2025/09/01 12:20:05 UTC,internship
2025/09/01 12:20:05 UTC,research intern
2025/09/01 12:20:05 UTC,research intern
2025/09/01 12:20:05 UTC,robotics engineer
2025/09/01 12:20:05 UTC,robotics engineer
2025/09/01 12:20:05 UTC,robotics intern
2025/09/01 12:20:05 UTC,robotics intern
2025/09/01 12:20:05 UTC,robotics internship
2025/09/01 18:30:27 UTC,robotics internship
2025/09/01 18:39:26 UTC,internship
2025/09/01 18:43:51 UTC,robotics intern
2025/09/01 18:54:36 UTC,research intern
2025/09/02 01:21:57 UTC,robotics intern
2025/09/02 01:26:24 UTC,research intern
2025/09/02 01:26:24 UTC,research intern
2025/09/02 02:18:01 UTC,robotics internship
2025/09/02 03:05:19 UTC,intern
2025/09/02 03:30:16 UTC,robotics engineer
2025/09/02 05:23:48 UTC,internship
2025/09/02 09:29:19 UTC,intern
2025/09/02 10:26:56 UTC,robotics engineer
2025/09/02 12:11:55 UTC,intern
2025/09/02 12:11:55 UTC,internship
2025/09/02 12:11:55 UTC,research intern
2025/09/02 12:11:55 UTC,research intern
2025/09/02 12:11:55 UTC,robotics engineer
2025/09/02 12:11:55 UTC,robotics engineer
2025/09/02 12:11:55 UTC,robotics intern
2025/09/02 12:11:55 UTC,robotics internship
2025/09/02 21:12:10 UTC,robotics internship
2025/09/02 21:18:30 UTC,internship
2025/09/02 21:24:03 UTC,robotics intern
2025/09/02 21:33:48 UTC,research intern
2025/09/03 01:15:43 UTC,research intern
2025/09/03 01:15:43 UTC,research intern
2025/09/03 01:34:10 UTC,robotics intern
2025/09/03 02:31:36 UTC,robotics internship
2025/09/03 03:00:14 UTC,robotics intern
2025/09/03 03:00:14 UTC,robotics intern
2025/09/03 03:00:15 UTC,Technical Team Member
2025/09/03 03:00:15 UTC,intern
2025/09/03 03:00:15 UTC,robotics intern
2025/09/03 03:00:15 UTC,robotics intern
2025/09/03 03:00:32 UTC,Technical Team Member
2025/09/03 03:37:00 UTC,robotics engineer
2025/09/03 05:28:41 UTC,internship
2025/09/03 05:45:45 UTC,intern
2025/09/03 09:15:01 UTC,intern
2025/09/03 12:26:47 UTC,internship
2025/09/03 12:26:47 UTC,research intern
2025/09/03 12:26:47 UTC,research intern
2025/09/03 12:26:47 UTC,robotics engineer
2025/09/03 12:26:47 UTC,robotics intern
2025/09/03 12:26:47 UTC,robotics internship
2025/09/03 13:09:15 UTC,robotics engineer
2025/09/03 23:54:39 UTC,robotics internship
2025/09/04 00:00:32 UTC,internship
2025/09/04 00:06:14 UTC,robotics intern
2025/09/04 00:16:38 UTC,research intern
2025/09/04 02:26:26 UTC,research intern
2025/09/04 02:26:26 UTC,research intern
2025/09/04 02:55:58 UTC,robotics internship
2025/09/04 03:09:59 UTC,robotics engineer
2025/09/04 03:09:59 UTC,robotics engineer
2025/09/04 05:32:08 UTC,internship
2025/09/04 05:54:17 UTC,robotics intern
2025/09/04 08:28:52 UTC,intern
2025/09/04 12:17:21 UTC,intern
2025/09/04 12:17:22 UTC,internship
2025/09/04 12:17:22 UTC,research intern
2025/09/04 12:17:22 UTC,research intern
2025/09/04 12:17:22 UTC,robotics engineer
2025/09/04 12:17:22 UTC,robotics intern
2025/09/04 12:17:22 UTC,robotics internship
2025/09/04 14:58:30 UTC,duckietown robotics
2025/09/04 14:58:30 UTC,duckietown robotics
2025/09/04 14:58:34 UTC,duckietown isaacsim
2025/09/04 14:58:34 UTC,duckietown isaacsim
2025/09/04 14:58:35 UTC,duckietown isaacsim
2025/09/04 14:58:36 UTC,duckietown isaacsim
2025/09/04 14:58:37 UTC,duckietown isaacsim
2025/09/04 15:06:36 UTC,interpersonal skills
2025/09/04 15:06:37 UTC,how to genai
2025/09/04 15:06:37 UTC,how to genai
2025/09/04 15:06:37 UTC,how to get more instagram followers?
2025/09/04 15:06:37 UTC,how to get more instagram followers?
2025/09/04 15:06:37 UTC,how to stay calm
2025/09/04 15:06:37 UTC,how to stay calm
2025/09/04 15:06:37 UTC,interpersonal skills
2025/09/04 15:06:42 UTC,how to get google summer of codes
2025/09/04 15:06:42 UTC,how to get google summer of codes
2025/09/04 15:06:42 UTC,how to get google summer of codes OR how to get google summer of code
2025/09/04 15:06:44 UTC,how to get google summer of codes
2025/09/04 15:06:58 UTC,google summer of codes robotics
2025/09/04 15:06:59 UTC,google summer of codes robotics
2025/09/04 15:06:59 UTC,google summer of codes robotics OR google summer of code robotics
2025/09/04 15:07:00 UTC,google summer of codes robotics
2025/09/04 15:32:46 UTC,google summer of codes robotics
2025/09/04 15:32:47 UTC,google summer of codes robotics
2025/09/04 15:32:48 UTC,google summer of codes robotics
2025/09/04 15:39:30 UTC,nvidia remote internship
2025/09/04 15:39:30 UTC,nvidia remote internship
2025/09/04 15:39:31 UTC,nit warangal
2025/09/04 15:39:31 UTC,nit warangal
2025/09/04 15:39:33 UTC,nishant saintgits
2025/09/04 15:39:35 UTC,nishant saintgits
2025/09/04 15:41:06 UTC,jyothish
2025/09/04 15:41:06 UTC,jyothish
2025/09/04 15:41:06 UTC,jyothishmathi group of institutions
2025/09/04 15:41:06 UTC,jyothishmathi group of institutions
2025/09/04 15:41:28 UTC,jyothish saintgits
2025/09/04 15:41:30 UTC,jyothish saintgits
2025/09/04 15:41:34 UTC,jyothish saintgits
2025/09/04 15:41:35 UTC,jyothish saintgits
2025/09/04 15:48:54 UTC,robotics engineer
2025/09/05 01:18:02 UTC,research intern
2025/09/05 01:39:54 UTC,robotics intern
2025/09/05 02:24:04 UTC,robotics internship
2025/09/05 02:33:15 UTC,robotics internship
2025/09/05 02:42:46 UTC,internship
2025/09/05 02:46:05 UTC,robotics intern
2025/09/05 02:56:35 UTC,research intern
2025/09/05 03:49:58 UTC,robotics engineer
2025/09/05 05:30:25 UTC,internship
2025/09/05 09:04:52 UTC,team building services
2025/09/05 09:04:53 UTC,team building services
2025/09/05 09:04:55 UTC,team equinox
2025/09/05 09:04:55 UTC,team equinox
2025/09/05 09:04:56 UTC,team equinox
2025/09/05 09:04:56 UTC,team equinox
2025/09/05 09:04:57 UTC,team equinox
2025/09/05 09:04:58 UTC,team equinox
2025/09/05 09:05:24 UTC,team equinox
2025/09/05 09:16:39 UTC,intern
2025/09/05 09:44:38 UTC,team equinox
2025/09/05 09:44:39 UTC,team equinox
2025/09/05 09:44:39 UTC,team equinox
2025/09/05 11:07:41 UTC,intern
2025/09/05 12:25:06 UTC,internship
2025/09/05 12:25:06 UTC,research intern
2025/09/05 12:25:06 UTC,robotics intern
2025/09/05 12:25:06 UTC,robotics internship
2025/09/05 12:25:07 UTC,robotics engineer
2025/09/05 18:29:43 UTC,robotics engineer
2025/09/06 01:32:36 UTC,robotics intern
2025/09/06 01:41:11 UTC,research intern
2025/09/06 01:41:11 UTC,research intern
2025/09/06 02:30:12 UTC,robotics internship
2025/09/06 03:11:48 UTC,robotics engineer
2025/09/06 05:11:15 UTC,robotics internship
2025/09/06 05:23:21 UTC,internship
2025/09/06 05:26:16 UTC,robotics intern
2025/09/06 05:35:50 UTC,research intern
2025/09/06 05:45:48 UTC,internship
2025/09/06 06:49:59 UTC,internship
2025/09/06 06:49:59 UTC,internship
2025/09/06 06:50:01 UTC,internship
2025/09/06 09:39:34 UTC,intern
2025/09/06 12:22:54 UTC,internship
2025/09/06 12:22:54 UTC,research intern
2025/09/06 12:22:54 UTC,research intern
2025/09/06 12:22:54 UTC,robotics engineer
2025/09/06 12:22:54 UTC,robotics intern
2025/09/06 12:22:54 UTC,robotics intern
2025/09/06 12:22:54 UTC,robotics internship
2025/09/06 13:46:50 UTC,intern
2025/09/06 21:10:58 UTC,robotics engineer
2025/09/07 01:24:52 UTC,robotics intern
2025/09/07 01:30:00 UTC,research intern
2025/09/07 01:30:00 UTC,research intern
2025/09/07 02:21:05 UTC,robotics internship
2025/09/07 02:21:05 UTC,robotics internship
2025/09/07 03:15:43 UTC,robotics engineer
2025/09/07 03:15:43 UTC,robotics engineer
2025/09/07 03:34:12 UTC,robotics internship
2025/09/07 03:34:12 UTC,robotics internship
2025/09/07 03:34:12 UTC,robotics internship
2025/09/07 03:34:13 UTC,robotics internship
2025/09/07 03:34:14 UTC,robotics internship
2025/09/07 03:34:14 UTC,robotics internship
2025/09/07 03:34:18 UTC,Intern
2025/09/07 05:23:34 UTC,internship
2025/09/07 07:49:22 UTC,robotics internship
2025/09/07 08:01:37 UTC,internship
2025/09/07 08:05:37 UTC,robotics intern
2025/09/07 08:16:40 UTC,research intern
2025/09/07 09:36:57 UTC,intern
2025/09/07 12:11:40 UTC,internship
2025/09/07 12:11:40 UTC,research intern
2025/09/07 12:11:40 UTC,research intern
2025/09/07 12:11:40 UTC,robotics engineer
2025/09/07 12:11:40 UTC,robotics engineer
2025/09/07 12:11:40 UTC,robotics intern
2025/09/07 12:11:40 UTC,robotics intern
2025/09/07 12:11:40 UTC,robotics internship
2025/09/07 12:11:40 UTC,robotics internship
2025/09/07 16:24:56 UTC,intern
2025/09/07 23:50:03 UTC,robotics engineer
2025/09/08 01:09:21 UTC,robotics intern
2025/09/08 01:09:21 UTC,robotics intern
2025/09/08 01:27:12 UTC,research intern
2025/09/08 01:27:12 UTC,research intern
2025/09/08 02:18:56 UTC,robotics internship
2025/09/08 02:18:56 UTC,robotics internship
2025/09/08 03:07:22 UTC,Intern
2025/09/08 03:07:40 UTC,Intern
2025/09/08 03:34:25 UTC,robotics engineer
2025/09/08 03:34:26 UTC,robotics engineer
2025/09/08 05:35:47 UTC,internship
2025/09/08 09:35:03 UTC,intern
2025/09/08 10:27:32 UTC,robotics internship
2025/09/08 10:40:22 UTC,internship
2025/09/08 10:45:30 UTC,robotics intern
2025/09/08 10:54:57 UTC,research intern
2025/09/08 12:14:05 UTC,internship
2025/09/08 12:14:05 UTC,research intern
2025/09/08 12:14:05 UTC,research intern
2025/09/08 12:14:05 UTC,robotics engineer
2025/09/08 12:14:05 UTC,robotics intern
2025/09/08 12:14:05 UTC,robotics intern
2025/09/08 12:14:05 UTC,robotics internship
2025/09/08 19:05:29 UTC,intern
2025/09/09 01:15:59 UTC,robotics intern
2025/09/09 01:28:16 UTC,research intern
2025/09/09 01:28:16 UTC,research intern
2025/09/09 02:16:38 UTC,robotics internship
2025/09/09 02:16:38 UTC,robotics internship
2025/09/09 02:26:55 UTC,robotics engineer
2025/09/09 03:20:39 UTC,robotics internship
2025/09/09 03:20:39 UTC,robotics internship
2025/09/09 03:20:40 UTC,Intern
2025/09/09 03:20:40 UTC,intern
2025/09/09 03:20:40 UTC,robotics internship
2025/09/09 03:20:40 UTC,robotics internship
2025/09/09 03:20:55 UTC,Intern
2025/09/09 03:33:49 UTC,robotics engineer
2025/09/09 05:33:34 UTC,internship
2025/09/09 05:51:42 UTC,internship
2025/09/09 05:51:42 UTC,internship
2025/09/09 05:51:43 UTC,internship
2025/09/09 05:51:46 UTC,Marketing Student
2025/09/09 05:51:55 UTC,Research And Development Intern
2025/09/09 09:22:19 UTC,intern
2025/09/09 12:11:37 UTC,internship
2025/09/09 12:11:37 UTC,research intern
2025/09/09 12:11:37 UTC,research intern
2025/09/09 12:11:37 UTC,robotics engineer
2025/09/09 12:11:37 UTC,robotics intern
2025/09/09 12:11:37 UTC,robotics internship
2025/09/09 13:08:44 UTC,robotics internship
2025/09/09 13:20:57 UTC,internship
2025/09/09 13:26:30 UTC,robotics intern
2025/09/09 13:32:11 UTC,research intern
2025/09/09 21:43:57 UTC,intern
2025/09/10 01:17:52 UTC,robotics intern
2025/09/10 01:31:12 UTC,research intern
2025/09/10 01:31:12 UTC,research intern
2025/09/10 02:27:25 UTC,robotics internship
2025/09/10 03:43:03 UTC,robotics engineer
2025/09/10 03:45:05 UTC,robotics intern
2025/09/10 03:45:05 UTC,robotics intern
2025/09/10 03:45:06 UTC,Intern
2025/09/10 03:45:06 UTC,intern
2025/09/10 03:45:06 UTC,robotics intern
2025/09/10 03:45:06 UTC,robotics intern
2025/09/10 03:45:09 UTC,Intern
2025/09/10 05:13:19 UTC,robotics engineer
2025/09/10 05:14:11 UTC,internship
2025/09/10 09:40:26 UTC,intern
2025/09/10 12:09:46 UTC,internship
2025/09/10 12:09:46 UTC,research intern
2025/09/10 12:09:46 UTC,robotics engineer
2025/09/10 12:09:47 UTC,research intern
2025/09/10 12:09:47 UTC,robotics intern
2025/09/10 12:09:47 UTC,robotics internship
2025/09/10 15:53:02 UTC,robotics internship
2025/09/10 16:07:18 UTC,internship
2025/09/10 16:12:55 UTC,robotics intern
2025/09/10 16:16:00 UTC,research intern
2025/09/10 18:57:31 UTC,Research And Development Intern
2025/09/10 19:13:49 UTC,Research And Development Intern
2025/09/11 00:28:58 UTC,intern
2025/09/11 01:28:19 UTC,research intern
2025/09/11 01:28:19 UTC,research intern
2025/09/11 01:40:02 UTC,robotics intern
2025/09/11 02:42:51 UTC,robotics intern
2025/09/11 02:42:51 UTC,robotics intern
2025/09/11 02:42:52 UTC,Intern
2025/09/11 02:42:52 UTC,intern
2025/09/11 02:42:52 UTC,robotics intern
2025/09/11 02:42:52 UTC,robotics intern
2025/09/11 02:42:55 UTC,Intern
2025/09/11 03:38:33 UTC,robotics engineer
2025/09/11 04:00:03 UTC,robotics internship
2025/09/11 05:44:21 UTC,internship
2025/09/11 07:50:51 UTC,robotics engineer
2025/09/11 08:45:10 UTC,internship
2025/09/11 08:45:10 UTC,internship
2025/09/11 08:45:12 UTC,internship
2025/09/11 09:34:24 UTC,intern
2025/09/11 12:16:42 UTC,internship
2025/09/11 12:16:42 UTC,research intern
2025/09/11 12:16:42 UTC,research intern
2025/09/11 12:16:42 UTC,robotics engineer
2025/09/11 12:16:42 UTC,robotics intern
2025/09/11 12:16:42 UTC,robotics internship
2025/09/11 18:31:11 UTC,robotics internship
2025/09/11 18:46:38 UTC,Research And Development Intern
2025/09/11 18:47:49 UTC,internship
2025/09/11 18:52:51 UTC,robotics intern
2025/09/11 18:54:57 UTC,research intern
2025/09/12 01:25:33 UTC,robotics intern
2025/09/12 01:42:24 UTC,research intern
2025/09/12 01:42:24 UTC,research intern
2025/09/12 02:10:49 UTC,robotics internship
2025/09/12 03:08:47 UTC,intern
2025/09/12 03:09:22 UTC,robotics engineer
2025/09/12 05:43:47 UTC,internship
2025/09/12 09:50:40 UTC,intern
2025/09/12 10:31:16 UTC,robotics engineer
2025/09/12 12:14:17 UTC,internship
2025/09/12 12:14:17 UTC,research intern
2025/09/12 12:14:17 UTC,research intern
2025/09/12 12:14:17 UTC,robotics engineer
2025/09/12 12:14:17 UTC,robotics intern
2025/09/12 12:14:17 UTC,robotics internship
2025/09/12 21:11:08 UTC,robotics internship
2025/09/12 21:29:44 UTC,internship
2025/09/12 21:35:29 UTC,robotics intern
2025/09/12 21:37:33 UTC,research intern
2025/09/13 01:09:11 UTC,research intern
2025/09/13 01:09:11 UTC,research intern
2025/09/13 01:25:11 UTC,robotics intern
2025/09/13 02:16:56 UTC,robotics internship
2025/09/13 05:31:10 UTC,robotics engineer
2025/09/13 05:49:48 UTC,intern
2025/09/13 07:08:41 UTC,internship
2025/09/13 09:25:43 UTC,intern
2025/09/13 10:27:48 UTC,nithin g evolve
2025/09/13 10:27:48 UTC,nithin g evolve
2025/09/13 10:27:48 UTC,nitin g evolve
2025/09/13 10:27:50 UTC,nithin g evolve
2025/09/13 12:18:44 UTC,research intern
2025/09/13 12:18:44 UTC,robotics intern
2025/09/13 12:18:44 UTC,robotics internship
2025/09/13 12:18:45 UTC,research intern
2025/09/13 12:18:45 UTC,robotics engineer
2025/09/13 12:18:45 UTC,robotics intern
2025/09/13 12:18:45 UTC,robotics internship
2025/09/13 13:10:37 UTC,robotics engineer
2025/09/13 23:51:00 UTC,robotics internship
2025/09/14 00:09:34 UTC,internship
2025/09/14 00:15:44 UTC,robotics intern
2025/09/14 00:17:22 UTC,research intern
2025/09/14 01:17:35 UTC,research intern
2025/09/14 01:17:35 UTC,research intern
2025/09/14 01:17:45 UTC,robotics intern
2025/09/14 01:17:45 UTC,robotics intern
2025/09/14 02:37:07 UTC,robotics internship
2025/09/14 02:37:07 UTC,robotics internship
2025/09/14 03:10:19 UTC,robotics engineer
2025/09/14 03:10:19 UTC,robotics engineer
2025/09/14 05:38:50 UTC,internship
2025/09/14 08:27:28 UTC,intern
2025/09/14 09:29:23 UTC,intern
2025/09/14 12:09:35 UTC,internship
2025/09/14 12:09:35 UTC,research intern
2025/09/14 12:09:35 UTC,research intern
2025/09/14 12:09:35 UTC,robotics engineer
2025/09/14 12:09:35 UTC,robotics engineer
2025/09/14 12:09:35 UTC,robotics intern
2025/09/14 12:09:35 UTC,robotics intern
2025/09/14 12:09:35 UTC,robotics internship
2025/09/14 12:09:35 UTC,robotics internship
2025/09/14 15:51:14 UTC,robotics engineer
2025/09/15 01:16:23 UTC,robotics intern
2025/09/15 01:16:23 UTC,robotics intern
2025/09/15 01:34:25 UTC,research intern
2025/09/15 01:34:26 UTC,research intern
2025/09/15 02:17:31 UTC,robotics internship
2025/09/15 02:17:31 UTC,robotics internship
2025/09/15 02:31:31 UTC,robotics internship
2025/09/15 02:50:33 UTC,internship
2025/09/15 02:55:45 UTC,robotics intern
2025/09/15 02:58:19 UTC,research intern
2025/09/15 03:34:39 UTC,robotics engineer
2025/09/15 03:34:40 UTC,robotics engineer
2025/09/15 05:33:34 UTC,internship
2025/09/15 09:48:19 UTC,intern
2025/09/15 11:05:41 UTC,intern
2025/09/15 12:24:29 UTC,internship
2025/09/15 12:24:29 UTC,research intern
2025/09/15 12:24:29 UTC,research intern
2025/09/15 12:24:29 UTC,robotics engineer
2025/09/15 12:24:29 UTC,robotics engineer
2025/09/15 12:24:29 UTC,robotics intern
2025/09/15 12:24:29 UTC,robotics internship
2025/09/15 18:39:13 UTC,robotics engineer
2025/09/16 02:36:59 UTC,robotics internship
2025/09/16 03:06:07 UTC,research intern
2025/09/16 03:06:07 UTC,research intern
2025/09/16 03:32:06 UTC,robotics intern
2025/09/16 04:21:05 UTC,robotics engineer
2025/09/16 05:19:13 UTC,robotics internship
2025/09/16 05:36:45 UTC,internship
2025/09/16 05:37:47 UTC,internship
2025/09/16 05:42:57 UTC,robotics intern
2025/09/16 05:45:18 UTC,research intern
2025/09/16 09:38:38 UTC,intern
2025/09/16 14:00:31 UTC,intern
2025/09/16 21:26:59 UTC,robotics engineer
2025/09/16 22:31:51 UTC,intern
2025/09/16 22:35:06 UTC,robotics intern
2025/09/16 22:49:52 UTC,robotics engineer
2025/09/16 22:56:20 UTC,internship
2025/09/16 22:57:49 UTC,research intern
2025/09/16 22:57:50 UTC,research intern
2025/09/16 23:01:39 UTC,robotics internship
2025/09/17 08:10:32 UTC,robotics internship
2025/09/17 08:25:55 UTC,internship
2025/09/17 08:35:00 UTC,robotics intern
2025/09/17 08:37:03 UTC,research intern
2025/09/17 09:59:04 UTC,intern
2025/09/17 13:06:20 UTC,internship
2025/09/17 16:43:56 UTC,intern
2025/09/17 22:40:17 UTC,research intern
2025/09/17 22:40:17 UTC,research intern
2025/09/17 22:40:38 UTC,robotics engineer
2025/09/17 22:51:39 UTC,intern
2025/09/17 23:01:08 UTC,robotics intern
2025/09/18 00:10:47 UTC,robotics engineer
2025/09/18 01:59:48 UTC,robotics internship
2025/09/18 06:22:49 UTC,internship
2025/09/18 10:01:49 UTC,intern
2025/09/18 10:50:14 UTC,robotics internship
2025/09/18 11:03:14 UTC,internship
2025/09/18 11:13:55 UTC,robotics intern
2025/09/18 11:16:30 UTC,research intern
2025/09/18 19:23:36 UTC,intern
2025/09/18 22:47:40 UTC,robotics internship
2025/09/18 22:56:38 UTC,internship
2025/09/18 23:10:26 UTC,research intern
2025/09/18 23:10:26 UTC,research intern
2025/09/18 23:14:39 UTC,robotics engineer
2025/09/18 23:18:29 UTC,robotics intern
2025/09/18 23:18:31 UTC,intern
2025/09/19 02:49:57 UTC,robotics engineer
2025/09/19 09:32:18 UTC,intern
2025/09/19 13:28:35 UTC,robotics internship
2025/09/19 13:40:56 UTC,internship
2025/09/19 13:52:49 UTC,robotics intern
2025/09/19 13:53:37 UTC,research intern
2025/09/19 22:02:39 UTC,intern
2025/09/19 22:32:25 UTC,research intern
2025/09/19 22:32:25 UTC,research intern
2025/09/19 22:37:47 UTC,intern
2025/09/19 22:38:28 UTC,robotics engineer
2025/09/19 22:38:34 UTC,internship
2025/09/19 22:44:40 UTC,robotics internship
2025/09/19 22:47:01 UTC,robotics intern
2025/09/20 05:28:09 UTC,robotics engineer
2025/09/20 09:55:19 UTC,intern
2025/09/20 16:07:57 UTC,robotics internship
2025/09/20 16:18:51 UTC,internship
2025/09/20 16:31:53 UTC,research intern
2025/09/20 16:31:58 UTC,robotics intern
2025/09/20 16:47:08 UTC,enzho
2025/09/20 16:47:08 UTC,enzho
2025/09/20 16:47:10 UTC,enzho
2025/09/20 16:47:16 UTC,enzo
2025/09/20 16:47:24 UTC,enzo
2025/09/20 22:08:35 UTC,intern
2025/09/20 22:10:22 UTC,internship
2025/09/20 22:17:31 UTC,robotics intern
2025/09/20 22:25:32 UTC,robotics internship
2025/09/20 22:40:24 UTC,research intern
2025/09/20 22:40:24 UTC,research intern
2025/09/20 22:48:09 UTC,robotics engineer
2025/09/21 00:43:43 UTC,intern
2025/09/21 08:06:00 UTC,robotics engineer
2025/09/21 09:31:48 UTC,intern
2025/09/21 18:46:28 UTC,robotics internship
2025/09/21 18:57:19 UTC,internship
2025/09/21 19:11:23 UTC,research intern
2025/09/21 19:12:43 UTC,robotics intern
2025/09/21 22:34:49 UTC,intern
2025/09/21 22:36:27 UTC,research intern
2025/09/21 22:36:27 UTC,research intern
2025/09/21 22:44:15 UTC,robotics internship
2025/09/21 22:44:15 UTC,robotics internship
2025/09/21 22:47:31 UTC,internship
2025/09/21 22:50:22 UTC,robotics intern
2025/09/21 22:50:22 UTC,robotics intern
2025/09/21 22:52:33 UTC,robotics engineer
2025/09/22 03:22:09 UTC,intern
2025/09/22 09:41:52 UTC,intern
2025/09/22 10:42:58 UTC,robotics engineer
2025/09/22 21:26:45 UTC,robotics internship
2025/09/22 21:36:19 UTC,internship
2025/09/22 21:48:23 UTC,research intern
2025/09/22 21:51:15 UTC,robotics intern
2025/09/22 22:19:29 UTC,robotics intern
2025/09/22 22:34:34 UTC,robotics internship
2025/09/22 22:36:41 UTC,intern
2025/09/22 22:41:02 UTC,internship
2025/09/22 22:49:55 UTC,research intern
2025/09/22 22:49:55 UTC,research intern
2025/09/22 22:55:15 UTC,robotics engineer
2025/09/22 22:55:15 UTC,robotics engineer
2025/09/23 06:01:00 UTC,intern
2025/09/23 07:03:41 UTC,internship
2025/09/23 09:38:58 UTC,intern
2025/09/23 13:21:31 UTC,robotics engineer
2025/09/23 23:30:15 UTC,robotics intern
2025/09/23 23:35:21 UTC,research intern
2025/09/23 23:35:21 UTC,research intern
2025/09/23 23:57:23 UTC,robotics engineer
2025/09/23 23:58:57 UTC,intern
2025/09/24 00:15:51 UTC,robotics internship
2025/09/24 00:22:05 UTC,internship
2025/09/24 00:35:57 UTC,research intern
2025/09/24 00:39:02 UTC,robotics intern
2025/09/24 02:08:46 UTC,internship
2025/09/24 03:11:41 UTC,robotics internship
2025/09/24 08:48:10 UTC,intern
2025/09/24 09:13:53 UTC,robotics engineer
2025/09/24 09:13:53 UTC,robotics engineer
2025/09/24 09:14:46 UTC,intern
2025/09/24 15:35:33 UTC,internship
2025/09/24 16:06:39 UTC,robotics engineer
2025/09/25 00:33:08 UTC,robotics intern
2025/09/25 00:35:42 UTC,intern
2025/09/25 00:41:28 UTC,robotics engineer
2025/09/25 02:42:41 UTC,robotics internship
2025/09/25 02:55:01 UTC,robotics internship
2025/09/25 03:01:46 UTC,internship
2025/09/25 03:15:18 UTC,research intern
2025/09/25 03:17:59 UTC,robotics intern
2025/09/25 04:03:29 UTC,research intern
2025/09/25 04:03:29 UTC,research intern
2025/09/25 06:28:11 UTC,internship
2025/09/25 07:39:17 UTC,ajmal botronix
2025/09/25 07:39:17 UTC,ajmal botronix
2025/09/25 07:39:17 UTC,ajmal dotronix
2025/09/25 07:44:10 UTC,ajmal botronix
2025/09/25 07:44:10 UTC,ajmal botronix
2025/09/25 07:44:11 UTC,ajmal botronix
2025/09/25 07:44:15 UTC,ajmal
2025/09/25 07:44:17 UTC,ajmal
2025/09/25 07:44:57 UTC,ajmal
2025/09/25 07:46:17 UTC,botanoids
2025/09/25 07:46:18 UTC,bota noida
2025/09/25 07:46:18 UTC,botanoids
2025/09/25 08:02:36 UTC,botanoids
2025/09/25 08:02:36 UTC,botanoids
2025/09/25 11:26:59 UTC,intern
2025/09/25 14:40:44 UTC,intern
2025/09/25 18:46:32 UTC,robotics engineer
2025/09/25 22:39:24 UTC,robotics internship
2025/09/25 22:40:28 UTC,robotics engineer
2025/09/25 22:44:35 UTC,internship
2025/09/25 22:56:55 UTC,research intern
2025/09/25 22:56:55 UTC,research intern
2025/09/26 00:34:42 UTC,robotics intern
2025/09/26 05:59:15 UTC,robotics internship
2025/09/26 06:06:00 UTC,internship
2025/09/26 06:20:28 UTC,research intern
2025/09/26 06:21:44 UTC,robotics intern
2025/09/26 09:16:25 UTC,intern
2025/09/26 13:49:41 UTC,levin saintgits
2025/09/26 13:49:43 UTC,levin saintgits
2025/09/26 14:32:45 UTC,intern
2025/09/26 21:52:27 UTC,robotics engineer
2025/09/27 01:15:26 UTC,robotics intern
2025/09/27 01:17:32 UTC,internship
2025/09/27 01:22:46 UTC,robotics internship
2025/09/27 01:37:21 UTC,intern
2025/09/27 01:43:54 UTC,research intern
2025/09/27 01:43:54 UTC,research intern
2025/09/27 01:46:52 UTC,robotics engineer
2025/09/27 07:09:22 UTC,robotics engineer
2025/09/27 08:20:21 UTC,robotics intern
2025/09/27 08:20:22 UTC,robotics intern
2025/09/27 08:37:51 UTC,robotics internship
2025/09/27 08:47:25 UTC,internship
2025/09/27 09:00:57 UTC,robotics intern
2025/09/27 09:02:52 UTC,research intern
2025/09/27 09:48:04 UTC,intern
2025/09/27 17:12:38 UTC,intern
2025/09/27 22:32:58 UTC,internship
2025/09/27 22:40:01 UTC,research intern
2025/09/27 22:40:01 UTC,research intern
2025/09/27 22:44:18 UTC,robotics internship
2025/09/27 22:44:18 UTC,robotics internship
2025/09/27 22:51:51 UTC,robotics engineer
2025/09/27 22:53:26 UTC,intern
2025/09/28 00:31:51 UTC,robotics engineer
2025/09/28 01:05:48 UTC,robotics intern
2025/09/28 01:05:48 UTC,robotics intern
2025/09/28 09:42:39 UTC,intern
2025/09/28 11:15:48 UTC,robotics internship
2025/09/28 11:26:29 UTC,internship
2025/09/28 11:40:52 UTC,robotics intern
2025/09/28 11:42:01 UTC,research intern
2025/09/28 20:07:14 UTC,intern
2025/09/28 22:13:18 UTC,robotics internship
2025/09/28 22:38:45 UTC,robotics intern
2025/09/28 22:39:03 UTC,research intern
2025/09/28 22:39:03 UTC,research intern
2025/09/28 22:48:54 UTC,intern
2025/09/28 22:58:02 UTC,internship
2025/09/28 23:16:00 UTC,robotics engineer
2025/09/28 23:16:00 UTC,robotics engineer
2025/09/29 03:24:09 UTC,robotics engineer
2025/09/29 09:56:43 UTC,intern
2025/09/29 14:09:48 UTC,robotics internship
2025/09/29 14:18:34 UTC,internship
2025/09/29 14:34:23 UTC,robotics intern
2025/09/29 14:34:24 UTC,research intern
2025/09/29 22:33:14 UTC,robotics engineer
2025/09/29 22:33:14 UTC,robotics engineer
2025/09/29 22:46:21 UTC,internship
2025/09/29 22:47:08 UTC,intern
2025/09/29 22:49:41 UTC,robotics internship
2025/09/29 22:51:29 UTC,intern
2025/09/29 23:09:46 UTC,research intern
2025/09/29 23:09:46 UTC,research intern
2025/09/30 01:47:55 UTC,robotics intern
2025/09/30 06:04:14 UTC,robotics engineer
2025/09/30 07:01:08 UTC,robotics engineer
2025/09/30 07:01:08 UTC,robotics engineer
2025/09/30 09:54:23 UTC,intern
2025/09/30 16:48:21 UTC,robotics internship
2025/09/30 16:58:06 UTC,internship
2025/09/30 17:15:05 UTC,research intern
2025/09/30 22:12:29 UTC,internship
2025/09/30 22:20:26 UTC,research intern
2025/09/30 22:20:26 UTC,research intern
2025/09/30 22:21:19 UTC,robotics intern
2025/09/30 22:54:50 UTC,intern
2025/09/30 23:15:52 UTC,robotics engineer
2025/10/01 01:29:04 UTC,intern
2025/10/01 02:49:17 UTC,robotics internship
2025/10/01 08:44:23 UTC,robotics engineer
2025/10/01 09:37:06 UTC,intern
2025/10/01 19:27:52 UTC,robotics internship
2025/10/01 19:40:21 UTC,internship
2025/10/01 19:54:18 UTC,research intern
2025/10/01 19:56:32 UTC,robotics intern
2025/10/01 22:12:11 UTC,research intern
2025/10/01 22:12:11 UTC,research intern
2025/10/01 22:26:53 UTC,intern
2025/10/01 22:29:54 UTC,robotics engineer
2025/10/01 22:40:24 UTC,robotics internship
2025/10/01 22:51:10 UTC,robotics intern
2025/10/01 22:54:07 UTC,internship
2025/10/02 04:09:57 UTC,intern
2025/10/02 09:19:39 UTC,intern
2025/10/02 11:24:15 UTC,robotics engineer
2025/10/02 22:31:33 UTC,robotics internship
2025/10/02 22:35:19 UTC,internship
2025/10/02 22:40:16 UTC,research intern
2025/10/02 22:40:16 UTC,research intern
2025/10/02 22:43:25 UTC,internship
2025/10/02 22:50:49 UTC,intern
2025/10/02 22:56:53 UTC,robotics engineer
2025/10/02 22:57:05 UTC,research intern
2025/10/02 22:59:31 UTC,robotics intern
2025/10/02 23:08:13 UTC,robotics intern
2025/10/02 23:08:51 UTC,robotics internship
2025/10/03 07:12:58 UTC,intern
2025/10/03 09:32:07 UTC,intern
2025/10/03 14:26:43 UTC,robotics engineer
2025/10/03 22:35:18 UTC,internship
2025/10/03 22:35:39 UTC,intern
2025/10/03 22:43:14 UTC,research intern
2025/10/03 22:43:14 UTC,research intern
2025/10/03 22:58:08 UTC,robotics intern
2025/10/03 22:58:08 UTC,robotics intern
2025/10/03 23:06:22 UTC,robotics engineer
2025/10/03 23:06:54 UTC,robotics internship
2025/10/04 01:10:35 UTC,robotics internship
2025/10/04 01:24:34 UTC,internship
2025/10/04 01:37:03 UTC,research intern
2025/10/04 01:39:07 UTC,robotics intern
2025/10/04 09:10:01 UTC,intern
2025/10/04 09:52:37 UTC,intern
2025/10/04 17:07:41 UTC,robotics engineer
2025/10/04 22:14:12 UTC,intern
2025/10/04 22:25:36 UTC,robotics intern
2025/10/04 22:25:37 UTC,robotics intern
2025/10/04 22:51:57 UTC,research intern
2025/10/04 22:51:58 UTC,research intern
2025/10/04 22:57:48 UTC,robotics internship
2025/10/04 23:08:45 UTC,robotics engineer
2025/10/04 23:08:45 UTC,robotics engineer
2025/10/04 23:09:44 UTC,internship
2025/10/05 03:49:42 UTC,robotics internship
2025/10/05 04:05:23 UTC,internship
2025/10/05 04:16:18 UTC,research intern
2025/10/05 04:19:36 UTC,robotics intern
2025/10/05 09:10:13 UTC,intern
2025/10/05 12:34:05 UTC,intern
2025/10/05 19:44:46 UTC,robotics engineer
2025/10/05 22:07:31 UTC,research intern
2025/10/05 22:07:32 UTC,research intern
2025/10/05 22:16:44 UTC,internship
2025/10/05 22:24:33 UTC,robotics intern
2025/10/05 22:30:04 UTC,intern
2025/10/05 22:35:37 UTC,robotics internship
2025/10/05 22:35:37 UTC,robotics internship
2025/10/05 22:47:48 UTC,robotics engineer
2025/10/05 22:47:48 UTC,robotics engineer
2025/10/06 06:29:23 UTC,robotics internship
2025/10/06 06:43:43 UTC,internship
2025/10/06 06:52:53 UTC,research intern
2025/10/06 06:58:06 UTC,robotics intern
2025/10/06 09:31:52 UTC,intern
2025/10/06 15:13:28 UTC,intern
2025/10/06 22:15:36 UTC,robotics intern
2025/10/06 22:17:40 UTC,research intern
2025/10/06 22:17:40 UTC,research intern
2025/10/06 22:18:49 UTC,robotics internship
2025/10/06 22:18:49 UTC,robotics internship
2025/10/06 22:22:11 UTC,robotics engineer
2025/10/06 22:22:14 UTC,internship
2025/10/06 22:31:47 UTC,intern
2025/10/06 22:46:40 UTC,robotics engineer
2025/10/07 09:08:25 UTC,robotics internship
2025/10/07 09:22:26 UTC,internship
2025/10/07 09:28:13 UTC,intern
2025/10/07 09:30:12 UTC,research intern
2025/10/07 09:35:29 UTC,robotics intern
2025/10/07 10:02:55 UTC,robotics engineer
2025/10/07 17:52:57 UTC,intern
2025/10/07 22:34:05 UTC,internship
2025/10/07 23:00:34 UTC,robotics intern
2025/10/07 23:01:10 UTC,research intern
2025/10/07 23:01:10 UTC,research intern
2025/10/07 23:42:01 UTC,intern
2025/10/08 01:00:53 UTC,robotics engineer
2025/10/08 01:51:04 UTC,robotics internship
2025/10/08 01:52:23 UTC,robotics engineer
2025/10/08 09:53:15 UTC,intern
2025/10/08 11:48:47 UTC,robotics internship
2025/10/08 12:02:16 UTC,internship
2025/10/08 12:08:05 UTC,research intern
2025/10/08 12:14:20 UTC,robotics intern
2025/10/08 20:33:56 UTC,intern
2025/10/08 22:23:18 UTC,robotics intern
2025/10/08 22:33:26 UTC,robotics engineer
2025/10/08 23:09:34 UTC,internship
2025/10/09 01:22:45 UTC,research intern
2025/10/09 01:22:45 UTC,research intern
2025/10/09 03:28:12 UTC,robotics internship
2025/10/09 03:40:33 UTC,robotics engineer
2025/10/09 05:25:06 UTC,intern
2025/10/09 11:15:46 UTC,intern
2025/10/09 14:27:45 UTC,robotics internship
2025/10/09 14:42:02 UTC,internship
2025/10/09 14:47:49 UTC,research intern
2025/10/09 14:53:48 UTC,robotics intern
2025/10/09 22:16:29 UTC,robotics engineer
2025/10/09 22:16:29 UTC,robotics engineer
2025/10/09 22:40:10 UTC,robotics internship
2025/10/09 22:55:17 UTC,robotics intern
2025/10/09 23:11:54 UTC,intern
2025/10/09 23:26:10 UTC,internship
2025/10/09 23:41:53 UTC,research intern
2025/10/09 23:41:53 UTC,research intern
2025/10/10 06:20:01 UTC,robotics engineer
2025/10/10 08:07:42 UTC,internship
2025/10/10 09:42:57 UTC,intern
2025/10/10 17:09:21 UTC,robotics internship
2025/10/10 17:24:28 UTC,internship
2025/10/10 17:28:27 UTC,research intern
2025/10/10 17:32:51 UTC,robotics intern
2025/10/10 22:12:25 UTC,research intern
2025/10/10 22:12:25 UTC,research intern
2025/10/10 22:48:11 UTC,robotics engineer
2025/10/10 22:48:55 UTC,intern
2025/10/10 23:10:28 UTC,robotics intern
2025/10/10 23:16:30 UTC,robotics internship
2025/10/10 23:58:13 UTC,internship
2025/10/11 01:53:17 UTC,intern
2025/10/11 09:00:42 UTC,robotics engineer
2025/10/11 09:50:23 UTC,intern
2025/10/11 09:53:25 UTC,robotics engineer
2025/10/11 09:53:25 UTC,robotics engineer
2025/10/11 19:48:12 UTC,robotics internship
2025/10/11 20:03:19 UTC,internship
2025/10/11 20:09:35 UTC,research intern
2025/10/11 20:14:33 UTC,robotics intern
2025/10/11 22:19:19 UTC,internship
2025/10/11 22:27:28 UTC,robotics engineer
2025/10/11 22:43:28 UTC,robotics internship
2025/10/11 23:50:34 UTC,intern
2025/10/12 00:08:23 UTC,research intern
2025/10/12 00:08:23 UTC,research intern
2025/10/12 01:41:00 UTC,robotics intern
2025/10/12 04:33:04 UTC,intern
2025/10/12 08:08:39 UTC,robotics intern
2025/10/12 09:50:04 UTC,intern
2025/10/12 11:40:08 UTC,robotics engineer
2025/10/12 22:08:33 UTC,intern
2025/10/12 22:20:24 UTC,robotics intern
2025/10/12 22:27:49 UTC,robotics internship
2025/10/12 22:27:54 UTC,robotics engineer
2025/10/12 22:27:54 UTC,robotics engineer
2025/10/12 22:42:56 UTC,research intern
2025/10/12 22:42:56 UTC,research intern
2025/10/12 22:44:24 UTC,internship
2025/10/12 22:48:53 UTC,research intern
2025/10/12 22:53:37 UTC,robotics intern
2025/10/12 22:58:52 UTC,robotics internship
2025/10/13 01:39:47 UTC,internship
2025/10/13 07:13:59 UTC,intern
2025/10/13 09:29:34 UTC,intern
2025/10/13 11:44:19 UTC,Technical Team Member
2025/10/13 11:44:21 UTC,Technical Team Member
2025/10/13 14:21:16 UTC,robotics engineer
2025/10/13 22:13:13 UTC,robotics internship
2025/10/13 22:15:02 UTC,robotics intern
2025/10/13 22:17:53 UTC,intern
2025/10/13 22:19:16 UTC,research intern
2025/10/13 22:22:11 UTC,robotics engineer
2025/10/13 22:34:39 UTC,internship
2025/10/14 01:07:55 UTC,robotics internship
2025/10/14 01:23:03 UTC,internship
2025/10/14 01:29:26 UTC,research intern
2025/10/14 01:33:55 UTC,robotics intern
2025/10/14 09:38:43 UTC,intern
2025/10/14 09:53:20 UTC,intern
2025/10/14 11:40:10 UTC,chippy
2025/10/14 11:40:10 UTC,chippy
2025/10/14 17:06:52 UTC,robotics engineer
2025/10/14 22:21:51 UTC,robotics internship
2025/10/14 22:32:24 UTC,robotics engineer
2025/10/14 22:37:36 UTC,robotics intern
2025/10/14 22:43:44 UTC,intern
2025/10/14 23:02:39 UTC,internship
2025/10/14 23:06:27 UTC,research intern
2025/10/14 23:06:27 UTC,research intern
2025/10/15 03:50:29 UTC,robotics internship
2025/10/15 04:06:34 UTC,internship
2025/10/15 04:12:08 UTC,research intern
2025/10/15 04:17:21 UTC,robotics intern
2025/10/15 06:12:30 UTC,robotics internship
2025/10/15 06:12:30 UTC,robotics internship
2025/10/15 06:12:31 UTC,Technical Team Member
2025/10/15 06:12:31 UTC,intern
2025/10/15 06:12:31 UTC,robotics internship
2025/10/15 06:12:31 UTC,robotics internship
2025/10/15 09:52:54 UTC,intern
2025/10/15 12:36:50 UTC,intern
2025/10/15 19:47:58 UTC,robotics engineer
2025/10/15 22:27:23 UTC,robotics engineer
2025/10/15 22:38:51 UTC,robotics internship
2025/10/15 22:44:36 UTC,research intern
2025/10/15 22:44:36 UTC,research intern
2025/10/15 22:48:58 UTC,internship
2025/10/15 22:51:38 UTC,robotics intern
2025/10/15 23:03:49 UTC,intern
2025/10/16 06:31:10 UTC,robotics internship
2025/10/16 06:45:27 UTC,internship
2025/10/16 06:54:47 UTC,research intern
2025/10/16 06:58:44 UTC,robotics intern
2025/10/16 10:11:27 UTC,intern
2025/10/16 10:53:12 UTC,Technical Team Member
2025/10/16 10:53:14 UTC,Technical Team Member
2025/10/16 15:19:35 UTC,intern
2025/10/16 22:29:15 UTC,robotics engineer
2025/10/16 22:46:04 UTC,internship
2025/10/16 22:49:46 UTC,robotics internship
2025/10/16 22:59:51 UTC,research intern
2025/10/16 23:13:01 UTC,robotics engineer
2025/10/17 00:19:34 UTC,intern
2025/10/17 02:49:12 UTC,robotics intern
2025/10/17 04:23:11 UTC,robotics engineer
2025/10/17 04:23:11 UTC,robotics engineer
2025/10/17 04:23:12 UTC,Technical Team Member
2025/10/17 04:23:12 UTC,intern
2025/10/17 04:23:12 UTC,robotics engineer
2025/10/17 04:23:12 UTC,robotics engineer
2025/10/17 04:23:12 UTC,robotics engineer
2025/10/17 08:31:22 UTC,internship
2025/10/17 09:14:13 UTC,robotics internship
2025/10/17 09:30:54 UTC,internship
2025/10/17 09:37:03 UTC,research intern
2025/10/17 09:42:05 UTC,robotics intern
2025/10/17 09:52:36 UTC,intern
2025/10/17 18:03:10 UTC,intern
2025/10/17 23:08:01 UTC,intern
2025/10/17 23:12:26 UTC,research intern
2025/10/17 23:12:27 UTC,research intern
2025/10/17 23:19:15 UTC,robotics engineer
2025/10/17 23:22:12 UTC,robotics internship
2025/10/17 23:22:12 UTC,robotics internship
2025/10/17 23:38:20 UTC,robotics intern
2025/10/18 01:13:02 UTC,robotics engineer
2025/10/18 03:30:53 UTC,internship
2025/10/18 09:40:10 UTC,intern
2025/10/18 11:54:30 UTC,robotics internship
2025/10/18 12:11:25 UTC,internship
2025/10/18 12:16:35 UTC,research intern
2025/10/18 12:23:00 UTC,robotics intern
2025/10/18 18:34:42 UTC,dexory
2025/10/18 18:34:42 UTC,dexory
2025/10/18 18:34:42 UTC,dexory
2025/10/18 18:34:44 UTC,dexory
2025/10/18 18:34:44 UTC,dexory
2025/10/18 18:34:47 UTC,dexory
2025/10/18 18:37:39 UTC,Robotics Engineer
2025/10/18 20:45:22 UTC,intern
2025/10/18 22:11:28 UTC,robotics intern
2025/10/18 22:11:28 UTC,robotics intern
2025/10/18 22:14:09 UTC,robotics internship
2025/10/18 22:14:09 UTC,robotics internship
2025/10/18 22:41:42 UTC,research intern
2025/10/18 22:41:42 UTC,research intern
2025/10/18 22:45:39 UTC,internship
2025/10/18 22:55:09 UTC,robotics engineer
2025/10/18 23:00:37 UTC,intern
2025/10/19 03:53:18 UTC,robotics engineer
2025/10/19 09:27:17 UTC,intern
2025/10/19 15:51:09 UTC,robotics internship
2025/10/19 16:10:44 UTC,internship
2025/10/19 16:15:59 UTC,research intern
2025/10/19 16:22:49 UTC,robotics intern
2025/10/19 22:13:22 UTC,intern
2025/10/19 22:35:33 UTC,internship
2025/10/19 22:36:38 UTC,research intern
2025/10/19 22:36:39 UTC,research intern
2025/10/19 22:38:54 UTC,robotics engineer
2025/10/19 22:38:54 UTC,robotics engineer
2025/10/19 22:39:07 UTC,robotics intern
2025/10/19 22:53:18 UTC,robotics internship
2025/10/20 00:44:03 UTC,intern
2025/10/20 07:58:04 UTC,robotics engineer
2025/10/20 09:22:38 UTC,intern
2025/10/20 13:03:53 UTC,linkedin
2025/10/20 13:03:53 UTC,linkedin
2025/10/20 13:03:54 UTC,linkedin
2025/10/20 13:04:06 UTC,the robotics society of india - saintgits chapter
2025/10/20 13:04:07 UTC,the robotics society of india - saintgits chapter
2025/10/20 13:04:07 UTC,the robotics society of india - saintgits chapter
2025/10/20 13:04:08 UTC,the robotics society of india - saintgits chapter
2025/10/20 13:04:08 UTC,the robotics society of india - saintgits chapter
2025/10/20 13:04:09 UTC,the robotics society of india - saintgits chapter
2025/10/20 13:04:11 UTC,the robotics society of india - saintgits chapter
2025/10/20 13:04:12 UTC,the robotics society of india - saintgits chapter
2025/10/20 18:42:48 UTC,robotics internship
2025/10/20 19:01:20 UTC,internship
2025/10/20 19:06:00 UTC,research intern
2025/10/20 19:13:06 UTC,robotics intern
2025/10/20 22:13:59 UTC,robotics intern
2025/10/20 22:16:35 UTC,research intern
2025/10/20 22:16:35 UTC,research intern
2025/10/20 22:26:26 UTC,intern
2025/10/20 22:35:19 UTC,robotics engineer
2025/10/20 22:36:36 UTC,robotics internship
2025/10/20 22:54:18 UTC,internship
2025/10/21 03:40:53 UTC,intern
2025/10/21 09:55:26 UTC,intern
2025/10/21 10:56:06 UTC,robotics engineer
2025/10/21 21:36:55 UTC,robotics internship
2025/10/21 21:52:52 UTC,internship
2025/10/21 22:00:03 UTC,research intern
2025/10/21 22:06:32 UTC,robotics intern
2025/10/21 22:12:29 UTC,intern
2025/10/21 22:16:14 UTC,robotics engineer
2025/10/21 22:16:14 UTC,robotics engineer
2025/10/21 22:25:40 UTC,internship
2025/10/21 22:48:01 UTC,robotics intern
2025/10/21 22:50:06 UTC,robotics internship
2025/10/22 01:18:41 UTC,research intern
2025/10/22 01:18:41 UTC,research intern
2025/10/22 06:25:02 UTC,intern
2025/10/22 09:28:36 UTC,intern
2025/10/22 13:35:45 UTC,robotics engineer
2025/10/22 22:18:25 UTC,robotics engineer
2025/10/22 22:29:52 UTC,research intern
2025/10/22 22:29:52 UTC,research intern
2025/10/22 22:35:39 UTC,internship
2025/10/22 22:41:38 UTC,intern
2025/10/22 22:43:47 UTC,robotics internship
2025/10/22 22:56:28 UTC,robotics intern
2025/10/23 00:39:26 UTC,robotics internship
2025/10/23 00:56:34 UTC,internship
2025/10/23 01:03:45 UTC,research intern
2025/10/23 01:08:51 UTC,robotics intern
2025/10/23 09:27:03 UTC,intern
2025/10/23 10:37:55 UTC,intern
2025/10/23 16:37:09 UTC,robotics engineer
2025/10/23 22:10:34 UTC,robotics internship
2025/10/23 22:10:34 UTC,robotics internship
2025/10/23 22:14:48 UTC,internship
2025/10/23 22:52:57 UTC,intern
2025/10/23 23:20:44 UTC,robotics intern
2025/10/23 23:47:30 UTC,robotics engineer
2025/10/23 23:47:30 UTC,robotics engineer
2025/10/24 03:19:31 UTC,robotics internship
2025/10/24 03:38:54 UTC,internship
2025/10/24 03:50:46 UTC,robotics intern
2025/10/24 08:58:51 UTC,internship
2025/10/24 08:58:51 UTC,internship
2025/10/24 08:58:53 UTC,internship
2025/10/24 08:58:56 UTC,internship
2025/10/24 08:58:59 UTC,internship
2025/10/24 10:15:15 UTC,intern
2025/10/24 12:07:29 UTC,intern
2025/10/24 19:17:25 UTC,robotics engineer
2025/10/24 22:17:11 UTC,robotics intern
2025/10/24 22:27:32 UTC,robotics internship
2025/10/24 22:40:17 UTC,internship
2025/10/24 22:51:35 UTC,intern
2025/10/24 22:58:43 UTC,robotics engineer
2025/10/25 06:00:27 UTC,robotics internship
2025/10/25 06:19:25 UTC,internship
2025/10/25 06:31:25 UTC,robotics intern
2025/10/25 09:36:48 UTC,intern
2025/10/25 14:48:36 UTC,intern
2025/10/25 21:56:25 UTC,robotics engineer
2025/10/25 22:14:05 UTC,intern
2025/10/25 22:31:27 UTC,robotics intern
2025/10/25 22:31:39 UTC,robotics engineer
2025/10/25 22:37:45 UTC,robotics internship
2025/10/25 22:52:11 UTC,internship
2025/10/26 08:39:19 UTC,robotics internship
2025/10/26 09:01:21 UTC,internship
2025/10/26 09:10:33 UTC,robotics intern
2025/10/26 09:49:31 UTC,intern
2025/10/26 17:30:03 UTC,intern
2025/10/26 22:05:07 UTC,robotics intern
2025/10/26 22:05:08 UTC,robotics intern
2025/10/26 22:12:13 UTC,robotics engineer
2025/10/26 22:32:36 UTC,robotics internship
2025/10/26 22:32:37 UTC,robotics internship
2025/10/26 22:37:08 UTC,internship
2025/10/26 22:47:26 UTC,intern
2025/10/27 00:38:22 UTC,robotics engineer
2025/10/27 05:37:48 UTC,internship
2025/10/27 05:37:48 UTC,internship
2025/10/27 05:37:50 UTC,internship
2025/10/27 09:15:39 UTC,intern
2025/10/27 11:20:50 UTC,robotics internship
2025/10/27 11:40:47 UTC,internship
2025/10/27 11:51:56 UTC,robotics intern
2025/10/27 20:10:06 UTC,intern
2025/10/27 22:52:57 UTC,robotics intern
2025/10/27 23:00:13 UTC,intern
2025/10/27 23:03:57 UTC,robotics internship
2025/10/27 23:18:14 UTC,robotics engineer
2025/10/27 23:18:14 UTC,robotics engineer
2025/10/28 02:10:06 UTC,internship
2025/10/28 03:19:31 UTC,robotics engineer
2025/10/28 06:47:49 UTC,team equinox
2025/10/28 06:47:49 UTC,team equinox
2025/10/28 06:47:49 UTC,team equinox
2025/10/28 06:47:51 UTC,team equinox
2025/10/28 06:47:51 UTC,team equinox
2025/10/28 06:47:51 UTC,team equinox
2025/10/28 09:40:28 UTC,intern
2025/10/28 14:10:57 UTC,robotics internship
2025/10/28 14:29:49 UTC,internship
2025/10/28 14:42:35 UTC,robotics intern
2025/10/28 22:13:14 UTC,robotics engineer
2025/10/28 22:19:23 UTC,robotics internship
2025/10/28 22:38:05 UTC,internship
2025/10/28 22:46:46 UTC,intern
2025/10/28 22:53:51 UTC,robotics intern
2025/10/28 23:05:36 UTC,intern
2025/10/29 06:15:04 UTC,robotics engineer
2025/10/29 07:27:33 UTC,internship
2025/10/29 07:27:33 UTC,internship
2025/10/29 07:27:35 UTC,internship
2025/10/29 07:27:37 UTC,Finance Specialist
2025/10/29 10:10:51 UTC,intern
2025/10/29 11:14:55 UTC,fab lab kerala
2025/10/29 11:14:55 UTC,fab lab kerala
2025/10/29 11:14:57 UTC,fab lab kerala
2025/10/29 11:14:58 UTC,fab lab kerala
2025/10/29 14:25:56 UTC,Software Engineer
2025/10/29 16:57:08 UTC,robotics internship
2025/10/29 17:17:21 UTC,internship
2025/10/29 17:29:29 UTC,robotics intern
2025/10/29 19:03:17 UTC,Software Engineer
2025/10/29 23:19:05 UTC,robotics engineer
2025/10/29 23:26:07 UTC,internship
2025/10/29 23:41:31 UTC,intern
2025/10/29 23:43:09 UTC,robotics internship
2025/10/29 23:52:18 UTC,robotics intern
2025/10/30 01:46:20 UTC,intern
2025/10/30 03:18:41 UTC,robotics internship
2025/10/30 03:18:41 UTC,robotics internship
2025/10/30 03:18:42 UTC,robotics internship
2025/10/30 03:18:43 UTC,Software Engineer
2025/10/30 03:18:43 UTC,Technical Team Member
2025/10/30 03:18:43 UTC,intern
2025/10/30 03:18:44 UTC,robotics internship
2025/10/30 03:18:44 UTC,robotics internship
2025/10/30 03:18:46 UTC,Teacher
2025/10/30 03:19:15 UTC,robotics internship
2025/10/30 03:19:30 UTC,Electrical Engineer
2025/10/30 03:19:39 UTC,Electrical Engineer
2025/10/30 03:20:09 UTC,Automation Engineer
2025/10/30 08:57:17 UTC,robotics engineer
2025/10/30 10:27:32 UTC,intern
2025/10/30 19:40:05 UTC,robotics internship
2025/10/30 20:01:35 UTC,internship
2025/10/30 20:09:42 UTC,robotics intern
2025/10/30 23:20:34 UTC,robotics intern
2025/10/30 23:21:31 UTC,robotics internship
2025/10/30 23:27:50 UTC,robotics engineer
2025/10/30 23:55:10 UTC,intern
2025/10/31 00:02:48 UTC,internship
2025/10/31 04:23:59 UTC,robotics internship
2025/10/31 04:23:59 UTC,robotics internship
2025/10/31 04:24:01 UTC,Software Engineer
2025/10/31 04:24:01 UTC,intern
2025/10/31 04:24:01 UTC,robotics internship
2025/10/31 04:24:02 UTC,Technical Team Member
2025/10/31 04:24:02 UTC,robotics internship
2025/10/31 04:24:02 UTC,robotics internship
2025/10/31 04:24:04 UTC,Robotics Engineer
2025/10/31 04:24:57 UTC,Robotics Engineer
2025/10/31 04:28:01 UTC,intern
2025/10/31 08:06:13 UTC,internship
2025/10/31 08:09:29 UTC,internship
2025/10/31 08:09:29 UTC,internship
2025/10/31 08:09:31 UTC,internship
2025/10/31 08:09:32 UTC,Human Resources Analyst
2025/10/31 08:09:41 UTC,Technician
2025/10/31 09:41:36 UTC,intern
2025/10/31 11:40:21 UTC,robotics engineer
2025/10/31 19:08:28 UTC,Automation Engineer
2025/10/31 22:22:46 UTC,robotics internship
2025/10/31 22:42:14 UTC,internship
2025/10/31 22:50:11 UTC,robotics internship
2025/10/31 22:51:15 UTC,robotics intern
2025/10/31 23:14:18 UTC,robotics engineer
2025/10/31 23:34:49 UTC,internship
2025/11/01 03:32:04 UTC,Robotics Engineer
2025/11/01 05:38:20 UTC,Automation Engineer
2025/11/01 05:38:22 UTC,Automation Engineer
2025/11/01 07:14:21 UTC,intern
2025/11/01 07:49:19 UTC,robotics intern
2025/11/01 08:00:56 UTC,intern
2025/11/01 14:27:00 UTC,robotics engineer
2025/11/01 19:21:46 UTC,robotics engineer
2025/11/01 22:17:03 UTC,robotics internship
2025/11/01 22:25:37 UTC,intern
2025/11/01 22:55:59 UTC,robotics intern
2025/11/01 23:17:49 UTC,internship
2025/11/02 01:15:52 UTC,robotics internship
2025/11/02 01:32:41 UTC,internship
2025/11/02 01:42:25 UTC,robotics intern
2025/11/02 04:59:42 UTC,robotics internship
2025/11/02 04:59:42 UTC,robotics internship
2025/11/02 04:59:43 UTC,Software Engineer
2025/11/02 04:59:43 UTC,Technical Team Member
2025/11/02 04:59:43 UTC,intern
2025/11/02 04:59:44 UTC,robotics internship
2025/11/02 04:59:44 UTC,robotics internship
2025/11/02 04:59:54 UTC,Robotics Specialist
2025/11/02 10:00:49 UTC,intern
2025/11/02 17:11:54 UTC,robotics engineer
2025/11/02 23:35:52 UTC,robotics internship
2025/11/03 00:04:27 UTC,robotics intern
2025/11/03 00:05:08 UTC,intern
2025/11/03 00:20:08 UTC,internship
2025/11/03 00:32:18 UTC,robotics engineer
2025/11/03 04:00:13 UTC,robotics internship
2025/11/03 04:16:54 UTC,internship
2025/11/03 04:25:31 UTC,robotics intern
2025/11/03 04:39:47 UTC,intern
2025/11/03 04:39:47 UTC,robotics engineer
2025/11/03 04:39:47 UTC,robotics engineer
2025/11/03 04:39:48 UTC,Software Engineer
2025/11/03 04:39:48 UTC,Technical Team Member
2025/11/03 04:39:48 UTC,robotics engineer
2025/11/03 04:39:48 UTC,robotics engineer
2025/11/03 04:39:48 UTC,robotics engineer
2025/11/03 11:30:54 UTC,intern
2025/11/03 12:45:38 UTC,intern
2025/11/03 19:59:28 UTC,robotics engineer
2025/11/03 20:47:13 UTC,Robotics Engineer
2025/11/04 00:28:14 UTC,intern
2025/11/04 00:31:21 UTC,internship
2025/11/04 00:52:42 UTC,robotics internship
2025/11/04 01:01:19 UTC,robotics intern
2025/11/04 01:11:39 UTC,robotics engineer
2025/11/04 06:39:01 UTC,robotics engineer
2025/11/04 06:39:01 UTC,robotics engineer
2025/11/04 06:39:01 UTC,robotics engineer
2025/11/04 06:39:02 UTC,Software Engineer
2025/11/04 06:39:02 UTC,Technical Team Member
2025/11/04 06:39:02 UTC,intern
2025/11/04 06:39:03 UTC,robotics engineer
2025/11/04 06:39:03 UTC,robotics engineer
2025/11/04 06:39:03 UTC,robotics engineer
2025/11/04 06:40:16 UTC,robotics internship
2025/11/04 06:59:24 UTC,internship
2025/11/04 07:06:53 UTC,robotics intern
2025/11/04 10:39:40 UTC,hr
2025/11/04 10:39:41 UTC,hr
2025/11/04 11:09:46 UTC,intern
2025/11/04 13:12:31 UTC,internship
2025/11/04 15:29:33 UTC,intern
2025/11/05 00:56:48 UTC,robotics internship
2025/11/05 00:58:57 UTC,robotics engineer
2025/11/05 01:16:43 UTC,robotics intern
2025/11/05 01:16:44 UTC,robotics intern
2025/11/05 01:20:42 UTC,intern
2025/11/05 02:22:27 UTC,robotics engineer
2025/11/05 02:40:44 UTC,internship
2025/11/05 06:56:08 UTC,Software Engineer
2025/11/05 08:44:53 UTC,robotics engineer
2025/11/05 10:13:41 UTC,internship
2025/11/05 11:10:25 UTC,internship
2025/11/05 11:10:25 UTC,internship
2025/11/05 11:10:26 UTC,internship
2025/11/05 11:10:31 UTC,Intern
2025/11/05 11:39:29 UTC,robotics internship
2025/11/05 11:57:37 UTC,internship
2025/11/05 12:07:19 UTC,robotics intern
2025/11/05 13:39:26 UTC,intern
2025/11/05 20:28:58 UTC,intern
2025/11/05 23:39:08 UTC,robotics internship
2025/11/05 23:40:45 UTC,internship
2025/11/05 23:52:53 UTC,robotics intern
2025/11/06 00:18:24 UTC,robotics engineer
2025/11/06 02:39:34 UTC,intern
2025/11/06 03:41:26 UTC,robotics engineer
2025/11/06 08:20:40 UTC,robotics internship
2025/11/06 08:46:24 UTC,robotics internship
2025/11/06 08:46:24 UTC,robotics internship
2025/11/06 08:46:25 UTC,robotics internship
2025/11/06 08:46:26 UTC,Software Engineer
2025/11/06 08:46:26 UTC,Vice Captain
2025/11/06 08:46:26 UTC,intern
2025/11/06 08:46:27 UTC,robotics internship
2025/11/06 08:46:27 UTC,robotics internship
2025/11/06 08:46:32 UTC,Robotics Specialist
2025/11/06 09:36:40 UTC,internship
2025/11/06 10:53:58 UTC,intern
2025/11/06 11:03:37 UTC,internship
2025/11/06 11:03:37 UTC,internship
2025/11/06 11:03:39 UTC,internship
2025/11/06 14:20:22 UTC,robotics internship
2025/11/06 14:38:06 UTC,internship
2025/11/06 14:47:43 UTC,robotics intern
2025/11/06 23:10:35 UTC,intern
2025/11/07 01:40:29 UTC,robotics internship
2025/11/07 01:42:56 UTC,robotics engineer
2025/11/07 01:42:56 UTC,robotics engineer
2025/11/07 02:16:37 UTC,robotics intern
2025/11/07 02:35:07 UTC,intern
2025/11/07 04:48:06 UTC,Vice Captain
2025/11/07 04:48:07 UTC,Vice Captain
2025/11/07 04:48:14 UTC,Robotics Engineer
2025/11/07 06:25:37 UTC,robotics engineer
2025/11/07 10:31:07 UTC,internship
2025/11/07 10:53:28 UTC,intern
2025/11/07 17:03:05 UTC,robotics internship
2025/11/07 17:22:41 UTC,internship
2025/11/07 17:32:02 UTC,robotics intern
2025/11/07 18:22:49 UTC,robotics intern
2025/11/07 18:40:58 UTC,robotics engineer
2025/11/07 20:27:10 UTC,Intern
2025/11/07 23:43:03 UTC,robotics internship
2025/11/08 00:02:46 UTC,intern
2025/11/08 00:02:46 UTC,intern On-site or Remote or Hybrid
2025/11/08 00:16:55 UTC,internship
2025/11/08 01:55:22 UTC,intern
2025/11/08 09:03:18 UTC,robotics engineer
2025/11/08 10:18:22 UTC,intern
2025/11/08 10:18:22 UTC,intern On-site or Remote or Hybrid
2025/11/08 19:42:36 UTC,robotics internship
2025/11/08 20:02:20 UTC,internship
2025/11/08 20:11:40 UTC,robotics intern
2025/11/08 20:47:32 UTC,Robotics Specialist
2025/11/08 23:44:20 UTC,robotics engineer
2025/11/08 23:52:12 UTC,robotics intern
2025/11/09 00:16:22 UTC,robotics internship
2025/11/09 00:16:25 UTC,internship
2025/11/09 00:25:03 UTC,intern
2025/11/09 00:25:03 UTC,intern On-site or Remote or Hybrid
2025/11/09 02:38:03 UTC,gokul g
2025/11/09 02:38:05 UTC,gokul g
2025/11/09 02:38:08 UTC,gokul g
2025/11/09 02:38:08 UTC,gokul g
2025/11/09 02:38:12 UTC,gokul g
2025/11/09 02:38:12 UTC,gokul g
2025/11/09 02:38:18 UTC,gokul g
2025/11/09 02:38:52 UTC,karthik saintgits
2025/11/09 02:38:52 UTC,kartik saintgits
2025/11/09 02:38:54 UTC,karthik saintgits
2025/11/09 02:38:57 UTC,karthik saintgits
2025/11/09 02:38:57 UTC,karthik saintgits
2025/11/09 02:38:58 UTC,karthik saintgits
2025/11/09 02:38:58 UTC,karthik saintgits
2025/11/09 02:38:58 UTC,karthik saintgits
2025/11/09 02:38:59 UTC,karthik saintgits
2025/11/09 02:38:59 UTC,karthik saintgits
2025/11/09 02:39:00 UTC,karthik saintgits
2025/11/09 03:11:32 UTC,robotics intern
2025/11/09 03:11:32 UTC,robotics intern
2025/11/09 03:11:33 UTC,Software Engineer
2025/11/09 03:11:33 UTC,intern
2025/11/09 03:11:34 UTC,Vice Captain
2025/11/09 03:11:34 UTC,robotics intern
2025/11/09 03:11:34 UTC,robotics intern
2025/11/09 03:13:39 UTC,karthik saintgits
2025/11/09 03:13:39 UTC,karthik saintgits
2025/11/09 03:13:40 UTC,karthik saintgits
2025/11/09 03:13:40 UTC,karthik saintgits
2025/11/09 03:13:41 UTC,karthik saintgits
2025/11/09 03:13:41 UTC,karthik saintgits
2025/11/09 03:13:41 UTC,kartik saintgits
2025/11/09 03:13:44 UTC,gokul g
2025/11/09 04:33:26 UTC,intern
2025/11/09 05:52:50 UTC,Robotics Specialist
2025/11/09 05:52:52 UTC,Robotics Specialist
2025/11/09 10:49:07 UTC,intern
2025/11/09 10:49:07 UTC,intern On-site or Remote or Hybrid
2025/11/09 11:43:46 UTC,robotics engineer
2025/11/09 22:25:13 UTC,robotics internship
2025/11/09 22:41:55 UTC,internship
2025/11/09 22:51:34 UTC,robotics intern
2025/11/09 23:41:27 UTC,intern
2025/11/09 23:41:27 UTC,intern On-site or Remote or Hybrid
2025/11/09 23:45:10 UTC,robotics intern
2025/11/10 00:09:55 UTC,internship
2025/11/10 00:28:13 UTC,robotics internship
2025/11/10 04:38:03 UTC,robotics engineer
2025/11/10 07:14:54 UTC,intern
2025/11/10 10:30:56 UTC,intern
2025/11/10 10:30:56 UTC,intern On-site or Remote or Hybrid
2025/11/10 14:24:25 UTC,robotics engineer
2025/11/10 23:42:17 UTC,internship
2025/11/10 23:46:16 UTC,intern
2025/11/10 23:46:16 UTC,intern On-site or Remote or Hybrid
2025/11/10 23:49:00 UTC,robotics internship
2025/11/10 23:57:07 UTC,robotics engineer
2025/11/11 00:20:22 UTC,robotics intern
2025/11/11 01:06:58 UTC,robotics internship
2025/11/11 01:22:55 UTC,internship
2025/11/11 01:32:58 UTC,robotics intern
2025/11/11 05:35:27 UTC,robotics internship
2025/11/11 05:35:27 UTC,robotics internship
2025/11/11 05:35:29 UTC,robotics internship
2025/11/11 05:35:30 UTC,Software Engineer
2025/11/11 05:35:30 UTC,Vice Captain
2025/11/11 05:35:30 UTC,intern
2025/11/11 05:35:30 UTC,robotics internship
2025/11/11 05:35:30 UTC,robotics internship
2025/11/11 05:35:32 UTC,Robotics Specialist
2025/11/11 09:55:50 UTC,intern
2025/11/11 17:13:19 UTC,robotics engineer
2025/11/11 20:14:19 UTC,intern
2025/11/11 20:14:19 UTC,intern On-site or Remote or Hybrid
2025/11/11 23:38:42 UTC,robotics intern
2025/11/11 23:43:07 UTC,robotics internship
2025/11/11 23:43:27 UTC,internship
2025/11/12 00:01:02 UTC,robotics engineer
2025/11/12 03:18:54 UTC,robotics intern
2025/11/12 03:18:54 UTC,robotics intern
2025/11/12 03:18:55 UTC,Software Engineer
2025/11/12 03:18:55 UTC,Vice Captain
2025/11/12 03:18:55 UTC,intern
2025/11/12 03:18:56 UTC,robotics intern
2025/11/12 03:18:56 UTC,robotics intern
2025/11/12 03:19:01 UTC,Design Internship
2025/11/12 03:19:06 UTC,Robotics Specialist
2025/11/12 03:19:22 UTC,Design Internship
2025/11/12 03:19:34 UTC,Design Internship
2025/11/12 03:57:28 UTC,robotics internship
2025/11/12 04:14:04 UTC,internship
2025/11/12 04:22:42 UTC,robotics intern
2025/11/12 05:18:40 UTC,robotics engineer
2025/11/12 05:18:40 UTC,robotics engineer
2025/11/12 05:18:41 UTC,Software Engineer
2025/11/12 05:18:41 UTC,intern
2025/11/12 05:18:42 UTC,Vice Captain
2025/11/12 05:18:42 UTC,robotics engineer
2025/11/12 05:18:42 UTC,robotics engineer
2025/11/12 05:18:42 UTC,robotics engineer
2025/11/12 05:18:51 UTC,Software Engineer
2025/11/12 05:19:38 UTC,mowito
2025/11/12 05:19:41 UTC,mowito
2025/11/12 05:19:46 UTC,mowita
2025/11/12 05:19:48 UTC,mowita
2025/11/12 06:43:44 UTC,robotics engineer
2025/11/12 06:43:44 UTC,robotics engineer
2025/11/12 06:43:45 UTC,Software Engineer
2025/11/12 06:43:45 UTC,Vice Captain
2025/11/12 06:43:45 UTC,intern
2025/11/12 06:43:46 UTC,robotics engineer
2025/11/12 06:43:46 UTC,robotics engineer
2025/11/12 06:43:46 UTC,robotics engineer
2025/11/12 06:43:47 UTC,Artificial Intelligence Engineer
2025/11/12 08:16:55 UTC,robotics internship
2025/11/12 08:20:32 UTC,internship
2025/11/12 08:20:32 UTC,internship
2025/11/12 08:20:34 UTC,internship
2025/11/12 08:38:31 UTC,intern
2025/11/12 08:38:31 UTC,robotics internship
2025/11/12 08:38:31 UTC,robotics internship
2025/11/12 08:38:32 UTC,Software Engineer
2025/11/12 08:38:32 UTC,Vice Captain
2025/11/12 08:38:32 UTC,robotics internship
2025/11/12 08:38:32 UTC,robotics internship
2025/11/12 08:38:37 UTC,Research And Development Intern
2025/11/12 12:45:44 UTC,intern
2025/11/12 13:53:13 UTC,intern
2025/11/12 13:53:13 UTC,intern On-site or Remote or Hybrid
2025/11/12 15:20:56 UTC,mosito
2025/11/12 15:20:56 UTC,mowito
2025/11/12 15:20:56 UTC,mowito
2025/11/12 15:20:57 UTC,mowito
2025/11/12 15:21:04 UTC,mowito
2025/11/12 15:21:04 UTC,mowito
2025/11/12 15:21:04 UTC,mowito
2025/11/12 15:21:07 UTC,mowito
2025/11/12 15:21:21 UTC,internship
2025/11/12 15:21:21 UTC,robotics engineer
2025/11/12 15:21:21 UTC,robotics intern
2025/11/12 15:21:21 UTC,robotics internship
2025/11/12 15:21:23 UTC,intern
2025/11/12 15:21:24 UTC,Vice Captain
2025/11/12 19:54:42 UTC,robotics engineer
2025/11/12 21:21:07 UTC,Robotics Specialist
2025/11/13 01:02:21 UTC,robotics engineer
2025/11/13 01:02:21 UTC,robotics engineer
2025/11/13 01:06:22 UTC,robotics intern
2025/11/13 01:25:47 UTC,robotics internship
2025/11/13 01:27:09 UTC,internship
2025/11/13 03:40:44 UTC,Vice Captain
2025/11/13 03:40:44 UTC,intern
2025/11/13 03:40:44 UTC,robotics intern
2025/11/13 03:40:44 UTC,robotics intern
2025/11/13 03:40:45 UTC,robotics intern
2025/11/13 03:40:45 UTC,robotics intern
2025/11/13 03:40:54 UTC,Mechatronics Engineer
2025/11/13 03:52:48 UTC,Robotics Engineer
2025/11/13 03:54:05 UTC,Robotics Engineer
2025/11/13 06:32:16 UTC,Robotics Specialist
2025/11/13 06:32:18 UTC,Robotics Specialist
2025/11/13 06:32:30 UTC,Robotics Specialist
2025/11/13 06:40:37 UTC,robotics internship
2025/11/13 06:55:27 UTC,internship
2025/11/13 07:01:53 UTC,robotics intern
2025/11/13 11:12:23 UTC,intern
2025/11/13 11:12:23 UTC,intern On-site or Remote or Hybrid
2025/11/13 15:25:57 UTC,intern
2025/11/13 20:44:39 UTC,robotics engineer
2025/11/13 22:35:21 UTC,robotics engineer
2025/11/14 00:32:21 UTC,robotics internship
2025/11/14 00:38:33 UTC,internship
2025/11/14 01:12:55 UTC,intern
2025/11/14 01:12:55 UTC,intern On-site or Remote or Hybrid
2025/11/14 01:31:53 UTC,robotics intern
2025/11/14 08:20:14 UTC,robotics internship
2025/11/14 08:20:14 UTC,robotics internship
2025/11/14 08:20:15 UTC,robotics internship
2025/11/14 08:20:16 UTC,Vice Captain
2025/11/14 08:20:16 UTC,intern
2025/11/14 08:20:16 UTC,robotics internship
2025/11/14 08:20:16 UTC,robotics internship
2025/11/14 08:52:27 UTC,Mechatronics Engineer
2025/11/14 08:53:19 UTC,Mechatronics Engineer
2025/11/14 09:18:28 UTC,robotics internship
2025/11/14 09:32:33 UTC,internship
2025/11/14 09:40:22 UTC,robotics intern
2025/11/14 10:27:16 UTC,intern
2025/11/14 10:27:16 UTC,intern On-site or Remote or Hybrid
2025/11/14 10:41:38 UTC,ips sprinters
2025/11/14 10:41:38 UTC,ips sprinters
2025/11/14 10:41:38 UTC,ips sprinters OR ips printers
2025/11/14 10:41:41 UTC,ips sprinters
2025/11/14 18:05:17 UTC,intern
2025/11/14 23:31:07 UTC,intern
2025/11/14 23:31:07 UTC,intern On-site or Remote or Hybrid
2025/11/14 23:46:42 UTC,robotics internship
2025/11/14 23:46:42 UTC,robotics internship
2025/11/14 23:46:43 UTC,robotics internship
2025/11/14 23:46:44 UTC,intern
2025/11/14 23:46:45 UTC,Vice Captain
2025/11/14 23:46:45 UTC,robotics internship
2025/11/14 23:46:45 UTC,robotics internship
2025/11/14 23:46:54 UTC,Automation Engineer
2025/11/14 23:54:10 UTC,robotics internship
2025/11/15 00:19:02 UTC,robotics intern
2025/11/15 01:14:08 UTC,robotics engineer
2025/11/15 03:36:34 UTC,robotics engineer
2025/11/15 06:26:01 UTC,internship
2025/11/15 08:35:46 UTC,internship
2025/11/15 11:10:53 UTC,intern
2025/11/15 11:10:53 UTC,intern On-site or Remote or Hybrid
2025/11/15 11:58:03 UTC,robotics internship
2025/11/15 12:10:02 UTC,internship
2025/11/15 12:18:09 UTC,robotics intern
2025/11/15 20:43:41 UTC,intern
2025/11/15 21:21:03 UTC,Robotics Engineer
2025/11/15 23:30:30 UTC,robotics internship
2025/11/15 23:48:21 UTC,robotics engineer
2025/11/15 23:58:38 UTC,robotics intern
2025/11/16 00:12:45 UTC,internship
2025/11/16 01:24:03 UTC,the robotics society of india - saintgits chapter
2025/11/16 01:24:04 UTC,the robotics society of india - saintgits chapter
2025/11/16 01:24:04 UTC,the robotics society of india - saintgits chapter
2025/11/16 03:31:42 UTC,intern
2025/11/16 03:31:42 UTC,intern On-site or Remote or Hybrid
2025/11/16 03:52:34 UTC,robotics engineer
2025/11/16 06:43:00 UTC,internship
2025/11/16 06:43:00 UTC,internship
2025/11/16 06:43:01 UTC,internship
2025/11/16 11:42:41 UTC,intern
2025/11/16 11:42:41 UTC,intern On-site or Remote or Hybrid
2025/11/16 14:34:02 UTC,robotics internship
2025/11/16 14:48:13 UTC,internship
2025/11/16 14:55:51 UTC,robotics intern
2025/11/16 23:19:34 UTC,intern
2025/11/16 23:51:58 UTC,robotics intern
2025/11/17 00:08:59 UTC,internship
2025/11/17 00:14:35 UTC,robotics internship
2025/11/17 00:17:09 UTC,intern On-site or Remote or Hybrid
2025/11/17 00:17:10 UTC,intern
2025/11/17 00:33:12 UTC,robotics engineer
2025/11/17 00:33:12 UTC,robotics engineer
2025/11/17 03:36:17 UTC,intern
2025/11/17 03:36:17 UTC,robotics intern
2025/11/17 03:36:17 UTC,robotics intern
2025/11/17 03:36:18 UTC,Vice Captain
2025/11/17 03:36:18 UTC,robotics intern
2025/11/17 03:36:18 UTC,robotics intern
2025/11/17 04:45:59 UTC,Vice Captain
2025/11/17 04:45:59 UTC,intern
2025/11/17 04:46:06 UTC,internship
2025/11/17 04:46:06 UTC,robotics engineer
2025/11/17 04:46:06 UTC,robotics intern
2025/11/17 04:46:06 UTC,robotics internship
2025/11/17 04:47:02 UTC,Vice Captain
2025/11/17 04:47:02 UTC,intern
2025/11/17 04:47:02 UTC,robotics winter intern
2025/11/17 04:47:02 UTC,robotics winter intern
2025/11/17 04:47:03 UTC,Vice Captain
2025/11/17 04:47:03 UTC,intern
2025/11/17 04:47:03 UTC,robotics winter intern
2025/11/17 04:47:03 UTC,robotics winter intern
2025/11/17 04:48:54 UTC,robotics winter intern
2025/11/17 04:48:55 UTC,robotics winter intern
2025/11/17 04:48:55 UTC,robotics winter intern
2025/11/17 04:48:58 UTC,internship
2025/11/17 04:48:58 UTC,robotics engineer
2025/11/17 04:48:58 UTC,robotics intern
2025/11/17 04:48:58 UTC,robotics internship
2025/11/17 04:48:58 UTC,robotics winter intern
2025/11/17 04:49:03 UTC,Vice Captain
2025/11/17 04:49:03 UTC,intern
2025/11/17 04:49:03 UTC,robotics winter intern
2025/11/17 04:49:03 UTC,robotics winter intern
2025/11/17 06:29:04 UTC,robotics engineer
2025/11/17 07:05:07 UTC,internship
2025/11/17 07:05:07 UTC,internship
2025/11/17 07:05:09 UTC,internship
2025/11/17 11:01:50 UTC,intern
2025/11/17 11:01:50 UTC,intern On-site or Remote or Hybrid
2025/11/17 17:12:44 UTC,robotics internship
2025/11/17 17:25:18 UTC,internship
2025/11/17 17:33:07 UTC,robotics intern
2025/11/17 23:22:48 UTC,robotics intern
2025/11/17 23:48:07 UTC,robotics internship
2025/11/17 23:51:32 UTC,internship
2025/11/17 23:51:42 UTC,robotics engineer
2025/11/18 00:00:49 UTC,intern
2025/11/18 00:00:49 UTC,intern On-site or Remote or Hybrid
2025/11/18 02:01:05 UTC,intern
2025/11/18 06:43:17 UTC,robotics intern
2025/11/18 06:43:17 UTC,robotics intern
2025/11/18 06:43:18 UTC,robotics intern
2025/11/18 06:43:19 UTC,Vice Captain
2025/11/18 06:43:19 UTC,intern
2025/11/18 06:43:20 UTC,robotics intern
2025/11/18 06:43:20 UTC,robotics intern
2025/11/18 09:07:41 UTC,robotics engineer
2025/11/18 10:32:30 UTC,intern
2025/11/18 10:32:30 UTC,intern On-site or Remote or Hybrid
2025/11/18 20:04:43 UTC,robotics internship
2025/11/18 20:18:01 UTC,internship
2025/11/18 20:25:12 UTC,robotics intern
2025/11/18 21:59:58 UTC,Robotics Specialist
2025/11/18 23:35:34 UTC,Robotics Specialist
2025/11/19 00:40:06 UTC,robotics engineer
2025/11/19 00:46:43 UTC,internship
2025/11/19 01:13:21 UTC,robotics intern
2025/11/19 01:15:42 UTC,robotics internship
2025/11/19 02:38:00 UTC,intern
2025/11/19 02:38:00 UTC,intern On-site or Remote or Hybrid
2025/11/19 04:48:21 UTC,intern
2025/11/19 06:44:43 UTC,robotics engineer
2025/11/19 06:44:43 UTC,robotics engineer
2025/11/19 06:44:44 UTC,Vice Captain
2025/11/19 06:44:44 UTC,intern
2025/11/19 06:44:44 UTC,robotics engineer
2025/11/19 06:44:44 UTC,robotics engineer
2025/11/19 06:44:44 UTC,robotics engineer
2025/11/19 06:44:44 UTC,robotics engineer
2025/11/19 06:44:52 UTC,robotics engineer
2025/11/19 06:44:52 UTC,robotics engineer
2025/11/19 06:44:53 UTC,intern
2025/11/19 06:44:54 UTC,Vice Captain
2025/11/19 06:44:54 UTC,robotics engineer
2025/11/19 06:44:54 UTC,robotics engineer
2025/11/19 06:44:54 UTC,robotics engineer
2025/11/19 06:44:57 UTC,Robotics Engineer
2025/11/19 09:57:57 UTC,Robotics Engineer
2025/11/19 09:57:58 UTC,intern
2025/11/19 09:57:58 UTC,robotics engineer
2025/11/19 09:57:58 UTC,robotics engineer
2025/11/19 09:57:59 UTC,Vice Captain
2025/11/19 09:57:59 UTC,robotics engineer
2025/11/19 09:57:59 UTC,robotics engineer
2025/11/19 09:57:59 UTC,robotics engineer
2025/11/19 11:45:24 UTC,intern
2025/11/19 11:45:24 UTC,intern On-site or Remote or Hybrid
2025/11/19 11:54:23 UTC,robotics engineer
2025/11/19 14:26:29 UTC,#eyantra
2025/11/19 14:26:29 UTC,#eyantra
2025/11/19 14:26:31 UTC,#eyantra
2025/11/19 14:26:32 UTC,#eyantra
2025/11/19 14:26:49 UTC,#eyantra
2025/11/19 14:28:54 UTC,#eyantra
2025/11/19 14:29:21 UTC,#eyantra
2025/11/19 14:30:30 UTC,#eyantra
2025/11/19 14:30:48 UTC,#eyantra
2025/11/19 14:31:07 UTC,#eyantra
2025/11/19 14:31:08 UTC,#eyantra
2025/11/19 14:34:11 UTC,nidh
2025/11/19 14:34:11 UTC,nodh
2025/11/19 14:34:11 UTC,nodh
2025/11/19 19:49:32 UTC,Robotics Specialist
2025/11/19 22:41:00 UTC,robotics internship
2025/11/19 22:53:47 UTC,internship
2025/11/19 23:03:36 UTC,robotics intern
2025/11/20 00:05:19 UTC,internship
2025/11/20 00:33:45 UTC,robotics internship
2025/11/20 00:36:46 UTC,robotics intern
2025/11/20 02:14:58 UTC,intern
2025/11/20 02:14:58 UTC,intern On-site or Remote or Hybrid
2025/11/20 04:49:32 UTC,robotics engineer
2025/11/20 07:23:54 UTC,intern
2025/11/20 08:49:34 UTC,internship
2025/11/20 12:22:06 UTC,intern
2025/11/20 12:22:06 UTC,intern On-site or Remote or Hybrid
2025/11/20 14:31:29 UTC,robotics engineer
2025/11/20 20:45:56 UTC,Robotics Engineer
2025/11/21 00:21:10 UTC,robotics intern
2025/11/21 00:38:52 UTC,internship
2025/11/21 01:03:00 UTC,robotics engineer
2025/11/21 01:10:45 UTC,intern
2025/11/21 01:10:45 UTC,intern On-site or Remote or Hybrid
2025/11/21 01:19:39 UTC,robotics internship
2025/11/21 01:23:36 UTC,robotics internship
2025/11/21 01:31:25 UTC,internship
2025/11/21 01:40:34 UTC,robotics intern
2025/11/21 08:38:47 UTC,internship
2025/11/21 10:07:09 UTC,intern
2025/11/21 11:37:43 UTC,robotics internship
2025/11/21 11:37:43 UTC,robotics internship
2025/11/21 11:37:44 UTC,Vice Captain
2025/11/21 11:37:44 UTC,intern
2025/11/21 11:37:44 UTC,robotics internship
2025/11/21 11:37:44 UTC,robotics internship
2025/11/21 12:27:07 UTC,robotics engineer
2025/11/21 12:27:07 UTC,robotics engineer
2025/11/21 12:27:07 UTC,robotics engineer
2025/11/21 12:27:07 UTC,robotics engineer
2025/11/21 12:27:07 UTC,robotics engineer
2025/11/21 12:27:08 UTC,robotics engineer
2025/11/21 14:19:25 UTC,intern
2025/11/21 14:19:25 UTC,intern On-site or Remote or Hybrid
2025/11/21 17:13:40 UTC,robotics engineer
2025/11/22 00:15:53 UTC,internship
2025/11/22 00:29:14 UTC,robotics engineer
2025/11/22 00:54:24 UTC,robotics intern
2025/11/22 01:48:03 UTC,robotics internship
2025/11/22 04:02:59 UTC,robotics internship
2025/11/22 04:11:15 UTC,internship
2025/11/22 04:23:36 UTC,robotics intern
2025/11/22 05:23:14 UTC,intern
2025/11/22 05:23:14 UTC,robotics internship
2025/11/22 05:23:14 UTC,robotics internship
2025/11/22 05:23:15 UTC,Vice Captain
2025/11/22 05:23:15 UTC,robotics internship
2025/11/22 05:23:15 UTC,robotics internship
2025/11/22 11:08:59 UTC,intern
2025/11/22 11:08:59 UTC,intern On-site or Remote or Hybrid
2025/11/22 12:41:59 UTC,internship
2025/11/22 12:41:59 UTC,internship
2025/11/22 12:41:59 UTC,internship
2025/11/22 12:41:59 UTC,internship
2025/11/22 12:41:59 UTC,internship
2025/11/22 12:42:00 UTC,internship
2025/11/22 12:44:19 UTC,intern
2025/11/22 19:48:24 UTC,robotics engineer
2025/11/22 23:43:30 UTC,intern
2025/11/22 23:43:30 UTC,intern On-site or Remote or Hybrid
2025/11/22 23:52:23 UTC,robotics intern
2025/11/22 23:52:27 UTC,internship
2025/11/23 00:08:58 UTC,robotics internship
2025/11/23 00:19:32 UTC,robotics engineer
2025/11/23 06:39:37 UTC,robotics internship
2025/11/23 06:46:51 UTC,internship
2025/11/23 07:00:37 UTC,robotics intern
2025/11/23 11:04:24 UTC,intern
2025/11/23 11:04:24 UTC,intern On-site or Remote or Hybrid
2025/11/23 12:28:07 UTC,robotics internship
2025/11/23 12:28:08 UTC,robotics internship
2025/11/23 12:28:08 UTC,robotics internship
2025/11/23 12:28:08 UTC,robotics internship
2025/11/23 12:28:08 UTC,robotics internship
2025/11/23 12:28:08 UTC,robotics internship
2025/11/23 15:18:07 UTC,intern
2025/11/23 19:43:42 UTC,Robotics Engineer
2025/11/23 22:24:56 UTC,robotics engineer
2025/11/23 23:42:29 UTC,robotics internship
2025/11/23 23:55:18 UTC,internship
2025/11/23 23:56:49 UTC,robotics intern
2025/11/24 00:01:04 UTC,robotics engineer
2025/11/24 00:01:04 UTC,robotics engineer
2025/11/24 00:05:20 UTC,intern
2025/11/24 00:05:20 UTC,intern On-site or Remote or Hybrid
2025/11/24 07:38:33 UTC,robotics internship
2025/11/24 07:38:34 UTC,Vice Captain
2025/11/24 07:38:34 UTC,intern
2025/11/24 07:38:34 UTC,robotics internship
2025/11/24 07:38:34 UTC,robotics internship
2025/11/24 09:13:45 UTC,robotics internship
2025/11/24 09:22:49 UTC,internship
2025/11/24 09:33:46 UTC,robotics intern
2025/11/24 10:57:00 UTC,intern
2025/11/24 10:57:00 UTC,intern On-site or Remote or Hybrid
2025/11/24 12:31:24 UTC,robotics intern
2025/11/24 12:31:25 UTC,robotics intern
2025/11/24 12:31:25 UTC,robotics intern
2025/11/24 12:31:25 UTC,robotics intern
2025/11/24 12:31:25 UTC,robotics intern
2025/11/24 12:31:25 UTC,robotics intern
2025/11/24 13:12:02 UTC,raul
2025/11/24 17:52:16 UTC,intern
2025/11/25 00:04:00 UTC,robotics engineer
2025/11/25 00:24:08 UTC,robotics internship
2025/11/25 00:30:21 UTC,robotics intern
2025/11/25 00:36:46 UTC,intern
2025/11/25 00:36:46 UTC,intern On-site or Remote or Hybrid
2025/11/25 00:56:11 UTC,robotics engineer
2025/11/25 04:47:32 UTC,robotics internship
2025/11/25 04:47:32 UTC,robotics internship
2025/11/25 04:47:33 UTC,intern
2025/11/25 04:47:34 UTC,Vice Captain
2025/11/25 04:47:34 UTC,robotics internship
2025/11/25 04:47:34 UTC,robotics internship
2025/11/25 08:33:15 UTC,robotics engineer
2025/11/25 10:47:30 UTC,intern
2025/11/25 10:47:30 UTC,intern On-site or Remote or Hybrid
2025/11/25 11:47:57 UTC,robotics internship
2025/11/25 11:55:52 UTC,internship
2025/11/25 12:06:24 UTC,robotics intern
2025/11/25 12:23:56 UTC,internship
2025/11/25 12:23:56 UTC,robotics engineer
2025/11/25 12:23:56 UTC,robotics engineer
2025/11/25 12:23:56 UTC,robotics engineer
2025/11/25 12:23:56 UTC,robotics engineer
2025/11/25 12:23:56 UTC,robotics engineer
2025/11/25 12:23:56 UTC,robotics engineer
2025/11/25 12:23:56 UTC,robotics intern
2025/11/25 12:23:56 UTC,robotics internship
2025/11/25 20:27:11 UTC,intern
2025/11/26 02:23:49 UTC,robotics intern
2025/11/26 03:30:56 UTC,robotics engineer
2025/11/26 03:40:17 UTC,robotics internship
2025/11/26 04:26:46 UTC,robotics engineer
2025/11/26 04:26:46 UTC,robotics engineer
2025/11/26 06:53:07 UTC,internship
2025/11/26 10:19:31 UTC,intern
2025/11/26 10:19:31 UTC,intern On-site or Remote or Hybrid
2025/11/26 12:13:52 UTC,internship
2025/11/26 12:13:52 UTC,robotics engineer
2025/11/26 12:13:52 UTC,robotics intern
2025/11/26 12:13:52 UTC,robotics internship
2025/11/26 14:23:48 UTC,robotics internship
2025/11/26 14:31:49 UTC,internship
2025/11/26 14:42:13 UTC,robotics intern
2025/11/26 23:02:00 UTC,intern
2025/11/27 02:23:26 UTC,robotics intern
2025/11/27 03:33:05 UTC,robotics internship
2025/11/27 06:00:02 UTC,robotics engineer
2025/11/27 06:06:47 UTC,robotics engineer
2025/11/27 06:54:46 UTC,internship
2025/11/27 11:08:34 UTC,intern
2025/11/27 11:08:34 UTC,intern On-site or Remote or Hybrid
2025/11/27 12:40:02 UTC,robotics internship
2025/11/27 12:40:03 UTC,internship
2025/11/27 12:40:03 UTC,robotics engineer
2025/11/27 12:40:03 UTC,robotics engineer
2025/11/27 12:40:03 UTC,robotics intern
2025/11/27 16:56:29 UTC,robotics internship
2025/11/27 17:03:39 UTC,internship
2025/11/27 17:13:44 UTC,robotics intern
2025/11/28 01:33:53 UTC,intern
2025/11/28 02:18:20 UTC,robotics intern
2025/11/28 03:08:37 UTC,robotics internship
2025/11/28 03:52:08 UTC,intern
2025/11/28 03:52:08 UTC,robotics intern
2025/11/28 03:52:08 UTC,robotics intern
2025/11/28 03:52:09 UTC,Vice Captain
2025/11/28 03:52:09 UTC,robotics intern
2025/11/28 03:52:09 UTC,robotics intern
2025/11/28 04:27:52 UTC,robotics engineer
2025/11/28 06:46:02 UTC,internship
2025/11/28 08:38:37 UTC,robotics engineer
2025/11/28 09:12:18 UTC,internship
2025/11/28 09:12:18 UTC,internship
2025/11/28 09:12:20 UTC,internship
2025/11/28 09:12:24 UTC,Human Resources Assistant
2025/11/28 10:45:02 UTC,intern
2025/11/28 10:45:02 UTC,intern On-site or Remote or Hybrid
2025/11/28 12:47:55 UTC,robotics intern
2025/11/28 12:47:56 UTC,internship
2025/11/28 12:47:56 UTC,robotics engineer
2025/11/28 12:47:56 UTC,robotics internship
2025/11/28 19:28:20 UTC,robotics internship
2025/11/28 19:33:31 UTC,internship
2025/11/28 19:45:43 UTC,robotics intern
2025/11/29 02:49:28 UTC,robotics intern
2025/11/29 03:20:09 UTC,intern
2025/11/29 03:20:09 UTC,robotics intern
2025/11/29 03:20:09 UTC,robotics intern
2025/11/29 03:20:10 UTC,Vice Captain
2025/11/29 03:20:10 UTC,robotics intern
2025/11/29 03:20:10 UTC,robotics intern
2025/11/29 03:28:24 UTC,robotics internship
2025/11/29 04:04:15 UTC,intern
2025/11/29 04:24:32 UTC,robotics engineer
2025/11/29 06:46:20 UTC,internship
2025/11/29 10:30:56 UTC,intern
2025/11/29 10:30:56 UTC,intern On-site or Remote or Hybrid
2025/11/29 11:08:25 UTC,robotics engineer
2025/11/29 12:42:17 UTC,internship
2025/11/29 12:42:17 UTC,robotics engineer
2025/11/29 12:42:17 UTC,robotics intern
2025/11/29 12:42:17 UTC,robotics internship
2025/11/29 21:59:07 UTC,robotics internship
2025/11/29 22:05:16 UTC,internship
2025/11/29 22:15:43 UTC,robotics intern
2025/11/30 03:13:49 UTC,robotics intern
2025/11/30 03:51:49 UTC,robotics internship
2025/11/30 03:51:49 UTC,robotics internship
2025/11/30 04:50:38 UTC,robotics engineer
2025/11/30 06:12:04 UTC,internship
2025/11/30 06:32:41 UTC,intern
2025/11/30 10:51:41 UTC,intern On-site or Remote or Hybrid
2025/11/30 10:51:42 UTC,intern
2025/11/30 13:16:32 UTC,internship
2025/11/30 13:16:32 UTC,robotics engineer
2025/11/30 13:16:32 UTC,robotics intern
2025/11/30 13:16:32 UTC,robotics internship
2025/11/30 13:39:04 UTC,robotics engineer
2025/11/30 20:11:57 UTC,Human Resources Assistant
2025/12/01 00:28:46 UTC,robotics internship
2025/12/01 00:34:55 UTC,internship
2025/12/01 00:45:11 UTC,robotics intern
2025/12/01 02:33:56 UTC,robotics intern
2025/12/01 03:30:54 UTC,robotics internship
2025/12/01 04:17:55 UTC,robotics engineer
2025/12/01 04:17:55 UTC,robotics engineer
2025/12/01 05:59:25 UTC,Human Resources Assistant
2025/12/01 05:59:26 UTC,Human Resources Assistant
2025/12/01 06:11:37 UTC,internship
2025/12/01 07:17:56 UTC,internship
2025/12/01 07:17:57 UTC,internship
2025/12/01 07:17:58 UTC,internship
2025/12/01 07:18:17 UTC,Finance Specialist
2025/12/01 07:18:30 UTC,Finance Specialist
2025/12/01 09:02:06 UTC,intern
2025/12/01 10:50:02 UTC,intern
2025/12/01 10:50:02 UTC,intern On-site or Remote or Hybrid
2025/12/01 10:55:36 UTC,internship
2025/12/01 10:55:36 UTC,internship
2025/12/01 12:38:28 UTC,internship
2025/12/01 12:38:28 UTC,robotics engineer
2025/12/01 12:38:28 UTC,robotics intern
2025/12/01 12:38:29 UTC,robotics internship
2025/12/01 16:07:33 UTC,robotics engineer
2025/12/02 02:46:00 UTC,robotics intern
2025/12/02 02:56:42 UTC,robotics internship
2025/12/02 03:02:59 UTC,internship
2025/12/02 03:13:56 UTC,robotics intern
2025/12/02 03:47:17 UTC,robotics internship
2025/12/02 04:46:18 UTC,robotics engineer
2025/12/02 06:34:27 UTC,internship
2025/12/02 08:35:30 UTC,abhishekh madhav
2025/12/02 08:35:31 UTC,abhishekh madhav
2025/12/02 08:35:40 UTC,abhishek madhav
2025/12/02 08:35:42 UTC,abhishek madhav
2025/12/02 10:43:46 UTC,intern
2025/12/02 10:43:46 UTC,intern On-site or Remote or Hybrid
2025/12/02 11:30:45 UTC,intern
2025/12/02 13:13:42 UTC,internship
2025/12/02 13:13:42 UTC,robotics engineer
2025/12/02 13:13:42 UTC,robotics intern
2025/12/02 13:13:42 UTC,robotics internship
2025/12/02 18:36:39 UTC,robotics engineer
2025/12/03 03:34:55 UTC,robotics internship
2025/12/03 04:11:28 UTC,robotics intern
2025/12/03 04:16:43 UTC,robotics engineer
2025/12/03 04:54:12 UTC,robotics engineer
2025/12/03 04:54:12 UTC,robotics engineer
2025/12/03 04:54:12 UTC,robotics engineer
2025/12/03 04:54:13 UTC,Vice Captain
2025/12/03 04:54:13 UTC,intern
2025/12/03 04:54:13 UTC,robotics engineer
2025/12/03 04:54:13 UTC,robotics engineer
2025/12/03 04:54:13 UTC,robotics engineer
2025/12/03 05:24:19 UTC,robotics internship
2025/12/03 05:31:50 UTC,internship
2025/12/03 05:41:20 UTC,robotics intern
2025/12/03 06:45:58 UTC,internship
2025/12/03 13:18:20 UTC,intern
2025/12/03 13:18:20 UTC,intern On-site or Remote or Hybrid
2025/12/03 13:18:20 UTC,internship
2025/12/03 13:18:20 UTC,robotics intern
2025/12/03 13:18:20 UTC,robotics internship
2025/12/03 13:18:21 UTC,robotics engineer
2025/12/03 13:58:50 UTC,intern
2025/12/03 21:06:20 UTC,robotics engineer
2025/12/04 02:27:09 UTC,robotics intern
2025/12/04 03:55:39 UTC,robotics internship
2025/12/04 06:15:47 UTC,internship
2025/12/04 06:42:14 UTC,robotics engineer
2025/12/04 07:05:04 UTC,internship
2025/12/04 07:05:04 UTC,internship
2025/12/04 07:05:06 UTC,internship
2025/12/04 07:52:53 UTC,robotics internship
2025/12/04 08:00:20 UTC,internship
2025/12/04 08:12:14 UTC,robotics intern
2025/12/04 11:23:25 UTC,intern
2025/12/04 11:23:25 UTC,intern On-site or Remote or Hybrid
2025/12/04 13:02:50 UTC,internship
2025/12/04 13:02:50 UTC,robotics engineer
2025/12/04 13:02:50 UTC,robotics intern
2025/12/04 13:02:50 UTC,robotics internship
2025/12/04 16:26:49 UTC,oyefusi samual
2025/12/04 16:26:51 UTC,oyefusi samual
2025/12/04 16:26:51 UTC,oyefusi samual
2025/12/04 16:26:53 UTC,oyefusi samual
2025/12/04 16:27:01 UTC,oyefusi samuel
2025/12/04 16:27:03 UTC,oyefusi samuel
2025/12/04 16:45:16 UTC,intern
2025/12/04 23:53:14 UTC,robotics engineer
2025/12/05 02:17:28 UTC,robotics intern
2025/12/05 02:38:28 UTC,robotics intern
2025/12/05 02:38:28 UTC,robotics intern
2025/12/05 02:38:29 UTC,Vice Captain
2025/12/05 02:38:29 UTC,intern
2025/12/05 02:38:29 UTC,robotics intern
2025/12/05 02:38:29 UTC,robotics intern
2025/12/05 03:28:03 UTC,robotics internship
2025/12/05 04:21:59 UTC,robotics engineer
2025/12/05 06:21:32 UTC,internship
2025/12/05 06:30:32 UTC,robotics engineer
2025/12/05 06:30:32 UTC,robotics engineer
2025/12/05 06:30:33 UTC,Vice Captain
2025/12/05 06:30:33 UTC,intern
2025/12/05 06:30:33 UTC,robotics engineer
2025/12/05 06:30:33 UTC,robotics engineer
2025/12/05 06:30:33 UTC,robotics engineer
2025/12/05 10:38:12 UTC,intern
2025/12/05 10:38:12 UTC,intern On-site or Remote or Hybrid
2025/12/05 10:48:37 UTC,robotics internship
2025/12/05 10:55:43 UTC,internship
2025/12/05 11:09:14 UTC,robotics intern
2025/12/05 12:26:59 UTC,internship
2025/12/05 12:26:59 UTC,robotics engineer
2025/12/05 12:26:59 UTC,robotics intern
2025/12/05 12:26:59 UTC,robotics internship
2025/12/05 19:23:09 UTC,intern
2025/12/06 02:14:39 UTC,robotics intern
2025/12/06 02:33:59 UTC,robotics engineer
2025/12/06 03:08:55 UTC,robotics intern
2025/12/06 03:08:55 UTC,robotics intern
2025/12/06 03:08:56 UTC,Vice Captain
2025/12/06 03:08:56 UTC,intern
2025/12/06 03:08:56 UTC,robotics intern
2025/12/06 03:08:56 UTC,robotics intern
2025/12/06 03:19:36 UTC,robotics internship
2025/12/06 04:17:34 UTC,robotics engineer
2025/12/06 06:26:09 UTC,internship
2025/12/06 10:22:11 UTC,intern
2025/12/06 10:22:11 UTC,intern On-site or Remote or Hybrid
2025/12/06 12:32:40 UTC,internship
2025/12/06 12:32:40 UTC,robotics engineer
2025/12/06 12:32:40 UTC,robotics intern
2025/12/06 12:32:40 UTC,robotics internship
2025/12/06 13:21:17 UTC,robotics internship
2025/12/06 13:25:29 UTC,internship
2025/12/06 13:41:59 UTC,robotics intern
2025/12/06 19:16:09 UTC,mobile phone robot
2025/12/06 19:16:09 UTC,mobile phonerobot
2025/12/06 19:16:09 UTC,mobile phonerobot
2025/12/06 19:16:12 UTC,mobile phonerobot
2025/12/06 19:16:32 UTC,mobile phonerobot
2025/12/06 19:16:35 UTC,mobile phonerobot
2025/12/06 19:16:40 UTC,mobile phonerobot
2025/12/06 19:17:07 UTC,mobile phone processor for robotics
2025/12/06 19:17:07 UTC,mobile phone processor for robotics
2025/12/06 19:17:29 UTC,Embedded Engineer
2025/12/06 21:54:21 UTC,intern
2025/12/07 02:31:23 UTC,robotics intern
2025/12/07 03:24:04 UTC,robotics internship
2025/12/07 03:47:45 UTC,intern
2025/12/07 03:47:45 UTC,robotics internship
2025/12/07 03:47:45 UTC,robotics internship
2025/12/07 03:47:46 UTC,Vice Captain
2025/12/07 03:47:46 UTC,robotics internship
2025/12/07 03:47:46 UTC,robotics internship
2025/12/07 04:31:50 UTC,robotics engineer
2025/12/07 05:04:59 UTC,robotics engineer
2025/12/07 06:22:25 UTC,internship
2025/12/07 07:43:07 UTC,robotics internship
2025/12/07 07:43:07 UTC,robotics internship
2025/12/07 07:43:08 UTC,Vice Captain
2025/12/07 07:43:08 UTC,intern
2025/12/07 07:43:08 UTC,robotics internship
2025/12/07 07:43:08 UTC,robotics internship
2025/12/07 10:15:29 UTC,intern
2025/12/07 10:15:29 UTC,intern On-site or Remote or Hybrid
2025/12/07 15:26:11 UTC,fathima
2025/12/07 15:26:39 UTC,fathima
2025/12/07 15:53:09 UTC,robotics internship
2025/12/07 15:57:20 UTC,internship
2025/12/07 16:13:14 UTC,robotics intern
2025/12/08 00:25:11 UTC,intern
2025/12/08 02:13:57 UTC,robotics intern
2025/12/08 03:18:05 UTC,robotics internship
2025/12/08 04:07:51 UTC,intern
2025/12/08 04:07:51 UTC,intern On-site or Remote or Hybrid
2025/12/08 04:07:51 UTC,internship
2025/12/08 04:07:51 UTC,robotics engineer
2025/12/08 04:07:51 UTC,robotics engineer
2025/12/08 04:08:32 UTC,robotics internship
2025/12/08 04:08:32 UTC,robotics internship
2025/12/08 04:08:33 UTC,Vice Captain
2025/12/08 04:08:33 UTC,intern
2025/12/08 04:08:33 UTC,robotics internship
2025/12/08 04:08:33 UTC,robotics internship
2025/12/08 07:36:13 UTC,robotics engineer
2025/12/08 10:26:21 UTC,intern
2025/12/08 10:26:21 UTC,intern On-site or Remote or Hybrid
2025/12/08 11:09:09 UTC,Vice Captain
2025/12/08 11:09:11 UTC,Vice Captain
2025/12/08 15:11:13 UTC,internship
2025/12/08 15:11:13 UTC,robotics engineer
2025/12/08 15:11:13 UTC,robotics engineer
2025/12/08 15:11:13 UTC,robotics intern
2025/12/08 15:11:13 UTC,robotics internship
2025/12/08 18:31:22 UTC,robotics internship
2025/12/08 18:37:05 UTC,internship
2025/12/08 18:51:55 UTC,robotics intern
2025/12/08 19:43:35 UTC,Embedded Engineer
2025/12/09 03:04:28 UTC,intern
2025/12/09 03:13:05 UTC,robotics internship
2025/12/09 04:14:55 UTC,intern On-site or Remote or Hybrid
2025/12/09 04:14:56 UTC,intern
2025/12/09 04:14:56 UTC,internship
2025/12/09 04:14:56 UTC,robotics engineer
2025/12/09 04:14:56 UTC,robotics intern
2025/12/09 05:47:26 UTC,Embedded Engineer
2025/12/09 05:47:28 UTC,Embedded Engineer
2025/12/09 05:47:48 UTC,bilaal ashraf
2025/12/09 05:47:49 UTC,bilaal ashraf
2025/12/09 05:47:54 UTC,bilaal ashraf
2025/12/09 05:47:55 UTC,bilaal ashraf
2025/12/09 05:47:55 UTC,bilaal ashraf
2025/12/09 05:47:55 UTC,bilaal ashraf
2025/12/09 05:47:56 UTC,bilaal ashraf
2025/12/09 05:47:56 UTC,bilaal ashraf
2025/12/09 05:48:10 UTC,bilaal ashraf
2025/12/09 10:12:39 UTC,robotics engineer
2025/12/09 10:14:47 UTC,intern
2025/12/09 13:56:33 UTC,internship
2025/12/09 13:56:33 UTC,robotics engineer
2025/12/09 13:56:33 UTC,robotics intern
2025/12/09 13:56:33 UTC,robotics internship
2025/12/09 21:07:07 UTC,robotics internship
2025/12/09 21:11:46 UTC,internship
2025/12/09 21:26:12 UTC,robotics intern
2025/12/10 02:14:36 UTC,robotics intern
2025/12/10 03:21:18 UTC,robotics internship
2025/12/10 04:28:14 UTC,robotics engineer
2025/12/10 05:52:09 UTC,intern
2025/12/10 06:00:02 UTC,robotics engineer
2025/12/10 06:00:02 UTC,robotics engineer
2025/12/10 06:00:02 UTC,robotics engineer
2025/12/10 06:00:03 UTC,Vice Captain
2025/12/10 06:00:03 UTC,intern
2025/12/10 06:00:04 UTC,robotics engineer
2025/12/10 06:00:04 UTC,robotics engineer
2025/12/10 06:00:04 UTC,robotics engineer
2025/12/10 06:15:54 UTC,internship
2025/12/10 10:12:08 UTC,intern
2025/12/10 10:12:08 UTC,intern On-site or Remote or Hybrid
2025/12/10 10:45:09 UTC,robotics internship
2025/12/10 10:45:09 UTC,robotics internship
2025/12/10 10:45:10 UTC,Vice Captain
2025/12/10 10:45:10 UTC,intern
2025/12/10 10:45:10 UTC,robotics internship
2025/12/10 10:45:10 UTC,robotics internship
2025/12/10 12:14:59 UTC,internship
2025/12/10 12:14:59 UTC,robotics engineer
2025/12/10 12:14:59 UTC,robotics intern
2025/12/10 12:14:59 UTC,robotics internship
2025/12/10 13:01:01 UTC,robotics engineer
2025/12/10 23:41:50 UTC,robotics internship
2025/12/10 23:46:31 UTC,internship
2025/12/11 00:03:00 UTC,robotics intern
2025/12/11 02:27:28 UTC,robotics intern
2025/12/11 03:54:57 UTC,robotics internship
2025/12/11 04:20:36 UTC,robotics engineer
2025/12/11 05:01:08 UTC,robotics engineer
2025/12/11 05:01:08 UTC,robotics engineer
2025/12/11 05:01:09 UTC,Vice Captain
2025/12/11 05:01:09 UTC,intern
2025/12/11 05:01:09 UTC,robotics engineer
2025/12/11 05:01:09 UTC,robotics engineer
2025/12/11 05:01:09 UTC,robotics engineer
2025/12/11 06:15:02 UTC,internship
2025/12/11 08:09:11 UTC,robotics engineer
2025/12/11 08:38:21 UTC,intern
2025/12/11 08:47:49 UTC,intern
2025/12/11 10:12:14 UTC,intern On-site or Remote or Hybrid
2025/12/11 10:12:15 UTC,intern
2025/12/11 12:11:39 UTC,internship
2025/12/11 12:11:39 UTC,robotics intern
2025/12/11 12:11:39 UTC,robotics internship
2025/12/11 16:04:27 UTC,robotics engineer
2025/12/12 02:16:14 UTC,robotics intern
2025/12/12 03:13:32 UTC,robotics internship
2025/12/12 04:21:51 UTC,robotics engineer
2025/12/12 06:20:17 UTC,internship
2025/12/12 10:20:52 UTC,intern
2025/12/12 10:20:52 UTC,intern On-site or Remote or Hybrid
2025/12/12 12:23:32 UTC,robotics intern
2025/12/12 12:23:33 UTC,internship
2025/12/12 12:23:33 UTC,robotics engineer
2025/12/12 12:23:33 UTC,robotics internship
2025/12/13 02:29:54 UTC,robotics intern
2025/12/13 03:17:47 UTC,robotics internship
2025/12/13 04:14:12 UTC,robotics engineer
2025/12/13 06:40:20 UTC,internship
2025/12/13 10:29:33 UTC,intern
2025/12/13 10:29:33 UTC,intern On-site or Remote or Hybrid
2025/12/13 12:43:37 UTC,internship
2025/12/13 12:43:37 UTC,robotics engineer
2025/12/13 12:43:37 UTC,robotics intern
2025/12/13 12:43:37 UTC,robotics internship
2025/12/14 02:23:26 UTC,robotics intern
2025/12/14 03:20:22 UTC,robotics internship
2025/12/14 03:46:10 UTC,intern
2025/12/14 03:46:10 UTC,robotics intern
2025/12/14 03:46:10 UTC,robotics intern
2025/12/14 03:46:11 UTC,Vice Captain
2025/12/14 03:46:11 UTC,robotics intern
2025/12/14 03:46:11 UTC,robotics intern
2025/12/14 04:17:14 UTC,robotics engineer
2025/12/14 06:12:17 UTC,internship
2025/12/14 10:33:12 UTC,intern
2025/12/14 10:33:12 UTC,intern On-site or Remote or Hybrid
2025/12/14 12:39:32 UTC,internship
2025/12/14 12:39:32 UTC,robotics engineer
2025/12/14 12:39:32 UTC,robotics intern
2025/12/14 12:39:32 UTC,robotics internship
2025/12/15 02:27:26 UTC,robotics intern
2025/12/15 03:29:48 UTC,robotics internship
2025/12/15 04:28:27 UTC,robotics engineer
2025/12/15 04:28:27 UTC,robotics engineer
2025/12/15 06:10:48 UTC,internship
2025/12/15 10:29:32 UTC,intern
2025/12/15 10:29:32 UTC,intern On-site or Remote or Hybrid
2025/12/15 12:15:44 UTC,internship
2025/12/15 12:15:44 UTC,robotics engineer
2025/12/15 12:15:44 UTC,robotics intern
2025/12/15 12:15:44 UTC,robotics internship
2025/12/16 22:02:11 UTC,intern
2025/12/16 22:02:11 UTC,intern On-site or Remote or Hybrid
2025/12/17 00:07:26 UTC,robotics intern
2025/12/17 03:16:23 UTC,robotics internship
2025/12/17 06:14:16 UTC,robotics engineer
2025/12/17 06:25:17 UTC,internship
2025/12/17 10:25:31 UTC,intern
2025/12/17 10:25:31 UTC,intern On-site or Remote or Hybrid
2025/12/17 12:09:00 UTC,robotics engineer
2025/12/17 12:09:00 UTC,robotics intern
2025/12/17 12:09:00 UTC,robotics internship
2025/12/17 12:09:01 UTC,internship
2025/12/17 18:16:07 UTC,internship
2025/12/17 18:16:07 UTC,internship
2025/12/17 18:16:09 UTC,internship
2025/12/18 02:14:55 UTC,robotics intern
2025/12/18 03:12:03 UTC,robotics internship
2025/12/18 03:25:01 UTC,robotics engineer
2025/12/18 06:23:14 UTC,internship
2025/12/18 10:35:00 UTC,intern
2025/12/18 16:12:42 UTC,internship
2025/12/18 16:12:42 UTC,robotics engineer
2025/12/18 16:12:42 UTC,robotics intern
2025/12/18 16:12:42 UTC,robotics internship
2025/12/19 06:29:53 UTC,internship
2025/12/19 10:15:24 UTC,intern
2025/12/19 10:15:24 UTC,intern On-site or Remote or Hybrid
2025/12/19 12:33:57 UTC,internship
2025/12/19 12:33:57 UTC,robotics engineer
2025/12/19 12:33:57 UTC,robotics intern
2025/12/19 12:33:57 UTC,robotics internship
2025/12/20 02:36:58 UTC,robotics intern
2025/12/20 03:24:01 UTC,robotics internship
2025/12/20 04:41:56 UTC,robotics engineer
2025/12/20 07:46:23 UTC,internship
2025/12/20 10:52:04 UTC,intern
2025/12/20 10:52:04 UTC,intern On-site or Remote or Hybrid
2025/12/20 12:57:34 UTC,internship
2025/12/20 12:57:34 UTC,robotics engineer
2025/12/20 12:57:34 UTC,robotics intern
2025/12/20 12:57:34 UTC,robotics internship
2025/12/21 03:08:27 UTC,robotics internship
2025/12/21 04:29:43 UTC,robotics engineer
2025/12/21 06:30:00 UTC,internship
2025/12/21 10:44:17 UTC,robotics intern
2025/12/21 10:54:17 UTC,intern
2025/12/21 10:54:17 UTC,intern On-site or Remote or Hybrid
2025/12/21 12:13:20 UTC,internship
2025/12/21 12:13:20 UTC,robotics engineer
2025/12/21 12:13:20 UTC,robotics internship
2025/12/22 03:24:22 UTC,robotics internship
2025/12/22 04:15:31 UTC,robotics engineer
2025/12/22 10:23:48 UTC,intern On-site or Remote or Hybrid
2025/12/22 10:23:49 UTC,intern
2025/12/22 12:46:08 UTC,internship
2025/12/22 12:46:08 UTC,robotics engineer
2025/12/22 12:46:08 UTC,robotics intern
2025/12/22 12:46:08 UTC,robotics internship
2025/12/23 02:09:09 UTC,robotics intern
2025/12/23 02:09:09 UTC,robotics intern
2025/12/23 03:14:22 UTC,robotics internship
2025/12/23 03:14:22 UTC,robotics internship
2025/12/23 04:26:33 UTC,internship
2025/12/23 04:34:05 UTC,robotics engineer
2025/12/23 10:23:25 UTC,intern
2025/12/23 10:23:25 UTC,intern On-site or Remote or Hybrid
2025/12/23 12:14:03 UTC,internship
2025/12/23 12:14:03 UTC,robotics engineer
2025/12/23 12:14:03 UTC,robotics intern
2025/12/23 12:14:03 UTC,robotics internship
2025/12/24 02:37:59 UTC,robotics intern
2025/12/24 03:18:46 UTC,robotics internship
2025/12/24 04:22:37 UTC,robotics engineer
2025/12/24 10:10:18 UTC,intern
2025/12/24 10:10:18 UTC,intern On-site or Remote or Hybrid
2025/12/24 13:02:29 UTC,internship
2025/12/24 13:02:29 UTC,robotics engineer
2025/12/24 13:02:29 UTC,robotics intern
2025/12/24 13:02:29 UTC,robotics internship
2025/12/25 02:16:30 UTC,robotics intern
2025/12/25 03:09:56 UTC,robotics internship
2025/12/25 04:06:58 UTC,robotics engineer
2025/12/25 06:27:36 UTC,internship
2025/12/25 10:21:14 UTC,intern
2025/12/25 10:21:14 UTC,intern On-site or Remote or Hybrid
2025/12/25 12:10:28 UTC,internship
2025/12/25 12:10:28 UTC,robotics engineer
2025/12/25 12:10:28 UTC,robotics engineer
2025/12/25 12:10:28 UTC,robotics internship
2025/12/25 12:10:29 UTC,robotics intern
2025/12/25 12:10:29 UTC,robotics intern
2025/12/26 02:18:02 UTC,robotics intern
2025/12/26 02:18:02 UTC,robotics intern
2025/12/26 03:25:22 UTC,robotics internship
2025/12/26 03:25:22 UTC,robotics internship
2025/12/26 04:14:32 UTC,robotics engineer
2025/12/26 04:14:32 UTC,robotics engineer
2025/12/26 06:19:13 UTC,internship
2025/12/26 10:08:39 UTC,intern
2025/12/26 10:08:39 UTC,intern On-site or Remote or Hybrid
2025/12/26 12:08:37 UTC,internship
2025/12/26 12:08:37 UTC,robotics engineer
2025/12/26 12:08:37 UTC,robotics intern
2025/12/26 12:08:37 UTC,robotics internship
2025/12/27 02:12:28 UTC,robotics intern
2025/12/27 03:15:55 UTC,robotics internship
2025/12/27 04:36:54 UTC,robotics engineer
2025/12/27 06:17:32 UTC,internship
2025/12/27 10:19:44 UTC,intern
2025/12/27 10:19:44 UTC,intern On-site or Remote or Hybrid
2025/12/27 12:50:02 UTC,internship
2025/12/27 12:50:02 UTC,robotics engineer
2025/12/27 12:50:02 UTC,robotics intern
2025/12/27 12:50:02 UTC,robotics internship
2025/12/27 14:51:25 UTC,at bots
2025/12/27 14:51:25 UTC,at bots
2025/12/27 14:51:27 UTC,at bots
2025/12/27 14:51:27 UTC,at bots
2025/12/27 14:51:28 UTC,at bots
2025/12/27 14:51:29 UTC,at bots
2025/12/28 02:07:31 UTC,robotics intern
2025/12/28 03:21:05 UTC,robotics internship
2025/12/28 04:14:51 UTC,robotics engineer
2025/12/28 06:33:19 UTC,internship
2025/12/28 10:12:13 UTC,intern
2025/12/28 10:12:13 UTC,intern On-site or Remote or Hybrid
2025/12/28 12:08:17 UTC,internship
2025/12/28 12:08:17 UTC,robotics engineer
2025/12/28 12:08:17 UTC,robotics intern
2025/12/28 12:08:17 UTC,robotics internship
2025/12/29 02:26:33 UTC,robotics intern
2025/12/29 02:26:33 UTC,robotics intern
2025/12/29 03:20:18 UTC,robotics internship
2025/12/29 03:20:18 UTC,robotics internship
2025/12/29 04:12:17 UTC,robotics engineer
2025/12/29 06:19:36 UTC,internship
2025/12/29 10:42:28 UTC,intern
2025/12/29 10:42:28 UTC,intern On-site or Remote or Hybrid
2025/12/29 12:46:36 UTC,internship
2025/12/29 12:46:36 UTC,robotics engineer
2025/12/29 12:46:36 UTC,robotics intern
2025/12/29 12:46:36 UTC,robotics intern
2025/12/29 12:46:36 UTC,robotics internship
2025/12/29 12:46:36 UTC,robotics internship
2025/12/30 02:09:26 UTC,robotics intern
2025/12/30 03:41:58 UTC,robotics internship
2025/12/30 04:32:36 UTC,robotics engineer
2025/12/30 06:12:53 UTC,internship
2025/12/30 10:27:06 UTC,intern
2025/12/30 10:27:06 UTC,intern On-site or Remote or Hybrid
2025/12/30 12:36:44 UTC,internship
2025/12/30 12:36:44 UTC,robotics engineer
2025/12/30 12:36:44 UTC,robotics intern
2025/12/30 12:36:44 UTC,robotics internship
2025/12/31 02:11:00 UTC,robotics intern
2025/12/31 03:19:25 UTC,robotics internship
2025/12/31 04:19:42 UTC,robotics engineer
2025/12/31 05:02:38 UTC,madbolt formula racing
2025/12/31 05:02:38 UTC,madbolt formula racing
2025/12/31 05:02:40 UTC,madbolt formula racing
2025/12/31 05:02:41 UTC,madbolt formula racing
2025/12/31 05:02:42 UTC,madbolt formula racing
2025/12/31 05:02:42 UTC,madbolt formula racing
2025/12/31 05:02:44 UTC,madbolt formula racing
2025/12/31 05:02:44 UTC,madbolt formula racing
2025/12/31 06:22:25 UTC,internship
2025/12/31 10:10:31 UTC,intern
2025/12/31 10:10:31 UTC,intern On-site or Remote or Hybrid
2025/12/31 10:37:21 UTC,Customs Specialist
2025/12/31 12:32:10 UTC,internship
2025/12/31 12:32:10 UTC,robotics engineer
2025/12/31 12:32:10 UTC,robotics intern
2025/12/31 12:32:10 UTC,robotics internship
2026/01/01 02:22:08 UTC,robotics intern
2026/01/01 03:28:30 UTC,robotics internship
2026/01/01 04:18:59 UTC,robotics engineer
2026/01/01 06:22:53 UTC,internship
2026/01/01 10:19:51 UTC,intern
2026/01/01 10:19:51 UTC,intern On-site or Remote or Hybrid
2026/01/01 12:26:11 UTC,internship
2026/01/01 12:26:11 UTC,robotics engineer
2026/01/01 12:26:11 UTC,robotics engineer
2026/01/01 12:26:11 UTC,robotics intern
2026/01/01 12:26:11 UTC,robotics internship
2026/01/02 02:27:01 UTC,robotics intern
2026/01/02 02:27:02 UTC,robotics intern
2026/01/02 03:11:21 UTC,robotics internship
2026/01/02 04:17:21 UTC,robotics engineer
2026/01/02 06:09:38 UTC,internship
2026/01/02 10:10:37 UTC,intern
2026/01/02 10:10:37 UTC,intern On-site or Remote or Hybrid
2026/01/02 12:09:21 UTC,robotics engineer
2026/01/02 12:09:21 UTC,robotics intern
2026/01/02 12:09:21 UTC,robotics internship
2026/01/02 12:09:22 UTC,internship
2026/01/02 12:09:22 UTC,robotics intern
2026/01/02 12:09:22 UTC,robotics internship
2026/01/03 02:23:23 UTC,robotics intern
2026/01/03 02:23:23 UTC,robotics intern
2026/01/03 03:21:41 UTC,robotics internship
2026/01/03 03:21:42 UTC,robotics internship
2026/01/03 04:25:40 UTC,robotics engineer
2026/01/03 06:17:47 UTC,internship
2026/01/03 10:24:49 UTC,intern
2026/01/03 12:27:53 UTC,internship
2026/01/03 12:27:53 UTC,robotics engineer
2026/01/03 12:27:53 UTC,robotics intern
2026/01/03 12:27:53 UTC,robotics internship
2026/01/04 02:20:14 UTC,robotics intern
2026/01/04 03:12:20 UTC,robotics internship
2026/01/04 04:30:46 UTC,robotics engineer
2026/01/04 06:16:00 UTC,internship
2026/01/04 10:20:39 UTC,intern
2026/01/04 10:20:39 UTC,intern On-site or Remote or Hybrid
2026/01/04 12:38:19 UTC,internship
2026/01/04 12:38:19 UTC,robotics engineer
2026/01/04 12:38:19 UTC,robotics intern
2026/01/04 12:38:19 UTC,robotics internship
2026/01/05 02:19:20 UTC,robotics intern
2026/01/05 02:19:20 UTC,robotics intern
2026/01/05 03:21:39 UTC,robotics internship
2026/01/05 03:21:40 UTC,robotics internship
2026/01/05 04:06:24 UTC,robotics engineer
2026/01/05 06:17:51 UTC,internship
2026/01/05 10:34:51 UTC,intern
2026/01/05 10:34:51 UTC,intern On-site or Remote or Hybrid
2026/01/05 11:19:08 UTC,abin
2026/01/05 11:19:08 UTC,abin
2026/01/05 11:19:14 UTC,albin
2026/01/05 11:19:14 UTC,albin
2026/01/05 11:19:19 UTC,albin
2026/01/05 11:19:20 UTC,albin
2026/01/05 12:42:13 UTC,internship
2026/01/05 12:42:13 UTC,robotics engineer
2026/01/05 12:42:13 UTC,robotics intern
2026/01/05 12:42:13 UTC,robotics internship
2026/01/05 17:20:32 UTC,isaac lab lane following
2026/01/05 17:20:32 UTC,isaac lab lane followng
2026/01/05 17:20:34 UTC,isaac lab lane followng
2026/01/05 17:20:34 UTC,isaac lab lane followng
2026/01/05 17:20:35 UTC,isaac lab lane following
2026/01/05 17:20:35 UTC,isaac lab lane following
2026/01/05 17:20:39 UTC,isaac lab lane following
2026/01/05 17:20:40 UTC,isaac lab lane following
2026/01/06 02:12:41 UTC,robotics intern
2026/01/06 03:23:42 UTC,robotics internship
2026/01/06 03:32:06 UTC,robotics internship
2026/01/06 03:32:06 UTC,robotics internship
2026/01/06 03:32:07 UTC,Vice Captain
2026/01/06 03:32:07 UTC,intern
2026/01/06 03:32:07 UTC,robotics internship
2026/01/06 03:32:07 UTC,robotics internship
2026/01/06 03:32:15 UTC,Robotics Engineer
2026/01/06 04:20:17 UTC,robotics engineer
2026/01/06 06:34:07 UTC,internship
2026/01/06 10:16:07 UTC,intern
2026/01/06 10:16:07 UTC,intern On-site or Remote or Hybrid
2026/01/06 10:26:15 UTC,albin
2026/01/06 10:26:15 UTC,albin
2026/01/06 10:26:19 UTC,albin
2026/01/06 10:26:20 UTC,albin
2026/01/06 10:26:32 UTC,abin
2026/01/06 10:26:33 UTC,abin
2026/01/06 12:13:51 UTC,internship
2026/01/06 12:13:51 UTC,robotics engineer
2026/01/06 12:13:51 UTC,robotics intern
2026/01/06 12:13:51 UTC,robotics internship
2026/01/07 02:31:40 UTC,robotics intern
2026/01/07 03:16:50 UTC,robotics internship
2026/01/07 04:14:02 UTC,robotics engineer
2026/01/07 06:21:36 UTC,internship
2026/01/07 10:19:34 UTC,intern
2026/01/07 10:19:34 UTC,intern On-site or Remote or Hybrid
2026/01/07 12:20:09 UTC,internship
2026/01/07 12:20:09 UTC,robotics engineer
2026/01/07 12:20:09 UTC,robotics intern
2026/01/07 12:20:09 UTC,robotics internship
2026/01/07 12:20:10 UTC,robotics intern
2026/01/07 12:20:10 UTC,robotics internship
2026/01/07 20:16:46 UTC,Robotics Engineer
2026/01/08 02:30:12 UTC,robotics intern
2026/01/08 03:19:51 UTC,robotics internship
2026/01/08 04:46:40 UTC,robotics engineer
2026/01/08 05:53:52 UTC,Robotics Engineer
2026/01/08 05:53:53 UTC,Robotics Engineer
2026/01/08 05:54:02 UTC,Software Engineer
2026/01/08 06:18:04 UTC,internship
2026/01/08 10:26:18 UTC,intern
2026/01/08 10:26:18 UTC,intern On-site or Remote or Hybrid
2026/01/08 12:50:03 UTC,internship
2026/01/08 12:50:03 UTC,robotics engineer
2026/01/08 12:50:03 UTC,robotics intern
2026/01/08 12:50:03 UTC,robotics internship
2026/01/09 02:21:21 UTC,robotics intern
2026/01/09 03:12:11 UTC,intern
2026/01/09 03:12:11 UTC,robotics intern
2026/01/09 03:12:11 UTC,robotics intern
2026/01/09 03:12:12 UTC,Software Engineer
2026/01/09 03:12:12 UTC,Vice Captain
2026/01/09 03:12:12 UTC,robotics intern
2026/01/09 03:12:12 UTC,robotics intern
2026/01/09 03:31:05 UTC,robotics internship
2026/01/09 03:38:35 UTC,robotics internship
2026/01/09 03:38:35 UTC,robotics internship
2026/01/09 03:38:36 UTC,Software Engineer
2026/01/09 03:38:36 UTC,Vice Captain
2026/01/09 03:38:36 UTC,intern
2026/01/09 03:38:36 UTC,robotics internship
2026/01/09 03:38:36 UTC,robotics internship
2026/01/09 04:29:44 UTC,robotics engineer
2026/01/09 07:24:08 UTC,internship
2026/01/09 10:23:47 UTC,intern
2026/01/09 10:23:47 UTC,intern On-site or Remote or Hybrid
2026/01/09 12:07:07 UTC,internship
2026/01/09 12:07:07 UTC,robotics engineer
2026/01/09 12:07:07 UTC,robotics intern
2026/01/09 12:07:07 UTC,robotics internship
2026/01/10 02:19:35 UTC,robotics intern
2026/01/10 03:30:30 UTC,robotics internship
2026/01/10 04:29:38 UTC,robotics engineer
2026/01/10 04:42:29 UTC,robotics engineer
2026/01/10 04:42:29 UTC,robotics engineer
2026/01/10 04:42:30 UTC,intern
2026/01/10 04:42:30 UTC,robotics engineer
2026/01/10 04:42:31 UTC,Software Engineer
2026/01/10 04:42:31 UTC,Vice Captain
2026/01/10 04:42:31 UTC,robotics engineer
2026/01/10 04:42:31 UTC,robotics engineer
2026/01/10 04:42:31 UTC,robotics engineer
2026/01/10 06:18:14 UTC,internship
2026/01/10 10:23:46 UTC,intern
2026/01/10 10:23:46 UTC,intern On-site or Remote or Hybrid
2026/01/10 12:27:30 UTC,robotics intern
2026/01/10 12:27:31 UTC,internship
2026/01/10 12:27:31 UTC,robotics engineer
2026/01/10 12:27:31 UTC,robotics internship
2026/01/11 02:05:32 UTC,robotics intern
2026/01/11 02:36:24 UTC,robotics intern
2026/01/11 02:36:25 UTC,robotics intern
2026/01/11 02:36:26 UTC,intern
2026/01/11 02:36:26 UTC,robotics intern
2026/01/11 02:36:27 UTC,Software Engineer
2026/01/11 02:36:27 UTC,Vice Captain
2026/01/11 02:36:27 UTC,robotics intern
2026/01/11 02:36:27 UTC,robotics intern
2026/01/11 02:36:42 UTC,robotics intern
2026/01/11 02:36:44 UTC,robotics intern
2026/01/11 02:36:44 UTC,robotics intern
2026/01/11 02:36:45 UTC,robotics intern
2026/01/11 02:36:55 UTC,robotics intern
2026/01/11 03:13:58 UTC,robotics internship
2026/01/11 04:28:37 UTC,robotics engineer
2026/01/11 06:24:16 UTC,internship
2026/01/11 07:03:47 UTC,internship
2026/01/11 07:03:47 UTC,internship
2026/01/11 07:03:49 UTC,internship
2026/01/11 10:18:29 UTC,intern
2026/01/11 10:18:29 UTC,intern On-site or Remote or Hybrid
2026/01/11 12:24:50 UTC,internship
2026/01/11 12:24:50 UTC,robotics engineer
2026/01/11 12:24:50 UTC,robotics intern
2026/01/11 12:24:50 UTC,robotics internship
2026/01/11 12:24:51 UTC,robotics intern
2026/01/12 02:19:48 UTC,robotics intern
2026/01/12 02:19:48 UTC,robotics intern
2026/01/12 03:11:07 UTC,robotics internship
2026/01/12 03:11:07 UTC,robotics internship
2026/01/12 04:20:25 UTC,robotics engineer
2026/01/12 04:20:25 UTC,robotics engineer
2026/01/12 06:33:58 UTC,internship
2026/01/12 10:30:42 UTC,intern
2026/01/12 10:30:42 UTC,intern On-site or Remote or Hybrid
2026/01/12 13:00:10 UTC,internship
2026/01/12 13:00:10 UTC,robotics engineer
2026/01/12 13:00:10 UTC,robotics intern
2026/01/12 13:00:10 UTC,robotics intern
2026/01/12 13:00:10 UTC,robotics internship
2026/01/12 13:00:10 UTC,robotics internship
2026/01/13 02:26:30 UTC,robotics intern
2026/01/13 02:26:30 UTC,robotics intern
2026/01/13 03:29:26 UTC,robotics internship
2026/01/13 03:29:26 UTC,robotics internship
2026/01/13 04:14:38 UTC,robotics engineer
2026/01/13 05:31:44 UTC,robotics engineer
2026/01/13 05:31:44 UTC,robotics engineer
2026/01/13 05:31:45 UTC,Software Engineer
2026/01/13 05:31:45 UTC,Vice Captain
2026/01/13 05:31:45 UTC,intern
2026/01/13 05:31:45 UTC,robotics engineer
2026/01/13 05:31:45 UTC,robotics engineer
2026/01/13 05:31:45 UTC,robotics engineer
2026/01/13 06:30:15 UTC,internship
2026/01/13 10:07:56 UTC,intern
2026/01/13 10:07:56 UTC,intern On-site or Remote or Hybrid
2026/01/13 12:34:22 UTC,internship
2026/01/13 12:34:22 UTC,robotics engineer
2026/01/13 12:34:22 UTC,robotics intern
2026/01/13 12:34:22 UTC,robotics internship
2026/01/14 02:28:20 UTC,robotics intern
2026/01/14 03:26:42 UTC,robotics internship
2026/01/14 04:10:24 UTC,robotics engineer
2026/01/14 06:26:46 UTC,internship
2026/01/14 10:35:53 UTC,intern
2026/01/14 10:35:53 UTC,intern On-site or Remote or Hybrid
2026/01/14 13:19:48 UTC,internship
2026/01/14 13:19:48 UTC,robotics engineer
2026/01/14 13:19:48 UTC,robotics intern
2026/01/14 13:19:48 UTC,robotics internship
2026/01/15 02:20:09 UTC,robotics intern
2026/01/15 03:26:03 UTC,robotics internship
2026/01/15 04:15:25 UTC,robotics engineer
2026/01/15 04:15:25 UTC,robotics engineer
2026/01/15 04:37:46 UTC,robotics internship
2026/01/15 04:37:46 UTC,robotics internship
2026/01/15 04:37:48 UTC,intern
2026/01/15 04:37:48 UTC,robotics internship
2026/01/15 04:37:49 UTC,Software Engineer
2026/01/15 04:37:49 UTC,Vice Captain
2026/01/15 04:37:49 UTC,robotics internship
2026/01/15 04:37:49 UTC,robotics internship
2026/01/15 06:20:32 UTC,internship
2026/01/15 10:10:49 UTC,intern
2026/01/15 10:10:49 UTC,intern On-site or Remote or Hybrid
2026/01/15 12:45:32 UTC,internship
2026/01/15 12:45:32 UTC,robotics engineer
2026/01/15 12:45:32 UTC,robotics engineer
2026/01/15 12:45:32 UTC,robotics intern
2026/01/15 12:45:32 UTC,robotics internship
2026/01/16 02:36:00 UTC,robotics intern
2026/01/16 02:37:59 UTC,robotics intern
2026/01/16 02:37:59 UTC,robotics intern
2026/01/16 02:38:00 UTC,Software Engineer
2026/01/16 02:38:00 UTC,Vice Captain
2026/01/16 02:38:00 UTC,intern
2026/01/16 02:38:00 UTC,robotics intern
2026/01/16 02:38:00 UTC,robotics intern
2026/01/16 03:37:21 UTC,robotics internship
2026/01/16 04:26:27 UTC,robotics engineer
2026/01/16 04:26:27 UTC,robotics engineer
2026/01/16 06:31:18 UTC,internship
2026/01/16 10:21:59 UTC,intern
2026/01/16 10:21:59 UTC,intern On-site or Remote or Hybrid
2026/01/16 12:24:42 UTC,robotics engineer
2026/01/16 12:24:43 UTC,internship
2026/01/16 12:24:43 UTC,robotics intern
2026/01/16 12:24:43 UTC,robotics internship
2026/01/17 02:10:38 UTC,robotics intern
2026/01/17 03:14:57 UTC,robotics internship
2026/01/17 04:12:10 UTC,robotics engineer
2026/01/17 05:02:18 UTC,robotics engineer
2026/01/17 05:02:18 UTC,robotics engineer
2026/01/17 05:02:18 UTC,robotics engineer
2026/01/17 05:02:19 UTC,Software Engineer
2026/01/17 05:02:19 UTC,intern
2026/01/17 05:02:20 UTC,Vice Captain
2026/01/17 05:02:20 UTC,robotics engineer
2026/01/17 05:02:20 UTC,robotics engineer
2026/01/17 05:02:20 UTC,robotics engineer
2026/01/17 06:30:13 UTC,internship
2026/01/17 10:31:01 UTC,intern
2026/01/17 10:31:01 UTC,intern On-site or Remote or Hybrid
2026/01/17 12:31:21 UTC,internship
2026/01/17 12:31:21 UTC,robotics engineer
2026/01/17 12:31:21 UTC,robotics intern
2026/01/17 12:31:21 UTC,robotics internship
2026/01/18 02:12:28 UTC,robotics intern
2026/01/18 03:24:04 UTC,robotics internship
2026/01/18 04:25:23 UTC,robotics engineer
2026/01/18 06:08:13 UTC,internship
2026/01/18 10:17:21 UTC,intern On-site or Remote or Hybrid
2026/01/18 10:17:22 UTC,intern
2026/01/18 12:40:04 UTC,internship
2026/01/18 12:40:04 UTC,robotics engineer
2026/01/18 12:40:04 UTC,robotics engineer
2026/01/18 12:40:04 UTC,robotics intern
2026/01/18 12:40:04 UTC,robotics intern
2026/01/18 12:40:04 UTC,robotics internship
2026/01/18 12:40:04 UTC,robotics internship
2026/01/19 02:23:22 UTC,robotics intern
2026/01/19 02:23:22 UTC,robotics intern
2026/01/19 03:17:42 UTC,robotics internship
2026/01/19 03:17:42 UTC,robotics internship
2026/01/19 04:21:54 UTC,robotics engineer
2026/01/19 06:13:50 UTC,internship
2026/01/19 10:44:23 UTC,intern
2026/01/19 10:44:23 UTC,intern On-site or Remote or Hybrid
2026/01/19 12:27:29 UTC,internship
2026/01/19 12:27:29 UTC,robotics engineer
2026/01/19 12:27:29 UTC,robotics intern
2026/01/19 12:27:29 UTC,robotics internship
2026/01/20 02:32:56 UTC,robotics intern
2026/01/20 03:32:35 UTC,robotics internship
2026/01/20 04:31:13 UTC,robotics engineer
2026/01/20 04:31:13 UTC,robotics engineer
2026/01/20 06:13:54 UTC,internship
2026/01/20 10:48:51 UTC,intern
2026/01/20 10:48:51 UTC,intern On-site or Remote or Hybrid
2026/01/20 12:37:38 UTC,robotics engineer
2026/01/20 12:37:38 UTC,robotics internship
2026/01/20 12:37:39 UTC,internship
2026/01/20 12:37:39 UTC,robotics intern
2026/01/21 02:24:26 UTC,robotics intern
2026/01/21 03:35:01 UTC,robotics internship
2026/01/21 04:17:47 UTC,robotics engineer
2026/01/21 06:46:48 UTC,internship
2026/01/21 10:26:48 UTC,intern
2026/01/21 12:25:18 UTC,internship
2026/01/21 12:25:18 UTC,robotics engineer
2026/01/21 12:25:18 UTC,robotics intern
2026/01/21 12:25:18 UTC,robotics internship
