Date,ShareLink,ShareCommentary,SharedUrl,MediaUrl,Visibility
2026-01-20 05:15:18,https://www.linkedin.com/feed/update/urn%3Ali%3AugcPost%3A7419246121006415873,"Mapping with a walking robot is really tough compared to wheeled robots. The odometry is noisy, the Lidar shakes with every step, and the drift can ruin a map in seconds.""
""""
""To get this result using ROS 2 Humble, I had to dig deep into the control architecture:""
""""
""The Engineering Fixes:""
""""
""• Hardware Calibration: Wrote a custom Python script to mechanically trim every servo to the exact pulse width, fixing a 20-degree assembly error in the front-left hip.""
""""
""• Gait Synchronization: Developed a threaded teleop node to lock the walking speed to exactly 0.06 m/s—the sweet spot where the Lidar frequency matches the gait cycle.""
""""
""• Sensor Fusion: Tuned the EKF (Extended Kalman Filter) to fuse RF2O (Laser Odometry) with IMU data, stabilizing the map even when the robot slips.""
""""
""The result? Sharp walls, perfect loop closures, and a robot that finally knows where it is.""
""""
""Again thank you Scientist G for this amazing opportunity.""
""""
""Next up: Autonomous Navigation with Nav2.""
""""
""#ROS2 #Robotics #SLAM #ComputerVision #Quadruped #Python #Engineering #Lidar #AI #RoboticsDev #RaspberryPi""
""#ros2humble #slamtoolbox #foxglove #roboticsengineering #embedded #linux #autonomoussystems","","",MEMBER_NETWORK
2026-01-14 02:27:39,https://www.linkedin.com/feed/update/urn%3Ali%3AugcPost%3A7417029602180640768,"Building the Digital Twin: High-Fidelity Hospital Simulation.""
""""
""Before we can run advanced AI, we need a robust environment. Today's milestone: Bringing up the NVIDIA Nova Carter in a photorealistic Hospital environment within Isaac Sim 4.5 and teleoping the bot using ROS2(bridge)""
""""
""Running on an RTX 4060, I've optimized the rendering pipeline (DLSS, texture streaming) to handle this massive scene while maintaining a stable simulation loop.""
""""
""    Robot: Nova Carter (Reference AMR)""
""""
""    Sensors: Stereo Cameras (Hawk), IMU.""
""""
""    Bridge: Full ROS 2 Humble integration.""
""""
""The goal is Visual SLAM (VSLAM). Hospitals are notorious for being difficult environments for robots—long corridors, reflective floors, and dynamic lighting.""
""To prepare for this, I'm verifying the sensor data pipeline. The video shows the real-time Stereo Camera feed and TF tree streaming directly from the simulation into RViz2.""
""""
""Coming from Gazebo, the difference in sensor fidelity is staggering. The camera isn't just a static image; it respects lighting, exposure, and physical mounting properties. The IMU data is synchronized for VIO (Visual Inertial Odometry).""
""""
""The rig is ready. Next, we deploy Visual SLAM (RTABMap) to map this environment using only the cameras. Stay tuned""
""""
""#NVIDIA #IsaacSim #ROS2 #Robotics #Simulation #DigitalTwin #ComputerVision #VSLAM #AMR #NovaCarter #Engineering #LearnInPublic","","",MEMBER_NETWORK
2026-01-10 07:19:43,https://www.linkedin.com/feed/update/urn%3Ali%3AugcPost%3A7415653551739211776,"Remote Teleoperation and System Integration on PuppyPi via ROS 2.""
""""
""Hello World is standard, but Hello Walk is where the real engineering begins.""
""We’ve reached a major milestone with our quadruped project: Full Remote Teleoperation is live. While the hardware came with standard demos, we wanted a robust, developer-friendly architecture that allows us to control and debug the robot from anywhere.""
""""
""Here is the custom ROS 2 Humble stack we built to make it happen:""
""""
""1. The Nervous System (Tailscale & SSH) Real robots don't always stay on the local network. We integrated Tailscale to create a secure, mesh VPN. This allows us to SSH into the Pi and stream high-bandwidth data (Lidar/Video) seamlessly, treating the remote robot as if it were right next to us.""
""""
""2. The Eyes (Foxglove Studio) Debugging blind is a nightmare. We set up the Foxglove Bridge to visualize the robot's perception in real-time. Seeing the TF tree, camera stream, and Lidar scan (LD19) overlay instantly on a web dashboard has drastically speeded up our testing cycle.""
""""
""3. The Brain (Custom Launch Architecture) We moved away from scattered scripts and built a custom overlay package (my_puppy). A single master launch file now orchestrates the entire startup sequence:""
""""
""Body: Initializing the ros_robot_controller for servo/IMU communication.""
""Kinematics: Launching the gait engine.""
""Sensors: Bringing up the Lidar and optimized Camera nodes.""
""""
""4. Control (SSH Teleop) Standard teleop nodes weren't cutting it for the specific gait logic of this quadruped. We wrote a custom Python-based keyboard controller to manage state transitions (Sit/Stand/Walk) and send precise velocity commands directly to the navigation stack.""
""""
""And we used VDO ninja to stream the overview camera that is a mobile phone camera to see what the actual robot is doing. ""
""""
""Status & Next Steps: The robot is standing up and taking its first remote-controlled steps. We are currently fine-tuning the gait synchronization to smooth out the movement and eliminate micro-stutters, ensuring the walk is as fluid as the architecture behind it.""
""As well as freezing the camera frames issue.""
""""
""Next up: Sensor Fusion & SLAM. Time to make a map, ofcourse after the fine tuning and calibration. ""
""""
""#Robotics #ROS2 #Quadruped #PuppyPi #Engineering #Python #Linux #ComputerVision #Tailscale #Foxglove #EmbeddedSystems #Mechatronics #SoftwareEngineering #TechInnovation #AI #MachineLearning #OpenSource #IOT #RoboticsEngineering #AutonomousMobileRobots #AMR #SLAM #DigitalTwin #EdgeComputing #ControlSystems #FutureTech #MakerMovement #Coding #DevOps #Hardware","","",MEMBER_NETWORK
2026-01-07 03:55:33,https://www.linkedin.com/feed/update/urn%3Ali%3AugcPost%3A7414515009160052737,"Remote Systems Integration: Bridging the gap between Docker containers and real hardware.""
""""
""Just wrapped up the first milestone on a new project involving the Hiwonder PuppyPi quadruped. ""
""""
""The goal: establishing a full remote development environment to control the robot’s hardware from a different location entirely.""
""""
""The challenge wasn't just the robotics code; it was the network layer. We needed a secure, persistent bridge to the robot's internal ROS 2 nodes without being on the same local network.""
""""
""The Stack:""
""""
""    Robot: Hiwonder PuppyPi (Raspberry Pi 4)""
""""
""    Middleware: ROS 2 Humble""
""""
""    Containerization: Docker, Inc (swapping the default ROS 1 brain for a ROS 2 image)""
""""
""    Network: Tailscale (First time deploying this for a VPN mesh—game changer for remote robotics).""
""""
""The Result: Successfully verified the hardware-software bridge. I can now subscribe to live IMU/Battery telemetry and publish actuator commands (buzzer/servos) from my workstation, tunneling directly into the specific Docker container running on the robot miles away.""
""""
""Big thanks to Scientist G for presenting this opportunity and trusting me with the systems integration.""
""""
""Next up: Moving from basic drivers to full kinematic walking control and setting up a Digital Twin in Foxglove.""
""""
""#Robotics #ROS2 #SystemsIntegration #Docker #Tailscale #RemoteWork #Quadruped","","",MEMBER_NETWORK
2025-12-29 19:23:24,https://www.linkedin.com/feed/update/urn%3Ali%3AugcPost%3A7411487019018907648,"Started diving into the CARLA Simulator ecosystem today to level up my autonomous driving simulation skills. The goal was to move beyond theory and get a solid ROS 2 pipeline running with a custom vehicle stack.""
""""
""The Setup:""
""Simulator: CARLA (running a Tesla Model 3)""
""Middleware: ROS 2 Humble + ros-bridge""
""Control: Custom-built Python Teleop Node""
""""
""I spent some time configuring the ROS bridge to communicate with the simulation server. Initially, I ran into some input lag using standard terminal keys, so I wrote a custom driver script inspired by the manual control script given by carla, using Pygame and rclpy. It captures keyboard input and renders the camera feed in real-time, publishing CarlaEgoVehicleControl messages directly to the bridge. The result is zero-latency control""
""""
""It’s a simple Hello World for now even though learned a lot about the commands for carla etc, but a crucial first step before moving on to perception algorithms and other algos.""
""""
""#CARLA #ROS2 #Robotics #Simulation #AutonomousVehicles #Python #Engineering","","",MEMBER_NETWORK
2025-12-29 06:10:50,https://www.linkedin.com/feed/update/urn%3Ali%3Ashare%3A7411287564890075137,"Usually, my LinkedIn posts are full of High end Robotics—ROS nodes, simulations, and software stacks etc. ""
""""
""But today is about the chaotic, wired-up reality of the hardware side.""
""""
""POV: You just spent 3 hours on the floor bench-testing everything at once for a stack of parallel projects.""
""""
""From ESP32s and stepper motors to cameras and water quality sensors (yes, that’s oil in the glass) and many more, I’m running a marathon of component testing. It’s funny how in robotics, you can’t just be a programmer. You have to be an electrician, a mechanic, and sometimes a plumber just to get the code to run.""
""""
""Every new sensor is a new documentation page to read and a new bug to squash. It’s messy, it’s loud, and it’s arguably the best way to learn.""
""""
""Back to debugging! 💻🔧""
""""
""#Robotics #EmbeddedSystems #ESP32 #IoT #EngineeringLife #BehindTheScenes #Hardware #LearningEveryday","","",MEMBER_NETWORK
2025-12-21 19:27:16,https://www.linkedin.com/feed/update/urn%3Ali%3AugcPost%3A7408588889986174977,"A Game-Changer for ROS2 Prototyping: Universal ROS2-Mobile Sensor Bridge v2.0""
""""
""A while back, we shared v1.0 of this project by implementing it in our own way : Phone Camera + YOLO + ROS2 - Android only, front camera and a proof that a phone can be a serious perception sensor stack. ""
""""
""That was inspired by a post from Enzo Ghisoni and now its been upgraded to v2.0 which brings a lot of new features.""
""""
""Mobile Sensor Bridge for ROS2 v2.0 lets you stream sensor data from ANY smartphone directly into your ROS2 stack - with zero app installs.""
""""
""Why it's amazing:""
""""
""● iOS + Android support (finally)""
""● Back or front camera streaming (proper scene capture)""
""● GPS & IMU data as ROS topics""
""● Speech-to-text + TTS integration""
""● Just a browser URL - no native apps needed""
""""
""Perfect for:""
""""
""● Field demos & rapid prototyping""
""● Multi-sensor fusion experiments""
""● Educational workshops""
""● Testing perception algorithms with real-world data""
""""
""Implementation: ""
""""
""● Clone, build, launch""
""● Open URL on phone → Instant ROS topics""
""""
""From the maintainer VedantC2307, Vedant Choudhary, this repository is a huge contribution to the community. ""
""""
""If you're doing ROS2 perception work or need quick sensor integration for demos, this tool is a must-try. The fact that it works from any modern browser (Chrome/Brave) makes it incredibly accessible.""
""""
""GitHub:""
"" https://lnkd.in/gkFaR9p7""
""""
""#ROS2 #Robotics #Prototyping #OpenSource #ComputerVision #IoT #MobileDevelopment #SensorFusion #GitHubFind","","",MEMBER_NETWORK
2025-12-21 14:50:47,https://www.linkedin.com/feed/update/urn%3Ali%3AugcPost%3A7408519311847436288,"Squeezing Every Drop of Performance from the NVIDIA Jetson Orin Nano""
""""
""Optimization isn't just about speed—it's about efficiency.""
""""
""We benchmarked the Ultra-Fast Lane Detection (UFLD) model running on ROS 2 & Python to see just how much compute we could save on the Edge. By migrating from PyTorch to TensorRT, the results were staggering.""
""""
""The Benchmark Results (Capped at 30 FPS):""
""""
""🔴 PyTorch (FP16) Latency: ~28 ms | GPU Load: ~60% Verdict: Heavy compute load but better than PyTorch (FP32) [~20% more heavier]""
""""
""🟡 TensorRT (FP32) Latency: ~23 ms | GPU Load: ~40% Verdict: Improved, but still resource-intensive.""
""""
""🟢 TensorRT (FP16) — The Sweet Spot Latency: ~19 ms | GPU Load: ~20% Verdict: Ideally balanced speed and efficiency.""
""""
""🚀 TensorRT (INT8) — Max Velocity Latency: ~17 ms | GPU Load: ~10% Verdict: Maximum speed, minimal load.""
""""
""Key Insights: ""
""🔹 Resource Liberation: Switching to TensorRT FP16 dropped GPU usage by 3x, leaving 80% of the GPU free for processes like Lidar, SLAM, and Path Planning. ""
""🔹 The Accuracy Trade-off: While INT8 is the efficiency king (only 10% load!), we observed a visual drop in lane tracking accuracy compared to FP16. ""
""🔹 Edge Mode: All metrics were pulled off using jetson_clocks, simulating maximum performance mode for deployment.""
""""
""And this is just with Python. Converting this pipeline to C++ or NVIDIA Isaac ROS could unlock even lower latencies and zero-copy transfer speeds.""
""""
""#Robotics #EdgeAI #NVIDIA #JetsonOrin #TensorRT #ROS2 #ComputerVision #DeepLearning #Optimization #Python #EmbeddedSystems #AI #Engineering YOLOvX Ultralytics NVIDIA","","",MEMBER_NETWORK
2025-12-13 08:16:51,https://www.linkedin.com/feed/update/urn%3Ali%3AugcPost%3A7405521070151196672,"Edge AI Reality Check: PyTorch vs. TensorRT on Jetson Orin Nano""
""""
""    Following up on my previous post about optimizing a Lane Detection model, I moved from the development laptop to the real hardware: the NVIDIA Jetson Orin Nano.""
""""
""    Many of you asked: ""How does the efficiency translate to the actual embedded board?""""
""""
""    I ran a head-to-head comparison between the standard PyTorch model and our optimized TensorRT Engine (FP16), monitoring real-time Process-Specific VRAM and System Load.""
""""
""📊 The Benchmark (Target: 30 FPS Cap):""
""""
""    🔴 Baseline (PyTorch):""
""""
""        FPS: Struggling at ~24 FPS""
""""
""        GPU Load: Spiking to 85%+ (Saturation)""
""""
""        VRAM Usage: ~580 MB""
""""
""        Verdict: The GPU is fully occupied, leaving zero room for other critical tasks like Radar processing or Path Planning.""
""""
""    🟢 Optimized (TensorRT FP16):""
""""
""        FPS: Rock solid 30 FPS (Software Capped)""
""""
""        GPU Load: Cruising at ~20%""
""""
""        VRAM Usage: ~215 MB (62% Reduction)""
""""
""        Verdict: We freed up 80% of the GPU resources, allowing us to run simultaneous Object Detection and State Estimation models on the same 25W board.""
""""
""    The Engineering Insight: By calculating per-process VRAM (rather than just total system memory), we confirmed that the optimization doesn't just run faster—it runs leaner. This efficiency is the key to winning endurance events where thermal throttling and power budgets are critical constraints.""
""""
""Big thanks to YOLOvX for the feature on the last update.""
""""
""#Robotics #EdgeAI #NVIDIA #JetsonOrin #TensorRT #ROS2 #ComputerVision #Optimization #EmbeddedSystems #aBAJA #Engineering Ultralytics NVIDIA OpenCV YOLOvX NVIDIA AI NVIDIA Robotics","","",MEMBER_NETWORK
2025-12-11 15:55:41,https://www.linkedin.com/feed/update/urn%3Ali%3AugcPost%3A7404911762942193664,"Honored to be featured by YOLOvX. Great to see my work on TensorRT optimization reaching the wider computer vision community. ""
""""
""#Robotics #ComputerVision #NVIDIA #AI #MachineLearning #DeepLearning #Optimization #TensorRT #YOLOvX #NVIDIAInception #TechInnovation #EngineeringExcellence #ComputerVisionCommunity","","",MEMBER_NETWORK
2025-12-03 17:49:41,https://www.linkedin.com/feed/update/urn%3Ali%3AugcPost%3A7402041351305093120,"Optimizing Vision AI for Edge Deployment: From PyTorch to TensorRT""
""""
""Building efficient autonomous navigation stacks requires more than just accurate models—it demands computational efficiency. Before deploying our Lane Detection pipeline to embedded hardware (Jetson Orin Nano), we benchmarked the impact of TensorRT optimization directly on our development workstation (RTX 4060).""
""""
""The results of converting the Ultra-Fast Lane Detection (UFLD) model from standard PyTorch to a TensorRT Engine (FP16) were significant:""
""""
""● The Raw Benchmark (Model Only): When running pure inference without ROS2 overhead:""
""""
""○ Throughput: Skyrocketed from 281 FPS (PyTorch) to 929 FPS (TensorRT).""
""""
""○ Inference Time: Slashed from 3.56 ms down to 1.07 ms per frame.""
""""
""● When integrated into the stack processing videos feeds(ROS2 Node)""
""""
""○ VRAM Usage: Reduced by ~42% (614 MB → 258 MB) ""
""""
""○ Inference Efficiency: Maintaining 30 FPS cap with only 4% GPU Utilization ""
""""
""○Latency: Dropped from 13.4ms to ~9.0ms per frame""
""""
""The Technical Workflow: ""
""""
""Framework: ROS2 Humble ""
""""
""Perception: OpenCV & CUDA""
""""
""Optimization: PyTorch ➡ ONNX ➡ TensorRT (FP16 quantization)""
""""
""By minimizing the GPU footprint for lane detection, we unlock substantial headroom to run concurrent heavy workloads—such as Radar-based AEB and sensor fusion, Object Detection, and State Estimation—simultaneously on constrained edge hardware.""
""""
""Next step: Deploying this perception stack on the Jetson Orin Nano and see the difference on an edge device.""
""""
""#Robotics #ComputerVision #TensorRT #NVIDIA #EdgeAI #DeepLearning #AutonomousVehicles #ROS2 #JetsonOrin #AI #MachineLearning #Engineering #EmbeddedSystems #Python #PyTorch #ONNX #CUDA #SelfDrivingCars #ADAS #Optimization #Developer #Tech #Innovation #GPU #AutomotiveEngineering #ArtificialIntelligence #OpenCV #RealTimeSystems #RobotOperatingSystem #NvidiaDeveloper","","",MEMBER_NETWORK
2025-12-03 15:47:01,https://www.linkedin.com/feed/update/urn%3Ali%3AugcPost%3A7402010476257349632,"The best kind of mail day.""
""""
""There is a specific kind of joy in receiving a box full of sensors, microcontrollers, and motors. It’s basically Lego for engineers, just with more Python scripts and deadlines.""
""""
""We are proud to announce that our team has qualified for Stage 2 of e Yantra robotics competition (eYRC) 2025-26. Out of the many teams that started, we’ve made it to the Top 100 and earned this sponsored hardware kit from e-Yantra, IIT Bombay.""
""""
""We’ve proved our code works in the virtual arena. Now comes the fun part: turning that code into movement.""
""""
""Thanks a lot to Govind Krishna C, Sidharth Sajith, Tharun Oommen Jacob for being a part of the team, its a really wonderful experience working along with all of you.""
""""
""Anyway time to crack this box open and get to work.""
""""
""#eYRC #eYRC2024 #RoboticsCompetition #IITBombay #eYantra #Top100 #HardwareKit #Unboxing #Robotics #Makers #EngineeringLife #STEMEducation #TechForGood #FutureEngineers #Microcontrollers #Sensors #Automation #EmbeddedSystems #Innovation #ProjectUpdate #DeepLearning #Python #TechNews #StudentLife #Engineering #Motivation #BuildBetter #IoT #IndiaInnovation","","",MEMBER_NETWORK
2025-12-02 07:52:28,https://www.linkedin.com/feed/update/urn%3Ali%3AugcPost%3A7401528666616422400,"Successfully bridged a custom XACRO/URDF robot into the NVIDIA Isaac Sim ecosystem. ""
""""
""Following the NVIDIA DLI path was a great start, but applying it to a custom platform required diving deeper.""
""""
""    Import: Converted XACRO to URDF and imported using the /robot_state_publisher node publishing the URDF via ROS2 with full physics collisions.""
""""
""    Rigging: Fixed articulation roots and collider offsets. Solved the issue of the bot tipping over at the start cause of an offset in Center of Mass.""
""""
""    Graphing: Built a custom ROS 2 Action Graph to map cmd_vel messages to a 4-wheel independent joint setup.""
""""
""    Bridging: Full software-in-the-loop control via ROS 2 Humble.""
""""
""The simulation is incredibly high-fidelity. It caught issues like Center of Mass offsets that visualization tools like RViz just don't show. I'm currently working on tuning the motor torque curves to prevent the ""wheelie"" effect you see at the start of the video—physics tuning is an art form in itself.""
""""
""On to the next challenge. ""
""""
""#Robotics #IsaacSim #ROS2 #Simulation #NVIDIA #UGV #Python #Omnigraph #SimToReal #TechDiaries","","",MEMBER_NETWORK
2025-11-22 10:59:10,https://www.linkedin.com/feed/update/urn%3Ali%3AugcPost%3A7397951771836526592,"Research Paper Accepted at U R Rao Satellite Centre (URSC), ISRO Conference.""
""""
""    I am really really excited to share that our research paper, ""Automating the Visual Inspection of Aircraft Structures Using 2D and 3D Computer Vision, Machine Learning, and Robotics,"" has been accepted and presented at the 14th National Seminar on Aerospace and Related Mechanisms (ARMS 2025).""
""""
""    This work was a massive team effort led by Adithya Satheesh, co-authors Ranjitha G, Kartik Yadav, and guided by our mentor Augustin M.J. at CSIR - National Aerospace Laboratories (NAL).""
""""
""    My contribution focused on laying the groundwork for the autonomous navigation stack:""
""""
""        Architecting the initial ROS 2 framework on NVIDIA Jetson.""
""""
""        Implementing the low-level hardware interface for the encoder-less UGV.""
""""
""        Developing the foundational Visual-SLAM and sensor fusion approach that the team later refined to achieve the core application.""
""""
""    🏆 Proud Moment: Receiving the Certification of Appreciation from U R Rao Satellite Centre (URSC), ISRO for my role as a co-author in this defense-grade research.""
""""
""    A huge congratulations to the entire team for pushing this project across the finish line.""
""""
""#Robotics #Research #ISRO #DRDO #ROS2 #ComputerVision #VSLAM #AutonomousSystems #Engineering #Innovation #CSIR #NAL #Teamwork #ResearchPaper #Publications #Conference #ARMS2025","","",MEMBER_NETWORK
2025-11-16 17:33:48,https://www.linkedin.com/feed/update/urn%3Ali%3AugcPost%3A7395876760191553537,"Isaac Sim 5.0 vs 4.5 on an RTX 4060: The results are in, and they're significant.""
""""
""After completing the first official NVIDIA DLI course on Fundamentals of Robotics, I made the strategic switch from v5.0 to v4.5 for performance reasons. The impact was a 3x FPS jump—from a struggling ~20 FPS to a rock-solid 60 FPS, even while running the full ROS 2 bridge.""
""""
""This performance boost unlocked the ability to build and run a full software-in-the-loop pipeline. The video shows the complete result:""
""✅ Robot built & articulated from scratch in the simulator.""
""✅ Live teleoperation via ROS 2 Twist messages.""
""✅ Real-time camera & LiDAR data published over the ROS 2 Bridge.""
""✅ Full sensor visualization in RViz2, as if it were real hardware.""
""""
""The real lesson wasn't just connecting the Action Graph nodes; it was debugging the physics. The video captures some initial wheel slippage on hard acceleration—a classic sim-to-real problem that required tuning the friction properties of the physics materials. This is where the high-fidelity aspect truly shines.""
""""
""With this foundational pipeline solid, the next step in the learning path is clear: rigging with our own custom URDF assets. The journey from Gazebo to a full, physically-accurate digital twin continues.""
""""
""Will be updated on that soon.""
""""
""And Personally I suggest IsaacSim Version 4.5 for GPUs below RTX4080 and Version 5 >  for GPUs in 50 series or above 4080.""
""""
""For anyone looking for a systematic way to learn, I can't recommend this free DLI path enough. Link in the comments! 👇""
""""
""""
""#NVIDIA #IsaacSim #ROS #ROS2 #Robotics #Simulation #DigitalTwin #Performance #Benchmark #RTX4060 #Engineering #LearnInPublic #NVIDIADLI #USD #URDF #ActionGraph #OmniGraph #Debugging","","",MEMBER_NETWORK
2025-11-05 19:26:32,https://www.linkedin.com/feed/update/urn%3Ali%3AugcPost%3A7391918861660590081,"Stop scrolling if you are trying to learn ROS 2 🛑 I finally found the answer to the question that’s filled my DMs for months.""
""""
""I've been on my own journey through ROS 2 Humble for a while now, and if you're a builder, you know the documentation alone can feel like navigating a maze. I was constantly asked: ""Where is the best video tutorial for a beginner?""""
""""
""Well, after diving in myself, I have an answer: the ROS 2 Humble Tutorial Series on the official DigiKey YouTube channel, led by the brilliant Shawn Hymel.""
""""
""This isn't just another quick recommendation—I’m currently halfway through the series where its now on C++ services section (that’s the 6th and latest video as of now), and I'm genuinely impressed. While there are other great resources out there, this series stands out for its clarity and depth.""
""""
""What makes this series a game-changer (even for those who've started before):""
""""
""● Dual-Language Superpower: Shawn teaches every core concept (Nodes, Topics, Services, etc.) first in Python and then immediately transitions to C++. This dual focus is a genuine lifesaver for grasping both the logic and the performance-critical application and helps in grasping quickly by comparing each other.""
""""
""● The Clarity Factor: It successfully bridges the huge gap between the official ROS 2 documentation and practical, clean code. The presentation style gives clarity that I often felt was missing when I started, The documentation is great(I am someone who learned through that), still there are times that you feel like there should be some fillers in between to understand it much better and this bridges that too.""
""""
""● Real-World Learning: Even using different distributions (I'm on Humble, Shawn is on Jazzy), the minor versioning issues we encounter (like a missing command) are, surprisingly, excellent training for real-world debugging. ""
""""
""● More Than Just ROS 2: When you check the channel, you'll see this series is just one part of their wider, incredibly useful playlist—a true treasure trove of embedded systems content.""
""""
""Its good if you have a little knowledge in programming to start, but even if that's a problem you can still bridge that gap using generative AI parallelly to learn nowadays with spending a little more time.""
""""
""I'm incredibly excited to see what the next videos in the series cover, and I highly recommend this as the go-to video resource for anyone looking to build a career in robotics—whether you’re a beginner or need a solid foundation review.""
""""
""Checkout the video series: https://bit.ly/49B0uqM""
""""
""There are other great resources too, but personally this is a good one from me by experience. But thanks to other creators too for their valuable contents.""
""""
""A huge thank you and shoutout to Shawn Hymel and the DigiKey team for pouring so much effort into creating this invaluable resource. ""
""""
""#ROS2 #Robotics #EmbeddedSystems #CPP #Python #DigiKey #ShawnHymel #Learning #TechTutorial #Engineering #Automation #OpenSourceRobotics""
""#OpenRobotics","","",MEMBER_NETWORK
2025-10-25 05:39:30,https://www.linkedin.com/feed/update/urn%3Ali%3AugcPost%3A7387724465708838912,"Beyond the final rank, the real trophy from BAJA SAEINDIA is the deep engineering experience. For my network of developers and roboticists, I wanted to share the core technical architecture that our team, Team Equinox, built to bring our autonomous vehicle to life.""
""""
""My role was leading the Autonomous Systems Integration, the incredible challenge of bridging the high-level world of ROS 2 with the low-level reality of our vehicle's hardware. This was a journey in making two different worlds speak the same language.""
""""
""Our entire system was architected around a central NVIDIA Jetson by Tanna TechBiz LLP running ROS 2 and connected to a Kvaser AB dual channel CAN adapter to interface it directly to the CAN network communicating with five distributed Arduino UNO R4 Minima microcontrollers over a robust CAN bus network. Each Arduino served as a dedicated, real-time ""muscle controller"" for a specific task (Startup, Dashboard, Throttle, Brakes, Steering).""
""""
""This was a true team effort, and I was the fortunate integrator connecting the brilliant work of two major sub-teams:""
""""
""First, the low-level Electrical Team, led by Naveen Shaji George and Muhammed Ajmal K with their incredible crew. They were the masters of the physical layer, designing the PCBs, building the complex wiring harness, and patiently debugging every circuit with me. Their work was the foundation everything was built on. When a relay fired unexpectedly or a sensor gave a noisy reading, they were the ones who found the solution in the hardware.""
""""
""Second, the high-level Autonomous Software Team, led by ASHISH SHAJAN and Tomin Michael. They were the masters of the ""brain,"" developing the perception and control algorithms in ROS 2. They gave me the high-level commands—the ""what to do.""""
""""
""My job was to build the ""how."" This involved architecting the CAN protocol, writing the firmware for the Arduino nodes, and developing the central C++ ROS 2 can_interface node that acted as the real-time translator between the two worlds. The challenge was immense, from solving CAN bus arbitration conflicts to tuning PD controllers for our actuators and designing safety-critical state machines to pass the rigorous Technical Inspections.""
""""
""The interface node includes converting the Starkenn Technologies Radar encoded CAN data to ROS messages through the DBC file. ""
""""
""This experience was a profound lesson in how crucial the role of a systems integrator is. It's about understanding both the hardware and software worlds deeply enough to make them work together seamlessly. A massive thank you to both teams and many others who worked behind the scenes, for their collaboration, patience, and expertise. We built this together. ""
""""
""#BAJASAEINDIA #SystemsIntegration #CANbus #EmbeddedSystems #ROS2 #DriveByWire #ECU #ControlSystems #StateMachines #NVIDIAJetson #Arduino #Teamwork #Leadership #AutomotiveEngineering","","",MEMBER_NETWORK
2025-10-20 16:49:58,https://www.linkedin.com/feed/update/urn%3Ali%3AugcPost%3A7386081256389869569,"Chechi, from the bottom of our hearts, thank you for everything. It wasn't just the car or the competition; it was the way you led us—with unwavering belief, quiet strength, and so much care. You didn't just build a machine; you built a family. We are so incredibly proud of you, and we wish our Captain nothing but endless happiness and the very best in every road ahead.","","",MEMBER_NETWORK
2025-10-13 06:58:33,https://www.linkedin.com/feed/update/urn%3Ali%3AugcPost%3A7383395703701590016,"It's been a month of intense focus and near radio silence, and now I can finally share the incredible story. This wasn't just a project; it was a year-long odyssey into the heart of real-world automotive engineering, culminating in a week of immense pressure and profound learning at BAJA SAEINDIA 2025.""
""""
""I am unbelievably proud to announce that our new team, Team Equinox, has achieved an All India Rank of 7th and secured the 2nd position among all teams from Kerala!""
""""
""Breaking into the Top 10 nationally on our first attempt is a monumental achievement, but the true victory was forged in the inspection bays. Over three grueling days, our vehicle was put to the ultimate test, and we passed every single one: mKit, eKit, aKit, and all six of the formidable Autonomous TI checks. This accomplishment is a direct testament to the thousands of hours our team poured into building a vehicle that is not just innovative, but fundamentally safe and robust.""
""""
""Our journey through the three phases of this competition—from preliminary designs and simulations to the final track-side execution—was a masterclass. We excelled in the concept and presentation stages, proving the strength of our engineering design. However, the track itself is the final, unforgiving judge. We faced challenges that can never be simulated: a damaged camera cable moments before our Traffic Sign/Light Detection event, a CAN bus conflict that hampered our Autonomous Emergency Braking run, and the sheer pressure of debugging a complex distributed system against the clock. These weren't failures; they were the most valuable, high-stakes lessons an engineer could ask for.""
""""
""This entire endeavor would have been impossible without two key pillars: our mentor and our team.""
""""
""An immense congratulations and our deepest gratitude to our faculty advisor, Er. LEVIN ROBY ABRAHAM, whose unconditional support and guidance were our foundation. His dedication was recognized on a national stage as he was honored with the prestigious Dronacharya Award for the All India Best Faculty Advisor. Sir, this achievement is as much yours as it is ours.""
""""
""And to the heart and soul of this mission, Team Equinox:""
""Our dear Captain Ahalya Nair, Vice Captain Shawn Anish Chirappuram, Autonomous head ASHISH SHAJAN,  Electrical Head Naveen Shaji George, Mechanical Head Mervin Mathew, Manager Muhammed Ajmal K, driver Asher James, Ihesanul Haq, Mathew George Chunkathil, Thampu Varghese Jacob, Shreya Ann Alexander, Aryananda Ashok, Benoni K Binoy, Tomin Michael, Alen Joe Abey, Alen Thomas Saji, Nandana Sreekumar, Aswan A S, Dhanush G, Emil Phil Vinod, Rohith, Jithin Shaji, Jithin Jayakumar, Krishna Malliath, Neha, Jane Sara Reji and Jiji Abraham Issac.""
""""
""Thank you. For every line of code, every soldered joint, every late night, and every moment of shared belief.""
""""
""#BAJASAEINDIA #SAEINDIA #TeamEquinox #AIR7 #Top10 #DronacharyaAward #ElectricVehicle #StudentCompetition #Engineering #Teamwork #Automotive #Perseverance #ROS #CANbus #Kerala","","",MEMBER_NETWORK
2025-09-07 20:02:00,https://www.linkedin.com/feed/update/urn%3Ali%3AugcPost%3A7370546906390810624,"From Gazebo to High-Fidelity Simulation! My first deep dive into NVIDIA Isaac Sim has been a massive and rewarding experience.""
""""
""Coming from a background in ROS 2 and URDFs, it's incredible to see how core robotics concepts like links and joints map so cleanly to the USD-based world of Xforms and Articulations.""
""""
""In just a short time, I've gone from a blank stage to building, rigging, and tuning a wheeled robot from scratch—all through the GUI. Debugging the physics of wheel friction and controller settings was a fantastic lesson in itself!""
""""
""The result is a fully articulated robot with a working camera. The real-time RTX rendering provides a level of realism that is just on another level. (Video attached!)""
""""
""This is just the foundation. The next critical step is to bridge this simulation to the outside world. I'm diving into the ROS 2 Bridge next to stream this camera data and send control commands from my native ROS 2 environment.""
""""
""Excited to keep learning and sharing the journey! Huge thanks to the NVIDIA team for making these powerful tools so accessible.""
""""
""#Robotics #NVIDIA #IsaacSim #Omniverse #ROS #ROS2 #Simulation #DigitalTwin #RoboticsEngineering #LearnInPublic #USD","","",MEMBER_NETWORK
2025-09-04 16:14:39,https://www.linkedin.com/feed/update/urn%3Ali%3AugcPost%3A7369402526653218842,"Absolutely thrilled and deeply honored to share a monumental milestone for our team at Saintgits College of Engineering (Autonomous).""
""""
""I'm incredibly proud to have been a part of the foundational student team for the newly inaugurated Taiwan-India Integrated Command and Control Centre for Sustainable Smart Cities. This groundbreaking initiative, in collaboration with the brilliant minds at National Chung Cheng University, Taiwan, marks the launch of the world's first cross-nation federated AI learning platform.""
""""
""Our role was to build the critical IoT infrastructure that feeds this powerful AI system with real-world environmental data.""
""Our team was responsible for designing, building, and deploying prototypes of comprehensive stations(nodes) to measure data for air quality, water quality, salinity etc under the charge of our faculty mentors NISHANTH P R and Jyothish Chandran G.""
""""
""I'm particularly proud of my role in co-ordinating and architecting the end-to-end data pipeline, moving data from sensors to screen. We built a robust system using ESP32 microcontrollers, publishing data via MQTT for real-time efficiency, and channeling it through a Python service into a MySQL database. This data is now served via a custom Flask API to a live dashboard, providing a complete, scalable solution. It was a masterclass in system design and integration. ""
""""
""This achievement was only possible through immense collaboration and guidance.""
""""
""Profound gratitude to Professor Pao-Ann Hsiung of CCU, Dr. Yang Lung-Jieh, and the entire delegation from the Taipei Economic and Cultural Center in India for their vision and for entrusting us with this opportunity.""
""""
""And of course, this would have been impossible without my incredible teammates: Sidharth Sajith, Govind Krishna C and Tharun Oommen Jacob who worked on creating the database, server as well as the dashboards for the entire system to show the data live from the prototype nodes, Nakul Krishna Ajayan, Abin Abraham, Abhishek P J and Tom Toms for helping out with the air quality node, Rishikesh R and Elena Elizabeth Cherian who worked on the Water level and salinity monitoring Node and Emil Phil Vinod who worked on the Drinking Water quality monitoring Node. ""
""""
""Again a big thanks on guiding us on this Nishant sir and Jyothish sir as well as many other faculties who were incharge, Dr. Pradeep Chandrasekhar, thank you sir.""
""""
""Anyway happy to be a part till now and and excited on contributing to this more on the future.""
""""
""This project was more than just code and circuits; it was a profound lesson in international collaboration, system architecture, and the future of smart city technology. Excited to see how this platform evolves and contributes to cutting-edge AI research.""
""""
""Facebook Post:""
""https://lnkd.in/gq26bGcZ""
""""
""#IoT #SmartCities #AI #FederatedLearning #TaiwanIndiaCollaboration #MQTT #MySQL #ESP32 #Python #Engineering #Saintgits #CCU #MakeInIndia #DigitalIndia #TeamManagment","","",MEMBER_NETWORK
2025-08-31 04:50:55,https://www.linkedin.com/feed/update/urn%3Ali%3AugcPost%3A7367780904078868482,"For anyone working with low-cost Mecanum-wheeled robots, accurate odometry without wheel encoders is a significant challenge. Standard kinematic models often fail to account for the real-world dynamics of continuous rotation servos, leading to severe drift.""
""""
""To address this, I'm open-sourcing the complete ROS 2 Humble software stack for ""Project Orion,"" a UGV I developed. This repository provides a working solution for robust localization on this challenging hardware.""
""""
""GitHub Repository: https://lnkd.in/gEzjGPmv""
""""
""Key Technical Features:""
""🔹 Encoder-less Odometry: A forward_kinematics node that generates a stable wheel odometry stream purely from calibrated servo commands.""
""🔹 State-Based Kinematic Calibration (SBKC): Includes the scripts and methodology we developed to tune the kinematic model for asymmetric drive mechanics (forward vs. strafing vs. rotation), significantly reducing open-loop drift.""
""🔹 High-Fidelity URDF: A detailed XACRO-based robot model, including a kinematically correct pan-tilt mechanism and properly defined sensor frames (REP-103 compliant) for the HP60C RGB-D camera and IMU.""
""🔹 Full Hardware Pipeline: Includes a complete, multi-tiered architecture for interfacing ROS 2 on an Orin Nano with a Teensy/Arduino for real-time control and sensor processing.""
""""
""This project is for robotics students, hobbyists, and researchers who are building similar encoder-less Mecanum platforms and need a solid foundation for control and SLAM.""
""""
""This work was developed as part of my internship at CSIR - National Aerospace Laboratories (NAL). Huge thanks to my collaborator Adithya Satheesh, who was instrumental in developing the 3D models and providing invaluable support throughout the project.""
""""
""Feedback and contributions are welcome.""
""""
""#ROS2 #Robotics #Mecanum #SLAM #Odometry #OpenSource #URDF #Jetson #Engineering","","",MEMBER_NETWORK
2025-08-23 05:53:44,https://www.linkedin.com/feed/update/urn%3Ali%3AugcPost%3A7364897613663436801,"Couldn’t have said it better myself. I’m incredibly proud of what our team accomplished. So much learned, and truly excited for what's next.","","",MEMBER_NETWORK
2025-08-15 11:43:35,https://www.linkedin.com/feed/update/urn%3Ali%3AugcPost%3A7362086553440980992,"Five days. That's the time our team had to learn MATLAB & Simulink and deliver a solution for the MathWorks Minidrone Competition while we were going through our exams. We started with the excellent framework provided by MathWorks—including the drone model and physics simulation—and our task was to engineer the brain.""
""""
""This is the result: a complete autonomous navigation and landing algorithm.""
""""
""Our design is a hybrid state machine that intelligently switches between two control modes to maximize stability and precision:""
""""
""1. High-Level Position Control (pos_ref):""
""For stable flight phases like following a straight line, we command the drone with waypoints in the fixed world coordinate system. A P-controller uses visual feedback to calculate the sideways (Y) component of the waypoint, while a discrete integrator calculates the forward (X) component, resulting in smooth, continuous motion.""
""""
""2. Low-Level Attitude Control (orient_ref):""
""For sharp, on-the-spot turns, position control is too sluggish. We switch to attitude control to command a precise Yaw Angle. This gives us direct control over the drone's heading, allowing for crisp, predictable 90-degree turns.""
""""
""The Vision System:""
""To feed the state machine, we built a multi-ROI vision pipeline. A ""look-ahead"" region of the camera feed analyzes the path's Orientation to detect upcoming turns, while a ""steering"" region analyzes the Centroid to provide real-time feedback for our line-following P-controller.""
""""
""The Brutally Honest Part:""
""This controller is a specialist. It's tuned and architected for tracks with cardinal (90-degree) turns.""
""""
"" Why won't it work on a 45-degree turn? Because our straight-line logic explicitly separates ""forward"" and ""sideways"" into the world X and Y axes. After a 90-degree turn, we can simply swap these roles. But for a 45-degree turn, ""forward"" becomes a mix of X and Y, and this simple logic breaks down. A truly universal controller would require a more complex, drone-centric (trigonometric) navigation model.""
""""
""This project was an incredible deep dive into the realities of control systems.""
""""
"" Huge thanks to my teammates Govind Krishna C, Sidharth Sajith, and Nidhi N. We all started from scratch, and the collaborative push to build, debug, and understand this system in just a few days was a phenomenal experience.""
""""
""For anyone interested in the technical details, the full MATLAB Function code is on my GitHub. Link in the first comment.""
""""
""#ControlSystems #Robotics #MATLAB #Simulink #AutonomousSystems #EngineeringStudent #StateMachines #ComputerVision #Aerospace","","",MEMBER_NETWORK
2025-08-06 18:34:45,https://www.linkedin.com/feed/update/urn%3Ali%3AugcPost%3A7358928535727599616,"lemme share something with you guys from a recent project and my first real dive into the world of CAN bus! It's one thing to read about a technology, but getting it to work hands-on is an incredible feeling""
""""
""We successfully built a proof-of-concept for a steering-by-wire system, demonstrating a complete, closed-loop control system right on our workbench""
""""
""Check out the video, where I voiced it over with my mother tongue, trying to explain what's already on the screen :)""
""""
""Here’s how our system works:""
""""
""🧠 The Brain (NVIDIA Jetson): A Python script on the Jetson acts as the command center. We can tell it a ""desired angle"" we want our system to achieve.""
""""
""💪 The Controller (Arduino Mega): The Arduino is the hands of the operation. It's connected to an absolute encoder that knows its exact physical position at all times.""
""""
""⚡ The Nervous System (CAN Bus): This was the star of the show! The CAN bus created a robust, two-way communication link between the Jetson and the Arduino.""
""(We used a CAN adapter from KVASER)""
""""
""The Jetson sends the desired angle command to the Arduino via CAN.""
""""
""Simultaneously, the Arduino reads its current angle from the encoder and sends it back to the Jetson via CAN.""
""""
""The magic happens on the Arduino. It constantly compares the desired angle from the Jetson with its current angle and outputs real-time steering commands—""Turn Left by X degrees"" or ""Turn Right by Y degrees""—which we monitored on the serial monitor. When we manually turned the encoder to the target angle, it immediately responded with ""Target Reached!""""
""""
""The moment we sent a command from the Jetson and saw the Arduino instantly react was a huge breakthrough. It proved our entire hardware and software chain was working perfectly including the interface with CAN. ""
""""
""This entire learning journey wouldn't have been nearly as successful or enjoyable without an amazing team.""
""""
""A special and massive thank you to my friend, Andrewjos Sebastian, whose help and late-night debugging sessions were absolutely instrumental in getting this over the line. Your help was invaluable.""
""""
""Huge thanks to Mathew George Chunkathil for creating us the low level control frame work. ""
""""
""Huge thanks to the rest of our brilliant team for their constant support, ideas, and collaboration: Shawn Anish Chirappuram,  IHESANUL HAQ,Samarth Santhosh,Benoni K Binoy,Naveen Shaji George,Jithin Shaji.""
""""
""And finally, immense gratitude to our mentor, LEVIN ABRAHAM, for his invaluable direction and for always encouraging us to push the boundaries. ""
""""
""And at last but not the least our Team captain ahalya nair, without whome this all wouldn't have happened at all. ""
""""
""This project was a fantastic, hands-on introduction to the robustness and reliability of CAN communication, and I'm excited to build on this foundation for even more complex robotics and automation projects""
""""
""#CANbus #EmbeddedSystems #Robotics #NVIDIAJetson #Arduino #SteeringByWire #Engineering #Python #Innovation #Teamwork #FirstTime #HandsOnLearning #Automation","","",MEMBER_NETWORK
2025-08-04 18:19:41,https://www.linkedin.com/feed/update/urn%3Ali%3AugcPost%3A7358199969964548097,"The spec sheet for a device like the NVIDIA Jetson Orin Nano only tells half the story. To see what it's really capable of, We ran a series of CPU benchmarks across its different power profiles. We wanted to see the real numbers behind the marketing, and the results are telling.""
""""
""The method was straightforward: use nvpmodel to select a power profile, jetson_clocks to lock the frequencies for that mode, and sysbench to run a 6-thread prime number calculation. Live stats were monitored with jtop.""
""""
""Here's a direct comparison of the three key modes:""
""""
""25W Mode: This is the default high-performance profile. It locks the CPU at 1.34 GHz and gives the GPU maximum priority. This scored 3448 events per second.""
""(Which is really interesting cause its supposed to be at 1.7GHz as I tested and confirmed with another Orin nano before. ""
""Any clues on why, maybe some config file bug or something else entirely.)""
""""
""15W Mode: Interestingly, this lower power mode produced a higher CPU score of 3843 events per second. The jetson_clocks output shows why: it allocates less power to the GPU, allowing the CPU to lock in at a faster 1.5 GHz.""
""(Which is expected ofc)""
""""
""MAXN_SUPER Mode: This is the unconstrained, ""max-effort"" mode. It removes the official wattage limit entirely. The result was a big performance increase, scoring 4437 events per second.""
""The most important finding came from running jtop in MAXN mode. The Orin Nano CPU pushed past its official 1.5 GHz specification, holding a completely stable 1.7 GHz on all six cores under full load. Total system power draw was a modest 11.1W for this CPU-only test, and the CPU temperature stayed at a healthy 71C. Plus the GPU was 1.02Ghz which is the max we found out.""
""""
""And the last power mode which is 7W. which shows a 960MHz clock speed for only 4 active cores.(Which is the lowest anyway).""
""""
""Thank You to my friend Sidharth Sajith for helping me test this out and made me familiar with many of the keywords here. ""
""""
""Conclusion: The Jetson Orin Nano is an impressive piece of hardware with smart power management. The ""best"" mode really depends on your work. For a GPU-heavy AI task, the 25W profile is the way to go. But for CPU-bound work like compiling code, the 15W mode actually provides a faster CPU clock. And for short bursts, the MAXN mode shows what the silicon is truly capable of.""
""""
""#NVIDIA #Jetson #OrinNano #EdgeAI #EmbeddedSystems #Linux #Benchmarking #PerformanceTuning #CPUTest","","",MEMBER_NETWORK
2025-08-01 15:13:48,https://www.linkedin.com/feed/update/urn%3Ali%3AugcPost%3A7357066023738486785,"Successfully completed my 60-day robotics internship at CSIR - National Aerospace Laboratories (NAL).""
""""
""I'm thrilled to share that I've concluded my internship at CSIR-NAL, where I had the incredible opportunity to work on developing a full-stack autonomous navigation system for an inspection UGV.""
""""
""Over the past two months, I dove deep into the ROS 2 ecosystem on an NVIDIA Jetson Orin Nano, tackling real-world robotics challenges from the ground up. My primary contribution was architecting and validating a robust localization and mapping (SLAM) solution for a challenging encoder-less Mecanum-wheeled platform.""
""""
""Key Achievements & Skills:""
""""
""🔹 Sensor Fusion: Designed and implemented an Extended Kalman Filter (EKF) to robustly fuse data from an RGB-D camera (VIO), a 9-DOF IMU, and a custom kinematic odometry model.""
""""
""🔹 System Debugging & Calibration: Performed in-depth system characterization, including developing a State-Based Kinematic Calibration (SBKC) to overcome motor asymmetries and solving complex hardware driver and sensor instability issues.""
""""
""🔹 Comparative Analysis: Conducted a rigorous experimental study to quantitatively prove that our EKF-fused system reduced odometry error by over 90% compared to a baseline VIO-only approach.""
""""
""🔹 ROS 2 & Digital Twinning: Created a high-fidelity URDF model and developed a full software stack including custom nodes for control, odometry, and hardware interfacing.""
""""
""This entire experience has been a masterclass in robotics engineering, from low-level firmware to high-level SLAM. I'm immensely grateful to my mentors at NAL, Augustin M.J. and Adithya Satheesh, for their invaluable guidance and support. A huge thank you to my colleagues Nidhi N, Sreyas and Karthik for the fantastic collaboration.""
""""
""I'm excited to apply these skills to future challenges in autonomous systems!""
""""
""Seriously learned a lot, in 2 months I got to experience, real world experience on how an industry works and how to build or R&D for an industry, more than what the past 2 years have shown me. Thanks a lot Saintgits College of Engineering (Autonomous) for supporting me on this endeavor. ""
""""
""#Robotics #SLAM #ROS2 #SensorFusion #EKF #AutonomousNavigation #Internship #NAL #Jetson #Engineering #VSLAM","","",MEMBER_NETWORK
2025-07-22 19:12:53,https://www.linkedin.com/feed/update/urn%3Ali%3AugcPost%3A7353502315741392896,"The results are in, and they're not subtle. Here's a side-by-side look at why a simple Visual-Inertial Odometry (VIO) is not enough for robust SLAM, and how an EKF changes everything.""
""""
""For our autonomous UGV,  we put two SLAM architectures to a head-to-head test in a challenging indoor simulation. The mission: create a clean, globally consistent map(A small single room).""
""""
""Top Video: System A (VIO-Only SLAM)""
""""
""This is what happens when you rely solely on a visual-inertial source for odometry. Watch closely:""
""🔹 Fragility: Notice how easily the system gets lost (the dreaded ""red screen"" in rtabmap-viz) during turns or fast movements.""
""🔹 Map Fragmentation: Each time the VIO fails, our Odom/ResetCountdown feature correctly kicks in to recover, but this creates disconnected ""map islands.""""
""🔹 Failed Loop Closures: At the end, when the robot returns to the start, the accumulated drift between the islands is so massive that the system correctly rejects the loop closures to avoid corrupting the map entirely.""
""🔹 The Result: A distorted, fragmented, and unusable map.""
""""
""Bottom Video: System B (EKF-Fused SLAM)""
""""
""This is the exact same task, but with one critical difference: we've added a robot_localization Extended Kalman Filter (EKF) to fuse the fragile VIO with the simulation's stable (but drifty) wheel odometry and IMU. The difference is night and day:""
""🔸 Robustness: The EKF acts as a ""shock absorber."" When the VIO fails, the EKF seamlessly ""coasts"" on the other sensors, providing a continuous odometry stream. The map never stops growing.""
""🔸 No Islands: Because the EKF's output is continuous, the SLAM node sees no reason to create new map islands. The map is built as a single, cohesive entity.""
""🔸 Successful Loop Closure: The EKF's filtering dramatically reduces odometry drift. When the robot returns to the start, the loop closure is mathematically sound and is ACCEPTED (is what I would like to say but as this is a simulation and the environment is bland amd feature less, therefore the final loop closure didnt happen, even still we got a pretty good map).""
""🔸 The Result: A clean, geometrically correct, and globally consistent map, ready for navigation.""
""""
""The Conclusion:""
""Our experiment confirms what the official RTAB-Map research paper states: for robust navigation, fusing with other sensors like wheel odometry and IMU is mandatory. The EKF isn't just a ""nice to have""; it is the foundational component that provides the fault tolerance necessary for real-world autonomy.""
""""
""While a simulation is always more visually sparse than reality (leading to fewer loop closures than we'd expect on our UGV), the difference in architectural robustness is undeniable.""
""""
""What are your go-to strategies for building robust SLAM systems?""
""""
""#Robotics #SLAM #VSLAM #ROS #RTABMap #EKF #SensorFusion #AutonomousVehicles #UGV #ComputerVision #KalmanFilter #Engineering","","",MEMBER_NETWORK
2025-07-18 14:19:35,https://www.linkedin.com/feed/update/urn%3Ali%3Ashare%3A7351978954188025856,"Incredible news from the SAEINDIA aBAJA 2025 Phase 2 Virtual Round! ""
""""
""Our hard work with Team Equinox ""
"" from Saintgits College of Engineering (Autonomous) has paid off spectacularly, earning us the title of 2nd RUNNER UP! 🏆""
""This achievement reflects our collective dedication.""
""""
""I'm incredibly proud to be part of such a team. This milestone fuels our excitement as we continue to push the boundaries in autonomous vehicle development.""
""""
""A huge thank you to BAJA SAEINDIA for organizing this challenging competition, and to our mentors and college for their unwavering support. Onwards to the next phase.""
""""
""#aBAJA2025 #SAEINDIA #TeamEquinox #Robotics #AutonomousVehicles #Engineering #Innovation #StudentSuccess #MechanicalEngineering #ComputerScience #Automation #FutureMobility #ProudMoment #Saintgits","","",MEMBER_NETWORK
2025-07-15 17:37:40,https://www.linkedin.com/feed/update/urn%3Ali%3AugcPost%3A7350941635913900039,"I'm really glad to share a major milestone from my journey in the #intelunnati Industrial Training Program by Intel Corporation""
""""
""Over the past few weeks, I've been developing a ""Smart Product Labeling and Traceability System"" from the ground up, and I'm excited to share a demo of the fully integrated system in action.""
""""
""This project was an incredible deep dive into systems integration, combining a ROS 2 framework for modular communication, a PyBullet digital twin for real-time visualization, and a multi-stage AI/CV pipeline (using TensorFlow, Keras, EasyOCR, and Pyzbar) for intelligent decision-making.""
""""
""A special shout-out to my incredible teammate, Hridya Mariam Reji, whose massive support, collaborative spirit, and dedication were absolutely invaluable throughout this project. It was truly a team effort.""
""""
""From designing the ROS 2 node architecture to training a custom ML model for print quality and building a responsive UI, this has been a challenging and immensely rewarding experience. A huge thank you to my mentor Dr. Starlet Ben Alex and Saintgits College of Engineering (Autonomous),  for their support.""
""""
""This is a big step in my professional journey, and I can't wait to see what's next!""
""""
""#ROS2 #Robotics #DigitalTwin #PyBullet #AI #MachineLearning #ComputerVision #Python #Intel #StudentProject #Automation","","",MEMBER_NETWORK
2025-07-10 16:18:49,https://www.linkedin.com/feed/update/urn%3Ali%3AugcPost%3A7349109854688468992,"From Simulation to Reality: First Steps (and Stumbles) with Real-World VSLAM.""
""""
""After weeks of intense simulation, today was a huge milestone: our first hands-on SLAM run with the real hardware! The goal was to test our Visual-Inertial Odometry (VIO) system, using just the robot's camera and IMU to map its environment.""
""""
""We put the wheelless UGV on a rolling chair and manually navigated it around a complex space. The results were fascinating and a perfect lesson in the gap between simulation and the real world.""
""""
""The Successes:""
""✅ The core system worked! We successfully generated a live 3D point cloud and a 2D occupancy grid from the sensor data.""
""✅ In feature-rich areas with smooth motion, the tracking was surprisingly accurate.""
""""
""The Critical Insight:""
""⛔ The VIO-only system is incredibly fragile. We proved that challenging lighting or even just less-than-perfectly-smooth motion can cause the VIO to lose tracking completely. When this happens, the only recovery is to manually backtrack to a previously seen area. This is not a scalable solution for a truly autonomous robot.""
""""
""This ""failure"" is our most valuable data point yet. It provides the undeniable justification for our next step: implementing a robust multi-sensor fusion system using an Extended Kalman Filter (EKF). We will fuse the accurate-but-fragile VIO with other sensor data to create an odometry source that is resilient and fault-tolerant.""
""""
""This journey is a powerful reminder that in robotics, understanding a system's failure modes is the most important part of designing its successes. Onwards to the EKF!""
"" ""
""And a huge thanks to my mentor Adithya Satheesh who helped me through the process. And my colleagues Nidhi N and sreyas who supported me.""
""""
""#Robotics #SLAM #VSLAM #ROS #RTABMap #Autonomous #UGV #Engineering #Research #ROS2 #SensorFusion #Odometry #UGV #RealWorldTesting #EngineeringResearch #FromSimToReal #MadeWithROS #FailsForward #BuildInPublic","","",MEMBER_NETWORK
2025-07-06 16:31:13,https://www.linkedin.com/feed/update/urn%3Ali%3AugcPost%3A7347663423574315009,"Why Our VSLAM Failed, and Why It's Our Biggest Success Yet""
""""
""Over the past few sessions, I’ve been deep-diving into Visual-Inertial SLAM for our autonomous UGV, Project Orion. The mission: use an RGB-D camera and IMU to map and navigate an unknown environment. Our tool of choice: RTAB-Map in ROS 2.""
""""
""To truly understand the limitations, we decided to stress-test the system in pure simulation — no wheel encoders, no GPS, no depth fallback — just visual-inertial odometry (VIO). And that’s where things got interesting.""
""""
""""
""---""
""""
""🧪 The Experiment""
""""
""We isolated RTAB-Map's internal VIO for motion tracking. After days of tuning parameters, QoS settings, and TF frames, we finally had it running in Gazebo.""
""""
""""
""---""
""""
""💥 The Outcome (""Failure"")""
""""
""VIO turned out to be incredibly fragile in simulation.""
""Fast rotations, sudden moves, or low-texture areas? Boom — ""Registration Failed"".""
""""
""Sometimes it recovered. But with each failure, drift accumulated.""
""The real kicker: after exploring the whole map, the robot returned to its starting point — the visual system recognized it, but the backend rejected every loop closure.""
""""
""Why? Because the odometry error had grown over 150x beyond acceptable limits. Closing the loop would have resulted in a broken, physically impossible map.""
""""
""""
""---""
""""
""🔍 The Insight (""Success"")""
""""
""This was actually the perfect failure. It confirmed something critical:""
""No amount of SLAM tuning can compensate for poor odometry — especially when your only input is simulated VIO in an artificial, low-feature world.""
""""
""""
""---""
""""
""🌍 Real World > Simulation?""
""""
""We strongly believe this fragility is amplified by the limitations of simulation. Real-world data — with actual sensor noise, better lighting variety, richer textures — could yield much more stable VIO performance.""
""""
""Still, the lesson is clear:""
""The path forward lies in sensor fusion.""
""""
""""
""---""
""""
""🛠️ Our Next Move""
""""
""We're building a robust odometry pipeline using an EKF, fusing:""
""""
""Fragile but accurate VIO""
""""
""Stable but imprecise wheel odometry""
""""
""Complementary IMU data""
""""
""""
""This will give us a resilient foundation to support higher-level SLAM and navigation tasks.""
""""
""""
""---""
""""
""🧠 Calling All Experts!""
""""
""If you’ve tackled VSLAM in real-world robotics or fought through odometry drift, I’d love to hear:""
""""
""How did you overcome loop closure issues?""
""""
""Have you seen similar VIO fragility in simulation vs real-world?""
""""
""Any tuning or sensor tricks you wish you knew earlier?""
""""
""#Robotics #SLAM #VSLAM #RTABMap #ROS2 #AutonomousVehicles #Engineering #VisualOdometry #EKF #FailureIsLearning #ProjectOrion #BuildInPublic #TechLeadership #AI #ComputerVision","","",MEMBER_NETWORK
2025-07-03 15:46:15,https://www.linkedin.com/feed/update/urn%3Ali%3AugcPost%3A7346564945674649600,"Precision in Motion: Teleoperating Our UGV's Exact Digital Twin in RViz2! 🚀""
""""
""There's a unique ""wow"" factor when your digital creation springs to life under direct control. This week, we reached a significant milestone: successfully teleoperating the exact URDF model of our Unmanned Ground Vehicle within RViz2.""
""""
""This wasn't just about moving a generic model. It's about seeing our UGV's precise digital twin – complete with its Mecanum wheels, intricate pan-tilt camera, and all articulated joints – responding to commands in real-time. This involved meticulously setting up its correct TF (Transformation) frames and verifying the entire TF tree, ensuring the virtual robot truly mirrors its physical counterpart.""
""""
""This achievement marks a crucial step in bridging the gap between simulation and hardware. It allows us to:""
""""
""🔹 Test complex kinematics (like Mecanum drive's strafing) in a safe, repeatable virtual environment.""
""""
""🔹 Validate control algorithms against a high-fidelity representation of our robot.""
""""
""🔹 Prepare accurately for physical deployment and advanced autonomous behaviors.""
""""
""It's incredibly rewarding to see all the URDF modeling work, sensor integration, and control pipeline development culminate in this precise, interactive digital twin.""
""Watch our UGV's digital twin respond to teleoperation commands in the video below! 👇""
""""
""Huge thanks to my mentor, Adithya Satheesh  and the entire team for their guidance and for creating an environment where these intricate integrations are possible. Onward to more advanced simulation and real-world testing!""
""""
""#Robotics #ROS2 #URDF #DigitalTwin #Teleoperation #UGV #RViz2 #TF #RobotModeling #Simulation #PrecisionEngineering #Mecanum #Kinematics #ControlSystems #AutonomousSystems #RoboticsEngineering #Automation #TechSkills #StudentEngineers #HandsOnLearning #FutureOfRobotics #SoftwareDevelopment #HardwareSoftwareIntegration #EngineeringExcellence #Innovation #MadeInIndia #RobotDevelopment","","",MEMBER_NETWORK
2025-06-28 17:32:55,https://www.linkedin.com/feed/update/urn%3Ali%3AugcPost%3A7344779848923435008,"Fixed, patched, and calibrated.""
""Our UGV's vision system is now ready for high-accuracy SLAM.""
""""
""Project Update! Successfully calibrated the RGB-D camera for our autonomous ground vehicle.""
""""
""After a deep dive into the ROS 2 camera_calibration package, I moved on to debugging the vendor's driver on our Jetson Orin Nano. This involved fixing the package's CMakeLists.txt and ultimately modifying the C++ source code to permanently embed the new intrinsic matrix (K) and distortion coefficients (D).""
""""
""The result: a robust perception pipeline publishing verifiably accurate camera data. Check out a quick video of the calibration process! 👇""
""""
""Obviously we would do it again after fixing it in the bot. but right now we are reaching our goal step by step while also learning through it.  ""
""""
""Thank You Adithya Satheesh for the great mentoring. ""
""""
""On to RTAB-Map integration(after some stuffs and fine tuning some other stuffs ofc)""
""""
""#UGV #Robotics #ROS2 #SLAM #ComputerVision #EmbeddedSystems #Jetson #CameraCalibration #RGBD #Perception #C++ #CMake #RTABMap #Debugging #SoftwareDevelopment #AutonomousVehicles #AutonomousRobotics #SensorFusion #RobotVision #Navigation #Mapping #MobileRobotics #FieldRobotics #HandsOnLearning #RoboticsEngineer #CareerDevelopment #Innovation #ProjectUpdate #LearningJourney #FixedIt #Calibrated #ResearchAndDevelopment","","",MEMBER_NETWORK
2025-06-25 18:15:33,https://www.linkedin.com/feed/update/urn%3Ali%3AugcPost%3A7343703412284264448,"Ever been stuck on a ""simple"" robotics problem that spirals into a multi-day deep dive? 🤯 ""
""""
""That was me last week. It started with a persistent RViz2 visualization bug and ended with this: a complete, high-fidelity digital twin of a custom mobile robot, built from the ground up!""
""""
""Witness it in action 👇""
""""
""This wasn't just XML; it was a full-scale robotics integration project. I want to share the journey and key lessons learned:""
""The Mission: To build a complex URDF for a custom UGV with Mecanum wheels and an articulated pan-tilt camera.""
""""
""Key Learnings & Milestones: 💡""
""""
"" * Robust ROS 2 Toolchain: Proved setup with a ""Hello, World"" visualization.""
""""
"" * Mastered XACRO: Created a modular, parametric, and reusable robot system.""
""""
"" * Real-World Debugging: Tackled common challenges like correcting mesh paths, configuring setup.py, and solving No Transform errors for movable joints.""
""""
"" * High Fidelity: Integrated real datasheet parameters (YDLIDAR HP60C), community 3D models (servos, mount, IMU), and perfected scale/orientation.""
""""
""The Result: A fully articulated robot model, ready for advanced simulation and control! This project was invaluable in building a strong foundation for working with production-level URDFs.""
""""
""An Important Note on This Project:""
""This model was created as a focused learning exercise to build a strong foundation in robotics modeling. While it's a feature-complete digital twin, our team's final UGV project will use a precision CAD model being developed by my mentor Adithya Satheesh. This journey has been invaluable in preparing me to work with, debug, and enhance that production-level URDF.""
""""
""Open-Source & The Power of Community: 🤝""
""This project would have been impossible without building on the incredible work of the open-source community. Huge credit and thanks go to:""
""""
"" * Yahboom / Automatic Addison: For the foundational rosmaster_x3_description macros.""
""""
"" * Aditya Kamath (adityakamath): For the detailed pan-tilt mechanism meshes from the pan_tilt_ros repository.""
""""
"" * The ros-drivers Community: For the flir_ptu_description package, which provided the camera mounting bracket mesh.""
""""
"" * The GrabCAD Community: For the MPU-9250 IMU model.""
""""
""I've documented the entire process and made all the code, including the final URDF, public on my GitHub. I hope it can serve as a detailed guide for other students and engineers diving into robotics with ROS 2.""
""""
""Check out the full repository here: 👇""
""https://lnkd.in/gV2n3ETD""
""""
""#ROS #ROS2 #Robotics #URDF #XACRO #Engineering #RoboticsEngineering #Simulation #DigitalTwin #LearnInPublic #OpenSource #Mecanum #UGV #RobotModeling #Gazebo #RViz2 #RobotDevelopment #3DRobotics #SystemIntegration #DebugTips #Troubleshooting #RoboticsCommunity #TechSkills #StudentEngineers #Innovation #HardwareSoftwareIntegration #Python #EmbeddedSystems #ComputerVision #FutureOfRobotics #Developers #Bengaluru #MadeInIndia #CareerDevelopment #STEM #Automation #RoboticsSoftware #DigitalTransformation #AppliedRobotics","","",MEMBER_NETWORK
2025-06-22 15:12:35,https://www.linkedin.com/feed/update/urn%3Ali%3Ashare%3A7342570205316861953,"I am really excited to get into the world of embedded AI with the NVIDIA Jetson Orin Nano (on an AverMedia carrier board with an external SSD) for the first time.""
""""
""And I'm gearing up to deploy advanced robotics perception algorithms for our UGV project.""
""""
""The Orin Nano module, designed for industrial applications, offers a significant leap in processing power and efficiency, critical for the complex, multi-sensor perception tasks and a lot more.""
""""
""The week was all about getting this powerhouse set up – flashing JetPack, installing ROS 2 Humble, and preparing the environment for some serious SLAM action with our YDLIDAR HP60C RGB-D camera. It's a steep learning curve, but incredibly exciting to see the potential unfold. ""
""""
""Upgrading from Raspberry Pi to the Orin nano was exciting and as well as shown me how much powerful as well as power hungry the device really is. ""
""""
""Big thanks to my mentor Adithya Satheesh for providing me with these opportunities to work with cutting edge technologies. Looking forward to pushing the boundaries of what we can achieve with this incredible piece of hardware! Stay tuned for more updates on our UGV's journey.""
""""
"" #Robotics #AI #EmbeddedSystems #NVIDIAJetson #OrinNano #ROS2 #SLAM #LearningJourney #Innovation #UGV","","",MEMBER_NETWORK
2025-06-18 19:21:12,https://www.linkedin.com/feed/update/urn%3Ali%3AugcPost%3A7341183219632914433,"From Chaos to Clarity: Building a Python Toolkit for Robust Computer Vision Datasets""
""""
""Every great machine learning model is built on a foundation of great data. But in the real world, data is rarely clean, consistent, or balanced. I'm excited to share a project I developed to tackle this challenge head-on: a YOLO Dataset Toolkit.""
""""
""This toolkit is a set of Python scripts designed to take on the ""janitorial"" work of data preparation, turning multiple, messy sources into a high-quality, training-ready dataset.""
""""
""The Journey from Raw Data to a Perfect Training Set:""
""""
""    The Challenge: We started by sourcing data from multiple public projects. Each came with its own structure, class names (stop vs. Red Light), and quality.""
""""
""    The Problem: Simply combining these sources resulted in a severely imbalanced dataset, with some classes having 10x more images than others—a recipe for a biased model.""
""""
""    The Solution: I built a configurable Python script that unifies the datasets. It uses a mapping file to standardize all class names and consolidate the data into a single, clean format.""
""""
""    The Result: A perfectly balanced dataset, created by automatically under-sampling the majority classes. We went from a chaotic mix to a perfectly structured set, ready for training.""
""""
""    The Extra Mile: To ensure quality, I even added an interactive OpenCV-based tool to let a human reviewer quickly spot-check images and flag any mislabeled data.""
""""
""This project was a deep dive into the practical side of MLOps and data engineering. Building a solid data pipeline is a critical first step before any model training can begin, and I'm proud of the robust and reusable toolkit that came out of it.""
""""
""The full toolkit is available on my GitHub for anyone to use or adapt!""
""""
""https://lnkd.in/gCNgdf82""
""""
""#DataEngineering #Python #ComputerVision #MachineLearning #DataScience #YOLO #DataPreprocessing #MLOps #Automation #GitHub #OpenSource #DataCleaning #DataEngineering #Python #ComputerVision #MachineLearning #DataScience #YOLO #DataPreprocessing #MLOps #Automation #GitHub #OpenSource #DataCleaning #DatasetBalancing #UnderSampling #OpenCV #DataQuality #DataPipeline #ModelTraining #AI #DeepLearning #ComputerVisionEngineering #MachineLearningEngineering #SoftwareDevelopment #Scripting #ProblemSolving #TechSolutions #RealWorldAI #PracticalML #DataDriven #RobustModels #BiasInAI #CleanData #MLWorkflows #ReproducibleAI #TechCommunity #Developers #Engineers #DataAnalytics #AICommunity #MLCommunity #YOLODataset #Toolkit #CustomTools #DatasetManagement #DataStrategy #CodeNewbie #Innovation #TechTrends #LinkedInForDevelopers","","",MEMBER_NETWORK
2025-06-18 17:48:36,https://www.linkedin.com/feed/update/urn%3Ali%3AugcPost%3A7341159917526884352,"3D vision integration""
""""
""Integrating the YDLIDAR HP60C Depth Camera with ROS2.""
""""
""A robot's ability to navigate its environment starts with perception. This week I focused on integrating the primary sensor for the UGV's SLAM system: the YDLIDAR HP60C RGB-D camera.""
""""
""My goal was to get the camera's data streams—including RGB video, a depth image, and a 3D point cloud—published into ROS2. Huge credit to the team at Shenzhen Yahboom Technology Co.,Ltd for providing an excellent ROS2 package for their hardware. Their well-documented repository made the integration process much smoother and is a great example of supporting the open-source robotics community.""
""""
""Checkout the Repository:""
""https://lnkd.in/gBNGx2nh""
""""
""After setting up the driver, I was able to visualize the live 3D point cloud in RViz2, as seen. This real-time 3D data is the raw material our robot will use to build a map and understand its surroundings. This is a critical foundation for implementing SLAM algorithms next.""
""""
""Endless thanks to my mentor, Adithya. Onward to mapping!""
""""
""#3DVision #DepthCamera #LiDAR #ROS2 #RViz2 #SLAM #Robotics #Perception #URDF #Internship #NAL #UGV #AutonomousNavigation #MobileRobotics #RobotMapping #EnvironmentPerception #HandsOnLearning #TechSkills #StudentEngineers #InternLife #CareerDevelopment #LearnByDoing #RoboticsInternship #Innovation #TechCommunity #FutureOfRobotics #STEM #MakeInIndia #Bengaluru #RoboticsCommunity #OpenSource #YDLIDAR #RGBD #PointClouds #RoboticsSoftware #EmbeddedSystems #Python #RobotDevelopment","","",MEMBER_NETWORK
2025-06-15 14:18:40,https://www.linkedin.com/feed/update/urn%3Ali%3AugcPost%3A7340019921646493696,"Full Mobility Unlocked! First successful teleoperation of our Mecanum-wheeled UGV.""
""""
""What a milestone! We achieved full, real-time teleoperation of our UGV. This is where all the components start coming together.""
""""
""Using a keyboard on the laptop, ROS2 Humble sends movement commands over the network to the onboard Raspberry Pi. The Pi then translates these commands and sends them serially to the Teensy, which orchestrates the complex dance of the four Mecanum drive motors. This setup allows for incredible agility, including forward, backward, rotational, and—most impressively—sideways (strafing) movements, which you can see in the video.""
""""
""Simultaneously, the live camera feed is being compressed and streamed back to the control station for viewing in RQT. It was my first time working with the fascinating kinematics of a Mecanum drive, and it's a fantastic platform for a mobile inspection robot.""
""""
""This achievement wouldn't be possible without a great team. Shout-out to my mentor, Adithya Satheesh, and a special thanks to my colleagues, Nidhi N and especially Sreyas, who did an amazing job on the electronics integration that makes this all possible.""
""""
""#UGV #Mecanum #Teleoperation #ROS2 #Robotics #SystemIntegration #Teamwork #Internship #RaspberryPi #Teensy #Microcontroller #MobileRobotics #RobotControl #Kinematics #RQT #RoboticsSoftware #EmbeddedSystems #Python #OpenSource #Automation #AutonomousSystems #IndustrialRobotics #FieldRobotics #Milestone #Innovation #HandsOnLearning #LearnByDoing #EngineeringExcellence #TechSkills #StudentEngineers #RoboticsEngineering #CareerDevelopment #FutureOfRobotics #AI #TechCommunity #Bengaluru #MakeInIndia #RoboticsCommunity #HardwareIntegration #SoftwareDevelopment","","",MEMBER_NETWORK
2025-06-14 15:52:52,https://www.linkedin.com/feed/update/urn%3Ali%3AugcPost%3A7339681238774857729,"Refining a Robot's Vision: Integrating S-curve smoothing Servo Control for Camera Pan/Tilt.""
""""
""Continuing my journey, this week I focused on improving the camera gimbal mechanism for our UGV. While the basic pan/tilt control was in place, the movements were jerky, which isn't ideal for stable video feedback during inspection tasks.""
""""
""Building on the excellent research done by a previous intern, Sidharth, I integrated his sigmoid-based smoothing algorithm into our Teensy microcontroller's firmware. This function calculates an S-curve trajectory for the positional servos, ensuring they accelerate and decelerate smoothly instead of starting and stopping abruptly.""
""""
""In the video, you can see the much more fluid and controlled motion of the camera gimbal. This small but crucial refinement will significantly improve the quality of the video feed and is a great example of how iterative engineering and building on prior work leads to a more robust system.""
""""
""A huge thank you to my mentor, Adithya Satheesh for their guidance. It's rewarding to contribute to the details that make a real difference in performance!""
""""
""#Robotics #ServoControl #Mechatronics #Firmware #Teensy #Engineering #Internship #Sigmoid #MotionControl #EmbeddedSystems #ControlSystems #UGV #UnmannedGroundVehicle #Automation #RoboticsEngineering #Aerospace #HardwareEngineering #SoftwareEngineering #PrecisionControl #Gimbal #PanTilt #VideoStabilization #IterativeDesign #ContinuousImprovement #HandsOnLearning #TechSkills #StudentEngineers #Innovation #TechCommunity #FutureOfRobotics #STEM #MakeInIndia #RoboticsCommunity #LearningAndDevelopment #AI","","",MEMBER_NETWORK
2025-06-12 16:21:41,https://www.linkedin.com/feed/update/urn%3Ali%3AugcPost%3A7338963715846746114,"Diving into Robotics, My first hands-on experience with Raspberry Pi.""
""""
""Thrilled to share an update, This week, I had my first opportunity to work directly with the hardware for our Unmanned Ground Vehicle (UGV) project. It's been an incredible learning experience getting this testbed running.""
""""
""The team here had already established a solid foundation for motor control. My first task was to dive in, understand the existing system, and make some refinements to the teleoperation pipeline. In this short video, you can see the results—the UGV's Mecanum wheels responding to live commands! This was my first time working with a Raspberry Pi and a Teensy microcontroller with a mecanum wheels, and it's amazing to see the hardware react instantly to the ROS2 commands. ""
""""
""This control system is a crucial first step for the UGV, which is being developed. I'm excited to be contributing to this ongoing project and can't wait to tackle the next steps, which I will be updating on the go, excited about working with new experiences for the first time and keeps on improving.""
""""
""A huge thank you to my mentor, Adithya Satheesh, for bringing me up to speed,  and my colleagues Nidhi N and Sreyas for their fantastic guidance and teamwork. This is already proving to be an invaluable hands-on experience!""
""""
""#Internship #Robotics #ROS #ROS2 #RaspberryPi #Mechatronics #Engineering #FirstTime #LearnByDoing #HandsOnLearning #UGV #UnmannedGroundVehicle  #Automation #AutonomousSystems #RoboticsEngineering #Aerospace #Hardware #Software #Python #Microcontrollers #Teensy #MecanumWheels #TechSkills #CareerDevelopment #StudentEngineers #AI #ComputerVision #Innovation #TechCommunity #FutureOfRobotics #STEM #MakeInIndia #RoboticsCommunity #FutureOfWork #IndustrialAutomation #RobotControl","","",MEMBER_NETWORK
2025-06-10 18:33:11,https://www.linkedin.com/feed/update/urn%3Ali%3AugcPost%3A7338272031194402816,"Advancing our Autonomous Perception Stack for BAJA SAEINDIA 2025""
""""
""Thrilled to share a key milestone in our preparation for the BAJA SAEINDIA 2025 Virtual Dynamic Events! Our team has successfully integrated our custom traffic light and sign detection model (testing) into a robust ROS 2 pipeline.""
""""
""What we accomplished:""
""🔹 Transitioned our perception module from a standalone script to a scalable, decoupled ROS 2 architecture.""
""🔹 Created a dedicated node to publish video data, simulating the vehicle's camera feed for repeatable testing.""
""🔹 Developed a detector node that subscribes to the image stream, leverages GPU acceleration via PyTorch and CUDA for high-FPS inference, and publishes annotated results.""
""🔹 Utilized ROS 2 launch files to streamline the startup of the entire perception system.""
""""
""A huge shout-out to my teammate Tomin Michael and Shawn Anish Chirappuram for training the highly effective YOLOv8 model that forms the core of our detection capabilities. This is a testament to our team's collaborative spirit.""
""""
""This is a critical step in our testing phase, laying the groundwork for integrating perception with our vehicle's control systems. More exciting updates to come as we tackle the next stages of the competition!""
""""
""#BajaSAEINDIA #BAJA2025 #AutonomousRacing #Robotics #ROS2 #ComputerVision #YOLOv8 #DeepLearning #Python #GPU #CUDA #Engineering #Teamwork""
""#BajaSAEINDIA #BAJA2025 #AutonomousRacing #Robotics #ROS2 #ComputerVision #YOLOv8 #DeepLearning #Python #GPU #CUDA #Engineering #StudentInnovation #AI #Automation #TechSkills #RaceCar #Perception #AutonomousVehicles #StudentEngineers #FutureOfMobility #Mechatronics #SoftwareEngineering #HardwareAccelerated #Innovation #TeamworkMakesTheDreamWork""
""""
""(Test footage used: Snippet from the ""Los Angeles 4K - California Glow - Scenic Drive"" by J Utah, video on YouTube)","","",MEMBER_NETWORK
2025-06-02 15:20:38,https://www.linkedin.com/feed/update/urn%3Ali%3AugcPost%3A7335324472129802240,"Internship at CSIR-NAL ""
""""
""Kicking off an exciting new chapter in CSIR NAL Bengaluru! 🚀""
""""
""I've commenced my 45-day internship at CSIR - National Aerospace Laboratories (NAL), within the Aerospace Composite Division (ACD). My first day was truly insightful and inspiring.""
""""
""It was a privilege to delve into the world of composite materials in aerospace, witnessing advanced testing procedures, exploring cutting-edge labs, and meeting brilliant people who are at the forefront of innovation. I'm particularly excited to contribute to aerospace research and applications involving advanced composite materials, where I can explore automation and apply my robotics background.""
""""
""A huge thank you to CSIR - National Aerospace Laboratories (NAL) for this incredible opportunity! I am particularly grateful to Augustin M.J. and I am particularly grateful for the invaluable mentorship and guidance provided by Adithya Satheesh  who also connected me with this incredible opportunity.""
""""
""It's also great to embark on this journey alongside my friends and fellow interns, Nidhi N and Andrewjos Sebastian.""
""""
""Looking forward to immersing myself in aerospace research, applying my robotics background to challenges within composite material applications and developing solutions that enhance aviation safety and efficiency. Excited for what the next 45 days hold!""
""""
""#Internship #CSIRNAL #Aerospace #CompositeMaterials #Engineering #Research #NAL #ACD #StudentLife #LearningAndDevelopment #AerospaceEngineering #MaterialsScience #Innovation #Bengaluru #InternLife #EarlyCareer #TechInternship #Thankful #Robotics #Automation #AerospaceRobotics #AircraftDevelopment #FutureOfFlight #MadeInIndia","","",MEMBER_NETWORK
2025-06-01 00:25:11,https://www.linkedin.com/feed/update/urn%3Ali%3AugcPost%3A7334736735874011137,"Picking up speed at Team Equinox  🏎️💨""
""""
""Our autonomous buggy for the aBAJA competition conducted by BAJA SAEINDIA, Team Equinox from Saintgits College of Engineering (Autonomous) just hit a significant perception milestone: ""
""robust lane detection is LIVE!""
""""
""We've successfully moved into Level 2 autonomy territory by precisely identifying both continuous road lanes and those tricky mixed scenarios (one continuous, one dashed). This critical capability is powered by the Ultra-Fast Lane Detection (UFLD) model, which provides us with crucial lane boundary points in real-time.""
""""
""The Tech & Teamwork Breakdown:""
""""
"" * Foundation with UFLD: We rooted our solution in the highly efficient UFLD architecture, specifically leveraging its pre-trained models. A huge shoutout to the original UFLD authors for their groundbreaking work – ""
""their repository at https://lnkd.in/gAcH3eFT is a testament to open science!""
""""
"" * Serious Tuning & Adaptation: This wasn't just plug-and-play. My brilliant teammates, Thampu Varghese Jacob and Shawn Anish Chirappuram, dived deep into the original UFLD codebase. They performed extensive tweaks and fine-tuning of the algorithms, laying an incredible foundation by enhancing its performance for our specific environmental needs.""
""""
"" * Precise Pathing & Visualization: Building on their fantastic work, we then apply specific algorithms to these detected lane points, deriving the optimal center line coordinates for our buggy's precise path planning. To make this all visually intuitive for debugging and monitoring, we leverage OpenCV to overlay these detected lanes and center lines directly onto our camera feed.""
""""
"" * ROS 2 Integration: My role then focused on converting and packaging this powerful perception pipeline into a ROS2 compatible system, enabling seamless and robust integration with our autonomous buggy's overall software stack.""
""""
""This is a testament to what Team Equinox can achieve through intense collaboration and a relentless drive to innovate. Proud to be part of this journey at Saintgits College of Engineering (Autonomous) as we push towards the aBAJA competition finish line!""
""""
""Stay tuned for more updates.""
""""
""#AutonomousVehicles #Robotics #UFLD #LaneDetection #ROS2 #Perception #Engineering #StudentInnovation #TeamEquinox #Saintgits #Abaja #LKA #AutonomousRacing #ComputerVision #MachineLearning #DeepLearning #Python #OpenCV #PolynomialFitting #Automation #FutureOfMobility #TechTalent #StudentEngineers #InnovationInMotion #RoboticsCommunity #AcademicProject #MakeInIndia","","",MEMBER_NETWORK
2025-05-28 16:24:57,https://www.linkedin.com/feed/update/urn%3Ali%3AugcPost%3A7333528717433942018,"Ever wondered how quickly you can bring robotic automation concepts to life? ✨ This week, I took a deep dive into PyBullet, and I'm genuinely impressed with its capabilities for rapid prototyping and simulation!""
""""
""I set up a straightforward yet insightful scene: a conveyor belt system with a product smoothly moving along, designed to stop precisely at a designated inspection point. It's been fascinating to explore controlling object kinematics (starting with resetBasePositionAndOrientation and now eager to implement velocity-based controls!) and building these basic environments.""
""""
""Watch the simulation in action to see the conveyor system in motion! 👇""
""""
""PyBullet truly stands out as a lightweight, powerful tool. It's ideal for visually testing control logic, quickly prototyping robotic applications, and even holds immense potential for generating synthetic data crucial for advanced perception tasks. Excited to explore its broader applications in future projects!""
""""
""#Robotics #Simulation #PyBullet #Python #PhysicsEngine #Automation #Engineering #Learning #TechSkills #RoboticsEngineer #Mechatronics #SoftwareDevelopment #ControlSystems #ComputerVision #SyntheticData #Prototyping #Code #RoboticsCommunity #Innovation #LinkedInForDevelopers","","",MEMBER_NETWORK
2025-05-27 09:18:52,https://www.linkedin.com/feed/update/urn%3Ali%3AugcPost%3A7333059104208314368,"Aspire Leaders Program Completion""
""""
""Completing the 2025 Aspire Leaders Program marks a pivotal point in my development. Selected as one of 5,463 finalists from over 26,000 applicants, this 40-hour program, evolving from an initiative founded by visionary leaders like Tarun Khanna and Karim Lakhani who were Harvard Business School faculty, has fundamentally sharpened my approach to leadership and innovation.""
""""
""My journey through the Aspire Institute 's  rigorous curriculum yielded tangible skills:""
""""
"" * Strategic Leadership: Gained robust frameworks for personal and professional growth, including strengths-based assessments and career resources co-created with Harvard Business School.""
""""
"" * Problem-Solving & Project Innovation: Applied structured problem identification to a local community challenge (waste management), leading to the conceptualization and detailed planning of an innovative solution involving autonomous trash collection robots for environmental impact and behavioral change.""
""""
""* Active Engagement: Beyond structured learning, engaging in thought-provoking discussions, like the Week 1 prompt on ""what it means to be a leader for human development,"" allowed me to actively apply concepts and deepen understanding.""
""""
"" * Enhanced Capabilities: Emerged with increased self-confidence, sharpened critical thinking, and refined communication skills, fueling a strong desire to create social impact within a global community.""
""""
""This experience was a unique opportunity to learn from Harvard faculty and collaborate with a diverse international cohort.""
""""
""Looking forward to applying these advanced leadership and project development skills in my career as a Robotics Engineer, driving impactful solutions that bridge technology and community needs.""
""""
""#ALP #AspireLeadersProgram""
""#AspireInspiresFirstGen""
""#LeadershipDevelopment #AspireLeadersProgram #AspireInstitute #HarvardUniversity #SocialImpact #FirstGenerationStudents #CareerGrowth #ProfessionalDevelopment #GlobalCommunity #RoboticsEngineer #ProblemSolving #CriticalThinking #Innovation #AutonomousRobots #EnvironmentalSolutions #ProjectManagement #HarvardBusinessSchool #SkillsForFuture #TechImpact #FutureLeaders #LeadershipDevelopment #AspireLeadersProgram #AspireInstitute #HarvardUniversity #SocialImpact #FirstGenerationStudents #CareerGrowth #ProfessionalDevelopment #GlobalCommunity #RoboticsEngineer #ProblemSolving #CriticalThinking #Innovation #AutonomousRobots #EnvironmentalSolutions #ProjectManagement #HarvardBusinessSchool #SkillsForFuture #TechImpact #FutureLeaders #AI #STEM #StudentSuccess #GlobalTalent #Entrepreneurship #PersonalGrowth #LearningAndDevelopment #ContinuousLearning #DigitalTransformation #TechCareers #ImpactfulLeadership #FutureOfWork","","",MEMBER_NETWORK
2025-05-23 21:45:03,https://www.linkedin.com/feed/update/urn%3Ali%3AugcPost%3A7331797332524494848,"When beta testing a global robotics framework, every single issue counts. For the new ROS 2 Kilted Kaiju release, my contributions just landed me in the top 3 testers worldwide, with 51 closed issues to my name. What an incredible journey! 🚀""
""""
""The official release of the new ROS 2 distribution, Kilted Kaiju, on 23rd may is fantastic news for the robotics community. 🎉""
""""
""I'm immensely proud to have participated extensively in the pre-release ""Tutorial Party"" testing event over the past couple of weeks. It was an intense and rewarding experience diving deep into the ROS 2 ecosystem on Windows.""
""""
""Through this community effort, I was able to test and help validate numerous functionalities – from core CLI tools, Python and C++ examples, to complex features like Quality of Service, Lifecycle management, SROS2 security, Composition, and Service Introspection with various RMW implementations (Fast DDS & CycloneDDS). This work directly involved identifying and reporting several bugs and setup issues, contributing significantly to the overall stability of the Kilted release.""
""""
""It's truly humbling to see these efforts recognized, placing me 3rd among all the amazing contributors to the Kilted Tutorial Party! You can see the list in the image!""
""""
""Link to the Discourse page: https://lnkd.in/gBCFU77v""
""""
""This experience was my first significant dive into open-source contribution at this scale, and it has been invaluable. I've learned so much about the ROS 2 architecture, the testing process, debugging in different environments (especially Windows with Pixi), and the collaborative nature of the open-source community. A huge thank you to the ROS 2 maintainers like Alejandro Hernández Cordero, Tully Foote, Yadunund Vijay, Michael Carroll, Katherine Scott  and all others involved in this and fellow testers like Jatin Vira and Marlvern Chimbwanda  for their guidance and feedback along the way!""
""""
""Looking forward to leveraging these skills and continuing to contribute to the robotics community. Congratulations to the entire ROS 2 team and Open Robotics on the Kilted Kaiju release!""
""""
""#ROS2 #KiltedKaiju #OpenSource #Robotics #SoftwareTesting #Contribution #Community #Windows #ROS #LearnInPublic #Achievement #Tech #Engineering #SoftwareDevelopment #Developer #Programming #Innovation #Automation #DDS #FastDDS #CycloneDDS #SROS2 #Debugging #ProblemSolver #TechSkills #CareerDevelopment #Impact #Milestone #FutureofWork #RoboticsEngineer #BetaTesting #GitHub","","",MEMBER_NETWORK
2025-05-16 10:09:52,https://www.linkedin.com/feed/update/urn%3Ali%3AugcPost%3A7329085673515220992,"My MPU6050Aries Arduino Library is Now in the Official Library Manager""
""""
""So excited to share that my open-source Arduino library, MPU6050Aries, is now officially available in the Arduino Library Manager! This makes it super easy for anyone to install and use directly from the Arduino IDE.""
""""
""This library is designed specifically for Aries boards (Vega/RISC-V architecture) and provides stable roll and pitch estimations from the MPU6050 sensor using a Kalman filter, along with temperature readings – perfect for projects like self-balancing robots.""
""""
""A huge thank you to FabLab Baramati  for reaching out, sharing how they've been using the library, and suggesting I submit it to the registry for wider community access. It's incredibly motivating to see your work being used and to be able to give back!""
""The process involved preparing the library, creating a release on GitHub, and submitting it to the Arduino Library Registry. It's a fantastic feeling to see it live!""
""""
""➡️ Find ""MPU6050Aries"" in your Arduino IDE Library Manager or check out the repo: GitHub: https://lnkd.in/gfmEtH2f""
""""
""VEGA Processors Arduino ""
""#Arduino #OpenSource #LibraryManager #MPU6050 #Sensors #KalmanFilter #EmbeddedSystems #Robotics #RISCV #VegaProcessors #Community #Maker #Contribution #Microcontrollers #Programming #Developers #DIY #Electronics #Engineering #Technology #SoftwareDevelopment #Hardware #IoT","","",MEMBER_NETWORK
2025-05-07 16:38:03,https://www.linkedin.com/feed/update/urn%3Ali%3AugcPost%3A7325921870115934211,"When your open-source contribution gets noticed by the architects of the ecosystem itself... that's a significant moment.""
""""
""Absolutely thrilled that Open Robotics, the organization at the heart of the Robot Operating System (ROS) that underpins so much of modern robotics development, reposted my recent update about testing the upcoming ROS 2 Kilted release!""
""""
""While it might seem like 'just' a repost, for me as a robotics engineer, this recognition from Open Robotics is incredibly validating. It highlights that contributions, even through testing and documentation feedback, are seen and valued by the project's core team.""
""""
""My original post shared my experience diving into the Kilted Kaiju Tutorial Party testing, particularly focused on platforms like Windows 11. As part of this effort, I'm proud to have identified and contributed to closing 35 issues so far – every resolved bug helps strengthen the release for everyone!""
""""
""Open Robotics amplified the message with a clear call: ""We still need help testing the next ROS release! 👍👍""""
""""
""This is your chance to make a tangible impact on the next major version of ROS 2! Community testing is crucial for finding edge cases and ensuring stability across diverse environments.""
""""
""If you want to contribute and get your hands dirty with the future of ROS, join the testing effort! You can find the testing repository and instructions here: https://lnkd.in/gSiZTMTT""
""""
""And check out the original post that Open Robotics shared here: ""
""https://lnkd.in/gdR-Kwcn""
""""
""Huge thanks to Open Robotics for the visibility and for leading the charge on open-source robotics development!""
""""
""#ROS #ROS2 #OpenSource #Robotics #Community #Testing #SoftwareDevelopment #KiltedKaiju #OpenRobotics #Contribution #Tech #Engineering #BugHunting #MakeAnImpact","","",MEMBER_NETWORK
2025-05-02 20:46:14,https://www.linkedin.com/feed/update/urn%3Ali%3AugcPost%3A7324172390983176192,"Thrilled to share I've just successfully completed my first contributions to the ROS 2 ecosystem through the ROS 2 Kilted Kaiju Tutorial Party! ""
""""
""It's been an amazing learning experience diving into the official testing process for the upcoming ROS 2 Kilted release. I focused on testing core functionalities on a high-priority platform: Windows 11 (using the binary/Pixi installation with CycloneDDS).""
""""
""It feels great to contribute, even in a small way, to the stability of the next ROS 2 release by providing this validation.""
""""
""For anyone looking to get involved in open source, especially within robotics and ROS, this Tutorial Party is a fantastic opportunity! It runs until May 15th, and they particularly need testers on Windows, RHEL 9 and of course Ubuntu too. You don't necessarily need deep coding skills – just the ability to follow instructions, run tests, and report your findings (successes or bugs!).""
""""
""Check it out here: https://lnkd.in/gSiZTMTT""
""""
""Huge thanks to the ROS 2 team for organizing this event and providing clear guidance! Looking forward to contributing more.""
""""
""#ROS #ROS2 #OpenSource #Robotics #Contribution #LearnInPublic #Testing #SoftwareTesting #WindowsDev #KiltedKaiju #Community #Robotics #ROS2 #OpenSource #SoftwareEngineering #SoftwareDevelopment #AI #Automation #Testing #SoftwareTesting #WindowsDev #KiltedKaiju #Community #Python #Cpp #Developer #Programming #Tech #Engineering #Innovation #IoT #Perception #Contribution #LearnInPublic #DDS","","",MEMBER_NETWORK
2025-05-01 07:11:51,https://www.linkedin.com/feed/update/urn%3Ali%3AugcPost%3A7323605055163486208,"Project Complete! Live Object Detection using YOLO in Gazebo with TurtleBot3 & ROS 2!""
""""
""Excited to share the completion of the Gazebo simulation phase for my project on my ROS 2 learning journey! After setting up YOLO object detection with a phone camera, I successfully transitioned the entire perception pipeline into the Gazebo 3D simulator using a TurtleBot3 Waffle model.""
""""
""was inspired by the ""Top 10 ROS Projects for Beginners"" by Chandandeep Singh  Learn Robotics and Al (amazing resource: https://lnkd.in/g2F9PXnm). ""
""""
""The Full Loop in Action:""
""🔹 Launched a custom Gazebo world populated with test objects.""
""🔹 The simulated TurtleBot3 Waffle navigated the environment using keyboard teleoperation (turtlebot3_teleop).""
""🔹 Its simulated camera streamed live video (sensor_msgs/msg/Image) onto ROS 2 topics.""
""🔹 The yolo_ros package (running YOLOv5n on CPU) processed this stream, identifying objects in real-time.""
""🔹 My custom detection_visualizer node subscribed to both the camera feed and YOLO's detections, drawing bounding boxes and labels onto the video using OpenCV/cv_bridge.""
""🔹 The final annotated video stream was published back to ROS 2 and viewed live using rqt_image_view.""
""""
""Key Learnings & Takeaways:""
""✅ Deepened my understanding of Gazebo simulation - launching worlds, spawning robots (SDF vs URDF), and how simulated sensors publish ROS data via plugins.""
""✅ Reinforced the modularity of ROS: The same YOLO node and visualizer node worked seamlessly with the simulated camera input, just by changing the subscribed topics.""
""✅ Gained practical experience with the standard ROS 2 toolchain for simulation and visualization (ros2 launch, rqt_graph, rqt_image_view).""
""✅ Faced and understood the significant computational demands of running modern ML models like YOLO on CPU – the system lag was definitely noticeable! This highlights the importance of hardware acceleration (GPUs) or model optimization for real-time performance.""
""""
""Challenges:""
""🔸 Initial hurdles setting up Gazebo, configuring launch files (TURTLEBOT3_MODEL), and resolving model loading issues (worked around Gazebo Fuel problems with local models).""
""🔸 Managing CPU resources – getting all nodes (Gazebo, ROS bridge, YOLO, visualizer) to run concurrently required careful setup and simplification (like disabling YOLO's tracking/debug features).""
""""
""Watching the robot detect objects in its virtual environment that I control is incredibly motivating! This project provided invaluable hands-on experience with core ROS 2 simulation and perception concepts.""
""""
""Checkout the Repository: https://lnkd.in/gNbt_CP9""
""""
""#Robotics #ROS2 #GazeboSim #ObjectDetection #ComputerVision #YOLOv5 #TurtleBot3 #Simulation #Perception #MachineLearning #RoboticsEngineering #TechProject #Programming","","",MEMBER_NETWORK
2025-04-30 05:04:12,https://www.linkedin.com/feed/update/urn%3Ali%3AugcPost%3A7323210542473428992,"Stepping into Simulation: Controlling a ROS 2 Robot in Gazebo for my Object Detection Project!""
""""
""HUGE milestone unlocked in my learn-by-doing ROS 2 journey! After successfully building an object detection pipeline with my phone camera, I've now dived into the world of 3D robotics simulation with Gazebo!""
""""
""For the next phase of my object detection project, I needed a controlled environment. Enter Gazebo + the popular TurtleBot3 robot!""
""""
""What I accomplished:""
""✅ Successfully set up ROS 2 Humble integration with Gazebo.""
""✅ Launched the turtlebot3_world simulation environment using standard ROS 2 launch files.""
""✅ Overcame initial setup hurdles (missing packages, environment config quirks) to correctly spawn the TurtleBot3 Waffle model.""
""✅ Configured and used the turtlebot3_teleop package to drive the robot around the simulated world using my keyboard! ⌨️➡️🤖""
""✅ Simultaneously streamed and viewed the live first-person camera feed from the simulated camera on the TurtleBot3 using rqt_image_view. Seeing the virtual world through the robot's eyes while driving it is incredibly cool!""
""""
""First Impressions & Learnings:""
""✨ Gazebo is impressively powerful (and resource-intensive!💻). Getting everything configured correctly took persistence.""
""✨ Seeing the direct link between sending /cmd_vel messages (via teleop) and the robot moving in a physics-based world really solidifies control concepts.""
""✨ This setup provides the stable, repeatable environment needed to rigorously test the YOLO object detection pipeline (whis is the goal).""
""""
""Next Up: Integrating the YOLOv5n node (from the previous project phase) to process this simulated camera feed and then visualizing the detections within this environment!""
""""
""Feeling pumped about bridging simulation and perception! ""
""""
""#ROS #ROS2 #Gazebo #Simulation #Robotics #TurtleBot3 #LearnByDoing #Programming #RobotControl #Teleoperation #Sensors #Camera #3DSimulation #Ubuntu #Linux #Automation #AI #ObjectDetection #Debugging #Milestone #Engineering #TechSkills #RoboticsCommunity","","",MEMBER_NETWORK
2025-04-26 21:18:22,https://www.linkedin.com/feed/update/urn%3Ali%3AugcPost%3A7322006147077390336,"ROS 2 Object Detection Pipeline Complete with Live Bounding Box Visualization""
""""
""Thrilled to announce the completion of the current phase of my real-world ROS 2 object detection project! Building on the previously established pipeline (Phone Camera -> Image Republisher -> YOLO Node -> Detections Topic), I've now added the crucial visualization layer.""
""""
""What's New:""
""🔹 Custom Visualizer Node: Developed a dedicated ROS 2 node in Python using OpenCV (cv2) and cv_bridge.""
""""
""🔹 Real-Time Annotation: This node subscribes to the raw image stream (/image_raw) and the /yolo/detections topic. It then draws the bounding boxes and class labels (+ confidence scores) directly onto each frame based on the YOLO output.""
""""
""🔹 Annotated Video Stream: Publishes the resulting annotated video feed to a new ROS topic (/yolo/annotated_image), viewable in rqt_image_view. Seeing the boxes appear live on the objects recognized by my phone camera is fantastic!""
""""
""🔹 Launch File Integration: Incorporated the new visualizer node into the project's ROS 2 launch file for automated, sequential startup of the entire system (Bridge -> Republisher -> YOLO -> Visualizer).""
""""
""This completes the core goal for this project: creating a functional, end-to-end perception pipeline using readily available hardware (my phone!), powerful ML models (YOLO), and the versatile ROS 2 framework. It was a challenging but rewarding dive into cv_bridge, OpenCV basics, multi-node communication, and launch file orchestration.""
""""
""GitHub Repository:""
""https://lnkd.in/gEHXrAeW""
""""
""While CPU performance limits real-time speed for now, the system works reliably and demonstrates the key concepts successfully! Check out the demo showing the live detection and annotation!""
""""
""Ready to tackle the next project phase – potentially exploring Gazebo simulation or performance optimization.""
""""
""#ROS #ROS2 #ObjectDetection #YOLO #ComputerVision #Visualization #OpenCV #Python #Robotics #MachineLearning #AI #LearnByDoing #ProjectComplete #DeepLearning #Ubuntu #Android #TechSkills #SoftwareEngineering #RQT #LaunchFiles #YOLOv5 #Debugging #CommunityPackage #Automation #Tech #Engineering #Perception #SensorFusion #OpenSource #PythonProgramming #EmbeddedSystems #Linux #AndroidDevelopment #ComputerVisionEngineer #Maker #DIYRobotics","","",MEMBER_NETWORK
2025-04-22 16:08:47,https://www.linkedin.com/feed/update/urn%3Ali%3AugcPost%3A7320478687017975808,"Real-World Object Detection Activated! Integrating Phone Camera + YOLO + ROS 2""
""""
""Excited to share the latest progress on my learn-by-doing ROS 2 journey! I've successfully integrated my phone camera and the powerful YOLO object detection model into the ROS 2 ecosystem.""
""""
""This phase involved:""
""""
""🔹 Setting up the ros2-android-sensor-bridge package, kudos to VedantC2307 for this wonderful repository & inspired by a post from Enzo Ghisoni showcasing this repo to stream my mobile camera feed as ROS 2 messages sensor_msgs/msg/CompressedImage.""
""""
""Repository: https://lnkd.in/gQ9UuZ_7""
""""
""🔹 Integrating the yolo_ros package by mgonzs13 to run YOLOv5n object detection on the incoming video stream using CPU.""
""""
""Repository: https://lnkd.in/ghD7BSqB""
""""
""🔹 Debugging a tricky pipeline issue! The yolo_node wasn't processing the compressed image stream directly. Solved this by inserting the standard ROS 2 image_transport/republish node to convert the compressed stream to a raw sensor_msgs/msg/Image topic before feeding it to YOLO. A great lesson in ROS modularity and problem-solving!""
""""
""Current Status: The system now successfully identifies common objects such as cup, keyboard, phone, etc using the video feed from my phone as input image by decompressing the compressed image video from my phone.""
""""
""Challenges & Next Steps:""
""🔸 The included debug visualization (/yolo/dbg_image) wasn't working correctly in my setup, so we bypassed it for now.""
""🔸 CPU usage is high running YOLOv5n, impacting real-time performance (expected on CPU).""
""🔸 Work-in-Progress: I'm currently developing a new ROS 2 node that subscribes to both the raw image stream and the /yolo/detections topic. This node will use OpenCV to draw the bounding boxes and labels directly onto the image feed, creating an /yolo/annotated_image topic for visualization.""
""🔸 Future goals include performance tuning (maybe lower resolution/FPS, explore GPU), improving detection stability, and potentially trying this pipeline within the Gazebo simulation environment.""
""""
""This isn't the final project, but a huge milestone in understanding perception pipelines, package integration, and debugging in ROS 2! Thrilled with the progress.""
""""
""#ROS #ROS2 #ObjectDetection #YOLO #YOLOv5 #ComputerVision #Robotics #Python #Ubuntu #Android #MachineLearning #AI #LearnByDoing #Debugging #CommunityPackage #MachineLearning #DeepLearning #Automation #Tech #Engineering #Perception #SensorFusion #OpenSource #PythonProgramming #EmbeddedSystems #Linux #Ubuntu #AndroidDevelopment #ComputerVisionEngineer #Maker #DIYRobotics","","",MEMBER_NETWORK
2025-04-21 18:08:38,https://www.linkedin.com/feed/update/urn%3Ali%3AugcPost%3A7320146462359588865,"RFID Attendance Logger: ""
""A Hands-On Project by IEDC@Saintgits Technical Team""
""Proud to showcase an RFID Attendance Logger developed by the IEDC@Saintgits technical team as we conclude the 2024-2025 session.""
""""
""Leveraging an ESP32, we integrated an MFRC522 RFID module for card reading, a TFT_eSPI display for user interface/status updates, and WiFi connectivity to push data directly to a Google Apps Script endpoint. This allows for real-time, automated attendance recording for IEDC events. The code handles WiFi connection, RFID authentication & reading, and secure HTTPS GET requests.""
""""
""This project was a fantastic team effort. Big thanks to Andrewjos Sebastian , FAYAZ KHAN  (Vice Technical Head), and Midhun Mathew  (Technical Head) for their contributions and leadership. The 2024-2025 IEDC@Saintgits technical team has been a dynamic group, consistently pushing boundaries and transforming concepts into tangible solutions. It's been a privilege to be part of it.""
""See the system working in the demo video attached!""
""""
""#IEDC #Saintgits #ArduinoIDE #ESP32 #RFID #MFRC522 #TFTdisplay #HTTPS #GoogleAppsScript #IoTproject #AttendanceManagement #Stude","","",MEMBER_NETWORK
2025-04-19 12:55:16,https://www.linkedin.com/feed/update/urn%3Ali%3AugcPost%3A7319342823105798144,"Thrilled to share a milestone in my deep dive into Robot Operating System (ROS 2). This project—a dynamic Tom & Jerry chase simulation in TurtleSim—was inspired by the ""Top 10 ROS Projects for Beginners"" by Chandandeep Singh  Learn Robotics and AI (amazing resource: https://lnkd.in/g2F9PXnm).""
""While inspired by Project #2 (goal-oriented navigation), I adapted and expanded the logic through hands-on learning.""
""""
""In my version, 'Tom' autonomously chases 'Jerry'. When Tom nears Jerry within a threshold, Jerry instantly selects a new random target and flees using P-control. Tom constantly recalculates and updates his Twist velocity commands to pursue, creating a continuous chase dynamic.""
""""
""This project helped me deeply understand several ROS 2 Humble concepts:""
""""
""Nodes: Wrote a custom, object-oriented Python node (rclpy) managing state, calculations, and communication with callbacks and timers.""
""""
""Topics: Subscribed to /tom/pose and /jerry/pose (turtlesim/msg/Pose), published velocity commands to /tom/cmd_vel and /jerry/cmd_vel.""
""""
""Services: Automated turtlesim/srv/Kill, Spawn, and SetPen services after experimenting manually with ros2 service call.""
""""
""Launch Files: Developed a Python .launch.py to automate launching turtlesim_node, killing the default turtle, spawning Tom and Jerry, disabling Jerry’s pen, and launching the controller node with OnProcessStart event handling.""
""""
""Control & Math: Implemented P-control using distance and angle errors, angle normalization via atan2, and velocity clamping.""
""""
""""
""This hands-on approach meant dealing with Python errors, ROS build issues, tricky launch file quoting, and iterative debugging by analyzing turtle behavior and logs. My AI mentor, Gemini, was pivotal—giving tailored, beginner-friendly explanations of ROS, Python OOP, debugging strategies, and walking through code logic patiently. Combined with resources like Chandandeep’s project list, this mentorship solidified my foundation.""
""""
""Through this project, I've gained practical skills in:""
"" * ROS 2: Nodes, Topics, Services, Launch Files, Parameters""
"" * Python: rclpy, Object-Oriented Programming (OOP)""
"" * Distributed Debugging""
"" * Git Version Control: Committing and pushing to GitHub""
"" * Control Systems: Proportional (P) Control (error calculation, feedback mechanisms)""
"" * Standard ROS Message Handling: geometry_msgs, turtlesim""
""""
""Overcoming every challenge—start to finish—was incredibly rewarding and built solid confidence.""
""""
""Complete code, including the Python node and launch file, is available here: https://lnkd.in/g6NYCe4p""
""""
""Super excited for the next project from Learn Robotics and AI!""
""""
""#ROS #ROS2 #Robotics #LearnByDoing #Programming #Python #BeginnerDeveloper #SoftwareEngineering #ControlSystems #Automation #TurtleSim #RoboticsSoftware #AI #Mentorship #GitHub #Ubuntu #LearnRoboticsAndAI #ChandandeepSingh #ProjectBasedLearning #Debugging","","",MEMBER_NETWORK
2025-04-18 19:59:56,https://www.linkedin.com/feed/update/urn%3Ali%3AugcPost%3A7319087304524943360,"Thrilled to share a significant milestone from our recent self-balancing robot project!  We successfully designed and built a stable bot powered by the incredible Aris V3 board from CDACINDIA amd Vega Processors. Its real-time processing capabilities were crucial for implementing our PID control and real-time feedback system.""
""""
""A big shoutout to my teammate Tharun Oommen Jacob for the awesome collaboration on the robot itself, and heartfelt thanks to our mentor Er. Levin Roby Abraham for his invaluable guidance throughout this build.""
""""
""This journey was made even better by the incredible support and collaboration with my friends, Sidharth Sajith and Govind Krishna C , who are also doing fantastic work with the Aris board! It was a huge mental boost to navigate this project together, sharing insights and even collaborating on various aspects related to the board and other components. Seeing them embark on their own Aris V3 projects has been truly inspiring, and the synergy we found in tackling challenges together was invaluable.""
""""
""One of the exciting challenges we tackled was integrating the MPU6050 sensor with the Aris V3. Not being able find a dedicated library, we decided to build one ourselves! MPU6050Aries, an open-source Arduino library tailored for Aries boards (Vega/RISC-V systems) to seamlessly interface with the MPU6050.""
""""
""This library offers:""
"" * Effortless initialization and raw data reading via I2C.""
"" * Conversion of raw data into meaningful physical units.""
"" * Reliable sensor fusion using a Kalman filter for stable roll and pitch measurements – essential for robotics applications like our self-balancing bot!""
"" * A modular and user-friendly design with simple functions to get you started.""
""Building MPU6050Aries was driven by the need for a robust, open-source solution for the Aries community. It was an incredibly rewarding experience to contribute back to the community, especially seeing the positive response from Vega Processors!""
""You can explore the library, contribute, and provide feedback here: ""
""GitHub Repository: https://lnkd.in/gmBV6ii3""
""""
""This project wasn't without its hurdles – from meticulous PID tuning to overcoming hardware challenges like motor responsiveness – but the satisfaction of seeing our robot balance perfectly made it all worthwhile. This experience truly solidified our understanding of applied control systems and embedded logic.""
""Thank you to the Engineers Garage and VEGA Processors Blog for the inspiration and resources.""
""""
""Repository: https://lnkd.in/gGVVuctA""
""""
""#Arduino #OpenSource #MPU6050 #RISCV #EmbeddedSystems #VegaProcessors #Vega #Robotics #SensorFusion #KalmanFilter #MPU6050Library #TechForGood #CommunityDriven #Engineering #Innovation #Hardware #SelfBalancingBot #ArisV3 #CDACIndia #PIDControl #EmbeddedSystems #EngineeringProjects #Teamwork #Mentorship #Automation","","",MEMBER_NETWORK
2025-04-18 05:48:59,https://www.linkedin.com/feed/update/urn%3Ali%3AugcPost%3A7318873160483762177,"Level Up! ROS 2 Journey: Closed-Loop Control in TurtleSim 🐢💨""
""""
""Building on my last TurtleSim project, I've taken the next step in my ROS 2 learning journey: implementing closed-loop control! Guided by concepts from ROS tutorials (like the classic Go-to-Goal examples), I created a 'Tom' turtle that actively chases 'Jerry' using sensor feedback.""
""""
""Instead of just following timed movements (open-loop), this involved:""
""🔹 Spawning multiple turtles using ROS 2 services.""
""🔹 Subscribing to the /pose topics for both turtles (/tom/pose, /jerry/pose).""
""🔹 Implementing a control loop using an rclpy Timer.""
""🔹 Calculating the distance and angle error between Tom and Jerry in real-time ""
""🔹 Applying Proportional (P) control: Tom's turning speed is proportional to the angle error, and forward speed is proportional to the distance.""
""🔹 Clamping velocities to avoid runaway speeds!""
""🔹 Publishing calculated Twist velocity commands back to Tom.""
""""
""Getting the angle wrapping logic right and tuning the proportional gains (Kp_linear, Kp_angular) definitely took some time and iteration to get reasonably smooth movement – a practical lesson in control systems! As a beginner building this logic from scratch, debugging Python errors and understanding the flow took patience, but seeing Tom finally lock onto Jerry using feedback was incredibly satisfying.""
""""
""Next up: Making Jerry teleport to a random spot whenever Tom gets too close, turning it into a proper game of perpetual chase!""
""""
""#ROS #ROS2 #Robotics #LearnByDoing #ClosedLoopControl #ControlSystems #BeginnerDeveloper #Python #ProgrammingJourney #TurtleSim #Automation #SoftwareEngineering""
""#OpenRobotics","","",MEMBER_NETWORK
2025-04-17 10:00:15,https://www.linkedin.com/feed/update/urn%3Ali%3AugcPost%3A7318574004271726592,"My First Open Source Adventure with ROS 2 Control!""
""""
""Thrilled to share my experience diving into my first open-source contribution attempt with the ros2_control project! I tackled issue #2166, aiming to enhance the RQT Controller Manager GUI on ROS 2 Humble by adding controller update rate and async status details.""
""""
""The journey involved:""
""✅ Setting up the dev environment & building the stack with colcon.""
""✅ Successfully debugging several dependency issues using rosdep (a valuable skill!).""
""✅ Using Git for forking/branching.""
""✅ Modifying the UI with Qt Designer & exploring the Python code.""
""✅ Investigating with ROS 2 tools like ros2 param list.""
""""
""Plot twist! My investigation uncovered a recently merged PR by another contributor in another issue that had already implemented this feature. Even more interesting, I realised the merged changes were likely on the master branch and hadn't yet been backported to humble. This perfectly explained why the required parameters weren't available in my Humble environment and was a fantastic real-world lesson in project branching and release cycles!""
""""
""While this specific contribution wasn't needed in the end, the process was incredibly valuable. I gained hands-on experience with the open-source workflow, build systems, debugging complex dependencies, and the ros2_control architecture.""
""""
""Huge thanks to the maintainers for creating opportunities like this. I learned a ton and I'm actively looking for my next chance to contribute to the ROS community!""
""""
""#ROS #ROS2 #OpenSource #Robotics #SoftwareDevelopment #LearnInPublic #Debugging #Git #colcon #Linux #Contribution #ros2_control","","",MEMBER_NETWORK
2025-04-16 08:30:17,https://www.linkedin.com/feed/update/urn%3Ali%3AugcPost%3A7318188974756311040,"Diving into Robotics Software: My ROS 2 Learning Journey Begins!""
""""
""Excited to share that I'm embarking on a journey to seriously learn the Robot Operating System (ROS 2)! As a noob in ROS2, I'm taking a hands-on, project-based approach, starting right from the fundamentals.""
""""
""My first real challenge: getting the TurtleSim robot to draw a square autonomously using Python on ROS 2 Humble! 🐢⬜""
""""
""It involved creating my first ROS 2 node, understanding core concepts like publishers, messages (geometry_msgs/Twist), and timers (rclpy), and implementing a simple state machine to manage the sequence of movements and turns.""
""""
""It wasn't without its hurdles (debugged quite a few errors along the way!), and the final square isn't perfectly geometrically precise – a great lesson in the nuances of open-loop, time-based control versus ideal calculations, especially in a discrete simulation environment. But it moves, it completes the shape, and the learning experience has been invaluable!""
""""
""Really enjoying this 'learning by doing' method. Looking forward to tackling more complex projects and diving deeper into the ROS 2 ecosystem.""
""""
""#ROS #ROS2 #Robotics #LearnByDoing #BeginnerDeveloper #RoboticsSoftware #Python #ProgrammingJourney #TurtleSim #Ubuntu #SoftwareEngineering #Automation","","",MEMBER_NETWORK
2025-04-14 14:57:20,https://www.linkedin.com/feed/update/urn%3Ali%3AugcPost%3A7317561604953239552,"From ESP-IDF Basics to micro-ROS(UDP) Integration: Building (and Debugging!) my First ESP32 Teleop System""
""""
""Thrilled to share my first successful project using micro-ROS! Building on my recent journey into the ESP-IDF framework [(https://lnkd.in/g55Bzgc8)], ""
""I wanted to bridge the gap between embedded systems and the broader ROS 2 ecosystem.""
""""
""The Goal: Create a simple teleoperation system. Press WASD/Space on my ROS 2 Humble (Ubuntu 22) host machine, send a command to an ESP32 running micro-ROS, and have the ESP32 report its state back to the host.""
""""
""The Journey & Learnings:""
""""
""    Environment: Leveraged the official microros/esp-idf-microros Docker container – a huge time-saver for managing the complex ESP-IDF toolchain and micro-ROS dependencies!""
""""
""    Architecture: The system uses the standard micro-ROS Client/Agent architecture. The ESP32 runs the micro-ROS client, communicating via UDP over WiFi with the micro-ROS Agent running on my laptop, which bridges messages to/from the main ROS 2 network (DDS).""
""""
""    Debugging Challenges: The path wasn't straight!""
""""
""        Encountered initial C compilation errors on the ESP32 when trying to use std_msgs/msg/String directly for publishing status. This highlighted tricky aspects of memory management and type handling with rclc string functions in this environment.""
""""
""        The Workaround: Pivoted to using simple std_msgs/msg/Int32 for the core communication. WASD/Space keys are mapped to integers (1-4, 0) on the host, sent to the ESP32, which then publishes back the received integer status. A separate host node translates this integer back to user-friendly text (""MOVING FORWARD"", ""STOPPED"", etc.). This proved much more robust on the embedded side.""
""""
""        Debugged intermittent rcl_publish failures (RCL_RET_ERROR, handled by RCSOFTCHECK) on the ESP32, confirming they were related to UDP packet loss over my WiFi network – a good reminder of real-world network considerations!""
""""
""    Persistence Pays Off at last.""
""""
""The Result:""
""""
""It works! As shown in the attached video demo, I have three host terminals:""
""""
""    The micro-ROS Agent bridging communication.""
""""
""    My Python keyboard node (wasd_teleop) publishing integer commands (1-4, 0) to /wasd_command.""
""""
""    My Python status display node (status_display) subscribing to /wasd_status from the ESP32 and printing the corresponding action (""MOVING FORWARD"", ""STOPPED"", etc.).""
""""
""This project was a fantastic hands-on introduction to micro-ROS concepts like publishers, subscribers, executors, the agent's role, and debugging across distributed ROS 2 systems. Really excited to apply this to more complex robotics projects integrating sensors and actuators on microcontrollers!""
""""
""GitHub Repo: https://lnkd.in/dGrNJ2Xj""
""""
""#microROS #ROS2 #ESP32 #ESPIDF #EmbeddedSystems #Robotics #IoT #LearnInPublic #C #Python #ESP32Dev","","",MEMBER_NETWORK
2025-04-11 15:54:07,https://www.linkedin.com/feed/update/urn%3Ali%3AugcPost%3A7316488732214272001,"Being a co-leader for initiatives like Tinker-Her-Hack 3.0 is incredibly rewarding. Seeing the impact and enthusiasm for empowering women in tech firsthand is truly inspiring. Let's keep this momentum going! #WomenInTech #Leadership #TinkerHub""""
""","","",MEMBER_NETWORK
2025-04-11 15:52:36,https://www.linkedin.com/feed/update/urn%3Ali%3AugcPost%3A7316488348636717056,"Just reflecting on the sheer audacity and brilliance of ""Useless Projects: Kerala's Most Audacious Make-a-thon""! As a Co-Lead, I'm so proud of our TinkerHub Saintgits community for embracing such a unique and fun challenge. It's events like these that truly set us apart and foster a culture of out-of-the-box thinking. #UniqueEvents #StudentInnovation #CreativeChaos #TinkerHub","","",MEMBER_NETWORK
2025-04-10 07:25:49,https://www.linkedin.com/feed/update/urn%3Ali%3AugcPost%3A7315998424024162304,"Built a library for the Vega Processor Aries board to streamline development, and thrilled to see it picked up by the Vega team! It's always rewarding when your work helps others — more updates coming soon.""""
""#VegaProcessor #Ariesv3 #EmbeddedSystems #OpenSource","","",MEMBER_NETWORK
2025-04-05 21:06:52,https://www.linkedin.com/feed/update/urn%3Ali%3AugcPost%3A7314393109658771457,"I’m excited to share a project I’ve been working on: MPU6050Aries – a new Arduino library specifically designed for Aries boards (Vega/RISC‑V systems) to interface with the MPU6050 sensor.""
""""
""What’s in it?""
""""
""Seamless Sensor Integration: Initializes the MPU6050, reads raw sensor data via I²C, and converts it into physical units.""
""""
""Reliable Sensor Fusion: Implements a Kalman filter to fuse accelerometer and gyroscope data, delivering stable roll and pitch measurements—ideal for self-balancing robots.""
""""
""Modular and Easy to Use: The library provides simple functions such as begin(), update(), and getter functions for roll, pitch, temperature, and accelerometer values.""
""""
""""
""Why did I build it? I built MPU6050Aries to address the challenges of integrating sensor data on Aries boards and to provide the community with a robust, open-source solution. Inspired by the example code provided with the Aries board, I refined it with sensor fusion techniques and packaged it into an easy-to-use library.""
""""
""Check it out!""
""""
""GitHub Repository: https://lnkd.in/gmBV6ii3""
""""
""""
""I’ve included screenshots of the repository, wiring diagram, and code snippets below. I welcome contributions, bug fixes, and improvements from the community!""
""""
""Special thanks to the Engineers Garage and VEGA Processors Blog for the references and inspiration.""
""""
""#Arduino #OpenSource #MPU6050 #RISC-V #EmbeddedSystems #VegaProcessors #Vega #Robotics #SensorFusion #KalmanFilter #MPU6050Library #TechForGood #CommunityDriven #Engineering #Innovation #Hardware","","",MEMBER_NETWORK
2025-04-05 14:57:20,https://www.linkedin.com/feed/update/urn%3Ali%3AugcPost%3A7314300110455115777,"🚀 Exploring the Aries Board by CDAC: My First Experience 🚀""
""""
""Excited to share that I’ve just started working with the Aries Board, developed by CDAC (Centre for Development of Advanced Computing), a cutting-edge Indian technology! 🇮🇳""
""""
""This board is built on a Vega Processor and offers high performance for embedded systems development, featuring a range of I/O options and capabilities that cater to both beginner and advanced projects.""
""""
""💡 Why Aries?""
""As a developer working in embedded systems, it’s crucial to experiment with diverse platforms. The Aries board stands out for its robust build quality, impressive clock speed, and advanced capabilities compared to traditional boards like Arduino. With the Aries, you get a highly flexible system for high-performance tasks in an embedded environment.""
""""
""🔧 Getting Started""
""I’ve uploaded my first Blink Program on the Aries Board, and it’s been a smooth experience so far. The setup was intuitive, and I could easily interact with the board through its well-laid-out headers for GPIO, UART, and I2C connections.""
""""
""I look forward to exploring more capabilities, including working with sensors, interfacing external devices, and diving into advanced programming.""
""""
""💬 Have you worked with this board before?""
""Feel free to share your experiences, and let’s discuss the endless possibilities for embedded systems development.""
""""
""#EmbeddedSystems #AriesBoard #CDAC #VegaProcessor #IoT #IndianTechnology #Innovation #TechJourney #LearningEmbeddedSystems #ElectronicsDevelopment #MakerCommunity #Arduino #TechComparison""
""""
""","","",MEMBER_NETWORK
2025-04-04 16:52:58,https://www.linkedin.com/feed/update/urn%3Ali%3AugcPost%3A7313966824956612623,"🚀 Exciting Project Launch: NeuraHome - A Seamless Integration of Gesture & Voice Control for Smart Homes! 🌟""
""""
""I’m excited to share our latest project, NeuraHome, a smart home automation system that combines gesture control and voice assistance into one seamless experience. This project has been a journey across our years in college, and we managed to bring it all together in just 2-3 days!""
""""
""🔧 The Evolution:""
""""
""First Year: We developed a gesture-controlled home automation system using Arduino and OpenCV as part of our college fest, Srishti.""
""""
""Second Year: We took it a step further with a voice-assisted home automation system using NLP from the Gemini API.""
""""
""We finally had the opportunity to integrate both systems into one, and the result is NeuraHome, a simple yet effective smart home solution using both gesture and voice control!""
""""
""🛠️ How It Works:""
""""
""Voice Commands: Leveraging the Gemini LLM for natural language understanding, making voice commands more flexible.""
""""
""Gesture Control: Use of hand gestures to control devices such as fans, alarms, and lights, offering a contactless experience.""
""""
""System Components: An ESP32 microcontroller, Gemini API, and devices like LEDs, buzzer, and a DC motor emulating home appliances.""
""""
""""
""🎯 Quick Integration: Despite its simplicity, we were able to integrate the gesture and voice control systems in just a few days when we found the time, making it a rewarding and satisfying experience.""
""""
""Huge thanks to Tharun Oommen Jacob and Sidharth Sajith for being awesome teammates and making this possible! It’s amazing how much we can achieve when we put our minds together.""
""""
""Check out the video for a quick demo!""
""""
""#SmartHome #Automation #AI #NLP #GestureControl #VoiceRecognition #NeuraHome #ESP32 #HomeAutomation #Engineering #Innovation #Teamwork #EngineeringExcellence #Technology""
""""
""","","",MEMBER_NETWORK
2025-03-30 14:13:27,https://www.linkedin.com/feed/update/urn%3Ali%3AugcPost%3A7312114744159608834,"🚀 Starting My Journey with ESP-IDF: A New Chapter in Embedded Systems Development 🚀""
""""
""As an enthusiast and developer exploring the world of embedded systems, I’ve recently made the switch from Arduino IDE to ESP-IDF for working with ESP32 devices, and I must say – it’s been an eye-opening experience!""
""""
""While Arduino IDE is user-friendly and great for quick prototyping, ESP-IDF offers a much more robust, flexible, and professional development environment for handling complex applications. Here are a few reasons why I’m loving this transition:""
""""
""✨ Full Control and Flexibility: ESP-IDF allows for much more granular control over hardware and peripherals, making it ideal for building scalable and reliable applications.""
""""
""🔧 Better Hardware Access: With ESP-IDF, I can directly access the features and capabilities of the ESP32 chips, enabling fine-tuned optimizations and the ability to write production-ready code.""
""""
""⏱️ Real-Time Control with FreeRTOS: One of the game-changers in ESP-IDF is FreeRTOS. With FreeRTOS, I’m able to create multi-threaded applications with better resource management, real-time task handling, and improved overall system performance. Whether you’re building a robot, an IoT device, or anything in between, FreeRTOS helps you handle concurrent operations seamlessly.""
""""
""💡 LED Blinking Project – A Simple Yet Powerful Start:""
""""
""To start my journey with ESP-IDF, I kicked things off with the classic LED blinking project. At first glance, it may seem like a simple task, but it opened my eyes to how the ESP32 works under the hood with GPIO control, task management, and logging.""
""""
""📌 Why I Started This Journey:""
""""
""This is just the beginning. While LED blinking might seem like a small step, it’s laying the foundation for something much bigger. I started this journey with a bigger project in mind, and I’m excited to reveal more details soon.""
""""
""💭 The Road Ahead:""
""""
""Diving deeper into ESP32 capabilities with sensors, IoT, and automation.""
""""
""Exploring more advanced applications such as real-time control systems and autonomous devices.""
""""
""Leveraging the power of FreeRTOS for efficient, scalable applications.""
""""
""""
""I’m excited about where this journey is heading, and I encourage anyone who’s just starting to explore ESP-IDF. The learning curve may be a little steeper than Arduino, but the power and flexibility you gain in the long run are well worth it. 📈""
""""
""Stay tuned for what’s coming next... ✨""
""""
""#ESP32 #ESP_IDF #EmbeddedSystems #FreeRTOS #IoT #Arduino #EmbeddedDevelopment #LearningJourney #TechCommunity #FutureProjects","","",MEMBER_NETWORK
2025-02-25 14:48:44,https://www.linkedin.com/feed/update/urn%3Ali%3AugcPost%3A7300164823428775937,"Excited to share our latest project for Srishti – an Interactive AI Mirror!""
""""
""🔹 Presence Detection – The mirror ""wakes up"" when someone stands in front of it.""
""🔹 AI-Powered Interaction – Engages in real-time conversations.""
""🔹 Emotion Detection – Recognizes mood and responds accordingly.""
""🔹 Personalized Experience – Adapts its responses based on user emotions.""
""""
""A big shoutout to my amazing teammates Sidharth Sajith Tharun Oommen Jacob Nakul Krishna Ajayan  for their efforts! Also, special thanks to my friend who tested it out (his emotions were... interesting—don’t mind them!).""
""""
""For more details, check out the project on my GitHub.""
""""
""#AI #InteractiveTech #EmotionDetection #SmartMirror #Srishti","","",MEMBER_NETWORK
2025-02-25 14:32:17,https://www.linkedin.com/feed/update/urn%3Ali%3AugcPost%3A7300160684414115840,"Proud Moment!""
""""
""Srishti 2025 was an unforgettable experience! Though I couldn’t be physically present for the presentation due to my responsibilities as a coordinator, I had the privilege of contributing to our team’s ambitious sprint. Over just four days, we built four projects from scratch:""
""""
""Smart Fire Alarm System""
""""
""Anti-Sleep Driving Aid""
""""
""Emotion Detection Algorithm""
""""
""Interactive Health Mirror""
""""
""""
""Among them, the Interactive Health Mirror was a project close to my heart, and seeing it run live was incredibly fulfilling. Huge respect to my teammates—Tharun Oommen Jacob, Govind Krishna C, Rishikesh R, Nakul Krishna Ajayan—for their dedication, energy, and for showcasing our work brilliantly!""
""""
""This wasn’t just about coding and circuits; it was about pushing limits, innovating under pressure, and proving that the right team can make anything happen. Couldn’t be prouder!""
""""
""#Teamwork #Innovation #Srishti2025 #EngineeringInAction""
""","","",MEMBER_NETWORK
2025-01-16 13:06:44,https://www.linkedin.com/feed/update/urn%3Ali%3AugcPost%3A7285643638821339136,"""
""""
""📢 Thrilled to Share My TEDx Saintgits Experience!""
""""
""As part of the Technical Team for TEDx Saintgits, I had the incredible opportunity to work behind the scenes of this amazing event. TEDx events, for those who may not know, are independently organized TED-like experiences designed to spark conversations and inspire through powerful talks and ideas worth spreading. The ""x"" in TEDx signifies that it's an independently organized event under TED’s guidance.""
""""
""From managing the stage setup, audiovisual systems, and ensuring every technical detail was flawless, to working closely with the speakers and ensuring their messages reached the audience seamlessly—it was an exhilarating journey! Being backstage, I realized how much effort and collaboration goes into bringing an event of this scale to life.""
""""
""The experience taught me the importance of teamwork, adaptability, and paying attention to even the smallest details. Seeing the audience engage with the ideas shared on stage made all the hard work worthwhile!""
""""
""I’m grateful to have been part of a team that delivered such an inspiring event and can't wait for more opportunities to work on such impactful projects.""
""""
""#TEDx #Teamwork #TechnicalLeadership #IdeasWorthSpreading""
""""
""","","",MEMBER_NETWORK
2025-01-15 03:48:07,https://www.linkedin.com/feed/update/urn%3Ali%3AugcPost%3A7285140671093514240,"🚗✨ An Unforgettable Journey to Knowledge and Experience! ✨🚗""
""""
""Our team recently had the incredible opportunity to attend a workshop on Abaja (Autonomous Baja) conducted by SAEINDIA at IPS Academy, Indore. It was an amazing experience that was worth every bit of the 2000 km journey we undertook to be part of this event!""
""""
""The travel, though hectic, turned out to be a journey of camaraderie and discovery, with stops at Indore, Bhopal, Aurangabad, Bangalore, and more – making it nothing short of a half-India trip! 🌏""
""""
""The highlight? Witnessing the physical demo by last year's Abaja winners and gaining firsthand insights into the complexities and simplicity of autonomous systems. The workshop was an eye-opener, filled with learning, discussions, and a glimpse into the future of mobility. 🚙💡""
""""
""A huge thanks to SAEINDIA and IPS Academy for organizing this enriching event. We’ve come back not only with technical know-how but also with a renewed sense of enthusiasm and ideas for our future projects.""
""""
""Here’s to more learning, more journeys, and pushing the boundaries of innovation! 🚀""
""""
""#SAEINDIA #Abaja #AutonomousBaja #LearningByDoing #Innovation #Teamwork #EngineeringJourney""
""""
""","","",MEMBER_NETWORK
2024-12-08 12:59:22,https://www.linkedin.com/feed/update/urn%3Ali%3AugcPost%3A7271508660034412545,"It's been a hectic semester with a""
""jam-packed schedule, attending""
""numerous events and juggling multiple""
""responsibilities. I've been mainly""
""concentrating on Abaja 24-25, and""
""although I wasn't very active on""
""LinkedIn, I am grateful for the incredible""
""opportunities that came my way.""
""""
""""
""I had the privilege of being a part of""
""IEDC Saintgits as an Execom member""
""Co-lead at Tinkerhub Saintgits, and also""
""contributing to the TEDxSaintgits""
""Technical Team, which is still in the""
""works. Additionally, I am proud to be a""
""member of the Abaja 24-25 Team under""
""Team Equinox at Saintgits""
""""
""""
""This semester was all about learning""
""growing, and attending workshops. One""
""of the most exciting experiences was""
""participating in a workshop on Self""
""Driving Cars by SAEINDIA Southern""
""Section. It was a wonderful experience""
""that truly changed my perspective on""
""autonomous vehicle technology. I look""
""forward to attending more workshops in""
""the future and applying these insights to""
""real-world projects""
""""
""""
""Even though next semester will be just""
""as busy, I'Il try to stay more active on""
""LinkedIn and share my journey with all of""
""you.""
""""
""""
""Thank you for the support!""
""""
""""
""#Abaja2024 #TEDxSaintgits #IEDC""
""#Tinkerhub #SAEINDIA #SelfDrivingCars""
""#Learning #Innovation #TechCommunity","","",MEMBER_NETWORK
2024-06-11 09:10:16,https://www.linkedin.com/feed/update/urn%3Ali%3AugcPost%3A7206221187016773632,"I am thrilled to share that I recently participated in the MSIGMA - IEEE TechBurst 2K24, a prestigious national tech expo held on June 9th, 2024, at Gokulam Park, Kochi. The event, organized by IEEE and Gokulam, was the largest I’ve attended so far, featuring over 150 participants from across the country.""
""""
""Our team—consisting of Richard Santhosh, Yaduraj CV, Joel O James, and myself—presented our innovative project: a food-serving robot. We were honored to be selected among the top 16 projects, a significant achievement for us.""
""""
""I am immensely grateful for the dedication and hard work of my team members, without whom this success wouldn’t have been possible. The experience was enriching, and I am inspired by the many incredible projects showcased at the expo.""
""""
""Stay tuned for more details about our food-serving robot project. It’s an exciting venture that we believe has great potential.""
""""
""Thank you to MSIGMA and IEEE for this incredible opportunity!""
""""
""#TechExpo #IEEE #Innovation #Robotics #Teamwork #Engineering #TechBurst2K24 #Gokulam #MSIGMA #FoodServingRobot #STEM #FutureTech #ProudMoment #Grateful #Top16","","",MEMBER_NETWORK
2024-05-30 06:24:16,https://www.linkedin.com/feed/update/urn%3Ali%3AugcPost%3A7201830756195733504,"🌟 Exploring New Horizons with Photoshop and Photography! 🌟""
""""
""I recently had the incredible opportunity to step out of my comfort zone in Robotics and dive into the creative world of Photoshop and Photography. Participating in the Canvas Chronicles (Photoshop) Workshop on 23rd April 2024 and the Lens and Canvas (Photoshop and Photography) Competition on 24th April 2024, both organized by IEDC@SAINTGITS under IPL 3.0, was a truly enlightening experience.""
""""
""The workshop was my first hands-on experience with Photoshop, guided by the amazing pro photographer, Anjaly Devadas. It was eye-opening to learn the intricacies of photo editing and the power of visual storytelling.""
""""
""In the competition, we had to capture photos and create three posters on different themes. Although we didn’t win any prizes, the experience was invaluable. It taught me the importance of creativity, teamwork, and the joy of learning new skills.""
""""
""Stepping away from Robotics to explore new domains has enriched my perspective and fueled my passion for continuous learning. 🚀""
""""
""Looking forward to integrating these new skills into my future projects!""
""""
""#CreativeJourney #Photoshop #Photography #ContinuousLearning #Teamwork #GraphicDesign #SkillBuilding #Innovation #Robotics #IEDC #Saintgits #IPL3","","",MEMBER_NETWORK
2024-05-28 07:05:21,https://www.linkedin.com/feed/update/urn%3Ali%3Ashare%3A7201116322393464832,"🎉 Thrilled to share that I secured the 3rd prize in the SPARKY DIRECT 2.0 competition hosted by the IEEE PES Student Branch Chapter at Saintgits College of Engineering! 🏅""
""""
""This accomplishment wouldn’t have been possible without the incredible teamwork and support of my teammate, Andrewjos. Together, we navigated the challenges and emerged successful.""
""""
""A huge thank you to IEEE PES and Saintgits SBC for organizing such an enriching event. This experience has been a fantastic learning opportunity and has inspired me to strive for even greater heights.""
""""
""#Teamwork #Achievement #IEEE #Engineering #SaintgitsCollegeOfEngineering #PES #Learning #Growth","","",MEMBER_NETWORK
2024-05-25 17:35:22,https://www.linkedin.com/feed/update/urn%3Ali%3Ashare%3A7200187706985881601,"🎉 Exciting news! ROS 2 Jazzy Jalisco has been released! 🎉""
""""
""As I’m still learning ROS 2 Humble, it’s funny to see the next one already here. 😄""
""""
""Check out all the amazing new features and details on the official post.""
""""
""#ROS #ROS2 #Robotics #NewRelease #LearningJourney","","",MEMBER_NETWORK
2024-05-25 17:26:42,https://www.linkedin.com/feed/update/urn%3Ali%3AugcPost%3A7200185525285081088,"🌟 Excited to share my latest achievements! 🌟""
""""
""I recently had the incredible opportunity to participate in three enriching workshops conducted by IEDC @ SAINTGITS under the banner of IPL 3.0. Each workshop has equipped me with valuable skills and knowledge that I’m eager to apply in my future projects.""
""""
""	1.	ROS Noetic in Action Workshop (8th & 11th April 2024)""
""	2.	PCB Design Workshop (6th April 2024)""
""	3.	Crafting Brilliance Workshop (5th April 2024)""
""""
""A big thank you to the organizers and trainers for their insightful sessions. I am thrilled to continue growing and contributing to the field with these new skills!""
""""
""#ProfessionalDevelopment #ContinuousLearning #ROSNoetic #PCBDesign #CraftingBrilliance #IEDC #Saintgits #IPL3.0","","",MEMBER_NETWORK
2024-05-25 06:14:17,https://www.linkedin.com/feed/update/urn%3Ali%3Ashare%3A7200016305087733761,"I am thrilled to share that I recently participated in Magnathon 2.0, a 24-hour national-level hackathon focused on ‘Sustainable Future & Renewable Energy,’ held on April 17th & 18th, 2024, at the College of Engineering, Vadakara.""
""""
""It was one of the greatest experiences, working alongside a talented team from Saintgits College of Engineering (Autonomous), Kottayam. Special thanks to my amazing team members Andrewjos, Hari, and Gowri. Together, we learned a lot through collaboration, problem-solving, and innovative thinking.""
""""
""A big thank you to the organizers and sponsors for hosting such an enriching event. This certificate is a proud reminder of our team’s hard work and accomplishments.""
""""
""Looking forward to more opportunities to innovate and learn!""
""""
""#Hackathon #SustainableFuture #RenewableEnergy #TeamWork #Learning #Innovation #SaintgitsCollege #Magnathon","","",MEMBER_NETWORK
2024-05-25 06:05:36,https://www.linkedin.com/feed/update/urn%3Ali%3Ashare%3A7200014122082607104,"My friend Andrewjos recently participated in a two-day workshop on Arduino and OpenCV, organized by IEDC and TRS. I volunteered at the event, which was a fantastic experience. Assisting participants, clearing doubts, and learning about microcontrollers and computer vision was incredibly rewarding. Thanks to IEDC and TRS for organizing such an enriching workshop. Looking forward to more learning opportunities!""
""""
""#Arduino #OpenCV #IEDC #TRS #Workshop #Innovation #Learning #Volunteer","","",MEMBER_NETWORK
2024-05-12 03:13:23,https://www.linkedin.com/feed/update/urn%3Ali%3Ashare%3A7195259740740886529,"🚀 Exciting News for Robotics Enthusiasts! 🤖✨""
""""
""Hey everyone! Just discovered something amazing: Addison Sears-Collins, a robotics engineer, released a collection of 350+ tutorials covering ROS 2 and Robotics a few months ago.""
""""
""Perfect for beginners and pros alike, these tutorials offer valuable insights and skills for the industry. Let’s give credit where it’s due – kudos to Addison for his outstanding contribution to the robotics community.","","",MEMBER_NETWORK
2024-05-05 13:26:45,https://www.linkedin.com/feed/update/urn%3Ali%3AugcPost%3A7192877383878631424,"🚀 Reflecting on Our IEEE National Level Hackathon Journey: Innovating for Disaster Management 🌐""
""""
""On April 17-18, 2024, my team—comprised of Andrewjos, Hari, Gowri, and myself—embarked on an exhilarating 24-hour journey at the IEEE National Level Hackathon hosted at the College of Engineering Vadakara. While we didn’t clinch a prize, the experience was nothing short of transformative.""
""""
""Our project, centered around disaster management, was fueled by an unwavering passion to make a tangible difference in the face of adversity. What set our approach apart was the integration of PROBABILITY—a groundbreaking concept that promised to revolutionize the landscape of disaster preparedness and response.""
""""
""Throughout the hackathon, we were embraced by the warmth and support of the volunteers, whose unwavering encouragement and assistance propelled us forward. Their dedication and kindness were instrumental in nurturing an environment where creativity thrived and innovation flourished.""
""""
""I owe a debt of gratitude to my incredible team KAPITHAN members Andrewjos, Hari, and Gowri—whose unwavering dedication, expertise, and camaraderie made this journey possible. Without their tireless efforts and unwavering support, our project would have remained but a dream.""
""""
""As the final hours dwindled, we stood in awe of what we had accomplished—a testament to the power of collaboration, innovation, and unwavering dedication. While the accolades eluded us this time, the journey itself was a victory—a testament to our resilience, creativity, and commitment to driving positive change.""
""""
""Stay tuned for an in-depth dive into our project—a fusion of innovation, technology, and compassion that promises to redefine the paradigm of disaster management. Together, let’s build a safer, more resilient future for all.""
""""
""#IEEEHackathon #Innovation #DisasterManagement #PROBABILITY #TechForGood #Collaboration #Impact","","",MEMBER_NETWORK
2024-05-05 13:17:31,https://www.linkedin.com/feed/update/urn%3Ali%3AugcPost%3A7192875060217405440,"🎉 Proud moment alert! 🤖 Just dusted off my shelf to make room for not one, not two, but FIVE participation certificates from my college's national-level tech fest! 🏆 Apparently, they couldn't get enough of my robot whispering skills. 😄 If you're wondering why my LinkedIn profile is glowing brighter than a robot's LED eyes lately, well, now you know! #RoboticsWizard #TechFestChampion #CertifiedRobotWhisperer","","",MEMBER_NETWORK
2024-03-18 10:46:49,https://www.linkedin.com/feed/update/urn%3Ali%3AugcPost%3A7175442515834146816,"🎉 Reflecting on a memorable tech fest project with friends Sidharth and Tharun! 🤖""
""""
""We didn’t just create a simple light-following robot, we crafted moments filled with laughter and memories that will last a lifetime. 😄 From hilarious coding mishaps to unexpected robot dance moves, every step of the journey was a riot of fun and camaraderie.""
""""
""While our robot might not have been the most innovative, it definitely stole the show with its quirky antics and our endless laughter. 🤣 Huge shoutout to Sidharth and Tharun for making this experience unforgettable!""
""""
""Also thanks to my teammate Tharun Oommen Jacob ""
""""
""#TechFestMemories #RobotLaughs #FriendshipGoals #CodingChaos #Robotics #TechInnovation #Teamwork #TechFestSuccess #EngineeringJourney 🤖🔬","","",MEMBER_NETWORK
2024-03-09 18:32:21,https://www.linkedin.com/feed/update/urn%3Ali%3Ashare%3A7172298182800990209,“Embarking on a journey of learning and exploration with Aryan Jagushte’s 50 Days of Robotics course! Excited to dive into day 1 and curious about the rest of the curriculum. Let’s see where this robotics adventure takes us! 💡🤖 #50DaysofRobotics #LearningJourney”,"","",MEMBER_NETWORK
2024-02-28 06:53:06,https://www.linkedin.com/feed/update/urn%3Ali%3AugcPost%3A7168498332158423041,Shoutout to my amazing teammate for joining forces on our PID line follower project! 🙌 #Teamwork #PIDAlgorithm,"","",MEMBER_NETWORK
2024-02-28 06:51:37,https://www.linkedin.com/feed/update/urn%3Ali%3AugcPost%3A7168497956315148289,"Excited to showcase our project at Srishti, the tech fest of Saintgits College of Engineering! Check out our latest video demonstrating the application of PID algorithm in action. 🚀 #Srishti #PIDAlgorithm #EngineeringInnovation","","",MEMBER_NETWORK
2024-02-23 13:36:58,https://www.linkedin.com/feed/update/urn%3Ali%3AugcPost%3A7166788028013760512,"""🎥 Watch in awe as our PID controlled BLDC motor balance system comes to life at SRISHTI, the prestigious technical fest of Saintgits College of Engineering! 🚀 Immerse yourself in the mesmerizing demonstration of technology and innovation as our project showcases the seamless application of PID algorithms in real-world scenarios. Join us as we unveil the power of engineering excellence and ignite a passion for robotics and automation. Don't miss out on this captivating glimpse into the future of technology! #SRISHTI #SaintgitsCollege #Engineering #PIDControl #BLDCMotor #Innovation #TechFest""","","",MEMBER_NETWORK
2024-02-23 13:35:20,https://www.linkedin.com/feed/update/urn%3Ali%3AugcPost%3A7166787616401551360,"""Swipe left to witness the journey of building a PID controlled BLDC motor balance system! 🛠️ From assembling the components to programming the PID algorithm, each photo captures the dedication and excitement of learning and applying PID knowledge in real-time. Get ready to dive into the world of robotics and automation as we showcase the step-by-step process of creating a dynamic balancing system. #PIDControl #BLDCMotor #Robotics #Automation #STEMeducation""","","",MEMBER_NETWORK
2024-02-19 02:28:16,https://www.linkedin.com/feed/update/urn%3Ali%3Ashare%3A7165170192422043648,🌟 Honored to receive the Certificate of Appreciation for completing the Voice of Stakeholder (VOS) Training as part of the Young Innovators Program 6.0 by Kerala Development and Innovation Strategic Council (K-DISC). Grateful for the opportunity to contribute to meaningful innovation! #YoungInnovators #KDISC #VoiceOfStakeholder #Innovation #SaintgitsCollege #CertificateOfAppreciation 🏆🚀,"","",MEMBER_NETWORK
2024-02-19 02:21:41,https://www.linkedin.com/feed/update/urn%3Ali%3Ashare%3A7165168534250008576,"🎓🤖 Excited to share that I participated in the Robotics Workshop conducted by Petrichor’24 Techno Cultural Fest of IIT Palakkad on January 27th and 28th, 2024. 🚀 Thank you for this Certificate of Participation! #Robotics #Workshop #IITPalakkad #Petrichor24 #TechFest 🤖🎓","","",MEMBER_NETWORK
2024-01-23 12:04:19,https://www.linkedin.com/feed/update/urn%3Ali%3AugcPost%3A7155530686437691393,"Empowered by MES KeVeeYam College! Grateful for the opportunity to delve into 3D printing intricacies. This certificate symbolizes knowledge gained, skills honed, and a passion ignited. Ready to shape the future with innovation! 🚀 #MESKeVeeYam #3DPrinting #KnowledgeIsPower","","",MEMBER_NETWORK
2023-12-03 11:58:31,https://www.linkedin.com/feed/update/urn%3Ali%3AugcPost%3A7137047449059172352,"Excited to share my experience attending the Google ML Catalyst with TensorFlow machine learning workshop at IEDC, Christ College of Engineering (CCE). Grateful for the valuable insights and hands-on learning that will undoubtedly enhance my skills in the field of machine learning. 🚀 #MachineLearning #TensorFlow #GoogleMLCatalyst #IEDCChristCollege","","",MEMBER_NETWORK
2023-11-25 02:29:04,https://www.linkedin.com/feed/update/urn%3Ali%3AugcPost%3A7134005038129053696,“Excited to showcase my certifications from the Robotics Boot Camp and Arduino-based Hackathon at Adi Shankara Institute of Engineering and Technology! 🤖🏆 Grateful for the enriching experience and new skills gained. #Robotics #Hackathon #Certifications”,"","",MEMBER_NETWORK
2023-11-20 07:09:01,https://www.linkedin.com/feed/update/urn%3Ali%3AugcPost%3A7132263549971615744,“Excited to share that I successfully completed a boot camp at IEDC Saintgits! 🚀 Grateful for the valuable insights gained during this intensive program. #ProfessionalDevelopment #IEDCSaintgits #BootCamp”,"","",MEMBER_NETWORK
2023-11-10 17:27:20,https://www.linkedin.com/feed/update/urn%3Ali%3Ashare%3A7128795273757134848,“Thrilled to share a sneak peek of our Smart India Hackathon presentation! 🌟👩‍💻 Grateful for the incredible experience and teamwork. #SmartIndiaHackathon #Innovation #TeamWork”,"","",MEMBER_NETWORK
2023-11-10 17:25:57,https://www.linkedin.com/feed/update/urn%3Ali%3AugcPost%3A7128794929270558720,"""Attended inspiring keynotes at IEEE RASSE 2023 in Saintgits College of Engineering! 🎓🤖 Grateful for the valuable insights shared by industry leaders. #IEEE #RASSE2023 #EngineeringEvent""","","",MEMBER_NETWORK
2023-09-25 14:00:38,https://www.linkedin.com/feed/update/urn%3Ali%3Ashare%3A7112073417603887104,"""Thrilled to share snapshots from my first Robotics and Automation Boot Camp at Adi Shankara Institute of Engineering and Technology! 🤖🌐 Grateful for the learning journey and excited for future endeavors. #Robotics #Automation #LearningJourney""","","",MEMBER_NETWORK
